Handle,Title,Body (HTML),Vendor,Product Category,Type,Tags,Published,Option1 Name,Option1 Value,Option1 Linked To,Option2 Name,Option2 Value,Option2 Linked To,Option3 Name,Option3 Value,Option3 Linked To,Variant SKU,Variant Grams,Variant Inventory Tracker,Variant Inventory Qty,Variant Inventory Policy,Variant Fulfillment Service,Variant Price,Variant Compare At Price,Variant Requires Shipping,Variant Taxable,Unit Price Total Measure,Unit Price Total Measure Unit,Unit Price Base Measure,Unit Price Base Measure Unit,Variant Barcodes,Image Src,Image Position,Image Alt Text,Gift Card,SEO Title,SEO Description,Google Shopping / Google Product Category,Google Shopping / Gender,Google Shopping / Age Group,Google Shopping / MPN,Google Shopping / Condition,Google Shopping / Custom Product,Google Shopping / Custom Label 0,Google Shopping / Custom Label 1,Google Shopping / Custom Label 2,Google Shopping / Custom Label 3,Google Shopping / Custom Label 4,amazon_parent_asin (product.metafields.custom.amazon_parent_asin),Short name (product.metafields.custom.short_name),Google: Custom Product (product.metafields.mm-google-shopping.custom_product),Product rating count (product.metafields.reviews.rating_count),Variant Image,Variant Weight Unit,Variant Tax Code,Cost per item,Status
custom-christian-floral-cross-area-rug-non-skid-church-decor,"Custom Christian Floral Cross Area Rug, Non-Skid, Church Decor","<p>This inspirational faith floral area rug offers a unique blend of comfort and spirituality for your home. Featuring a customizable design, it serves as a meaningful centerpiece in various settings. Its thoughtful construction enhances both the aesthetic and spiritual atmosphere of any room.</p><h3>Product Highlights</h3><ul>
<li>Features a Christian faith floral design for an inspirational touch.</li>
<li>Personalize with a name or special message for a unique gift.</li>
<li>Soft polyester fabric provides comfort underfoot.</li>
<li>Equipped with an anti-slip backing for enhanced safety.</li>
<li>Suitable for a variety of home and church uses.</li>
</ul><h3>Specifications</h3><table border=""1"" cellpadding=""6"" style=""border-collapse:collapse;width:100%"">
<tr>
<th align=""left"" width=""35%"">Attribute</th>
<th align=""left"">Value</th>
</tr>
<tr>
<td>Rug Form</td>
<td>Area Rug</td>
</tr>
<tr>
<td>Item Shape</td>
<td>Rectangular</td>
</tr>
<tr>
<td>Weave Type</td>
<td>Flat Woven</td>
</tr>
<tr>
<td>Pile Height</td>
<td>Low Pile</td>
</tr>
<tr>
<td>Construction Type</td>
<td>Machine Made</td>
</tr>
<tr>
<td>Indoor/Outdoor Usage</td>
<td>Indoor</td>
</tr>
<tr>
<td>Room Type</td>
<td>Bedroom, Living Room, Office, Gamer Room, Reading Nook, Church</td>
</tr>
<tr>
<td>Water Resistance</td>
<td>Not Water Resistant</td>
</tr>
<tr>
<td>Special Features</td>
<td>Non-Skid</td>
</tr>
<tr>
<td>Pattern</td>
<td>Floral</td>
</tr>
<tr>
<td>Theme</td>
<td>Christian, Faith</td>
</tr>
<tr>
<td>Style</td>
<td>Traditional</td>
</tr>
<tr>
<td>Number of Pieces</td>
<td>1</td>
</tr>
</table><h3>Material &amp; Care</h3><table border=""1"" cellpadding=""6"" style=""border-collapse:collapse;width:100%"">
<tr>
<th align=""left"" width=""35%"">Item</th>
<th align=""left"">Detail</th>
</tr>
<tr>
<td>Material Type</td>
<td>Memory Foam, Polyester Fabric</td>
</tr>
<tr>
<td>Backing Material</td>
<td>Cotton Blend, Anti-slip</td>
</tr>
<tr>
<td>Care Instructions</td>
<td>Wrinkle-resistant, Fade-resistant</td>
</tr>
<tr>
<td>Cleaning Method</td>
<td>Vacuum for quick cleaning, Machine wash for deeper care</td>
</tr>
</table><h3>Where It Works</h3><p>This versatile area rug is ideal for enhancing spiritual and interior atmospheres in entryways, bedrooms, living rooms, offices, gamer rooms, cozy reading nooks, or as a decorative piece in a church setting. It also functions perfectly as a prayer rug or meditation corner rug.</p>",CHILLGEN,,Rug,"amazon-parent-b0fss8xw1z, christian, floral, home-decor, indoor, personalized, rectangular, rug, traditional",false,Choose Item Size,X-Small: 2x3ft,,,,,,,,AMZ-RUG-B0FSSCXX5N-1,0.0,,0,deny,manual,34.90,43.63,true,false,,,,,"",https://cdn.shopify.com/s/files/1/1023/0068/0561/files/fe4b8df6b68701645826335f8f1c527809f85dea1f7d22ad0d2e16d260f73067.jpg?v=1789055900,1,"Custom Christian Rug with Name – Inspirational Faith Floral Area Carpet, Non-Skid Floor Mat for Bedroom, Living Room, Church Decor, Housewarming (Corss Faith 04)",false,,"Traditional Christian floral area rug with non-skid backing, ideal for indoor use in living rooms, bedrooms, or church decor.",,,,,,,,,,,,B0FSS8XW1Z,,,,,lb,,,draft
custom-christian-floral-cross-area-rug-non-skid-church-decor,,,,,,,,,Small: 3x5ft,,,,,,,,AMZ-RUG-B0FSSCXX5N-2,0.0,,0,deny,manual,69.90,87.38,true,false,,,,,"",https://cdn.shopify.com/s/files/1/1023/0068/0561/files/6f5f706cccf4c9b2f03801ae6f2b0376a768efcfe7feda348b2a89b21e28a380.jpg?v=1789055900,2,"Custom Christian Rug with Name – Inspirational Faith Floral Area Carpet, Non-Skid Floor Mat for Bedroom, Living Room, Church Decor, Housewarming (Corss Faith 04)",,,,,,,,,,,,,,,,,,,,lb,,,
custom-christian-floral-cross-area-rug-non-skid-church-decor,,,,,,,,,Medium: 4x6ft,,,,,,,,AMZ-RUG-B0FSSCXX5N-3,0.0,,0,deny,manual,104.90,131.13,true,false,,,,,"",https://cdn.shopify.com/s/files/1/1023/0068/0561/files/b568ebae8a149fa65c6268384e74fc3b70c1a601166af25976a37c64b443e43e.jpg?v=1789055900,3,"Custom Christian Rug with Name – Inspirational Faith Floral Area Carpet, Non-Skid Floor Mat for Bedroom, Living Room, Church Decor, Housewarming (Corss Faith 04)",,,,,,,,,,,,,,,,,,,,lb,,,
custom-christian-floral-cross-area-rug-non-skid-church-decor,,,,,,,,,Large: 5x8ft,,,,,,,,AMZ-RUG-B0FSSCXX5N-4,0.0,,0,deny,manual,139.90,174.88,true,false,,,,,"",https://cdn.shopify.com/s/files/1/1023/0068/0561/files/91eabc29dba26e9e1a9c85d7907c3e286691a18a1af1069f4ef51bc250e8a1fd.jpg?v=1789055900,4,"Custom Christian Rug with Name – Inspirational Faith Floral Area Carpet, Non-Skid Floor Mat for Bedroom, Living Room, Church Decor, Housewarming (Corss Faith 04)",,,,,,,,,,,,,,,,,,,,lb,,,
custom-christian-floral-cross-area-rug-non-skid-church-decor,,,,,,,,,,,,,,,,,,,,,,,,,,,,,,,"",https://cdn.shopify.com/s/files/1/1023/0068/0561/files/ae9f823edf41e937a07bebeb11207664e923939cfc7c39c3a177092d7ef953a7.jpg?v=1789055900,5,"Custom Christian Rug with Name – Inspirational Faith Floral Area Carpet, Non-Skid Floor Mat for Bedroom, Living Room, Church Decor, Housewarming (Corss Faith 04)",,,,,,,,,,,,,,,,,,,,,,,
custom-christian-floral-cross-area-rug-non-skid-church-decor,,,,,,,,,,,,,,,,,,,,,,,,,,,,,,,"",https://cdn.shopify.com/s/files/1/1023/0068/0561/files/9f3dccac79c5e6e150f3cfcc681e2437a9466dfe6f8b574508fd49baf17c3cb8.jpg?v=1789055900,6,"Custom Christian Rug with Name – Inspirational Faith Floral Area Carpet, Non-Skid Floor Mat for Bedroom, Living Room, Church Decor, Housewarming (Corss Faith 04)",,,,,,,,,,,,,,,,,,,,,,,
custom-ornate-floral-gold-cross-area-rug-non-skid,"Custom Ornate Floral Gold Cross Area Rug, Non-Skid","<p>This area rug offers a blend of traditional style and personalized charm, featuring an inspirational floral design. Crafted for comfort and durability, it serves as a versatile accent piece suitable for various indoor settings.</p><h3>Product Highlights</h3><ul>
<li>Features an inspirational floral faith design.</li>
<li>Personalizable with a name, family name, or special message.</li>
<li>Made with soft polyester fabric and anti-slip backing.</li>
<li>Machine washable for easy maintenance.</li>
<li>Suitable for a variety of home and church uses.</li>
</ul><h3>Specifications</h3><table border=""1"" cellpadding=""6"" style=""border-collapse:collapse;width:100%"">
<tr>
<th align=""left"" width=""35%"">Attribute</th>
<th align=""left"">Value</th>
</tr>
<tr>
<td>Rug Form Type</td>
<td>Area Rug</td>
</tr>
<tr>
<td>Item Shape</td>
<td>Rectangular</td>
</tr>
<tr>
<td>Weave Type</td>
<td>Flat Woven</td>
</tr>
<tr>
<td>Pile Height</td>
<td>Low Pile</td>
</tr>
<tr>
<td>Construction Type</td>
<td>Machine Made</td>
</tr>
<tr>
<td>Indoor/Outdoor Usage</td>
<td>Indoor</td>
</tr>
<tr>
<td>Room Type</td>
<td>Bedroom, Living Room, Office, Gamer Room, Reading Nook, Entryway</td>
</tr>
<tr>
<td>Water Resistance Level</td>
<td>Not Water Resistant</td>
</tr>
<tr>
<td>Pattern</td>
<td>Floral</td>
</tr>
<tr>
<td>Theme</td>
<td>Christian, Faith</td>
</tr>
<tr>
<td>Style</td>
<td>Traditional</td>
</tr>
<tr>
<td>Number of Pieces</td>
<td>1</td>
</tr>
</table><h3>Material &amp; Care</h3><table border=""1"" cellpadding=""6"" style=""border-collapse:collapse;width:100%"">
<tr>
<th align=""left"" width=""35%"">Item</th>
<th align=""left"">Detail</th>
</tr>
<tr>
<td>Material Type</td>
<td>Memory Foam, Polyester Fabric</td>
</tr>
<tr>
<td>Backing Material</td>
<td>Cotton Blend, Anti-slip backing</td>
</tr>
<tr>
<td>Care Instructions</td>
<td>Vacuum for quick cleaning or machine wash for deeper care</td>
</tr>
</table><h3>Where It Works</h3><p>This versatile rug is ideal for enhancing the atmosphere in entryways, bedrooms, living rooms, offices, gamer rooms, and cozy reading nooks. It also serves as a suitable prayer rug or decorative piece in church settings.</p>",CHILLGEN,,Rug,"amazon-parent-b0fss8xw1z, faith, floral, home-decor, indoor, personalized, rectangular, rug, traditional",false,Choose Item Size,X-Small: 2x3ft,,,,,,,,AMZ-RUG-B0FSS8XW1Z-1,0.0,,0,deny,manual,34.90,43.63,true,false,,,,,"",https://cdn.shopify.com/s/files/1/1023/0068/0561/files/d95613aaf6943f855fa7de8b9f996da63930435d0e0ef2a90fda680e6c8ca799.jpg?v=1789055902,1,"Custom Christian Rug with Name – Inspirational Faith Floral Area Carpet, Non-Skid Floor Mat for Bedroom, Living Room, Church Decor, Housewarming (Corss Faith 05)",false,,"Traditional Christian area rug with personalized floral faith design, anti-slip backing, perfect for indoor living spaces.",,,,,,,,,,,,B0FSS8XW1Z,,,,,lb,,,draft
custom-ornate-floral-gold-cross-area-rug-non-skid,,,,,,,,,Small: 3x5ft,,,,,,,,AMZ-RUG-B0FSS8XW1Z-2,0.0,,0,deny,manual,69.90,87.38,true,false,,,,,"",https://cdn.shopify.com/s/files/1/1023/0068/0561/files/36dd2e328d22ca017384e89ea6017d54d15461c444bcfac20965e6e3c3a41929.jpg?v=1789055902,2,"Custom Christian Rug with Name – Inspirational Faith Floral Area Carpet, Non-Skid Floor Mat for Bedroom, Living Room, Church Decor, Housewarming (Corss Faith 05)",,,,,,,,,,,,,,,,,,,,lb,,,
custom-ornate-floral-gold-cross-area-rug-non-skid,,,,,,,,,Medium: 4x6ft,,,,,,,,AMZ-RUG-B0FSS8XW1Z-3,0.0,,0,deny,manual,104.90,131.13,true,false,,,,,"",https://cdn.shopify.com/s/files/1/1023/0068/0561/files/850f6dfb92e652077137de9845bec65624f128e2489855f7f5cd12872a6e301d.jpg?v=1789055902,3,"Custom Christian Rug with Name – Inspirational Faith Floral Area Carpet, Non-Skid Floor Mat for Bedroom, Living Room, Church Decor, Housewarming (Corss Faith 05)",,,,,,,,,,,,,,,,,,,,lb,,,
custom-ornate-floral-gold-cross-area-rug-non-skid,,,,,,,,,Large: 5x8ft,,,,,,,,AMZ-RUG-B0FSS8XW1Z-4,0.0,,0,deny,manual,139.90,174.88,true,false,,,,,"",https://cdn.shopify.com/s/files/1/1023/0068/0561/files/e05932b298675814394761b410043147213806eb5909e77ad85e893dd1daefb3.jpg?v=1789055902,4,"Custom Christian Rug with Name – Inspirational Faith Floral Area Carpet, Non-Skid Floor Mat for Bedroom, Living Room, Church Decor, Housewarming (Corss Faith 05)",,,,,,,,,,,,,,,,,,,,lb,,,
custom-ornate-floral-gold-cross-area-rug-non-skid,,,,,,,,,,,,,,,,,,,,,,,,,,,,,,,"",https://cdn.shopify.com/s/files/1/1023/0068/0561/files/fc4a707fb509c5d5c196ed3cab7640110432dc765f6a5fc299647f0393f1d3c0.jpg?v=1789055902,5,"Custom Christian Rug with Name – Inspirational Faith Floral Area Carpet, Non-Skid Floor Mat for Bedroom, Living Room, Church Decor, Housewarming (Corss Faith 05)",,,,,,,,,,,,,,,,,,,,,,,
custom-ornate-floral-gold-cross-area-rug-non-skid,,,,,,,,,,,,,,,,,,,,,,,,,,,,,,,"",https://cdn.shopify.com/s/files/1/1023/0068/0561/files/e041d94b404de2c4f630dea73114ae0e6b3460c9ef75def2bd52f31067ea5935.jpg?v=1789055902,6,"Custom Christian Rug with Name – Inspirational Faith Floral Area Carpet, Non-Skid Floor Mat for Bedroom, Living Room, Church Decor, Housewarming (Corss Faith 05)",,,,,,,,,,,,,,,,,,,,,,,
custom-ornate-christian-floral-area-rug-non-skid-church-design-06,"Custom Ornate Christian Floral Area Rug, Non-Skid, Church - Design 06","<p>This inspirational area rug combines faith-inspired design with everyday functionality. Featuring a floral motif, this traditional rug offers a welcoming accent for various home settings. It is designed to enhance both spiritual and interior atmospheres, making it a versatile addition to your living space.</p><h3>Product Highlights</h3><ul>
<li>Features an inspirational faith floral design for a traditional aesthetic.</li>
<li>Can be personalized with a name, family name, or special message.</li>
<li>Made with soft polyester fabric for comfort.</li>
<li>Equipped with an anti-slip backing for enhanced safety.</li>
<li>Suitable for various rooms, including living rooms, bedrooms, and offices.</li>
</ul><h3>Specifications</h3><table border=""1"" cellpadding=""6"" style=""border-collapse:collapse;width:100%"">
<tr>
<th align=""left"" width=""35%"">Attribute</th>
<th align=""left"">Value</th>
</tr>
<tr>
<td>Rug Form Type</td>
<td>Area Rug</td>
</tr>
<tr>
<td>Item Shape</td>
<td>Rectangular</td>
</tr>
<tr>
<td>Weave Type</td>
<td>Flat Woven</td>
</tr>
<tr>
<td>Pile Height</td>
<td>Low Pile</td>
</tr>
<tr>
<td>Construction Type</td>
<td>Machine Made</td>
</tr>
<tr>
<td>Indoor Outdoor Usage</td>
<td>Indoor</td>
</tr>
<tr>
<td>Room Type</td>
<td>Entryways, Bedrooms, Living Rooms, Offices, Gamer Rooms, Reading Nooks, Church</td>
</tr>
<tr>
<td>Water Resistance Level</td>
<td>Not Water Resistant</td>
</tr>
<tr>
<td>Special Features</td>
<td>Personalized with Name or Text</td>
</tr>
<tr>
<td>Pattern</td>
<td>Floral</td>
</tr>
<tr>
<td>Theme</td>
<td>Faith, Christian</td>
</tr>
<tr>
<td>Style</td>
<td>Traditional</td>
</tr>
<tr>
<td>Number of Pieces</td>
<td>1</td>
</tr>
</table><h3>Material &amp; Care</h3><table border=""1"" cellpadding=""6"" style=""border-collapse:collapse;width:100%"">
<tr>
<th align=""left"" width=""35%"">Item</th>
<th align=""left"">Detail</th>
</tr>
<tr>
<td>Material Type</td>
<td>Memory Foam</td>
</tr>
<tr>
<td>Backing Material</td>
<td>Cotton Blend</td>
</tr>
<tr>
<td>Surface/Feel</td>
<td>Soft polyester fabric</td>
</tr>
<tr>
<td>Care Instructions</td>
<td>Vacuum for quick cleaning or machine wash for deeper care</td>
</tr>
<tr>
<td>Special Attributes</td>
<td>Wrinkle-resistant, Fade-resistant, Long-lasting</td>
</tr>
</table><h3>Where It Works</h3><p>This versatile rug is ideal for entryways, bedrooms, living rooms, and offices, adding a touch of inspiration and comfort. It also serves as a meaningful piece for church decor or a dedicated meditation corner.</p>",CHILLGEN,,Rug,"amazon-parent-b0fss8xw1z, christian rug, floral, home-decor, indoor, personalized, rectangular, rug, traditional",false,Choose Item Size,X-Small: 2x3ft,,,,,,,,AMZ-RUG-B0FSS16WJL-1,0.0,,0,deny,manual,34.90,43.63,true,false,,,,,"",https://cdn.shopify.com/s/files/1/1023/0068/0561/files/17e1ab96db04b7c79ea7a20e7886a80d2824c5644067f50c6489c17c8d701787.jpg?v=1789055905,1,"Custom Christian Rug with Name – Inspirational Faith Floral Area Carpet, Non-Skid Floor Mat for Bedroom, Living Room, Church Decor, Housewarming (Corss Faith 06)",false,,"This traditional Christian rug with a floral design and anti-slip backing is ideal for bedrooms, living rooms, or church decor.",,,,,,,,,,,,B0FSS8XW1Z,,,,,lb,,,draft
custom-ornate-christian-floral-area-rug-non-skid-church-design-06,,,,,,,,,Small: 3x5ft,,,,,,,,AMZ-RUG-B0FSS16WJL-2,0.0,,0,deny,manual,69.90,87.38,true,false,,,,,"",https://cdn.shopify.com/s/files/1/1023/0068/0561/files/1f054ac6e395dfd5bb2e1f06ee296cf8af409cb09a49340730127e2dd02b8189.jpg?v=1789055905,2,"Custom Christian Rug with Name – Inspirational Faith Floral Area Carpet, Non-Skid Floor Mat for Bedroom, Living Room, Church Decor, Housewarming (Corss Faith 06)",,,,,,,,,,,,,,,,,,,,lb,,,
custom-ornate-christian-floral-area-rug-non-skid-church-design-06,,,,,,,,,Medium: 4x6ft,,,,,,,,AMZ-RUG-B0FSS16WJL-3,0.0,,0,deny,manual,104.90,131.13,true,false,,,,,"",https://cdn.shopify.com/s/files/1/1023/0068/0561/files/19fbab53960a632392b66152eea18768c38596006e4cceea24b647ed44d5ad30.jpg?v=1789055905,3,"Custom Christian Rug with Name – Inspirational Faith Floral Area Carpet, Non-Skid Floor Mat for Bedroom, Living Room, Church Decor, Housewarming (Corss Faith 06)",,,,,,,,,,,,,,,,,,,,lb,,,
custom-ornate-christian-floral-area-rug-non-skid-church-design-06,,,,,,,,,Large: 5x8ft,,,,,,,,AMZ-RUG-B0FSS16WJL-4,0.0,,0,deny,manual,139.90,174.88,true,false,,,,,"",https://cdn.shopify.com/s/files/1/1023/0068/0561/files/034518782eb32d39f97875f1b067a52978890c7d499c33ce3b5e871ab3508798.jpg?v=1789055905,4,"Custom Christian Rug with Name – Inspirational Faith Floral Area Carpet, Non-Skid Floor Mat for Bedroom, Living Room, Church Decor, Housewarming (Corss Faith 06)",,,,,,,,,,,,,,,,,,,,lb,,,
custom-ornate-christian-floral-area-rug-non-skid-church-design-06,,,,,,,,,,,,,,,,,,,,,,,,,,,,,,,"",https://cdn.shopify.com/s/files/1/1023/0068/0561/files/31fa480569621417d85201717faebc9813c638f4325c5d8bae8055a0e5d624bd.jpg?v=1789055905,5,"Custom Christian Rug with Name – Inspirational Faith Floral Area Carpet, Non-Skid Floor Mat for Bedroom, Living Room, Church Decor, Housewarming (Corss Faith 06)",,,,,,,,,,,,,,,,,,,,,,,
custom-ornate-christian-floral-area-rug-non-skid-church-design-06,,,,,,,,,,,,,,,,,,,,,,,,,,,,,,,"",https://cdn.shopify.com/s/files/1/1023/0068/0561/files/96a61bebab14c424cd260cea1a1c2ae56ba86203801b425515355e030b4a74a7.jpg?v=1789055905,6,"Custom Christian Rug with Name – Inspirational Faith Floral Area Carpet, Non-Skid Floor Mat for Bedroom, Living Room, Church Decor, Housewarming (Corss Faith 06)",,,,,,,,,,,,,,,,,,,,,,,
custom-ornate-golden-cross-crucifixion-area-rug-non-skid,"Custom Ornate Golden Cross Crucifixion Area Rug, Non-Skid","<p>This Christian-themed area rug offers a unique blend of spiritual inspiration and home décor. Featuring a faith-based floral design, it provides a comfortable and non-slip surface, perfect for enhancing various indoor spaces with both style and meaning.</p><h3>Product Highlights</h3><ul>
<li>Features a faith-based floral design for spiritual inspiration.</li>
<li>Soft polyester fabric ensures a comfortable feel underfoot.</li>
<li>Anti-slip backing provides enhanced safety and stability.</li>
<li>Machine washable for easy and thorough cleaning.</li>
<li>Can be personalized with a name or special message.</li>
<li>Suitable for a wide range of indoor settings and uses.</li>
</ul><h3>Specifications</h3><table border=""1"" cellpadding=""6"" style=""border-collapse:collapse;width:100%"">
<tr>
<th align=""left"" width=""35%"">Attribute</th>
<th align=""left"">Value</th>
</tr>
<tr>
<td>Rug Form Type</td>
<td>Area Rug</td>
</tr>
<tr>
<td>Item Shape</td>
<td>Rectangular</td>
</tr>
<tr>
<td>Weave Type</td>
<td>Flat Woven</td>
</tr>
<tr>
<td>Pile Height</td>
<td>Low Pile</td>
</tr>
<tr>
<td>Construction Type</td>
<td>Machine Made</td>
</tr>
<tr>
<td>Indoor Outdoor Usage</td>
<td>Indoor</td>
</tr>
<tr>
<td>Special Features</td>
<td>Non-Skid</td>
</tr>
<tr>
<td>Pattern</td>
<td>Floral</td>
</tr>
<tr>
<td>Theme</td>
<td>Faith</td>
</tr>
<tr>
<td>Style</td>
<td>Traditional</td>
</tr>
<tr>
<td>Number of Pieces</td>
<td>1</td>
</tr>
<tr>
<td>Water Resistance Level</td>
<td>Not Water Resistant</td>
</tr>
</table><h3>Material &amp; Care</h3><table border=""1"" cellpadding=""6"" style=""border-collapse:collapse;width:100%"">
<tr>
<th align=""left"" width=""35%"">Item</th>
<th align=""left"">Detail</th>
</tr>
<tr>
<td>Material Type</td>
<td>Memory Foam</td>
</tr>
<tr>
<td>Backing Material</td>
<td>Cotton Blend</td>
</tr>
<tr>
<td>Care Instructions</td>
<td>Vacuum for quick cleaning or machine wash for deeper care.</td>
</tr>
</table><h3>Where It Works</h3><p>This versatile rug is ideal for entryways, bedrooms, living rooms, and offices. It also serves beautifully as a prayer rug, meditation corner rug, or a decorative piece in a church setting.</p>",CHILLGEN,,Rug,"amazon-parent-b0fss8xw1z, christian-rug, floral-rug, home-decor, indoor-rug, personalized-rug, rectangular-rug, rug, traditional-rug",false,Choose Item Size,X-Small: 2x3ft,,,,,,,,AMZ-RUG-B0FSSDYSKH-1,0.0,,0,deny,manual,34.90,43.63,true,false,,,,,"",https://cdn.shopify.com/s/files/1/1023/0068/0561/files/e5ad702d0687c9b774aee520601b13f1d1bc0b841dec90c894e4827a0eb302af.jpg?v=1789055950,1,"Custom Christian Rug with Name – Inspirational Faith Floral Area Carpet, Non-Skid Floor Mat for Bedroom, Living Room, Church Decor, Housewarming (Faith God)",false,,"Traditional Christian rug with non-skid backing, customizable with text. Ideal for bedrooms, living rooms, and prayer spaces.",,,,,,,,,,,,B0FSS8XW1Z,,,,,lb,,,draft
custom-ornate-golden-cross-crucifixion-area-rug-non-skid,,,,,,,,,Small: 3x5ft,,,,,,,,AMZ-RUG-B0FSSDYSKH-2,0.0,,0,deny,manual,69.90,87.38,true,false,,,,,"",https://cdn.shopify.com/s/files/1/1023/0068/0561/files/a2a7190a3fb983d8c8f715f2f05d4950498fef54081e7593ae2c6574868981e5.jpg?v=1789055950,2,"Custom Christian Rug with Name – Inspirational Faith Floral Area Carpet, Non-Skid Floor Mat for Bedroom, Living Room, Church Decor, Housewarming (Faith God)",,,,,,,,,,,,,,,,,,,,lb,,,
custom-ornate-golden-cross-crucifixion-area-rug-non-skid,,,,,,,,,Medium: 4x6ft,,,,,,,,AMZ-RUG-B0FSSDYSKH-3,0.0,,0,deny,manual,104.90,131.13,true,false,,,,,"",https://cdn.shopify.com/s/files/1/1023/0068/0561/files/1d3112b8eafd566169f32e594b6a7f3ae3c352ef1ccd75029e14729955cb8edc.jpg?v=1789055950,3,"Custom Christian Rug with Name – Inspirational Faith Floral Area Carpet, Non-Skid Floor Mat for Bedroom, Living Room, Church Decor, Housewarming (Faith God)",,,,,,,,,,,,,,,,,,,,lb,,,
custom-ornate-golden-cross-crucifixion-area-rug-non-skid,,,,,,,,,Large: 5x8ft,,,,,,,,AMZ-RUG-B0FSSDYSKH-4,0.0,,0,deny,manual,139.90,174.88,true,false,,,,,"",https://cdn.shopify.com/s/files/1/1023/0068/0561/files/47fa63f06efd87d309f1d2413a3081c3d18856a3960174b641f3f8291ecd0a4c.jpg?v=1789055950,4,"Custom Christian Rug with Name – Inspirational Faith Floral Area Carpet, Non-Skid Floor Mat for Bedroom, Living Room, Church Decor, Housewarming (Faith God)",,,,,,,,,,,,,,,,,,,,lb,,,
custom-ornate-golden-cross-crucifixion-area-rug-non-skid,,,,,,,,,,,,,,,,,,,,,,,,,,,,,,,"",https://cdn.shopify.com/s/files/1/1023/0068/0561/files/0b4d56216d6e672a9da68d186ada74a299ad755b7f530da4b34397ab2065573c.jpg?v=1789055950,5,"Custom Christian Rug with Name – Inspirational Faith Floral Area Carpet, Non-Skid Floor Mat for Bedroom, Living Room, Church Decor, Housewarming (Faith God)",,,,,,,,,,,,,,,,,,,,,,,
custom-ornate-golden-cross-crucifixion-area-rug-non-skid,,,,,,,,,,,,,,,,,,,,,,,,,,,,,,,"",https://cdn.shopify.com/s/files/1/1023/0068/0561/files/20df411a05ce34438bce4041401b12dd686441091a3f63f695b8150eb29b77a4.jpg?v=1789055950,6,"Custom Christian Rug with Name – Inspirational Faith Floral Area Carpet, Non-Skid Floor Mat for Bedroom, Living Room, Church Decor, Housewarming (Faith God)",,,,,,,,,,,,,,,,,,,,,,,
custom-red-gold-ornate-cross-area-rug-non-skid-church-decor,"Custom Red Gold Ornate Cross Area Rug, Non-Skid, Church Decor","<p>This area rug offers both comfort and inspiration, featuring a traditional style with a faith floral design. Crafted for durability and ease of care, it enhances various indoor spaces. The rug can be personalized, making it a unique addition to any home or church setting.</p><h3>Product Highlights</h3><ul>
<li>Features an inspirational faith floral design.</li>
<li>Can be personalized with a name, family name, or special message.</li>
<li>Made with soft polyester fabric and an anti-slip backing for safety.</li>
<li>Wrinkle-resistant, fade-resistant, and long-lasting.</li>
<li>Suitable for various home and church uses, including prayer, meditation, and general decor.</li>
</ul><h3>Specifications</h3><table border=""1"" cellpadding=""6"" style=""border-collapse:collapse;width:100%"">
<tr>
<th align=""left"" width=""35%"">Attribute</th>
<th align=""left"">Value</th>
</tr>
<tr>
<td>Rug Form</td>
<td>Area Rug</td>
</tr>
<tr>
<td>Item Shape</td>
<td>Rectangular</td>
</tr>
<tr>
<td>Weave Type</td>
<td>Flat Woven</td>
</tr>
<tr>
<td>Pile Height</td>
<td>Low Pile</td>
</tr>
<tr>
<td>Construction Type</td>
<td>Machine Made</td>
</tr>
<tr>
<td>Indoor/Outdoor Usage</td>
<td>Indoor</td>
</tr>
<tr>
<td>Room Type</td>
<td>Bedroom, Living Room, Office, Gamer Room, Reading Nook, Entryway</td>
</tr>
<tr>
<td>Water Resistance</td>
<td>Not Water Resistant</td>
</tr>
<tr>
<td>Pattern</td>
<td>Floral</td>
</tr>
<tr>
<td>Theme</td>
<td>Faith, Christian</td>
</tr>
<tr>
<td>Style</td>
<td>Traditional</td>
</tr>
<tr>
<td>Number of Pieces</td>
<td>1</td>
</tr>
</table><h3>Material &amp; Care</h3><table border=""1"" cellpadding=""6"" style=""border-collapse:collapse;width:100%"">
<tr>
<th align=""left"" width=""35%"">Item</th>
<th align=""left"">Detail</th>
</tr>
<tr>
<td>Material Type</td>
<td>Memory Foam</td>
</tr>
<tr>
<td>Backing Material</td>
<td>Cotton Blend</td>
</tr>
<tr>
<td>Care Instructions</td>
<td>Vacuum for quick cleaning or machine wash for deeper care.</td>
</tr>
</table><h3>Where It Works</h3><p>This versatile rug is ideal for enhancing the atmosphere in various indoor settings. It is well-suited for bedrooms, living rooms, offices, gamer rooms, cozy reading nooks, and entryways. Its design also makes it appropriate for use in church spaces or meditation corners.</p>",CHILLGEN,,Rug,"amazon-parent-b0fss8xw1z, flat-woven, home-decor, indoor, personalized, rectangular, rug, traditional",false,Choose Item Size,X-Small: 2x3ft,,,,,,,,AMZ-RUG-B0FT7BNFLV-1,0.0,,0,deny,manual,34.90,43.63,true,false,,,,,"",https://cdn.shopify.com/s/files/1/1023/0068/0561/files/f33b8e0b06d539f2fb91610113f02461671b35d16abfc204b90ba952649105ff.jpg?v=1789055955,1,"Custom Christian Rug with Name – Inspirational Faith Floral Area Carpet, Non-Skid Floor Mat for Bedroom, Living Room, Church Decor, Housewarming (Corss Faith 03)",false,,"Traditional rectangular indoor rug with a faith floral design and personalization, ideal for bedrooms and living rooms.",,,,,,,,,,,,B0FSS8XW1Z,,,,,lb,,,draft
custom-red-gold-ornate-cross-area-rug-non-skid-church-decor,,,,,,,,,Small: 3x5ft,,,,,,,,AMZ-RUG-B0FT7BNFLV-2,0.0,,0,deny,manual,69.90,87.38,true,false,,,,,"",https://cdn.shopify.com/s/files/1/1023/0068/0561/files/7549201c5e5d9a124bbd9775add6b3754fc72a241a721dd0299dc6f3da14cec7.jpg?v=1789055955,2,"Custom Christian Rug with Name – Inspirational Faith Floral Area Carpet, Non-Skid Floor Mat for Bedroom, Living Room, Church Decor, Housewarming (Corss Faith 03)",,,,,,,,,,,,,,,,,,,,lb,,,
custom-red-gold-ornate-cross-area-rug-non-skid-church-decor,,,,,,,,,Medium: 4x6ft,,,,,,,,AMZ-RUG-B0FT7BNFLV-3,0.0,,0,deny,manual,104.90,131.13,true,false,,,,,"",https://cdn.shopify.com/s/files/1/1023/0068/0561/files/90c527035002988b7177e971af4fc0dabcd2908d543aa7689b00cf4cca1513b5.jpg?v=1789055955,3,"Custom Christian Rug with Name – Inspirational Faith Floral Area Carpet, Non-Skid Floor Mat for Bedroom, Living Room, Church Decor, Housewarming (Corss Faith 03)",,,,,,,,,,,,,,,,,,,,lb,,,
custom-red-gold-ornate-cross-area-rug-non-skid-church-decor,,,,,,,,,Large: 5x8ft,,,,,,,,AMZ-RUG-B0FT7BNFLV-4,0.0,,0,deny,manual,139.90,174.88,true,false,,,,,"",https://cdn.shopify.com/s/files/1/1023/0068/0561/files/3f61b20e628644d8827aeb8409f4ba8d152386f58bfdc014c0d7340f94b4de29.jpg?v=1789055955,4,"Custom Christian Rug with Name – Inspirational Faith Floral Area Carpet, Non-Skid Floor Mat for Bedroom, Living Room, Church Decor, Housewarming (Corss Faith 03)",,,,,,,,,,,,,,,,,,,,lb,,,
custom-red-gold-ornate-cross-area-rug-non-skid-church-decor,,,,,,,,,,,,,,,,,,,,,,,,,,,,,,,"",https://cdn.shopify.com/s/files/1/1023/0068/0561/files/ce4dfb8dbc69409c1bd76a36c5bf53458fa5e715b161da8cb0cb551fffd8ff0c.jpg?v=1789055955,5,"Custom Christian Rug with Name – Inspirational Faith Floral Area Carpet, Non-Skid Floor Mat for Bedroom, Living Room, Church Decor, Housewarming (Corss Faith 03)",,,,,,,,,,,,,,,,,,,,,,,
custom-red-gold-ornate-cross-area-rug-non-skid-church-decor,,,,,,,,,,,,,,,,,,,,,,,,,,,,,,,"",https://cdn.shopify.com/s/files/1/1023/0068/0561/files/5309070a2bdd0ca33bcffd20473342dab7c54cb29cf3339136c1883ea8cfb00f.jpg?v=1789055955,6,"Custom Christian Rug with Name – Inspirational Faith Floral Area Carpet, Non-Skid Floor Mat for Bedroom, Living Room, Church Decor, Housewarming (Corss Faith 03)",,,,,,,,,,,,,,,,,,,,,,,
custom-gothic-cross-radiant-heart-area-rug-non-skid,"Custom Gothic Cross Radiant Heart Area Rug, Non-Skid","<p>This Christian rug offers an inspiring floral design, perfect for enhancing any living space with a touch of faith. Made with soft polyester fabric, it provides comfort underfoot and features an anti-slip backing for safety. This versatile area rug can also be personalized with a name or text, making it a thoughtful gift or a unique addition to your home.</p><h3>Product Highlights</h3><ul>
<li>Features an inspirational floral design with Christian themes.</li>
<li>Personalize with your name, family name, or a special message.</li>
<li>Crafted from soft polyester fabric for a comfortable feel.</li>
<li>Equipped with an anti-slip backing for added safety.</li>
<li>Suitable for various settings including living rooms, bedrooms, and offices.</li>
</ul><h3>Specifications</h3><table border=""1"" cellpadding=""6"" style=""border-collapse:collapse;width:100%"">
<tr>
<th align=""left"" width=""35%"">Attribute</th>
<th align=""left"">Value</th>
</tr>
<tr>
<td>Rug Form</td>
<td>Area Rug</td>
</tr>
<tr>
<td>Item Shape</td>
<td>Rectangular</td>
</tr>
<tr>
<td>Weave Type</td>
<td>Flat Woven</td>
</tr>
<tr>
<td>Pile Height</td>
<td>Low Pile</td>
</tr>
<tr>
<td>Construction Type</td>
<td>Machine Made</td>
</tr>
<tr>
<td>Indoor/Outdoor Usage</td>
<td>Indoor</td>
</tr>
<tr>
<td>Room Type</td>
<td>Entryways, Bedrooms, Living Rooms, Offices, Gamer Rooms, Reading Nooks, Meditation Corners, Church</td>
</tr>
<tr>
<td>Water Resistance</td>
<td>Not Water Resistant</td>
</tr>
<tr>
<td>Special Features</td>
<td>Personalized with Name or Text, Anti-slip backing, Wrinkle-resistant, Fade-resistant, Long-lasting</td>
</tr>
<tr>
<td>Pattern</td>
<td>Floral</td>
</tr>
<tr>
<td>Theme</td>
<td>Christian, Faith</td>
</tr>
<tr>
<td>Style</td>
<td>Traditional</td>
</tr>
<tr>
<td>Number of Pieces</td>
<td>1</td>
</tr>
</table><h3>Material &amp; Care</h3><table border=""1"" cellpadding=""6"" style=""border-collapse:collapse;width:100%"">
<tr>
<th align=""left"" width=""35%"">Item</th>
<th align=""left"">Detail</th>
</tr>
<tr>
<td>Material Type</td>
<td>Memory Foam, Polyester Fabric</td>
</tr>
<tr>
<td>Backing Material</td>
<td>Cotton Blend</td>
</tr>
<tr>
<td>Care Instructions</td>
<td>Vacuum for quick cleaning; machine wash for deeper care</td>
</tr>
<tr>
<td>Cleaning Method</td>
<td>Machine Washable, Vacuum</td>
</tr>
</table><h3>Where It Works</h3><p>This versatile rug is ideal for enhancing spiritual and interior atmospheres in various settings. It is suitable for entryways, bedrooms, living rooms, offices, gamer rooms, cozy reading nooks, meditation corners, and as a decorative piece in churches.</p>",CHILLGEN,Furniture > Chairs > Rocking Chairs > Classic Rocking Chairs,Rug,"amazon-parent-b0fss8xw1z, christian rug, faith rug, floral rug, home-decor, non-skid rug, personalized rug, rug, traditional rug",false,Choose Item Size,X-Small: 2x3ft,,,,,,,,AMZ-RUG-B0H4LB7MPJ-1,0.0,,0,deny,manual,34.90,43.63,true,false,,,,,"",https://cdn.shopify.com/s/files/1/1023/0068/0561/files/7cdd1de2c5d81584fb456b75c7a6bdfb0a7ad6e0ffe3ab01c6684a37ef932ce6.jpg?v=1789055957,1,"Custom Christian Rug with Name – Inspirational Faith Floral Area Carpet, Non-Skid Floor Mat for Bedroom, Living Room, Church Decor, Housewarming (Classic Gothic)",false,,"This traditional Christian rug, made with memory foam and an anti-slip backing, is perfect for living rooms or church decor.",2002,,,,,,,,,,,B0FSS8XW1Z,,,,,lb,,,draft
custom-gothic-cross-radiant-heart-area-rug-non-skid,,,,,,,,,Small: 3x5ft,,,,,,,,AMZ-RUG-B0H4LB7MPJ-2,0.0,,0,deny,manual,69.90,87.38,true,false,,,,,"",https://cdn.shopify.com/s/files/1/1023/0068/0561/files/54c35ddbe1ea07a8a365df0153decdd2713a9f7e34a2caa1d37f2821562f931c.jpg?v=1789055957,2,"Custom Christian Rug with Name – Inspirational Faith Floral Area Carpet, Non-Skid Floor Mat for Bedroom, Living Room, Church Decor, Housewarming (Classic Gothic)",,,,,,,,,,,,,,,,,,,,lb,,,
custom-gothic-cross-radiant-heart-area-rug-non-skid,,,,,,,,,Medium: 4x6ft,,,,,,,,AMZ-RUG-B0H4LB7MPJ-3,0.0,,0,deny,manual,104.90,131.13,true,false,,,,,"",https://cdn.shopify.com/s/files/1/1023/0068/0561/files/1f2b3406da16d792cb9fcc60357f99dd39d19ddc6cb1e33a9c32d1ca36405b76.jpg?v=1789055957,3,"Custom Christian Rug with Name – Inspirational Faith Floral Area Carpet, Non-Skid Floor Mat for Bedroom, Living Room, Church Decor, Housewarming (Classic Gothic)",,,,,,,,,,,,,,,,,,,,lb,,,
custom-gothic-cross-radiant-heart-area-rug-non-skid,,,,,,,,,Large: 5x8ft,,,,,,,,AMZ-RUG-B0H4LB7MPJ-4,0.0,,0,deny,manual,139.90,174.88,true,false,,,,,"",https://cdn.shopify.com/s/files/1/1023/0068/0561/files/3c50448969379cee2dec8f459031463f8055aea7d54a6a33ffa94e2ca2d25fa4.jpg?v=1789055957,4,"Custom Christian Rug with Name – Inspirational Faith Floral Area Carpet, Non-Skid Floor Mat for Bedroom, Living Room, Church Decor, Housewarming (Classic Gothic)",,,,,,,,,,,,,,,,,,,,lb,,,
custom-gothic-cross-radiant-heart-area-rug-non-skid,,,,,,,,,,,,,,,,,,,,,,,,,,,,,,,"",https://cdn.shopify.com/s/files/1/1023/0068/0561/files/e06bf0095442225930cca89c77bcad2c09f1bfdcb46bb280c43b4ff2aa7f896a.jpg?v=1789055957,5,"Custom Christian Rug with Name – Inspirational Faith Floral Area Carpet, Non-Skid Floor Mat for Bedroom, Living Room, Church Decor, Housewarming (Classic Gothic)",,,,,,,,,,,,,,,,,,,,,,,
custom-gothic-cross-radiant-heart-area-rug-non-skid,,,,,,,,,,,,,,,,,,,,,,,,,,,,,,,"",https://cdn.shopify.com/s/files/1/1023/0068/0561/files/994a94d27a4e34805d645322b37f9cad2a3bfe19451f3e471355343b7fe55752.jpg?v=1789055957,6,"Custom Christian Rug with Name – Inspirational Faith Floral Area Carpet, Non-Skid Floor Mat for Bedroom, Living Room, Church Decor, Housewarming (Classic Gothic)",,,,,,,,,,,,,,,,,,,,,,,
custom-gothic-cross-radiant-heart-area-rug-non-skid,,,,,,,,,,,,,,,,,,,,,,,,,,,,,,,"",https://cdn.shopify.com/s/files/1/1023/0068/0561/files/8d14311a6fa433032754770d8a29d18f4b747d9ed630d8313cc1a1e701088460.jpg?v=1789055957,7,"Custom Christian Rug with Name – Inspirational Faith Floral Area Carpet, Non-Skid Floor Mat for Bedroom, Living Room, Church Decor, Housewarming (Classic Gothic)",,,,,,,,,,,,,,,,,,,,,,,
custom-our-lady-stained-glass-flowers-area-rug-non-skid,"Custom Our Lady Stained Glass Flowers Area Rug, Non-Skid","<p>This inspirational faith floral area rug offers a blend of comfort and spiritual ambiance, featuring a beautiful design. Crafted for durability and ease of care, it enhances various home settings and church spaces. The rug can be personalized, making it a thoughtful gift or a unique decorative element.</p><h3>Product Highlights</h3><ul>
<li>Features an inspirational faith floral design with personalized text options.</li>
<li>Soft polyester fabric with anti-slip backing for comfort and safety.</li>
<li>Wrinkle-resistant and fade-resistant for long-lasting appearance.</li>
<li>Suitable for a variety of indoor spaces including bedrooms and living rooms.</li>
<li>Enhances both spiritual and interior atmospheres.</li>
</ul><h3>Specifications</h3><table border=""1"" cellpadding=""6"" style=""border-collapse:collapse;width:100%"">
<tr>
<th align=""left"" width=""35%"">Attribute</th>
<th align=""left"">Value</th>
</tr>
<tr>
<td>Rug Form Type</td>
<td>Area Rug</td>
</tr>
<tr>
<td>Item Shape</td>
<td>Rectangular</td>
</tr>
<tr>
<td>Weave Type</td>
<td>Flat Woven</td>
</tr>
<tr>
<td>Pile Height</td>
<td>Low Pile</td>
</tr>
<tr>
<td>Construction Type</td>
<td>Machine Made</td>
</tr>
<tr>
<td>Indoor/Outdoor Usage</td>
<td>Indoor</td>
</tr>
<tr>
<td>Room Type</td>
<td>Entryways, Bedrooms, Living Rooms, Offices, Gamer Rooms, Reading Nooks, Church</td>
</tr>
<tr>
<td>Water Resistance Level</td>
<td>Not Water Resistant</td>
</tr>
<tr>
<td>Pattern</td>
<td>Floral</td>
</tr>
<tr>
<td>Theme</td>
<td>Faith, Christian</td>
</tr>
<tr>
<td>Style</td>
<td>Traditional</td>
</tr>
<tr>
<td>Number of Pieces</td>
<td>1</td>
</tr>
</table><h3>Material &amp; Care</h3><table border=""1"" cellpadding=""6"" style=""border-collapse:collapse;width:100%"">
<tr>
<th align=""left"" width=""35%"">Item</th>
<th align=""left"">Detail</th>
</tr>
<tr>
<td>Material Type</td>
<td>Memory Foam, Polyester Fabric</td>
</tr>
<tr>
<td>Backing Material</td>
<td>Cotton Blend, Anti-slip Backing</td>
</tr>
<tr>
<td>Care Instructions</td>
<td>Vacuum for quick cleaning, machine wash for deeper care</td>
</tr>
<tr>
<td>Cleaning Method</td>
<td>Vacuuming, Machine Wash</td>
</tr>
</table><h3>Where It Works</h3><p>This versatile rug is ideal for enhancing the decor of entryways, bedrooms, living rooms, offices, gamer rooms, and cozy reading nooks. It also serves as a suitable prayer rug or a decorative piece for church settings, fostering a spiritual and welcoming environment.</p>",CHILLGEN,,Rug,"amazon-parent-b0fss8xw1z, floral, home-decor, indoor, personalized, prayer, rectangular, rug, traditional",false,Choose Item Size,X-Small: 2x3ft,,,,,,,,AMZ-RUG-B0H4LMKDR4-1,0.0,,0,deny,manual,34.90,43.63,true,false,,,,,"",https://cdn.shopify.com/s/files/1/1023/0068/0561/files/65d351e64b2422b1e08050cb392b20d6596275ed996d6534f3ab51f80faaa4ea.jpg?v=1789056003,1,"Custom Christian Rug with Name – Inspirational Faith Floral Area Carpet, Non-Skid Floor Mat for Bedroom, Living Room, Church Decor, Housewarming (Pink Roses)",false,,"This Traditional Christian rug with a faith floral pattern is personalizable and offers non-skid backing, ideal for indoor spaces.",,,,,,,,,,,,B0FSS8XW1Z,,,,,lb,,,draft
custom-our-lady-stained-glass-flowers-area-rug-non-skid,,,,,,,,,Small: 3x5ft,,,,,,,,AMZ-RUG-B0H4LMKDR4-2,0.0,,0,deny,manual,69.90,87.38,true,false,,,,,"",https://cdn.shopify.com/s/files/1/1023/0068/0561/files/e4895bd391141c2bd71768cd622ff8d49f4dc761d1813b2bb257ed5954eb1edd.jpg?v=1789056002,2,"Custom Christian Rug with Name – Inspirational Faith Floral Area Carpet, Non-Skid Floor Mat for Bedroom, Living Room, Church Decor, Housewarming (Pink Roses)",,,,,,,,,,,,,,,,,,,,lb,,,
custom-our-lady-stained-glass-flowers-area-rug-non-skid,,,,,,,,,Medium: 4x6ft,,,,,,,,AMZ-RUG-B0H4LMKDR4-3,0.0,,0,deny,manual,104.90,131.13,true,false,,,,,"",https://cdn.shopify.com/s/files/1/1023/0068/0561/files/65ef6663718e1801b3a106ea1c7dd99caebcbd8e4c4255be2dbca07220443783.jpg?v=1789056003,3,"Custom Christian Rug with Name – Inspirational Faith Floral Area Carpet, Non-Skid Floor Mat for Bedroom, Living Room, Church Decor, Housewarming (Pink Roses)",,,,,,,,,,,,,,,,,,,,lb,,,
custom-our-lady-stained-glass-flowers-area-rug-non-skid,,,,,,,,,Large: 5x8ft,,,,,,,,AMZ-RUG-B0H4LMKDR4-4,0.0,,0,deny,manual,139.90,174.88,true,false,,,,,"",https://cdn.shopify.com/s/files/1/1023/0068/0561/files/fd27fd8147058d44409ab8556415bba05af8e06a0ba7d3a0a065003f1b2120e8.jpg?v=1789056002,4,"Custom Christian Rug with Name – Inspirational Faith Floral Area Carpet, Non-Skid Floor Mat for Bedroom, Living Room, Church Decor, Housewarming (Pink Roses)",,,,,,,,,,,,,,,,,,,,lb,,,
custom-our-lady-stained-glass-flowers-area-rug-non-skid,,,,,,,,,,,,,,,,,,,,,,,,,,,,,,,"",https://cdn.shopify.com/s/files/1/1023/0068/0561/files/fe1898009a672ab6db43cd712080350f26af691bf751315f467076e99aed9205.jpg?v=1789056003,5,"Custom Christian Rug with Name – Inspirational Faith Floral Area Carpet, Non-Skid Floor Mat for Bedroom, Living Room, Church Decor, Housewarming (Pink Roses)",,,,,,,,,,,,,,,,,,,,,,,
custom-our-lady-stained-glass-flowers-area-rug-non-skid,,,,,,,,,,,,,,,,,,,,,,,,,,,,,,,"",https://cdn.shopify.com/s/files/1/1023/0068/0561/files/cba85481b8d7d58ab6aa32a684d8caa3130b67a1901f59fd79103caa0141e695.jpg?v=1789056003,6,"Custom Christian Rug with Name – Inspirational Faith Floral Area Carpet, Non-Skid Floor Mat for Bedroom, Living Room, Church Decor, Housewarming (Pink Roses)",,,,,,,,,,,,,,,,,,,,,,,
custom-ornate-cross-vine-border-area-rug-non-skid,"Custom Ornate Cross Vine Border Area Rug, Non-Skid","<p>This inspirational faith floral area carpet offers a unique blend of comfort and spiritual decor. Designed with a traditional style, this rug features a non-skid backing for enhanced safety and durability. It serves as a versatile floor mat, suitable for various settings while adding a meaningful touch to any room.</p><h3>Product Highlights</h3><ul>
<li>Features an inspirational faith floral design</li>
<li>Can be personalized with a name or text</li>
<li>Soft polyester fabric for comfort</li>
<li>Anti-slip backing ensures safety</li>
<li>Versatile for home and church use</li>
<li>Wrinkle-resistant and fade-resistant for lasting beauty</li>
</ul><h3>Specifications</h3><table border=""1"" cellpadding=""6"" style=""border-collapse:collapse;width:100%"">
<tr>
<th align=""left"" width=""35%"">Attribute</th>
<th align=""left"">Value</th>
</tr>
<tr>
<td>Rug Form</td>
<td>Area Rug</td>
</tr>
<tr>
<td>Item Shape</td>
<td>Rectangular</td>
</tr>
<tr>
<td>Weave Type</td>
<td>Flat Woven</td>
</tr>
<tr>
<td>Pile Height</td>
<td>Low Pile</td>
</tr>
<tr>
<td>Construction Type</td>
<td>Machine Made</td>
</tr>
<tr>
<td>Indoor/Outdoor Usage</td>
<td>Indoor</td>
</tr>
<tr>
<td>Room Type</td>
<td>Bedroom, Living Room, Office, Gamer Room, Reading Nook, Church</td>
</tr>
<tr>
<td>Water Resistance</td>
<td>Not Water Resistant</td>
</tr>
<tr>
<td>Pattern</td>
<td>Floral</td>
</tr>
<tr>
<td>Theme</td>
<td>Faith, Christian</td>
</tr>
<tr>
<td>Style</td>
<td>Traditional</td>
</tr>
<tr>
<td>Number of Pieces</td>
<td>1</td>
</tr>
</table><h3>Material &amp; Care</h3><table border=""1"" cellpadding=""6"" style=""border-collapse:collapse;width:100%"">
<tr>
<th align=""left"" width=""35%"">Item</th>
<th align=""left"">Detail</th>
</tr>
<tr>
<td>Material Type</td>
<td>Memory Foam, Polyester</td>
</tr>
<tr>
<td>Backing Material</td>
<td>Cotton Blend</td>
</tr>
<tr>
<td>Care Instructions</td>
<td>Vacuum for quick cleaning or machine wash for deeper care</td>
</tr>
<tr>
<td>Cleaning Method</td>
<td>Vacuum, Machine Wash</td>
</tr>
</table><h3>Where It Works</h3><p>This versatile area rug is ideal for enhancing the ambiance of entryways, bedrooms, living rooms, offices, gamer rooms, and cozy reading nooks. It is also well-suited for use in meditation corners or as a decorative piece in churches, blending spiritual and interior atmospheres.</p>",CHILLGEN,,Rug,"amazon-parent-b0fss8xw1z, area rug, home-decor, indoor rug, machine-made rug, prayer rug, rectangular rug, rug, traditional rug",false,Choose Item Size,X-Small: 2x3ft,,,,,,,,AMZ-RUG-B0FSS12TVR-1,0.0,,0,deny,manual,34.90,43.63,true,false,,,,,"",https://cdn.shopify.com/s/files/1/1023/0068/0561/files/a3d3ea5557965ee0f3fc1b4913e076ac803bc3621b934518362f45427cd8a4ed.jpg?v=1789056006,1,"Custom Christian Rug with Name – Inspirational Faith Floral Area Carpet, Non-Skid Floor Mat for Bedroom, Living Room, Church Decor, Housewarming (Corss Faith 07)",false,,"This Traditional Christian rug, made with Memory Foam, features an anti-slip backing for safety in any indoor space.",,,,,,,,,,,,B0FSS8XW1Z,,,,,lb,,,draft
custom-ornate-cross-vine-border-area-rug-non-skid,,,,,,,,,Small: 3x5ft,,,,,,,,AMZ-RUG-B0FSS12TVR-2,0.0,,0,deny,manual,69.90,87.38,true,false,,,,,"",https://cdn.shopify.com/s/files/1/1023/0068/0561/files/42f4ebef64d2888ef2c286e3e1cf1ff03b3572746e66930f999e4b85b961a4ef.jpg?v=1789056006,2,"Custom Christian Rug with Name – Inspirational Faith Floral Area Carpet, Non-Skid Floor Mat for Bedroom, Living Room, Church Decor, Housewarming (Corss Faith 07)",,,,,,,,,,,,,,,,,,,,lb,,,
custom-ornate-cross-vine-border-area-rug-non-skid,,,,,,,,,Medium: 4x6ft,,,,,,,,AMZ-RUG-B0FSS12TVR-3,0.0,,0,deny,manual,104.90,131.13,true,false,,,,,"",https://cdn.shopify.com/s/files/1/1023/0068/0561/files/be0d202629522da56f41ec23f91c4b1c0ddff38481598932e022f8874020d9c1.jpg?v=1789056006,3,"Custom Christian Rug with Name – Inspirational Faith Floral Area Carpet, Non-Skid Floor Mat for Bedroom, Living Room, Church Decor, Housewarming (Corss Faith 07)",,,,,,,,,,,,,,,,,,,,lb,,,
custom-ornate-cross-vine-border-area-rug-non-skid,,,,,,,,,Large: 5x8ft,,,,,,,,AMZ-RUG-B0FSS12TVR-4,0.0,,0,deny,manual,139.90,174.88,true,false,,,,,"",https://cdn.shopify.com/s/files/1/1023/0068/0561/files/1eea93198b319183e3a72ee5abc920b226c3d1c2c211e859e9f3be56d97923c3.jpg?v=1789056006,4,"Custom Christian Rug with Name – Inspirational Faith Floral Area Carpet, Non-Skid Floor Mat for Bedroom, Living Room, Church Decor, Housewarming (Corss Faith 07)",,,,,,,,,,,,,,,,,,,,lb,,,
custom-ornate-cross-vine-border-area-rug-non-skid,,,,,,,,,,,,,,,,,,,,,,,,,,,,,,,"",https://cdn.shopify.com/s/files/1/1023/0068/0561/files/6c2767fc87678729973d7a76363a25f440bb36e556f067b6f56b0b0266ad43f9.jpg?v=1789056006,5,"Custom Christian Rug with Name – Inspirational Faith Floral Area Carpet, Non-Skid Floor Mat for Bedroom, Living Room, Church Decor, Housewarming (Corss Faith 07)",,,,,,,,,,,,,,,,,,,,,,,
custom-ornate-cross-vine-border-area-rug-non-skid,,,,,,,,,,,,,,,,,,,,,,,,,,,,,,,"",https://cdn.shopify.com/s/files/1/1023/0068/0561/files/858895a9802d480ced58aa726cde92cdd6f0e8c877fb386c9458df3875a8cb1d.jpg?v=1789056006,6,"Custom Christian Rug with Name – Inspirational Faith Floral Area Carpet, Non-Skid Floor Mat for Bedroom, Living Room, Church Decor, Housewarming (Corss Faith 07)",,,,,,,,,,,,,,,,,,,,,,,
custom-ornate-cross-area-rug-non-skid-church-decor-design-01,"Custom Ornate Cross Area Rug, Non-Skid, Church Decor - Design 01","<p>This inspirational faith floral area rug offers a blend of comfort and spiritual decor for your home. Crafted with soft polyester fabric, it features an anti-slip backing for safety and can be personalized with a name or special message. Ideal for enhancing the atmosphere in various rooms, this rug serves as both a decorative piece and a meaningful accent.</p><h3>Product Highlights</h3><ul>
<li>Features an inspirational faith floral design.</li>
<li>Offers personalization with a name or text.</li>
<li>Made with soft polyester fabric for comfort.</li>
<li>Equipped with an anti-slip backing for safety.</li>
<li>Suitable for a variety of indoor spaces.</li>
<li>Wrinkle-resistant and fade-resistant for lasting beauty.</li>
</ul><h3>Specifications</h3><table border=""1"" cellpadding=""6"" style=""border-collapse:collapse;width:100%"">
<tr>
<th align=""left"" width=""35%"">Attribute</th>
<th align=""left"">Value</th>
</tr>
<tr>
<td>Rug Form Type</td>
<td>Area Rug</td>
</tr>
<tr>
<td>Item Shape</td>
<td>Rectangular</td>
</tr>
<tr>
<td>Weave Type</td>
<td>Flat Woven</td>
</tr>
<tr>
<td>Pile Height</td>
<td>Low Pile</td>
</tr>
<tr>
<td>Construction Type</td>
<td>Machine Made</td>
</tr>
<tr>
<td>Indoor/Outdoor Usage</td>
<td>Indoor</td>
</tr>
<tr>
<td>Room Type</td>
<td>Entryways, Bedrooms, Living Rooms, Offices, Gamer Rooms, Reading Nooks, Church</td>
</tr>
<tr>
<td>Water Resistance Level</td>
<td>Not Water Resistant</td>
</tr>
<tr>
<td>Pattern</td>
<td>Floral</td>
</tr>
<tr>
<td>Theme</td>
<td>Christian, Faith</td>
</tr>
<tr>
<td>Style Name</td>
<td>Traditional</td>
</tr>
<tr>
<td>Number of Pieces</td>
<td>1</td>
</tr>
</table><h3>Material &amp; Care</h3><table border=""1"" cellpadding=""6"" style=""border-collapse:collapse;width:100%"">
<tr>
<th align=""left"" width=""35%"">Item</th>
<th align=""left"">Detail</th>
</tr>
<tr>
<td>Material Type</td>
<td>Memory Foam</td>
</tr>
<tr>
<td>Back Material Type</td>
<td>Cotton Blend</td>
</tr>
<tr>
<td>Care Instructions</td>
<td>Vacuum for quick cleaning or machine wash for deeper care.</td>
</tr>
</table><h3>Where It Works</h3><p>This versatile area rug is perfect for entryways, bedrooms, living rooms, and offices, adding a touch of inspirational decor. It also works well in gamer rooms, cozy reading nooks, or as a decorative piece in a church, enhancing both comfort and spiritual ambiance.</p>",CHILLGEN,Uncategorized,Rug,"amazon-parent-b0fss8xw1z, area-rug, faith-rug, floral-rug, home-decor, personalized-rug, rectangular-rug, rug, traditional-rug",false,Choose Item Size,X-Small: 2x3ft,,,,,,,,AMZ-RUG-B0H4L2Y5H7-1,0.0,,0,deny,manual,34.90,43.63,true,false,,,,,"",https://cdn.shopify.com/s/files/1/1023/0068/0561/files/a19e946881a35f96a697dcf950d57c7fb62222e5490fd88ab7d3a437b8071563.jpg?v=1789056007,1,"Custom Christian Rug with Name – Inspirational Faith Floral Area Carpet, Non-Skid Floor Mat for Bedroom, Living Room, Church Decor, Housewarming (Gothic Faith)",false,,"This traditional Christian rug with a faith floral design features personalization and an anti-slip backing, perfect for living rooms or church decor.",,,,,,,,,,,,B0FSS8XW1Z,,,,,lb,,,draft
custom-ornate-cross-area-rug-non-skid-church-decor-design-01,,,,,,,,,Small: 3x5ft,,,,,,,,AMZ-RUG-B0H4L2Y5H7-2,0.0,,0,deny,manual,69.90,87.38,true,false,,,,,"",https://cdn.shopify.com/s/files/1/1023/0068/0561/files/af5303bb55083d30f3213046e80f2902071ce9adf0652da1056982f538573fb6.jpg?v=1789056007,2,"Custom Christian Rug with Name – Inspirational Faith Floral Area Carpet, Non-Skid Floor Mat for Bedroom, Living Room, Church Decor, Housewarming (Gothic Faith)",,,,,,,,,,,,,,,,,,,,lb,,,
custom-ornate-cross-area-rug-non-skid-church-decor-design-01,,,,,,,,,Medium: 4x6ft,,,,,,,,AMZ-RUG-B0H4L2Y5H7-3,0.0,,0,deny,manual,104.90,131.13,true,false,,,,,"",https://cdn.shopify.com/s/files/1/1023/0068/0561/files/6098422ec3ae974291a36de5ca50e892e1f4b9f900d628acac2ca38def74ab7d.jpg?v=1789056007,3,"Custom Christian Rug with Name – Inspirational Faith Floral Area Carpet, Non-Skid Floor Mat for Bedroom, Living Room, Church Decor, Housewarming (Gothic Faith)",,,,,,,,,,,,,,,,,,,,lb,,,
custom-ornate-cross-area-rug-non-skid-church-decor-design-01,,,,,,,,,Large: 5x8ft,,,,,,,,AMZ-RUG-B0H4L2Y5H7-4,0.0,,0,deny,manual,139.90,174.88,true,false,,,,,"",https://cdn.shopify.com/s/files/1/1023/0068/0561/files/24b5850acea80c0ddf1349d41e7e21d5c072209a4f09d908d13d710eb3e186d5.jpg?v=1789056007,4,"Custom Christian Rug with Name – Inspirational Faith Floral Area Carpet, Non-Skid Floor Mat for Bedroom, Living Room, Church Decor, Housewarming (Gothic Faith)",,,,,,,,,,,,,,,,,,,,lb,,,
custom-ornate-cross-area-rug-non-skid-church-decor-design-01,,,,,,,,,,,,,,,,,,,,,,,,,,,,,,,"",https://cdn.shopify.com/s/files/1/1023/0068/0561/files/6f32b400285e98b29f11f2824781692ead917d13357703f413ae9a198e245717.jpg?v=1789056007,5,"Custom Christian Rug with Name – Inspirational Faith Floral Area Carpet, Non-Skid Floor Mat for Bedroom, Living Room, Church Decor, Housewarming (Gothic Faith)",,,,,,,,,,,,,,,,,,,,,,,
custom-ornate-cross-area-rug-non-skid-church-decor-design-01,,,,,,,,,,,,,,,,,,,,,,,,,,,,,,,"",https://cdn.shopify.com/s/files/1/1023/0068/0561/files/29bd60f2e48a647a31aec76f6b0ae1083d297d482eec64079156c7ec9bf4dc0e.jpg?v=1789056007,6,"Custom Christian Rug with Name – Inspirational Faith Floral Area Carpet, Non-Skid Floor Mat for Bedroom, Living Room, Church Decor, Housewarming (Gothic Faith)",,,,,,,,,,,,,,,,,,,,,,,
personalized-bigfoot-under-the-moon-area-rug-home-decor,"Personalized Bigfoot Under The Moon Area Rug, Home Decor","<p>Bring the wild outdoors into your home with this high-quality area rug. Featuring a detailed Bigfoot or Sasquatch design, this rug is perfect for adding personality and a touch of adventure to your space. It adds rustic charm to any room, ideal for those who appreciate the beauty of the forest and wildlife.</p><h3>Product Highlights</h3><ul>
<li>Features a unique Bigfoot or Sasquatch design.</li>
<li>Offers durability and comfort with premium materials.</li>
<li>Non-slip backing ensures safety.</li>
<li>Soft surface provides a cozy feel underfoot.</li>
<li>Designed for low maintenance and easy cleaning.</li>
</ul><h3>Specifications</h3><table border=""1"" cellpadding=""6"" style=""border-collapse:collapse;width:100%"">
<tr>
<th align=""left"" width=""35%"">Attribute</th>
<th align=""left"">Value</th>
</tr>
<tr>
<td>Rug Form</td>
<td>Area Rug</td>
</tr>
<tr>
<td>Item Shape</td>
<td>Rectangular</td>
</tr>
<tr>
<td>Weave Type</td>
<td>Machine-Made</td>
</tr>
<tr>
<td>Pile Height</td>
<td>Low Pile</td>
</tr>
<tr>
<td>Construction Type</td>
<td>Machine Made</td>
</tr>
<tr>
<td>Indoor/Outdoor Usage</td>
<td>Indoor</td>
</tr>
<tr>
<td>Room Type</td>
<td>Living Room, Bedroom, Cabin</td>
</tr>
<tr>
<td>Water Resistance</td>
<td>Not Water Resistant</td>
</tr>
<tr>
<td>Pattern</td>
<td>Bigfoot</td>
</tr>
<tr>
<td>Theme</td>
<td>Outdoor Adventure, Wildlife</td>
</tr>
<tr>
<td>Style</td>
<td>Rustic</td>
</tr>
<tr>
<td>Number of Pieces</td>
<td>1</td>
</tr>
</table><h3>Material &amp; Care</h3><table border=""1"" cellpadding=""6"" style=""border-collapse:collapse;width:100%"">
<tr>
<th align=""left"" width=""35%"">Item</th>
<th align=""left"">Detail</th>
</tr>
<tr>
<td>Material Type</td>
<td>Sponge - Memory Foam</td>
</tr>
<tr>
<td>Backing Material</td>
<td>High-quality Epoxy</td>
</tr>
<tr>
<td>Product Care Instructions</td>
<td>Spot Clean Only</td>
</tr>
<tr>
<td>Cleaning Method</td>
<td>Regular vacuuming or gentle washing</td>
</tr>
</table><h3>Where It Works</h3><p>This area rug is suitable for various indoor spaces, including living rooms, bedrooms, and cabins. Its unique design makes it an ideal addition for nature lovers and those looking to enhance their home decor with a rustic, adventurous theme.</p>",CHILLGEN,Arts & Entertainment > Hobbies & Creative Arts > Arts & Crafts > Crafting Patterns & Molds > Sewing Patterns > Home Decor Sewing Patterns,Rug,"amazon-parent-b0fgx9tg5n, bedroom, bigfoot, home-decor, living-room, rectangular, rug, rustic, sasquatch",false,Choose Size,X-Small: 2x3ft,,,,,,,,AMZ-RUG-B0FGX76TGP-1,0.0,,0,deny,manual,34.90,46.53,true,false,,,,,"",https://cdn.shopify.com/s/files/1/1023/0068/0561/files/802d1ab8924779089cce5fd13f4671a8cae7d40b6bb513ae54f4265bfe8a2eeb.jpg?v=1789056694,1,Personalized Bigfoot Area Rug Sasquatch Rug Unique Outdoor Adventure for Home Décor Living Room Bedroom (Bigfoot and Moon),false,,"Rustic area rug with a unique Bigfoot design and non-slip backing, perfect for indoor living rooms, bedrooms, or cabins.",3697,,,,,,,,,,,B0FGX9TG5N,,,,,lb,,,draft
personalized-bigfoot-under-the-moon-area-rug-home-decor,,,,,,,,,Small: 3x5ft,,,,,,,,AMZ-RUG-B0FGX76TGP-2,0.0,,0,deny,manual,69.85,93.13,true,false,,,,,"",https://cdn.shopify.com/s/files/1/1023/0068/0561/files/e0acef5602288008626b7adefde947121e66b7d7e515e490dd741f3b325b7059.jpg?v=1789056694,2,Personalized Bigfoot Area Rug Sasquatch Rug Unique Outdoor Adventure for Home Décor Living Room Bedroom (Bigfoot and Moon),,,,,,,,,,,,,,,,,,,,lb,,,
personalized-bigfoot-under-the-moon-area-rug-home-decor,,,,,,,,,Medium: 4x6ft,,,,,,,,AMZ-RUG-B0FGX76TGP-3,0.0,,0,deny,manual,104.85,139.80,true,false,,,,,"",https://cdn.shopify.com/s/files/1/1023/0068/0561/files/2f0272c7eb37f05a0e7e361ebe545f55a8af3fe651d23283c4edc402ab66dfef.jpg?v=1789056694,3,Personalized Bigfoot Area Rug Sasquatch Rug Unique Outdoor Adventure for Home Décor Living Room Bedroom (Bigfoot and Moon),,,,,,,,,,,,,,,,,,,,lb,,,
personalized-bigfoot-under-the-moon-area-rug-home-decor,,,,,,,,,Large: 5x8ft,,,,,,,,AMZ-RUG-B0FGX76TGP-4,0.0,,0,deny,manual,139.85,186.47,true,false,,,,,"",https://cdn.shopify.com/s/files/1/1023/0068/0561/files/67be75f96ac19164595aee5835809dffa044cbebfb59f5ddbe893f861ecc9b67.jpg?v=1789056694,4,Personalized Bigfoot Area Rug Sasquatch Rug Unique Outdoor Adventure for Home Décor Living Room Bedroom (Bigfoot and Moon),,,,,,,,,,,,,,,,,,,,lb,,,
personalized-bigfoot-under-the-moon-area-rug-home-decor,,,,,,,,,,,,,,,,,,,,,,,,,,,,,,,"",https://cdn.shopify.com/s/files/1/1023/0068/0561/files/81aa8854192e7c6fe60ced4a753f3156a2ed50f9e96b608a3654c919d2fbab8f.jpg?v=1789056694,5,Personalized Bigfoot Area Rug Sasquatch Rug Unique Outdoor Adventure for Home Décor Living Room Bedroom (Bigfoot and Moon),,,,,,,,,,,,,,,,,,,,,,,
personalized-bigfoot-under-the-moon-area-rug-home-decor,,,,,,,,,,,,,,,,,,,,,,,,,,,,,,,"",https://cdn.shopify.com/s/files/1/1023/0068/0561/files/2ce9b922fb732f39cf74398728bdbd34eb8bee36838e9466a0a2a4657d49d574.jpg?v=1789056694,6,Personalized Bigfoot Area Rug Sasquatch Rug Unique Outdoor Adventure for Home Décor Living Room Bedroom (Bigfoot and Moon),,,,,,,,,,,,,,,,,,,,,,,
personalized-stained-glass-bigfoot-forest-area-rug-non-slip-backing,"Personalized Stained Glass Bigfoot Forest Area Rug, Non-Slip Backing","<p>This high-quality area rug features a unique Bigfoot design, bringing a touch of outdoor adventure into your home. It's a perfect blend of personality and rustic charm, suitable for various living spaces.</p>
<h3>Product Highlights</h3>
<ul>
<li>Features a detailed Sasquatch design for a unique look.</li>
<li>Offers durability and comfort with premium materials.</li>
<li>Non-slip backing ensures safety.</li>
<li>Soft surface provides a cozy feel underfoot.</li>
<li>Designed for low maintenance and easy cleaning.</li>
</ul>
<h3>Specifications</h3>
<table border=""1"" cellpadding=""6"" style=""border-collapse:collapse;width:100%"">
<tr>
<th align=""left"" width=""35%"">Attribute</th>
<th align=""left"">Value</th>
</tr>
<tr>
<td>Rug Form</td>
<td>Area Rug</td>
</tr>
<tr>
<td>Item Shape</td>
<td>Rectangular</td>
</tr>
<tr>
<td>Weave Type</td>
<td>Machine-Made</td>
</tr>
<tr>
<td>Pile Height</td>
<td>Low Pile</td>
</tr>
<tr>
<td>Construction Type</td>
<td>Machine Made</td>
</tr>
<tr>
<td>Indoor/Outdoor Usage</td>
<td>Indoor</td>
</tr>
<tr>
<td>Room Type</td>
<td>Living Room, Bedroom, Cabin</td>
</tr>
<tr>
<td>Water Resistance</td>
<td>Not Water Resistant</td>
</tr>
<tr>
<td>Pattern</td>
<td>Bigfoot</td>
</tr>
<tr>
<td>Theme</td>
<td>Bigfoot, Sasquatch, Outdoor Adventure, Nature, Wildlife</td>
</tr>
<tr>
<td>Style</td>
<td>Rustic</td>
</tr>
<tr>
<td>Number of Pieces</td>
<td>1</td>
</tr>
</table>
<h3>Material &amp; Care</h3>
<table border=""1"" cellpadding=""6"" style=""border-collapse:collapse;width:100%"">
<tr>
<th align=""left"" width=""35%"">Item</th>
<th align=""left"">Detail</th>
</tr>
<tr>
<td>Material Type</td>
<td>Sponge - Memory Foam</td>
</tr>
<tr>
<td>Backing Material</td>
<td>High-quality Epoxy</td>
</tr>
<tr>
<td>Care Instructions</td>
<td>Spot Clean Only</td>
</tr>
<tr>
<td>Cleaning Method</td>
<td>Regular vacuuming or gentle washing</td>
</tr>
</table>
<h3>Where It Works</h3>
<p>This area rug is an excellent choice for adding rustic charm to your living room, bedroom, or cabin. It's ideal for those who appreciate the beauty of the forest and wildlife.</p>",CHILLGEN,Hardware > Building Materials > Staircases,Rug,"amazon-parent-b0fgx9tg5n, area-rug, bigfoot, home-decor, indoor, rectangular, rug, rustic, sasquatch",false,Choose Size,X-Small: 2x3ft,,,,,,,,AMZ-RUG-B0FGX6VZFF-1,0.0,,0,deny,manual,34.90,46.53,true,false,,,,,"",https://cdn.shopify.com/s/files/1/1023/0068/0561/files/bb9c8fe6e770d4e32d760a1c4402abf549203805d599748703504e362e919708.jpg?v=1789056694,1,Personalized Bigfoot Area Rug Sasquatch Rug Unique Outdoor Adventure for Home Décor Living Room Bedroom (Bigfoot Stained Glass),false,,"This rustic Bigfoot area rug with a non-slip backing offers comfort and personality, perfect for indoor spaces like living rooms.",7004,,,,,,,,,,,B0FGX9TG5N,,,,,lb,,,draft
personalized-stained-glass-bigfoot-forest-area-rug-non-slip-backing,,,,,,,,,Small: 3x5ft,,,,,,,,AMZ-RUG-B0FGX6VZFF-2,0.0,,0,deny,manual,69.85,93.13,true,false,,,,,"",https://cdn.shopify.com/s/files/1/1023/0068/0561/files/7957430fb0c836cb6e53c3c6940dbe7e1ac486a7d66dc4e6e6491135783fd355.jpg?v=1789056694,2,Personalized Bigfoot Area Rug Sasquatch Rug Unique Outdoor Adventure for Home Décor Living Room Bedroom (Bigfoot Stained Glass),,,,,,,,,,,,,,,,,,,,lb,,,
personalized-stained-glass-bigfoot-forest-area-rug-non-slip-backing,,,,,,,,,Medium: 4x6ft,,,,,,,,AMZ-RUG-B0FGX6VZFF-3,0.0,,0,deny,manual,104.85,139.80,true,false,,,,,"",https://cdn.shopify.com/s/files/1/1023/0068/0561/files/aef7ced23a8bb98e3e0df5c561370e3e7005689e327b84a6c898316c325ccc74.jpg?v=1789056694,3,Personalized Bigfoot Area Rug Sasquatch Rug Unique Outdoor Adventure for Home Décor Living Room Bedroom (Bigfoot Stained Glass),,,,,,,,,,,,,,,,,,,,lb,,,
personalized-stained-glass-bigfoot-forest-area-rug-non-slip-backing,,,,,,,,,Large: 5x8ft,,,,,,,,AMZ-RUG-B0FGX6VZFF-4,0.0,,0,deny,manual,139.85,186.47,true,false,,,,,"",https://cdn.shopify.com/s/files/1/1023/0068/0561/files/e7c8bef067e2716bdcaa3b2e25507274b4e0f8076e86c732f511a1971f76d096.jpg?v=1789056694,4,Personalized Bigfoot Area Rug Sasquatch Rug Unique Outdoor Adventure for Home Décor Living Room Bedroom (Bigfoot Stained Glass),,,,,,,,,,,,,,,,,,,,lb,,,
personalized-stained-glass-bigfoot-forest-area-rug-non-slip-backing,,,,,,,,,,,,,,,,,,,,,,,,,,,,,,,"",https://cdn.shopify.com/s/files/1/1023/0068/0561/files/e0acef5602288008626b7adefde947121e66b7d7e515e490dd741f3b325b7059_5674d1ee-3f9c-4352-8873-a58a54c528fb.jpg?v=1789056694,5,Personalized Bigfoot Area Rug Sasquatch Rug Unique Outdoor Adventure for Home Décor Living Room Bedroom (Bigfoot Stained Glass),,,,,,,,,,,,,,,,,,,,,,,
personalized-stained-glass-bigfoot-forest-area-rug-non-slip-backing,,,,,,,,,,,,,,,,,,,,,,,,,,,,,,,"",https://cdn.shopify.com/s/files/1/1023/0068/0561/files/0c321e08123fb680517145a27f439f836e5fdcf7da710f633e8fe10d67c608a0.jpg?v=1789056694,6,Personalized Bigfoot Area Rug Sasquatch Rug Unique Outdoor Adventure for Home Décor Living Room Bedroom (Bigfoot Stained Glass),,,,,,,,,,,,,,,,,,,,,,,
personalized-bigfoot-peace-sign-forest-area-rug-home-decor-bigfoot,"Personalized Bigfoot Peace Sign Forest Area Rug, Home Decor - Bigfoot","<p>Bring the wild outdoors into your home with this unique area rug. Featuring a detailed Bigfoot design, this rug adds personality and a touch of adventure to your space. It's an ideal choice for nature lovers looking to incorporate rustic charm into their home decor.</p><h3>Product Highlights</h3><ul>
<li>Unique Bigfoot and Sasquatch design for outdoor enthusiasts.</li>
<li>Durable construction ensures lasting quality.</li>
<li>Soft surface provides a comfortable feel underfoot.</li>
<li>Non-slip backing enhances safety in any room.</li>
<li>Easy to clean for convenient low maintenance.</li>
</ul><h3>Specifications</h3><table border=""1"" cellpadding=""6"" style=""border-collapse:collapse;width:100%"">
<tr>
<th align=""left"" width=""35%"">Attribute</th>
<th align=""left"">Value</th>
</tr>
<tr>
<td>Rug Form</td>
<td>Area Rug</td>
</tr>
<tr>
<td>Item Shape</td>
<td>Rectangular</td>
</tr>
<tr>
<td>Weave Type</td>
<td>Machine-Made</td>
</tr>
<tr>
<td>Pile Height</td>
<td>Low Pile</td>
</tr>
<tr>
<td>Construction Type</td>
<td>Machine Made</td>
</tr>
<tr>
<td>Indoor/Outdoor Usage</td>
<td>Indoor</td>
</tr>
<tr>
<td>Room Type</td>
<td>Living Room, Bedroom, Cabin</td>
</tr>
<tr>
<td>Pattern</td>
<td>Bigfoot</td>
</tr>
<tr>
<td>Theme</td>
<td>Bigfoot</td>
</tr>
<tr>
<td>Style</td>
<td>Rustic</td>
</tr>
<tr>
<td>Number of Pieces</td>
<td>1</td>
</tr>
</table><h3>Material &amp; Care</h3><table border=""1"" cellpadding=""6"" style=""border-collapse:collapse;width:100%"">
<tr>
<th align=""left"" width=""35%"">Item</th>
<th align=""left"">Detail</th>
</tr>
<tr>
<td>Material Type</td>
<td>Sponge - Memory Foam</td>
</tr>
<tr>
<td>Backing Material</td>
<td>High-quality Epoxy</td>
</tr>
<tr>
<td>Care Instructions</td>
<td>Spot Clean Only</td>
</tr>
</table><h3>Where It Works</h3><p>This area rug is suitable for various indoor spaces, including living rooms, bedrooms, and cabins, bringing a touch of rustic charm and adventure to any setting.</p>",CHILLGEN,Arts & Entertainment > Hobbies & Creative Arts > Arts & Crafts > Crafting Patterns & Molds > Sewing Patterns > Home Decor Sewing Patterns,Rug,"amazon-parent-b0fgx9tg5n, bigfoot, home-decor, indoor, low-pile, rectangular, rug, rustic, sasquatch",false,Choose Size,X-Small: 2x3ft,,,,,,,,AMZ-RUG-B0FGX7Y866-1,0.0,,0,deny,manual,34.90,46.53,true,false,,,,,"",https://cdn.shopify.com/s/files/1/1023/0068/0561/files/f53ccfd22e08ba38a7160e080ba37ec28dc78478ac49af1020c9a1666f7e47fc.jpg?v=1789056697,1,"Personalized Bigfoot Peace Sign Forest Area Rug, Home Decor",false,,"Rustic Bigfoot area rug with a non-slip backing, made from sponge-memory foam, ideal for living rooms, bedrooms, or cabins.",3697,,,,,,,,,,,B0FGX9TG5N,,,,,lb,,,draft
personalized-bigfoot-peace-sign-forest-area-rug-home-decor-bigfoot,,,,,,,,,Small: 3x5ft,,,,,,,,AMZ-RUG-B0FGX7Y866-2,0.0,,0,deny,manual,69.85,93.13,true,false,,,,,"",https://cdn.shopify.com/s/files/1/1023/0068/0561/files/e0acef5602288008626b7adefde947121e66b7d7e515e490dd741f3b325b7059_df9ce007-b8ff-4672-b9a5-de66acadfdbf.jpg?v=1789056697,2,"Personalized Bigfoot Peace Sign Forest Area Rug, Home Decor",,,,,,,,,,,,,,,,,,,,lb,,,
personalized-bigfoot-peace-sign-forest-area-rug-home-decor-bigfoot,,,,,,,,,Medium: 4x6ft,,,,,,,,AMZ-RUG-B0FGX7Y866-3,0.0,,0,deny,manual,104.85,139.80,true,false,,,,,"",https://cdn.shopify.com/s/files/1/1023/0068/0561/files/6dcd0b603e33e412db42d7fdd2f71f3a72449de5b5f1c50dd8e6b2fc22079a67.jpg?v=1789056697,3,"Personalized Bigfoot Peace Sign Forest Area Rug, Home Decor",,,,,,,,,,,,,,,,,,,,lb,,,
personalized-bigfoot-peace-sign-forest-area-rug-home-decor-bigfoot,,,,,,,,,Large: 5x8ft,,,,,,,,AMZ-RUG-B0FGX7Y866-4,0.0,,0,deny,manual,139.85,186.47,true,false,,,,,"",https://cdn.shopify.com/s/files/1/1023/0068/0561/files/4da1a0dfca39f2c8e50d3a5a8d9f0f35eca8408a3012bf554cca411568614b2a.jpg?v=1789056697,4,"Personalized Bigfoot Peace Sign Forest Area Rug, Home Decor",,,,,,,,,,,,,,,,,,,,lb,,,
personalized-bigfoot-peace-sign-forest-area-rug-home-decor-bigfoot,,,,,,,,,,,,,,,,,,,,,,,,,,,,,,,"",https://cdn.shopify.com/s/files/1/1023/0068/0561/files/4ac31b14bea5b99c41bed24f8e12f0c67f88f8d5897d1d91113dc7a34ced3838.jpg?v=1789056697,5,"Personalized Bigfoot Peace Sign Forest Area Rug, Home Decor",,,,,,,,,,,,,,,,,,,,,,,
personalized-bigfoot-peace-sign-forest-area-rug-home-decor-bigfoot,,,,,,,,,,,,,,,,,,,,,,,,,,,,,,,"",https://cdn.shopify.com/s/files/1/1023/0068/0561/files/9b3ee8ac16abd9bc9cbc69604d989c11f147eb40da31ba008ebe69c61f9ad9f7.jpg?v=1789056697,6,"Personalized Bigfoot Peace Sign Forest Area Rug, Home Decor",,,,,,,,,,,,,,,,,,,,,,,
personalized-bigfoot-silhouette-with-full-moon-area-rug-design-01,Personalized Bigfoot Silhouette with Full Moon Area Rug - Design 01,"<p>This area rug features a unique Bigfoot design, adding a touch of adventure and personality to any room. Crafted for durability and comfort, it brings a rustic charm to your home. This rug is an ideal choice for nature enthusiasts looking to enhance their living space.</p><h3>Product Highlights</h3><ul>
<li>Detailed Sasquatch design for a distinctive look.</li>
<li>Non-slip backing for enhanced safety.</li>
<li>Soft surface provides a cozy feel underfoot.</li>
<li>Designed for low maintenance and easy cleaning.</li>
<li>Adds rustic charm to various room settings.</li>
</ul><h3>Specifications</h3><table border=""1"" cellpadding=""6"" style=""border-collapse:collapse;width:100%"">
<tr>
<th align=""left"" width=""35%"">Attribute</th>
<th align=""left"">Value</th>
</tr>
<tr>
<td>Rug Form</td>
<td>Area Rug</td>
</tr>
<tr>
<td>Item Shape</td>
<td>Rectangular</td>
</tr>
<tr>
<td>Weave Type</td>
<td>Machine-Made</td>
</tr>
<tr>
<td>Pile Height</td>
<td>Low Pile</td>
</tr>
<tr>
<td>Construction Type</td>
<td>Machine Made</td>
</tr>
<tr>
<td>Indoor/Outdoor Usage</td>
<td>Indoor</td>
</tr>
<tr>
<td>Room Type</td>
<td>Living Room, Bedroom, Cabin</td>
</tr>
<tr>
<td>Water Resistance</td>
<td>Not Water Resistant</td>
</tr>
<tr>
<td>Pattern</td>
<td>Bigfoot</td>
</tr>
<tr>
<td>Theme</td>
<td>Bigfoot, Sasquatch, Outdoor Adventure, Nature, Wildlife</td>
</tr>
<tr>
<td>Style</td>
<td>Rustic</td>
</tr>
<tr>
<td>Number of Pieces</td>
<td>1</td>
</tr>
</table><h3>Material &amp; Care</h3><table border=""1"" cellpadding=""6"" style=""border-collapse:collapse;width:100%"">
<tr>
<th align=""left"" width=""35%"">Item</th>
<th align=""left"">Detail</th>
</tr>
<tr>
<td>Material Type</td>
<td>Sponge - Memory Foam</td>
</tr>
<tr>
<td>Backing Material</td>
<td>High-quality Epoxy</td>
</tr>
<tr>
<td>Product Care Instructions</td>
<td>Spot Clean Only</td>
</tr>
</table><h3>Where It Works</h3><p>This rug is well-suited for adding a unique touch to living rooms, bedrooms, or cabins. Its rustic theme makes it perfect for spaces that appreciate nature and wildlife aesthetics.</p>",CHILLGEN,Arts & Entertainment > Hobbies & Creative Arts > Arts & Crafts > Crafting Patterns & Molds > Sewing Patterns > Home Decor Sewing Patterns,Rug,"amazon-parent-b0fgx9tg5n, bigfoot, home-decor, indoor, low-pile, rectangular, rug, rustic, sasquatch",false,Choose Size,X-Small: 2x3ft,,,,,,,,AMZ-RUG-B0FGX7PXBT-1,0.0,,0,deny,manual,34.90,46.53,true,false,,,,,"",https://cdn.shopify.com/s/files/1/1023/0068/0561/files/16e4c6103c618ffd0cce821cbe57d573e1f4384e2e5e29219ad8840afa1e3fc8.jpg?v=1789056742,1,Personalized Bigfoot Area Rug Sasquatch Rug Unique Outdoor Adventure for Home Décor Living Room Bedroom (Bigfoot & Moon),false,,"Rustic Bigfoot area rug with a non-slip backing, made of sponge-memory foam, ideal for indoor living rooms or bedrooms.",3697,,,,,,,,,,,B0FGX9TG5N,,,,,lb,,,draft
personalized-bigfoot-silhouette-with-full-moon-area-rug-design-01,,,,,,,,,Small: 3x5ft,,,,,,,,AMZ-RUG-B0FGX7PXBT-2,0.0,,0,deny,manual,69.85,93.13,true,false,,,,,"",https://cdn.shopify.com/s/files/1/1023/0068/0561/files/b1e1596b6e0bf74efa836269d0ba2929aaad6db60eefb7628fc0686ad7376a08.jpg?v=1789056742,2,Personalized Bigfoot Area Rug Sasquatch Rug Unique Outdoor Adventure for Home Décor Living Room Bedroom (Bigfoot & Moon),,,,,,,,,,,,,,,,,,,,lb,,,
personalized-bigfoot-silhouette-with-full-moon-area-rug-design-01,,,,,,,,,Medium: 4x6ft,,,,,,,,AMZ-RUG-B0FGX7PXBT-3,0.0,,0,deny,manual,104.85,139.80,true,false,,,,,"",https://cdn.shopify.com/s/files/1/1023/0068/0561/files/b6ca9af96198dbee6408b1686fbd7fe654ff6555a59a4908fe1ed474f2cd2448.jpg?v=1789056742,3,Personalized Bigfoot Area Rug Sasquatch Rug Unique Outdoor Adventure for Home Décor Living Room Bedroom (Bigfoot & Moon),,,,,,,,,,,,,,,,,,,,lb,,,
personalized-bigfoot-silhouette-with-full-moon-area-rug-design-01,,,,,,,,,Large: 5x8ft,,,,,,,,AMZ-RUG-B0FGX7PXBT-4,0.0,,0,deny,manual,139.85,186.47,true,false,,,,,"",https://cdn.shopify.com/s/files/1/1023/0068/0561/files/e0acef5602288008626b7adefde947121e66b7d7e515e490dd741f3b325b7059_6e8d5ed8-581d-404d-9f14-7645538473e2.jpg?v=1789056742,4,Personalized Bigfoot Area Rug Sasquatch Rug Unique Outdoor Adventure for Home Décor Living Room Bedroom (Bigfoot & Moon),,,,,,,,,,,,,,,,,,,,lb,,,
personalized-bigfoot-silhouette-with-full-moon-area-rug-design-01,,,,,,,,,,,,,,,,,,,,,,,,,,,,,,,"",https://cdn.shopify.com/s/files/1/1023/0068/0561/files/3db91b5b62ee6ae62270d13eb0a2dd7f1f5f74d53d44da0a50718aa8c57a6906.jpg?v=1789056742,5,Personalized Bigfoot Area Rug Sasquatch Rug Unique Outdoor Adventure for Home Décor Living Room Bedroom (Bigfoot & Moon),,,,,,,,,,,,,,,,,,,,,,,
personalized-bigfoot-silhouette-with-full-moon-area-rug-design-01,,,,,,,,,,,,,,,,,,,,,,,,,,,,,,,"",https://cdn.shopify.com/s/files/1/1023/0068/0561/files/c295d277238a7ca8b8674e2aecfe6df65db06f215592c1ae97175f405d1469c5.jpg?v=1789056742,6,Personalized Bigfoot Area Rug Sasquatch Rug Unique Outdoor Adventure for Home Décor Living Room Bedroom (Bigfoot & Moon),,,,,,,,,,,,,,,,,,,,,,,
personalized-bigfoot-silhouette-full-moon-forest-area-rug,Personalized Bigfoot Silhouette Full Moon Forest Area Rug,"<p>This Bigfoot area rug brings a unique outdoor adventure theme to your living space. Featuring a detailed Sasquatch design, this rug is ideal for adding personality and rustic charm. It is designed for indoor use, providing both comfort and a touch of wilderness to any room.</p><h3>Product Highlights</h3><ul>
<li>Features a detailed Sasquatch design for an adventurous theme.</li>
<li>Adds rustic charm to various indoor settings.</li>
<li>Constructed with durable materials for longevity.</li>
<li>Equipped with a non-slip backing for safety.</li>
<li>Offers a soft surface for a cozy underfoot feel.</li>
<li>Designed for easy maintenance with simple cleaning methods.</li>
</ul><h3>Specifications</h3><table border=""1"" cellpadding=""6"" style=""border-collapse:collapse;width:100%"">
<tr>
<th align=""left"" width=""35%"">Attribute</th>
<th align=""left"">Value</th>
</tr>
<tr>
<td>Rug Form</td>
<td>Area Rug</td>
</tr>
<tr>
<td>Item Shape</td>
<td>Rectangular</td>
</tr>
<tr>
<td>Weave Type</td>
<td>Machine-Made</td>
</tr>
<tr>
<td>Pile Height</td>
<td>Low Pile</td>
</tr>
<tr>
<td>Construction Type</td>
<td>Machine Made</td>
</tr>
<tr>
<td>Indoor/Outdoor Usage</td>
<td>Indoor</td>
</tr>
<tr>
<td>Room Type</td>
<td>Living Room, Bedroom, Cabin</td>
</tr>
<tr>
<td>Water Resistance</td>
<td>Not Water Resistant</td>
</tr>
<tr>
<td>Pattern</td>
<td>Bigfoot</td>
</tr>
<tr>
<td>Theme</td>
<td>Bigfoot</td>
</tr>
<tr>
<td>Style</td>
<td>Rustic</td>
</tr>
<tr>
<td>Number of Pieces</td>
<td>1</td>
</tr>
</table><h3>Material &amp; Care</h3><table border=""1"" cellpadding=""6"" style=""border-collapse:collapse;width:100%"">
<tr>
<th align=""left"" width=""35%"">Item</th>
<th align=""left"">Detail</th>
</tr>
<tr>
<td>Material Type</td>
<td>Sponge - Memory Foam</td>
</tr>
<tr>
<td>Backing Material</td>
<td>High-quality Epoxy</td>
</tr>
<tr>
<td>Care Instructions</td>
<td>Spot Clean Only</td>
</tr>
<tr>
<td>Cleaning Method</td>
<td>Regular vacuuming or gentle washing</td>
</tr>
</table><h3>Where It Works</h3><p>This area rug is suitable for various indoor spaces, including living rooms, bedrooms, and cabins. Its unique design and rustic style make it a perfect addition for nature lovers and those looking to infuse an adventurous touch into their home décor.</p>",CHILLGEN,Arts & Entertainment > Hobbies & Creative Arts > Arts & Crafts > Crafting Patterns & Molds > Sewing Patterns > Home Decor Sewing Patterns,Rug,"amazon-parent-b0fgx9tg5n, bigfoot, home-decor, indoor, low-pile, rectangular, rug, rustic",false,Choose Size,X-Small: 2x3ft,,,,,,,,AMZ-RUG-B0FGX7HPRG-1,0.0,,0,deny,manual,34.90,46.53,true,false,,,,,"",https://cdn.shopify.com/s/files/1/1023/0068/0561/files/64c814c58b36c24ee57b15f04ffa2f42ce770b60f2018f4c16639fa0b6311a7d.jpg?v=1789056744,1,Personalized Bigfoot Area Rug Sasquatch Rug Unique Outdoor Adventure for Home Décor Living Room Bedroom (Bigfoot Night 2),false,,"Rustic Bigfoot area rug with a non-slip backing, perfect for adding a unique outdoor adventure to your living room or bedroom.",3697,,,,,,,,,,,B0FGX9TG5N,,,,,lb,,,draft
personalized-bigfoot-silhouette-full-moon-forest-area-rug,,,,,,,,,Small: 3x5ft,,,,,,,,AMZ-RUG-B0FGX7HPRG-2,0.0,,0,deny,manual,69.85,93.13,true,false,,,,,"",https://cdn.shopify.com/s/files/1/1023/0068/0561/files/4855b435e39242250dd085f3495e191c962810a3001d0ce90d79fd31b1be4829.jpg?v=1789056744,2,Personalized Bigfoot Area Rug Sasquatch Rug Unique Outdoor Adventure for Home Décor Living Room Bedroom (Bigfoot Night 2),,,,,,,,,,,,,,,,,,,,lb,,,
personalized-bigfoot-silhouette-full-moon-forest-area-rug,,,,,,,,,Medium: 4x6ft,,,,,,,,AMZ-RUG-B0FGX7HPRG-3,0.0,,0,deny,manual,104.85,139.80,true,false,,,,,"",https://cdn.shopify.com/s/files/1/1023/0068/0561/files/08555e41d30b7516e869ff8b754fd603fa73fa490e12f0bc6111409cb42d4bb0.jpg?v=1789056744,3,Personalized Bigfoot Area Rug Sasquatch Rug Unique Outdoor Adventure for Home Décor Living Room Bedroom (Bigfoot Night 2),,,,,,,,,,,,,,,,,,,,lb,,,
personalized-bigfoot-silhouette-full-moon-forest-area-rug,,,,,,,,,Large: 5x8ft,,,,,,,,AMZ-RUG-B0FGX7HPRG-4,0.0,,0,deny,manual,139.85,186.47,true,false,,,,,"",https://cdn.shopify.com/s/files/1/1023/0068/0561/files/e0acef5602288008626b7adefde947121e66b7d7e515e490dd741f3b325b7059_67e6afdc-da72-4419-8baf-d5958f451dda.jpg?v=1789056744,4,Personalized Bigfoot Area Rug Sasquatch Rug Unique Outdoor Adventure for Home Décor Living Room Bedroom (Bigfoot Night 2),,,,,,,,,,,,,,,,,,,,lb,,,
personalized-bigfoot-silhouette-full-moon-forest-area-rug,,,,,,,,,,,,,,,,,,,,,,,,,,,,,,,"",https://cdn.shopify.com/s/files/1/1023/0068/0561/files/960830410aa1a8b243dfa11bc53a0e88916011371b4a4cb6bb8051e504109f0e.jpg?v=1789056744,5,Personalized Bigfoot Area Rug Sasquatch Rug Unique Outdoor Adventure for Home Décor Living Room Bedroom (Bigfoot Night 2),,,,,,,,,,,,,,,,,,,,,,,
personalized-bigfoot-silhouette-full-moon-forest-area-rug,,,,,,,,,,,,,,,,,,,,,,,,,,,,,,,"",https://cdn.shopify.com/s/files/1/1023/0068/0561/files/111c9a480db0ab46f81f48cdc96ba7512132223c648d65a9f3f65c386aa40511.jpg?v=1789056745,6,Personalized Bigfoot Area Rug Sasquatch Rug Unique Outdoor Adventure for Home Décor Living Room Bedroom (Bigfoot Night 2),,,,,,,,,,,,,,,,,,,,,,,
personalized-bird-nature-with-mountains-and-trees-area-rug-home-decor,"Personalized Bird nature with mountains and trees Area Rug, Home Decor","<p>This area rug features a unique Bigfoot design, bringing a touch of the wild outdoors and adventure into your home. It combines durability and comfort with a non-slip backing, making it a functional yet cozy addition to any room. Ideal for nature lovers, this rug adds rustic charm and personality to living spaces.</p><h3>Product Highlights</h3><ul>
<li>Features a detailed Sasquatch design for a unique aesthetic.</li>
<li>Offers a comfortable and soft surface underfoot.</li>
<li>Equipped with a non-slip backing for enhanced safety.</li>
<li>Easy to clean for low maintenance and practical use.</li>
<li>Adds rustic charm and personality to various rooms.</li>
</ul><h3>Specifications</h3><table border=""1"" cellpadding=""6"" style=""border-collapse:collapse;width:100%"">
<tr>
<th align=""left"" width=""35%"">Attribute</th>
<th align=""left"">Value</th>
</tr>
<tr>
<td>Rug Form</td>
<td>Area Rug</td>
</tr>
<tr>
<td>Item Shape</td>
<td>Rectangular</td>
</tr>
<tr>
<td>Weave Type</td>
<td>Machine-Made</td>
</tr>
<tr>
<td>Pile Height</td>
<td>Low Pile</td>
</tr>
<tr>
<td>Construction Type</td>
<td>Machine Made</td>
</tr>
<tr>
<td>Indoor/Outdoor Usage</td>
<td>Indoor</td>
</tr>
<tr>
<td>Room Type</td>
<td>Living Room, Bedroom, Cabin</td>
</tr>
<tr>
<td>Water Resistance Level</td>
<td>Not Water Resistant</td>
</tr>
<tr>
<td>Pattern</td>
<td>Bigfoot</td>
</tr>
<tr>
<td>Theme</td>
<td>Outdoor Adventure</td>
</tr>
<tr>
<td>Style</td>
<td>Rustic</td>
</tr>
<tr>
<td>Number of Pieces</td>
<td>1</td>
</tr>
<tr>
<td>Text Input</td>
<td>1</td>
</tr>
</table><h3>Material &amp; Care</h3><table border=""1"" cellpadding=""6"" style=""border-collapse:collapse;width:100%"">
<tr>
<th align=""left"" width=""35%"">Item</th>
<th align=""left"">Detail</th>
</tr>
<tr>
<td>Material Type</td>
<td>Sponge - Memory Foam</td>
</tr>
<tr>
<td>Backing Material</td>
<td>High-quality Epoxy</td>
</tr>
<tr>
<td>Care Instructions</td>
<td>Spot Clean Only</td>
</tr>
<tr>
<td>Cleaning Method</td>
<td>Regular vacuuming or gentle washing</td>
</tr>
</table><h3>Where It Works</h3><p>This versatile area rug is suitable for various indoor settings, including living rooms, bedrooms, and cabins. Its durable and comfortable nature makes it a fitting accent for any space needing a touch of rustic charm and adventure.</p>",CHILLGEN,Arts & Entertainment > Hobbies & Creative Arts > Arts & Crafts > Crafting Patterns & Molds > Sewing Patterns > Home Decor Sewing Patterns,Rug,"amazon-parent-b0fgx9tg5n, bigfoot, home-decor, indoor, low-pile, machine-made, rectangular, rug, rustic",false,Choose Size,X-Small: 2x3ft,,,,,,,,AMZ-RUG-B0FGX7Z53D-1,0.0,,0,deny,manual,34.90,46.53,true,false,,,,,"",https://cdn.shopify.com/s/files/1/1023/0068/0561/files/bdc487fdd01caefb1c5e31e3d126e7c59785637dca088afd7c5164fcbbc48add.jpg?v=1789056754,1,Personalized Bigfoot Area Rug Sasquatch Rug Unique Outdoor Adventure for Home Décor Living Room Bedroom (Bigfoot Say Hello),false,,This rustic Bigfoot area rug with a non-slip backing is perfect for adding an outdoor adventure theme to your living room or bedroom.,3697,,,,,,,,,,,B0FGX9TG5N,,,,,lb,,,draft
personalized-bird-nature-with-mountains-and-trees-area-rug-home-decor,,,,,,,,,Small: 3x5ft,,,,,,,,AMZ-RUG-B0FGX7Z53D-2,0.0,,0,deny,manual,69.85,93.13,true,false,,,,,"",https://cdn.shopify.com/s/files/1/1023/0068/0561/files/57bc23e316bc4a9030d26ffa1a3b2cf8ec82d1e7b3b1e6f903c9b901177ab703.jpg?v=1789056754,2,Personalized Bigfoot Area Rug Sasquatch Rug Unique Outdoor Adventure for Home Décor Living Room Bedroom (Bigfoot Say Hello),,,,,,,,,,,,,,,,,,,,lb,,,
personalized-bird-nature-with-mountains-and-trees-area-rug-home-decor,,,,,,,,,Medium: 4x6ft,,,,,,,,AMZ-RUG-B0FGX7Z53D-3,0.0,,0,deny,manual,104.85,139.80,true,false,,,,,"",https://cdn.shopify.com/s/files/1/1023/0068/0561/files/e0acef5602288008626b7adefde947121e66b7d7e515e490dd741f3b325b7059_afef1fc5-379b-498f-ad23-08e17df09a37.jpg?v=1789056754,3,Personalized Bigfoot Area Rug Sasquatch Rug Unique Outdoor Adventure for Home Décor Living Room Bedroom (Bigfoot Say Hello),,,,,,,,,,,,,,,,,,,,lb,,,
personalized-bird-nature-with-mountains-and-trees-area-rug-home-decor,,,,,,,,,Large: 5x8ft,,,,,,,,AMZ-RUG-B0FGX7Z53D-4,0.0,,0,deny,manual,139.85,186.47,true,false,,,,,"",https://cdn.shopify.com/s/files/1/1023/0068/0561/files/462adb7a9800b39bf6c62d2c04c31689675b9eb47161b6421b6f25bb3b4571e2.jpg?v=1789056754,4,Personalized Bigfoot Area Rug Sasquatch Rug Unique Outdoor Adventure for Home Décor Living Room Bedroom (Bigfoot Say Hello),,,,,,,,,,,,,,,,,,,,lb,,,
personalized-bird-nature-with-mountains-and-trees-area-rug-home-decor,,,,,,,,,,,,,,,,,,,,,,,,,,,,,,,"",https://cdn.shopify.com/s/files/1/1023/0068/0561/files/0ed3af51a3daf821ddf6efb422db2305133e493e8f31830dfe3169918bbf6c50.jpg?v=1789056754,5,Personalized Bigfoot Area Rug Sasquatch Rug Unique Outdoor Adventure for Home Décor Living Room Bedroom (Bigfoot Say Hello),,,,,,,,,,,,,,,,,,,,,,,
personalized-bird-nature-with-mountains-and-trees-area-rug-home-decor,,,,,,,,,,,,,,,,,,,,,,,,,,,,,,,"",https://cdn.shopify.com/s/files/1/1023/0068/0561/files/b4ce4fbaa7795f457db8677ec12d0541b489a61be9ee63c8c6fc203c120de9f2.jpg?v=1789056754,6,Personalized Bigfoot Area Rug Sasquatch Rug Unique Outdoor Adventure for Home Décor Living Room Bedroom (Bigfoot Say Hello),,,,,,,,,,,,,,,,,,,,,,,
personalized-bigfoot-outdoor-adventure-area-rug-non-slip-backing,"Personalized Bigfoot Outdoor Adventure Area Rug, Non-Slip Backing","<p>Introduce a touch of adventure to your home with this unique Bigfoot area rug. Featuring a detailed Sasquatch design, this rug adds personality and a rustic charm to any living space. It combines comfort with durability, making it a distinctive accent piece for nature lovers.</p><h3>Product Highlights</h3><ul>
<li>Features a detailed Sasquatch design for a unique outdoor theme.</li>
<li>Offers durability for long-lasting use.</li>
<li>Non-slip backing provides enhanced safety.</li>
<li>Soft surface delivers a cozy underfoot feel.</li>
<li>Designed for low maintenance and easy cleaning.</li>
</ul><h3>Specifications</h3><table border=""1"" cellpadding=""6"" style=""border-collapse:collapse;width:100%"">
<tr>
<th align=""left"" width=""35%"">Attribute</th>
<th align=""left"">Value</th>
</tr>
<tr>
<td>Rug Form</td>
<td>Area Rug</td>
</tr>
<tr>
<td>Item Shape</td>
<td>Rectangular</td>
</tr>
<tr>
<td>Weave Type</td>
<td>Machine-Made</td>
</tr>
<tr>
<td>Pile Height</td>
<td>Low Pile</td>
</tr>
<tr>
<td>Construction Type</td>
<td>Machine Made</td>
</tr>
<tr>
<td>Indoor/Outdoor Usage</td>
<td>Indoor</td>
</tr>
<tr>
<td>Room Type</td>
<td>Living Room, Bedroom, Cabin</td>
</tr>
<tr>
<td>Water Resistance</td>
<td>Not Water Resistant</td>
</tr>
<tr>
<td>Pattern</td>
<td>Bigfoot</td>
</tr>
<tr>
<td>Theme</td>
<td>Outdoor Adventure, Nature, Wildlife</td>
</tr>
<tr>
<td>Style</td>
<td>Rustic</td>
</tr>
<tr>
<td>Number of Pieces</td>
<td>1</td>
</tr>
</table><h3>Material &amp; Care</h3><table border=""1"" cellpadding=""6"" style=""border-collapse:collapse;width:100%"">
<tr>
<th align=""left"" width=""35%"">Item</th>
<th align=""left"">Detail</th>
</tr>
<tr>
<td>Material Type</td>
<td>Sponge - Memory Foam</td>
</tr>
<tr>
<td>Backing Material</td>
<td>High-quality Epoxy</td>
</tr>
<tr>
<td>Surface/Feel</td>
<td>Soft</td>
</tr>
<tr>
<td>Care Instructions</td>
<td>Spot Clean Only</td>
</tr>
<tr>
<td>Cleaning Method</td>
<td>Regular vacuuming or gentle washing</td>
</tr>
</table><h3>Where It Works</h3><p>This rustic area rug is ideal for bringing a touch of the wild outdoors into indoor spaces. It is suitable for living rooms, bedrooms, or cabins, enhancing decor with its unique Bigfoot theme.</p>",CHILLGEN,Arts & Entertainment > Hobbies & Creative Arts > Arts & Crafts > Crafting Patterns & Molds > Sewing Patterns > Home Decor Sewing Patterns,Rug,"amazon-parent-b0fgx9tg5n, bigfoot, home-decor, indoor, low-pile, machine-made, rectangular, rug, rustic",false,Choose Size,X-Small: 2x3ft,,,,,,,,AMZ-RUG-B0FGX64M3L-1,0.0,,0,deny,manual,34.90,46.53,true,false,,,,,"",https://cdn.shopify.com/s/files/1/1023/0068/0561/files/bf6db076a8ebc25484832acafdc9e5802eafa6f070887bd86df863dd5f227619.jpg?v=1789056793,1,Personalized Bigfoot Area Rug Sasquatch Rug Unique Outdoor Adventure for Home Décor Living Room Bedroom (Bigfoot Say 2),false,,"Rustic Bigfoot area rug with non-slip backing, made from sponge memory foam, perfect for living room and bedroom.",3697,,,,,,,,,,,B0FGX9TG5N,,,,,lb,,,draft
personalized-bigfoot-outdoor-adventure-area-rug-non-slip-backing,,,,,,,,,Small: 3x5ft,,,,,,,,AMZ-RUG-B0FGX64M3L-2,0.0,,0,deny,manual,69.85,93.13,true,false,,,,,"",https://cdn.shopify.com/s/files/1/1023/0068/0561/files/0480109f57ed50c6debcadaae89c0fcb16eb18a2c092b872e8960c56d21872af.jpg?v=1789056793,2,Personalized Bigfoot Area Rug Sasquatch Rug Unique Outdoor Adventure for Home Décor Living Room Bedroom (Bigfoot Say 2),,,,,,,,,,,,,,,,,,,,lb,,,
personalized-bigfoot-outdoor-adventure-area-rug-non-slip-backing,,,,,,,,,Medium: 4x6ft,,,,,,,,AMZ-RUG-B0FGX64M3L-3,0.0,,0,deny,manual,104.85,139.80,true,false,,,,,"",https://cdn.shopify.com/s/files/1/1023/0068/0561/files/2f76d59305f4d9bd03de0cf005eaef340fb3a24e3dc234c71ecd37dfe914974d.jpg?v=1789056793,3,Personalized Bigfoot Area Rug Sasquatch Rug Unique Outdoor Adventure for Home Décor Living Room Bedroom (Bigfoot Say 2),,,,,,,,,,,,,,,,,,,,lb,,,
personalized-bigfoot-outdoor-adventure-area-rug-non-slip-backing,,,,,,,,,Large: 5x8ft,,,,,,,,AMZ-RUG-B0FGX64M3L-4,0.0,,0,deny,manual,139.85,186.47,true,false,,,,,"",https://cdn.shopify.com/s/files/1/1023/0068/0561/files/e0acef5602288008626b7adefde947121e66b7d7e515e490dd741f3b325b7059_69b3a26d-3048-4361-8194-191cb6ec1dd8.jpg?v=1789056793,4,Personalized Bigfoot Area Rug Sasquatch Rug Unique Outdoor Adventure for Home Décor Living Room Bedroom (Bigfoot Say 2),,,,,,,,,,,,,,,,,,,,lb,,,
personalized-bigfoot-outdoor-adventure-area-rug-non-slip-backing,,,,,,,,,,,,,,,,,,,,,,,,,,,,,,,"",https://cdn.shopify.com/s/files/1/1023/0068/0561/files/21dd4129abc63d564f18c2052ac7afa448839026b03e819e25ed6c709212ff4d.jpg?v=1789056793,5,Personalized Bigfoot Area Rug Sasquatch Rug Unique Outdoor Adventure for Home Décor Living Room Bedroom (Bigfoot Say 2),,,,,,,,,,,,,,,,,,,,,,,
personalized-bigfoot-outdoor-adventure-area-rug-non-slip-backing,,,,,,,,,,,,,,,,,,,,,,,,,,,,,,,"",https://cdn.shopify.com/s/files/1/1023/0068/0561/files/b1a05a8b69e77e3464bf352a4697836ef277cc3413d8c46db9f26bd8e6f871cb.jpg?v=1789056793,6,Personalized Bigfoot Area Rug Sasquatch Rug Unique Outdoor Adventure for Home Décor Living Room Bedroom (Bigfoot Say 2),,,,,,,,,,,,,,,,,,,,,,,
personalized-bigfoot-stained-glass-forest-area-rug-home-decor,"Personalized Bigfoot Stained Glass Forest Area Rug, Home Decor","<p>Bring the allure of the wilderness into your home with this unique Bigfoot area rug. Featuring a detailed Sasquatch design, this rug adds a touch of adventure and personality to your living space. Crafted for comfort and durability, it is an ideal choice for nature enthusiasts.</p><h3>Product Highlights</h3><ul>
<li>Unique Sasquatch design for an adventurous aesthetic</li>
<li>Soft surface provides a cozy feel underfoot</li>
<li>Non-slip backing ensures enhanced safety</li>
<li>Easy to clean for convenient maintenance</li>
<li>Adds rustic charm to various indoor settings</li>
</ul><h3>Specifications</h3><table border=""1"" cellpadding=""6"" style=""border-collapse:collapse;width:100%"">
<tr>
<th align=""left"" width=""35%"">Attribute</th>
<th align=""left"">Value</th>
</tr>
<tr>
<td>Rug Form</td>
<td>Area Rug</td>
</tr>
<tr>
<td>Item Shape</td>
<td>Rectangular</td>
</tr>
<tr>
<td>Weave Type</td>
<td>Machine-Made</td>
</tr>
<tr>
<td>Pile Height</td>
<td>Low Pile</td>
</tr>
<tr>
<td>Construction Type</td>
<td>Machine Made</td>
</tr>
<tr>
<td>Indoor/Outdoor Usage</td>
<td>Indoor</td>
</tr>
<tr>
<td>Room Type</td>
<td>Living Room, Bedroom, Cabin</td>
</tr>
<tr>
<td>Water Resistance</td>
<td>Not Water Resistant</td>
</tr>
<tr>
<td>Pattern</td>
<td>Bigfoot</td>
</tr>
<tr>
<td>Theme</td>
<td>Bigfoot</td>
</tr>
<tr>
<td>Style</td>
<td>Rustic</td>
</tr>
<tr>
<td>Number of Pieces</td>
<td>1</td>
</tr>
</table><h3>Material &amp; Care</h3><table border=""1"" cellpadding=""6"" style=""border-collapse:collapse;width:100%"">
<tr>
<th align=""left"" width=""35%"">Item</th>
<th align=""left"">Detail</th>
</tr>
<tr>
<td>Material Type</td>
<td>Sponge - Memory Foam</td>
</tr>
<tr>
<td>Backing Material</td>
<td>High-quality Epoxy</td>
</tr>
<tr>
<td>Care Instructions</td>
<td>Spot Clean Only</td>
</tr>
</table><h3>Where It Works</h3><p>This area rug is perfectly suited for indoor use in living rooms, bedrooms, or cabins, adding a rustic and adventurous touch to any decor. It creates a cozy and inviting atmosphere for those who appreciate nature and wildlife themes.</p>",CHILLGEN,Hardware > Building Materials > Staircases,Rug,"amazon-parent-b0fgx9tg5n, bigfoot, home-decor, indoor, low-pile, machine-made, rectangular, rug, rustic",false,Choose Size,X-Small: 2x3ft,,,,,,,,AMZ-RUG-B0FGX7QRKL-1,0.0,,0,deny,manual,34.90,46.53,true,false,,,,,"",https://cdn.shopify.com/s/files/1/1023/0068/0561/files/256ff5235f9bfd74298ca19beeefae26afb7a0cab4ea5a8a00337152bf4e706a.jpg?v=1789056794,1,Personalized Bigfoot Area Rug Sasquatch Rug Unique Outdoor Adventure for Home Décor Living Room Bedroom (Bigfoot Stained Glass 2),false,,"Rustic Bigfoot area rug with a non-slip backing, crafted from sponge memory foam, perfect for adding an adventurous touch to your living room.",7004,,,,,,,,,,,B0FGX9TG5N,,,,,lb,,,draft
personalized-bigfoot-stained-glass-forest-area-rug-home-decor,,,,,,,,,Small: 3x5ft,,,,,,,,AMZ-RUG-B0FGX7QRKL-2,0.0,,0,deny,manual,69.85,93.13,true,false,,,,,"",https://cdn.shopify.com/s/files/1/1023/0068/0561/files/add616f427b499290c75131e861c826d7b6149878daf449185bec9bc2d70bd96.jpg?v=1789056794,2,Personalized Bigfoot Area Rug Sasquatch Rug Unique Outdoor Adventure for Home Décor Living Room Bedroom (Bigfoot Stained Glass 2),,,,,,,,,,,,,,,,,,,,lb,,,
personalized-bigfoot-stained-glass-forest-area-rug-home-decor,,,,,,,,,Medium: 4x6ft,,,,,,,,AMZ-RUG-B0FGX7QRKL-3,0.0,,0,deny,manual,104.85,139.80,true,false,,,,,"",https://cdn.shopify.com/s/files/1/1023/0068/0561/files/69f04264f2d8a101770eee9510ab7134071381e292c0982c9b9e6f59cd3b0558.jpg?v=1789056794,3,Personalized Bigfoot Area Rug Sasquatch Rug Unique Outdoor Adventure for Home Décor Living Room Bedroom (Bigfoot Stained Glass 2),,,,,,,,,,,,,,,,,,,,lb,,,
personalized-bigfoot-stained-glass-forest-area-rug-home-decor,,,,,,,,,Large: 5x8ft,,,,,,,,AMZ-RUG-B0FGX7QRKL-4,0.0,,0,deny,manual,139.85,186.47,true,false,,,,,"",https://cdn.shopify.com/s/files/1/1023/0068/0561/files/e0acef5602288008626b7adefde947121e66b7d7e515e490dd741f3b325b7059_6f640648-f401-4841-bc14-337310fb5c6c.jpg?v=1789056794,4,Personalized Bigfoot Area Rug Sasquatch Rug Unique Outdoor Adventure for Home Décor Living Room Bedroom (Bigfoot Stained Glass 2),,,,,,,,,,,,,,,,,,,,lb,,,
personalized-bigfoot-stained-glass-forest-area-rug-home-decor,,,,,,,,,,,,,,,,,,,,,,,,,,,,,,,"",https://cdn.shopify.com/s/files/1/1023/0068/0561/files/14cc828abed41e5497c86c3b587860afb133cb3cc7d816200e839e0880ae3dc7.jpg?v=1789056794,5,Personalized Bigfoot Area Rug Sasquatch Rug Unique Outdoor Adventure for Home Décor Living Room Bedroom (Bigfoot Stained Glass 2),,,,,,,,,,,,,,,,,,,,,,,
personalized-bigfoot-stained-glass-forest-area-rug-home-decor,,,,,,,,,,,,,,,,,,,,,,,,,,,,,,,"",https://cdn.shopify.com/s/files/1/1023/0068/0561/files/528fa6020548c2913716253c0bec86f0b9a50b171afd6262ed38ff5f4c3d782c.jpg?v=1789056794,6,Personalized Bigfoot Area Rug Sasquatch Rug Unique Outdoor Adventure for Home Décor Living Room Bedroom (Bigfoot Stained Glass 2),,,,,,,,,,,,,,,,,,,,,,,
personalized-by-campfire-forest-area-rug-for-outdoor-adventure,Personalized by Campfire Forest Area Rug for Outdoor Adventure,"<p>This Bigfoot area rug offers a unique design featuring a detailed Sasquatch, bringing a touch of adventure and personality to your living space. Made with premium materials, it provides both durability and comfort. Its rustic charm makes it a suitable accent for various rooms, enhancing home décor with an outdoorsy theme.</p><h3>Product Highlights</h3><ul>
<li>Features a unique Bigfoot Sasquatch design for an adventurous theme.</li>
<li>Offers durability and comfort with premium material construction.</li>
<li>Equipped with a non-slip backing to ensure safety.</li>
<li>Provides a soft surface for a cozy feel underfoot.</li>
<li>Designed for easy maintenance with simple cleaning methods.</li>
</ul><h3>Specifications</h3><table border=""1"" cellpadding=""6"" style=""border-collapse:collapse;width:100%"">
<tr>
<th align=""left"" width=""35%"">Attribute</th>
<th align=""left"">Value</th>
</tr>
<tr>
<td>Rug Form</td>
<td>Area Rug</td>
</tr>
<tr>
<td>Item Shape</td>
<td>Rectangular</td>
</tr>
<tr>
<td>Weave Type</td>
<td>Machine-Made</td>
</tr>
<tr>
<td>Pile Height</td>
<td>Low Pile</td>
</tr>
<tr>
<td>Construction Type</td>
<td>Machine Made</td>
</tr>
<tr>
<td>Indoor/Outdoor Usage</td>
<td>Indoor</td>
</tr>
<tr>
<td>Room Type</td>
<td>Living Room, Bedroom, Cabin</td>
</tr>
<tr>
<td>Water Resistance</td>
<td>Not Water Resistant</td>
</tr>
<tr>
<td>Pattern</td>
<td>Bigfoot</td>
</tr>
<tr>
<td>Theme</td>
<td>Bigfoot</td>
</tr>
<tr>
<td>Style</td>
<td>Rustic</td>
</tr>
<tr>
<td>Number of Pieces</td>
<td>1</td>
</tr>
</table><h3>Material &amp; Care</h3><table border=""1"" cellpadding=""6"" style=""border-collapse:collapse;width:100%"">
<tr>
<th align=""left"" width=""35%"">Item</th>
<th align=""left"">Detail</th>
</tr>
<tr>
<td>Material Type</td>
<td>Sponge - Memory Foam</td>
</tr>
<tr>
<td>Backing Material</td>
<td>High-quality Epoxy</td>
</tr>
<tr>
<td>Product Care Instructions</td>
<td>Spot Clean Only</td>
</tr>
<tr>
<td>Cleaning Method</td>
<td>Regular vacuuming or gentle washing</td>
</tr>
</table><h3>Where It Works</h3><p>This area rug is suitable for indoor use, perfect for adding a rustic charm to your living room, bedroom, or a cabin setting. It’s an ideal choice for nature lovers seeking to infuse their home with an outdoor adventure theme.</p>",CHILLGEN,Arts & Entertainment > Hobbies & Creative Arts > Arts & Crafts > Crafting Patterns & Molds > Sewing Patterns > Home Decor Sewing Patterns,Rug,"amazon-parent-b0fgx9tg5n, bigfoot, home-decor, indoor, low-pile, machine-made, rectangular, rug, rustic",false,Choose Size,X-Small: 2x3ft,,,,,,,,AMZ-RUG-B0FGX9TG5N-1,0.0,,0,deny,manual,34.90,46.53,true,false,,,,,"",https://cdn.shopify.com/s/files/1/1023/0068/0561/files/941c66257d06dd89b9e810be7276b227d9dbb93b5a342e01857e1ca94771d9c3.jpg?v=1789056802,1,Personalized Bigfoot Area Rug Sasquatch Rug Unique Outdoor Adventure for Home Décor Living Room Bedroom (Bigfoot Camping),false,,"Rustic Bigfoot area rug features a detailed Sasquatch design with a non-slip backing, ideal for indoor living rooms or bedrooms.",3697,,,,,,,,,,,B0FGX9TG5N,,,,,lb,,,draft
personalized-by-campfire-forest-area-rug-for-outdoor-adventure,,,,,,,,,Small: 3x5ft,,,,,,,,AMZ-RUG-B0FGX9TG5N-2,0.0,,0,deny,manual,69.85,93.13,true,false,,,,,"",https://cdn.shopify.com/s/files/1/1023/0068/0561/files/17e1578fe5cff39637f39fc67a0c746aec5b159a85175dd84c6db8c5e2238dcf.jpg?v=1789056802,2,Personalized Bigfoot Area Rug Sasquatch Rug Unique Outdoor Adventure for Home Décor Living Room Bedroom (Bigfoot Camping),,,,,,,,,,,,,,,,,,,,lb,,,
personalized-by-campfire-forest-area-rug-for-outdoor-adventure,,,,,,,,,Medium: 4x6ft,,,,,,,,AMZ-RUG-B0FGX9TG5N-3,0.0,,0,deny,manual,104.85,139.80,true,false,,,,,"",https://cdn.shopify.com/s/files/1/1023/0068/0561/files/5073c8e1b4bef4085c170f84c40084eda144923e38486c4a108b8cfeeab10da8.jpg?v=1789056802,3,Personalized Bigfoot Area Rug Sasquatch Rug Unique Outdoor Adventure for Home Décor Living Room Bedroom (Bigfoot Camping),,,,,,,,,,,,,,,,,,,,lb,,,
personalized-by-campfire-forest-area-rug-for-outdoor-adventure,,,,,,,,,Large: 5x8ft,,,,,,,,AMZ-RUG-B0FGX9TG5N-4,0.0,,0,deny,manual,139.85,186.47,true,false,,,,,"",https://cdn.shopify.com/s/files/1/1023/0068/0561/files/e0acef5602288008626b7adefde947121e66b7d7e515e490dd741f3b325b7059_5e851050-864d-4b43-9b9e-69532d811de8.jpg?v=1789056802,4,Personalized Bigfoot Area Rug Sasquatch Rug Unique Outdoor Adventure for Home Décor Living Room Bedroom (Bigfoot Camping),,,,,,,,,,,,,,,,,,,,lb,,,
personalized-by-campfire-forest-area-rug-for-outdoor-adventure,,,,,,,,,,,,,,,,,,,,,,,,,,,,,,,"",https://cdn.shopify.com/s/files/1/1023/0068/0561/files/fcd077ded09cbcf18c0c2f9316d3594e575ef8166ab07fdf49daa6d50730d7cd.jpg?v=1789056802,5,Personalized Bigfoot Area Rug Sasquatch Rug Unique Outdoor Adventure for Home Décor Living Room Bedroom (Bigfoot Camping),,,,,,,,,,,,,,,,,,,,,,,
personalized-by-campfire-forest-area-rug-for-outdoor-adventure,,,,,,,,,,,,,,,,,,,,,,,,,,,,,,,"",https://cdn.shopify.com/s/files/1/1023/0068/0561/files/dcf98dca622cea612b69773f9c6be97ca5b27066e1ad6f7bb1e4f45040012468.jpg?v=1789056802,6,Personalized Bigfoot Area Rug Sasquatch Rug Unique Outdoor Adventure for Home Décor Living Room Bedroom (Bigfoot Camping),,,,,,,,,,,,,,,,,,,,,,,
personalized-bigfoot-night-full-moon-forest-area-rug-home-decor,"Personalized Bigfoot Night Full Moon Forest Area Rug, Home Decor","<p>This area rug brings the spirit of the outdoors into your living space with its detailed Bigfoot design. Crafted for both durability and comfort, it adds a touch of adventure and rustic charm. Ideal for nature lovers, this rug enhances the ambiance of any room while providing a cozy feel underfoot.</p><h3>Product Highlights</h3><ul>
<li>Features a unique and detailed Sasquatch design, perfect for adding personality.</li>
<li>Adds rustic charm, complementing themes of nature, forest, and wildlife.</li>
<li>Constructed from premium materials for durability and comfort.</li>
<li>Equipped with a non-slip backing to ensure safety and stability.</li>
<li>Designed for easy maintenance with simple cleaning methods.</li>
</ul><h3>Specifications</h3><table border=""1"" cellpadding=""6"" style=""border-collapse:collapse;width:100%"">
<tr>
<th align=""left"" width=""35%"">Attribute</th>
<th align=""left"">Value</th>
</tr>
<tr>
<td>Rug Form</td>
<td>Area Rug</td>
</tr>
<tr>
<td>Item Shape</td>
<td>Rectangular</td>
</tr>
<tr>
<td>Weave Type</td>
<td>Machine-Made</td>
</tr>
<tr>
<td>Pile Height</td>
<td>Low Pile</td>
</tr>
<tr>
<td>Construction Type</td>
<td>Machine Made</td>
</tr>
<tr>
<td>Indoor/Outdoor Usage</td>
<td>Indoor</td>
</tr>
<tr>
<td>Room Type</td>
<td>Living Room, Bedroom, Cabin</td>
</tr>
<tr>
<td>Water Resistance</td>
<td>Not Water Resistant</td>
</tr>
<tr>
<td>Pattern</td>
<td>Bigfoot</td>
</tr>
<tr>
<td>Theme</td>
<td>Outdoor Adventure</td>
</tr>
<tr>
<td>Style</td>
<td>Rustic</td>
</tr>
<tr>
<td>Number of Pieces</td>
<td>1</td>
</tr>
</table><h3>Material &amp; Care</h3><table border=""1"" cellpadding=""6"" style=""border-collapse:collapse;width:100%"">
<tr>
<th align=""left"" width=""35%"">Item</th>
<th align=""left"">Detail</th>
</tr>
<tr>
<td>Material Type</td>
<td>Sponge - Memory Foam</td>
</tr>
<tr>
<td>Backing Material</td>
<td>High-quality Epoxy</td>
</tr>
<tr>
<td>Product Care Instructions</td>
<td>Spot Clean Only</td>
</tr>
<tr>
<td>Cleaning Method</td>
<td>Regular vacuuming or gentle washing</td>
</tr>
</table><h3>Where It Works</h3><p>This Bigfoot area rug is suitable for various indoor settings, including living rooms, bedrooms, and cabins. Its rustic theme makes it a fitting addition for spaces designed for nature enthusiasts or those seeking an adventurous touch.</p>",CHILLGEN,Arts & Entertainment > Hobbies & Creative Arts > Arts & Crafts > Crafting Patterns & Molds > Sewing Patterns > Home Decor Sewing Patterns,Rug,"adventure rug, amazon-parent-b0fgx9tg5n, bigfoot rug, home-decor, indoor rug, rectangular rug, rug, rustic rug, sasquatch rug",false,Choose Size,X-Small: 2x3ft,,,,,,,,AMZ-RUG-B0FGX85KC2-1,0.0,,0,deny,manual,34.90,46.53,true,false,,,,,"",https://cdn.shopify.com/s/files/1/1023/0068/0561/files/eb78e330659b6b3da4b02bcef58c0e54966fe8e65f61ad9c338bd0e4b93a74d9.jpg?v=1789056841,1,Personalized Bigfoot Area Rug Sasquatch Rug Unique Outdoor Adventure for Home Décor Living Room Bedroom (Bigfoot Night 1),false,,"This rustic Bigfoot area rug features a non-slip backing and is made from sponge-memory foam, perfect for indoor living rooms or bedrooms.",3697,,,,,,,,,,,B0FGX9TG5N,,,,,lb,,,draft
personalized-bigfoot-night-full-moon-forest-area-rug-home-decor,,,,,,,,,Small: 3x5ft,,,,,,,,AMZ-RUG-B0FGX85KC2-2,0.0,,0,deny,manual,69.85,93.13,true,false,,,,,"",https://cdn.shopify.com/s/files/1/1023/0068/0561/files/a9f5b2cfd6f79701f54cc7d4818216f3dbdc544d6dabd621931d2aa7d393758e.jpg?v=1789056841,2,Personalized Bigfoot Area Rug Sasquatch Rug Unique Outdoor Adventure for Home Décor Living Room Bedroom (Bigfoot Night 1),,,,,,,,,,,,,,,,,,,,lb,,,
personalized-bigfoot-night-full-moon-forest-area-rug-home-decor,,,,,,,,,Medium: 4x6ft,,,,,,,,AMZ-RUG-B0FGX85KC2-3,0.0,,0,deny,manual,104.85,139.80,true,false,,,,,"",https://cdn.shopify.com/s/files/1/1023/0068/0561/files/300e96474950a8bf5b334463830953ac86fa35a23c8c7f9f144d9c7fe573a262.jpg?v=1789056841,3,Personalized Bigfoot Area Rug Sasquatch Rug Unique Outdoor Adventure for Home Décor Living Room Bedroom (Bigfoot Night 1),,,,,,,,,,,,,,,,,,,,lb,,,
personalized-bigfoot-night-full-moon-forest-area-rug-home-decor,,,,,,,,,Large: 5x8ft,,,,,,,,AMZ-RUG-B0FGX85KC2-4,0.0,,0,deny,manual,139.85,186.47,true,false,,,,,"",https://cdn.shopify.com/s/files/1/1023/0068/0561/files/e0acef5602288008626b7adefde947121e66b7d7e515e490dd741f3b325b7059_a62e3209-4b86-48d4-8fde-6839d7eede44.jpg?v=1789056840,4,Personalized Bigfoot Area Rug Sasquatch Rug Unique Outdoor Adventure for Home Décor Living Room Bedroom (Bigfoot Night 1),,,,,,,,,,,,,,,,,,,,lb,,,
personalized-bigfoot-night-full-moon-forest-area-rug-home-decor,,,,,,,,,,,,,,,,,,,,,,,,,,,,,,,"",https://cdn.shopify.com/s/files/1/1023/0068/0561/files/fe8887805ee34f082137e4ff9b1d02ab6472ba2a8f4063029f859cf039c6f25f.jpg?v=1789056841,5,Personalized Bigfoot Area Rug Sasquatch Rug Unique Outdoor Adventure for Home Décor Living Room Bedroom (Bigfoot Night 1),,,,,,,,,,,,,,,,,,,,,,,
personalized-bigfoot-night-full-moon-forest-area-rug-home-decor,,,,,,,,,,,,,,,,,,,,,,,,,,,,,,,"",https://cdn.shopify.com/s/files/1/1023/0068/0561/files/ef9bdf2ee0326023a5fccc79ddfd816c25231f57be4d62fa32c578b9a6ca0dcb.jpg?v=1789056841,6,Personalized Bigfoot Area Rug Sasquatch Rug Unique Outdoor Adventure for Home Décor Living Room Bedroom (Bigfoot Night 1),,,,,,,,,,,,,,,,,,,,,,,
personalized-bigfoot-sunset-forest-silhouette-area-rug,Personalized Bigfoot Sunset Forest Silhouette Area Rug,"<p>This high-quality area rug features a unique Bigfoot design, bringing a touch of outdoor adventure and personality to any home. With its detailed Sasquatch imagery, this rug is perfect for enthusiasts of nature and wildlife, adding rustic charm to various indoor settings.</p><h3>Product Highlights</h3><ul>
<li>Features a detailed Bigfoot and Sasquatch design.</li>
<li>Offers a soft surface for a cozy feel underfoot.</li>
<li>Includes a non-slip backing for safety.</li>
<li>Suitable for nature lovers and those who appreciate wildlife.</li>
<li>Designed for low maintenance and easy cleaning.</li>
</ul><h3>Specifications</h3><table border=""1"" cellpadding=""6"" style=""border-collapse:collapse;width:100%"">
<tr>
<th align=""left"" width=""35%"">Attribute</th>
<th align=""left"">Value</th>
</tr>
<tr>
<td>Rug Form</td>
<td>Area Rug</td>
</tr>
<tr>
<td>Item Shape</td>
<td>Rectangular</td>
</tr>
<tr>
<td>Weave Type</td>
<td>Machine-Made</td>
</tr>
<tr>
<td>Pile Height</td>
<td>Low Pile</td>
</tr>
<tr>
<td>Construction Type</td>
<td>Machine Made</td>
</tr>
<tr>
<td>Indoor/Outdoor Usage</td>
<td>Indoor</td>
</tr>
<tr>
<td>Pattern</td>
<td>Bigfoot</td>
</tr>
<tr>
<td>Theme</td>
<td>Bigfoot</td>
</tr>
<tr>
<td>Style</td>
<td>Rustic</td>
</tr>
<tr>
<td>Number of Pieces</td>
<td>1</td>
</tr>
</table><h3>Material &amp; Care</h3><table border=""1"" cellpadding=""6"" style=""border-collapse:collapse;width:100%"">
<tr>
<th align=""left"" width=""35%"">Item</th>
<th align=""left"">Detail</th>
</tr>
<tr>
<td>Material Type</td>
<td>Sponge - Memory Foam</td>
</tr>
<tr>
<td>Backing Material</td>
<td>High-quality Epoxy</td>
</tr>
<tr>
<td>Care Instructions</td>
<td>Spot Clean Only</td>
</tr>
</table><h3>Where It Works</h3><p>This area rug is an ideal addition to living rooms, bedrooms, or cabins, enhancing the decor with its rustic and adventurous theme. It provides a unique focal point in spaces where nature and unique design are appreciated.</p>",CHILLGEN,Arts & Entertainment > Hobbies & Creative Arts > Arts & Crafts > Crafting Patterns & Molds > Sewing Patterns > Home Decor Sewing Patterns,Rug,"amazon-parent-b0fgx9tg5n, area-rug, bigfoot, home-decor, indoor, rectangular, rug, rustic, sasquatch",false,Choose Size,X-Small: 2x3ft,,,,,,,,AMZ-RUG-B0FGX8KS8K-1,0.0,,0,deny,manual,34.90,46.53,true,false,,,,,"",https://cdn.shopify.com/s/files/1/1023/0068/0561/files/37dbadacf982dfb0f06d710b3770cf5f9c5a1f6e111b22a017232a9205442368.jpg?v=1789056841,1,Personalized Bigfoot Area Rug Sasquatch Rug Unique Outdoor Adventure for Home Décor Living Room Bedroom (Bigfoot & Sunset),false,,"Rustic Bigfoot area rug with non-slip backing, made from sponge-memory foam, ideal for indoor living rooms and bedrooms.",3697,,,,,,,,,,,B0FGX9TG5N,,,,,lb,,,draft
personalized-bigfoot-sunset-forest-silhouette-area-rug,,,,,,,,,Small: 3x5ft,,,,,,,,AMZ-RUG-B0FGX8KS8K-2,0.0,,0,deny,manual,69.85,93.13,true,false,,,,,"",https://cdn.shopify.com/s/files/1/1023/0068/0561/files/d34ffae366b7eaf4228b29f38abc3617c8de1010d734c1d70aaaee0336cb884e.jpg?v=1789056841,2,Personalized Bigfoot Area Rug Sasquatch Rug Unique Outdoor Adventure for Home Décor Living Room Bedroom (Bigfoot & Sunset),,,,,,,,,,,,,,,,,,,,lb,,,
personalized-bigfoot-sunset-forest-silhouette-area-rug,,,,,,,,,Medium: 4x6ft,,,,,,,,AMZ-RUG-B0FGX8KS8K-3,0.0,,0,deny,manual,104.85,139.80,true,false,,,,,"",https://cdn.shopify.com/s/files/1/1023/0068/0561/files/0f5ce24e166f1f672cda54a3f274c382c3aee75e0bac855ff7111626474cdf8c.jpg?v=1789056841,3,Personalized Bigfoot Area Rug Sasquatch Rug Unique Outdoor Adventure for Home Décor Living Room Bedroom (Bigfoot & Sunset),,,,,,,,,,,,,,,,,,,,lb,,,
personalized-bigfoot-sunset-forest-silhouette-area-rug,,,,,,,,,Large: 5x8ft,,,,,,,,AMZ-RUG-B0FGX8KS8K-4,0.0,,0,deny,manual,139.85,186.47,true,false,,,,,"",https://cdn.shopify.com/s/files/1/1023/0068/0561/files/e0acef5602288008626b7adefde947121e66b7d7e515e490dd741f3b325b7059_2f9f3de2-c5ee-499b-be3f-0e36a711e1ca.jpg?v=1789056841,4,Personalized Bigfoot Area Rug Sasquatch Rug Unique Outdoor Adventure for Home Décor Living Room Bedroom (Bigfoot & Sunset),,,,,,,,,,,,,,,,,,,,lb,,,
personalized-bigfoot-sunset-forest-silhouette-area-rug,,,,,,,,,,,,,,,,,,,,,,,,,,,,,,,"",https://cdn.shopify.com/s/files/1/1023/0068/0561/files/4123477a54f2d18344aa20b7a317902d44f48fe4f68fccbf514adc69a472cbaa.jpg?v=1789056841,5,Personalized Bigfoot Area Rug Sasquatch Rug Unique Outdoor Adventure for Home Décor Living Room Bedroom (Bigfoot & Sunset),,,,,,,,,,,,,,,,,,,,,,,
personalized-bigfoot-sunset-forest-silhouette-area-rug,,,,,,,,,,,,,,,,,,,,,,,,,,,,,,,"",https://cdn.shopify.com/s/files/1/1023/0068/0561/files/47bf5ad4ddb61fb2383de7e08e19b3313a9a0433cfa44ad9a13f4fdfc590faa9.jpg?v=1789056841,6,Personalized Bigfoot Area Rug Sasquatch Rug Unique Outdoor Adventure for Home Décor Living Room Bedroom (Bigfoot & Sunset),,,,,,,,,,,,,,,,,,,,,,,
personalized-bigfoot-camping-sunset-forest-area-rug,Personalized Bigfoot Camping Sunset Forest Area Rug,"<p>Introduce a unique touch of the outdoors to your home with this distinctive area rug, featuring a detailed Bigfoot design. This rug serves as a perfect accent for spaces seeking a rustic charm and a hint of adventure. Its comfortable feel and practical features make it an ideal addition to various indoor settings.</p><h3>Product Highlights</h3><ul>
<li>Features a unique and detailed Sasquatch design</li>
<li>Adds rustic charm suitable for nature and wildlife enthusiasts</li>
<li>Provides comfort underfoot with a soft surface</li>
<li>Equipped with non-slip backing for enhanced safety</li>
<li>Designed for ease of cleaning and low maintenance</li>
</ul><h3>Specifications</h3><table border=""1"" cellpadding=""6"" style=""border-collapse:collapse;width:100%"">
<tr>
<th align=""left"" width=""35%"">Attribute</th>
<th align=""left"">Value</th>
</tr>
<tr>
<td>Rug Form</td>
<td>Area Rug</td>
</tr>
<tr>
<td>Item Shape</td>
<td>Rectangular</td>
</tr>
<tr>
<td>Weave Type</td>
<td>Machine-Made</td>
</tr>
<tr>
<td>Pile Height</td>
<td>Low Pile</td>
</tr>
<tr>
<td>Construction Type</td>
<td>Machine Made</td>
</tr>
<tr>
<td>Indoor/Outdoor Usage</td>
<td>Indoor</td>
</tr>
<tr>
<td>Room Type</td>
<td>Living Room, Bedroom, Cabin</td>
</tr>
<tr>
<td>Special Features</td>
<td>Non-slip backing</td>
</tr>
<tr>
<td>Pattern</td>
<td>Bigfoot</td>
</tr>
<tr>
<td>Theme</td>
<td>Outdoor Adventure, Wildlife</td>
</tr>
<tr>
<td>Style</td>
<td>Rustic</td>
</tr>
<tr>
<td>Number of Pieces</td>
<td>1</td>
</tr>
</table><h3>Material &amp; Care</h3><table border=""1"" cellpadding=""6"" style=""border-collapse:collapse;width:100%"">
<tr>
<th align=""left"" width=""35%"">Item</th>
<th align=""left"">Detail</th>
</tr>
<tr>
<td>Material Type</td>
<td>Sponge - Memory Foam</td>
</tr>
<tr>
<td>Backing Material</td>
<td>High-quality Epoxy</td>
</tr>
<tr>
<td>Surface/Feel</td>
<td>Soft surface</td>
</tr>
<tr>
<td>Care Instructions</td>
<td>Spot Clean Only</td>
</tr>
<tr>
<td>Cleaning Method</td>
<td>Regular vacuuming or gentle washing</td>
</tr>
</table><h3>Where It Works</h3><p>This area rug is well-suited for adding personality to indoor spaces such as living rooms, bedrooms, or cabins. Its rustic theme makes it a great fit for homes that appreciate nature-inspired decor and comfort.</p>",CHILLGEN,Arts & Entertainment > Hobbies & Creative Arts > Arts & Crafts > Crafting Patterns & Molds > Sewing Patterns > Home Decor Sewing Patterns,Rug,"amazon-parent-b0fgx9tg5n, bigfoot, home-decor, indoor, low-pile, machine-made, rectangular, rug, rustic",false,Choose Size,X-Small: 2x3ft,,,,,,,,AMZ-RUG-B0FGX81MH6-1,0.0,,0,deny,manual,34.90,46.53,true,false,,,,,"",https://cdn.shopify.com/s/files/1/1023/0068/0561/files/16c8edf72e8f6966a0ec37a4232b795c46434e9e461569c5b37e096102b6501c.jpg?v=1789056863,1,Personalized Bigfoot Area Rug Sasquatch Rug Unique Outdoor Adventure for Home Décor Living Room Bedroom (Bigfoot Sunset),false,,"Rustic Bigfoot area rug with a non-slip backing, made from sponge memory foam, perfect for living rooms or bedrooms.",3697,,,,,,,,,,,B0FGX9TG5N,,,,,lb,,,draft
personalized-bigfoot-camping-sunset-forest-area-rug,,,,,,,,,Small: 3x5ft,,,,,,,,AMZ-RUG-B0FGX81MH6-2,0.0,,0,deny,manual,69.85,93.13,true,false,,,,,"",https://cdn.shopify.com/s/files/1/1023/0068/0561/files/e0acef5602288008626b7adefde947121e66b7d7e515e490dd741f3b325b7059_cd4624d8-78b6-4b13-b98e-8262d50ea47a.jpg?v=1789056863,2,Personalized Bigfoot Area Rug Sasquatch Rug Unique Outdoor Adventure for Home Décor Living Room Bedroom (Bigfoot Sunset),,,,,,,,,,,,,,,,,,,,lb,,,
personalized-bigfoot-camping-sunset-forest-area-rug,,,,,,,,,Medium: 4x6ft,,,,,,,,AMZ-RUG-B0FGX81MH6-3,0.0,,0,deny,manual,104.85,139.80,true,false,,,,,"",https://cdn.shopify.com/s/files/1/1023/0068/0561/files/25804c7412e860483120a871b57b4916169afeddbafecbf63855d5562b4b740a.jpg?v=1789056863,3,Personalized Bigfoot Area Rug Sasquatch Rug Unique Outdoor Adventure for Home Décor Living Room Bedroom (Bigfoot Sunset),,,,,,,,,,,,,,,,,,,,lb,,,
personalized-bigfoot-camping-sunset-forest-area-rug,,,,,,,,,Large: 5x8ft,,,,,,,,AMZ-RUG-B0FGX81MH6-4,0.0,,0,deny,manual,139.85,186.47,true,false,,,,,"",https://cdn.shopify.com/s/files/1/1023/0068/0561/files/4975c30e815c01c1810cdedfc0fcc25ea2418f030946626a2efacbf959bfaaf2.jpg?v=1789056863,4,Personalized Bigfoot Area Rug Sasquatch Rug Unique Outdoor Adventure for Home Décor Living Room Bedroom (Bigfoot Sunset),,,,,,,,,,,,,,,,,,,,lb,,,
personalized-bigfoot-camping-sunset-forest-area-rug,,,,,,,,,,,,,,,,,,,,,,,,,,,,,,,"",https://cdn.shopify.com/s/files/1/1023/0068/0561/files/66c27f72064d5bfdf246c4861d59eba373d55c851807183229b59865f559ae36.jpg?v=1789056863,5,Personalized Bigfoot Area Rug Sasquatch Rug Unique Outdoor Adventure for Home Décor Living Room Bedroom (Bigfoot Sunset),,,,,,,,,,,,,,,,,,,,,,,
personalized-bigfoot-camping-sunset-forest-area-rug,,,,,,,,,,,,,,,,,,,,,,,,,,,,,,,"",https://cdn.shopify.com/s/files/1/1023/0068/0561/files/08b91e2d9a1a66e464e2cfdaf8013ed2b3909ef5122b8b010ad4c4d4af0019ef.jpg?v=1789056863,6,Personalized Bigfoot Area Rug Sasquatch Rug Unique Outdoor Adventure for Home Décor Living Room Bedroom (Bigfoot Sunset),,,,,,,,,,,,,,,,,,,,,,,
personalized-bigfoot-camping-night-scene-area-rug-home-decor,"Personalized Bigfoot Camping Night Scene Area Rug, Home Decor","<p>This area rug brings the wild outdoors into your living space with a unique Bigfoot design. Featuring a detailed Sasquatch pattern, this rug adds personality and a touch of adventure to any room. It is designed for both durability and comfort, making it a functional and cozy addition to your home décor.</p><h3>Product Highlights</h3><ul>
<li>Features a unique and detailed Bigfoot Sasquatch design.</li>
<li>Offers a soft surface for a comfortable underfoot feel.</li>
<li>Includes a non-slip backing for enhanced safety.</li>
<li>Easy to maintain with simple cleaning methods.</li>
<li>Adds rustic charm to various indoor settings.</li>
</ul><h3>Specifications</h3><table border=""1"" cellpadding=""6"" style=""border-collapse:collapse;width:100%"">
<tr>
<th align=""left"" width=""35%"">Attribute</th>
<th align=""left"">Value</th>
</tr>
<tr>
<td>Rug Form</td>
<td>Area Rug</td>
</tr>
<tr>
<td>Item Shape</td>
<td>Rectangular</td>
</tr>
<tr>
<td>Weave Type</td>
<td>Machine-Made</td>
</tr>
<tr>
<td>Pile Height</td>
<td>Low Pile</td>
</tr>
<tr>
<td>Construction Type</td>
<td>Machine Made</td>
</tr>
<tr>
<td>Indoor/Outdoor Usage</td>
<td>Indoor</td>
</tr>
<tr>
<td>Pattern</td>
<td>Bigfoot</td>
</tr>
<tr>
<td>Theme</td>
<td>Bigfoot</td>
</tr>
<tr>
<td>Style</td>
<td>Rustic</td>
</tr>
<tr>
<td>Number of Pieces</td>
<td>1</td>
</tr>
</table><h3>Material &amp; Care</h3><table border=""1"" cellpadding=""6"" style=""border-collapse:collapse;width:100%"">
<tr>
<th align=""left"" width=""35%"">Item</th>
<th align=""left"">Detail</th>
</tr>
<tr>
<td>Material Type</td>
<td>Sponge - Memory Foam</td>
</tr>
<tr>
<td>Backing Material</td>
<td>High-quality Epoxy</td>
</tr>
<tr>
<td>Care Instructions</td>
<td>Spot Clean Only</td>
</tr>
</table><h3>Where It Works</h3><p>This area rug is suitable for enhancing the aesthetic of living rooms, bedrooms, and cabins. Its durable and comfortable design makes it a versatile choice for adding a unique touch to various indoor environments.</p>",CHILLGEN,Arts & Entertainment > Hobbies & Creative Arts > Arts & Crafts > Crafting Patterns & Molds > Sewing Patterns > Home Decor Sewing Patterns,Rug,"amazon-parent-b0fgx9tg5n, bigfoot-rug, home-decor, indoor-rug, memory-foam-rug, rectangular-rug, rug, rustic-rug, sasquatch-rug",false,Choose Size,X-Small: 2x3ft,,,,,,,,AMZ-RUG-B0FGX7LNG1-1,0.0,,0,deny,manual,34.90,46.53,true,false,,,,,"",https://cdn.shopify.com/s/files/1/1023/0068/0561/files/56bda79ef6fd212826a1da581e7d0eacfed03875fe51343d7ba8e22d3a8df1bb.jpg?v=1789056890,1,Personalized Bigfoot Area Rug Sasquatch Rug Unique Outdoor Adventure for Home Décor Living Room Bedroom (Bigfoot Camper),false,,"Rustic Bigfoot area rug with a non-slip backing, perfect for adding adventure and comfort to your indoor living space.",3697,,,,,,,,,,,B0FGX9TG5N,,,,,lb,,,draft
personalized-bigfoot-camping-night-scene-area-rug-home-decor,,,,,,,,,Small: 3x5ft,,,,,,,,AMZ-RUG-B0FGX7LNG1-2,0.0,,0,deny,manual,69.85,93.13,true,false,,,,,"",https://cdn.shopify.com/s/files/1/1023/0068/0561/files/310602cabb27a0cf46795aa53f68f95cf5c5f1d1fa256a0f3a99ff0ca19c10dd.jpg?v=1789056889,2,Personalized Bigfoot Area Rug Sasquatch Rug Unique Outdoor Adventure for Home Décor Living Room Bedroom (Bigfoot Camper),,,,,,,,,,,,,,,,,,,,lb,,,
personalized-bigfoot-camping-night-scene-area-rug-home-decor,,,,,,,,,Medium: 4x6ft,,,,,,,,AMZ-RUG-B0FGX7LNG1-3,0.0,,0,deny,manual,104.85,139.80,true,false,,,,,"",https://cdn.shopify.com/s/files/1/1023/0068/0561/files/906a3cc4be472c73f36c4406fb7f59553140086177eaa5b8409c2aba289dc621.jpg?v=1789056890,3,Personalized Bigfoot Area Rug Sasquatch Rug Unique Outdoor Adventure for Home Décor Living Room Bedroom (Bigfoot Camper),,,,,,,,,,,,,,,,,,,,lb,,,
personalized-bigfoot-camping-night-scene-area-rug-home-decor,,,,,,,,,Large: 5x8ft,,,,,,,,AMZ-RUG-B0FGX7LNG1-4,0.0,,0,deny,manual,139.85,186.47,true,false,,,,,"",https://cdn.shopify.com/s/files/1/1023/0068/0561/files/e0acef5602288008626b7adefde947121e66b7d7e515e490dd741f3b325b7059_2f77796a-7a34-45de-be81-084e2d433826.jpg?v=1789056889,4,Personalized Bigfoot Area Rug Sasquatch Rug Unique Outdoor Adventure for Home Décor Living Room Bedroom (Bigfoot Camper),,,,,,,,,,,,,,,,,,,,lb,,,
personalized-bigfoot-camping-night-scene-area-rug-home-decor,,,,,,,,,,,,,,,,,,,,,,,,,,,,,,,"",https://cdn.shopify.com/s/files/1/1023/0068/0561/files/460f185b108ca0dab4923e827530289c6af57e89a685b62a2b2cc82d77f26296.jpg?v=1789056890,5,Personalized Bigfoot Area Rug Sasquatch Rug Unique Outdoor Adventure for Home Décor Living Room Bedroom (Bigfoot Camper),,,,,,,,,,,,,,,,,,,,,,,
personalized-bigfoot-camping-night-scene-area-rug-home-decor,,,,,,,,,,,,,,,,,,,,,,,,,,,,,,,"",https://cdn.shopify.com/s/files/1/1023/0068/0561/files/92da9d3b37e4bca3464907a9f2143a4f9cceea85124a5fa8551945e077e5d46e.jpg?v=1789056889,6,Personalized Bigfoot Area Rug Sasquatch Rug Unique Outdoor Adventure for Home Décor Living Room Bedroom (Bigfoot Camper),,,,,,,,,,,,,,,,,,,,,,,
personalized-checkered-flag-racing-area-rug-non-slip-design-05,"Personalized Checkered Flag Racing Area Rug, Non-Slip - Design 05","<p>This personalized area rug brings the excitement of the race track into any space. Featuring a detailed checkered flag pattern and a lifelike race track design, it can be customized with a personal name or word. This rug combines engaging aesthetics with practical design for race car fans.</p><h3>Product Highlights</h3><ul>
<li>Features iconic checkered flag and race-track graphics.</li>
<li>Customizable with a personal name or word.</li>
<li>Offers a soft yet durable polyester surface.</li>
<li>Equipped with a non-slip rubber backing for confident grip.</li>
<li>Versatile for game rooms, garages, or kid’s spaces.</li>
</ul><h3>Specifications</h3><table border=""1"" cellpadding=""6"" style=""border-collapse:collapse;width:100%"">
<tr>
<th align=""left"" width=""35%"">Attribute</th>
<th align=""left"">Value</th>
</tr>
<tr>
<td>Rug Form</td>
<td>Area Rug</td>
</tr>
<tr>
<td>Item Shape</td>
<td>Rectangular</td>
</tr>
<tr>
<td>Weave Type</td>
<td>Machine Made</td>
</tr>
<tr>
<td>Pile Height</td>
<td>Low Pile</td>
</tr>
<tr>
<td>Construction Type</td>
<td>Machine Made</td>
</tr>
<tr>
<td>Indoor/Outdoor Usage</td>
<td>Both</td>
</tr>
<tr>
<td>Room Type</td>
<td>Game Room, Garage, Kid’s Bedroom</td>
</tr>
<tr>
<td>Water Resistance Level</td>
<td>Not Water Resistant</td>
</tr>
<tr>
<td>Pattern</td>
<td>Checkered</td>
</tr>
<tr>
<td>Theme</td>
<td>Racing, Motorsports</td>
</tr>
<tr>
<td>Style</td>
<td>Modern</td>
</tr>
<tr>
<td>Number of Pieces</td>
<td>1</td>
</tr>
</table><h3>Material &amp; Care</h3><table border=""1"" cellpadding=""6"" style=""border-collapse:collapse;width:100%"">
<tr>
<th align=""left"" width=""35%"">Item</th>
<th align=""left"">Detail</th>
</tr>
<tr>
<td>Material Type</td>
<td>Sponge - Memory Foam</td>
</tr>
<tr>
<td>Backing Material</td>
<td>High-quality Epoxy</td>
</tr>
</table><h3>Where It Works</h3><p>This rug is suitable for enhancing game rooms, garages, kid's bedrooms, patios, entryways, or living spaces. Its robust design and customizable features make it a vibrant addition to any motorsport-themed environment.</p>",CHILLGEN,Arts & Entertainment > Hobbies & Creative Arts > Arts & Crafts > Crafting Patterns & Molds > Sewing Patterns > Home Decor Sewing Patterns,Rug,"amazon-parent-b0fjrpw98p, checkered, home-decor, modern, personalized, racing, rectangular, rug, sports",false,Select Size,XX-Small: 1x1.5ft - OUT OF STOCK,,,,,,,,AMZ-RUG-B0FJRR4YVM-1,0.0,,0,deny,manual,30.90,38.63,true,false,,,,,"",https://cdn.shopify.com/s/files/1/1023/0068/0561/files/705f60242708f6af076d9227f3dde2389f7b98fe0dcc56d9b0a4f408f5cfb275.jpg?v=1789059419,1,"Personalized Checkered Flag Racing Area Rug, Non-Slip - Design 05",false,,"Modern racing area rug with non-slip backing, perfect for game rooms, garages, or kid's spaces.",3697,,,,,,,,,,,B0FJRPW98P,,,,,lb,,,draft
personalized-checkered-flag-racing-area-rug-non-slip-design-05,,,,,,,,,X-Small: 2x3ft,,,,,,,,AMZ-RUG-B0FJRR4YVM-2,0.0,,0,deny,manual,35.90,44.88,true,false,,,,,"",https://cdn.shopify.com/s/files/1/1023/0068/0561/files/b7e600ea233246531f227be59aabde7add95b0f120f081a110975a5d2fa5681e.jpg?v=1789059419,2,"Personalized Checkered Flag Racing Area Rug, Non-Slip - Design 05",,,,,,,,,,,,,,,,,,,,lb,,,
personalized-checkered-flag-racing-area-rug-non-slip-design-05,,,,,,,,,Small: 3x5ft,,,,,,,,AMZ-RUG-B0FJRR4YVM-3,0.0,,0,deny,manual,70.90,88.63,true,false,,,,,"",https://cdn.shopify.com/s/files/1/1023/0068/0561/files/3adee194ceafa2d17e51f131d4c230034a7d4e382c8ee1bb9612234137fb8bf0.jpg?v=1789059419,3,"Personalized Checkered Flag Racing Area Rug, Non-Slip - Design 05",,,,,,,,,,,,,,,,,,,,lb,,,
personalized-checkered-flag-racing-area-rug-non-slip-design-05,,,,,,,,,Medium: 4x6ft,,,,,,,,AMZ-RUG-B0FJRR4YVM-4,0.0,,0,deny,manual,110.90,138.63,true,false,,,,,"",https://cdn.shopify.com/s/files/1/1023/0068/0561/files/a40aa302e5f6cedbc61cdb9f0923d8c1ef494956e46c6f4b59fa75bbb9769df5.jpg?v=1789059419,4,"Personalized Checkered Flag Racing Area Rug, Non-Slip - Design 05",,,,,,,,,,,,,,,,,,,,lb,,,
personalized-checkered-flag-racing-area-rug-non-slip-design-05,,,,,,,,,Large: 5x8ft,,,,,,,,AMZ-RUG-B0FJRR4YVM-5,0.0,,0,deny,manual,140.90,176.13,true,false,,,,,"",https://cdn.shopify.com/s/files/1/1023/0068/0561/files/9242c2ef7924a37c2acd912f267d45c11bba5c508f623021725dc7195e67ea27.jpg?v=1789059419,5,"Personalized Checkered Flag Racing Area Rug, Non-Slip - Design 05",,,,,,,,,,,,,,,,,,,,lb,,,
personalized-checkered-flag-racing-area-rug-non-slip-design-05,,,,,,,,,,,,,,,,,,,,,,,,,,,,,,,"",https://cdn.shopify.com/s/files/1/1023/0068/0561/files/e387ed9439ef79436e75c705ab74bc25814a6d72e5165b9a18a78d900b6db615.jpg?v=1789059419,6,"Personalized Checkered Flag Racing Area Rug, Non-Slip - Design 05",,,,,,,,,,,,,,,,,,,,,,,
personalized-checkered-flag-racing-area-rug-non-slip-design-07,"Personalized Checkered Flag Racing Area Rug, Non-Slip - Design 07","<p>This personalized racing area rug brings the excitement of the racetrack directly into your home. Featuring a detailed checkered-flag pattern and a lifelike race track design, this rug can be customized with a personal name or word. It is designed to add energy and action to various spaces, making it a distinctive accent piece.</p><h3>Product Highlights</h3><ul>
<li>Detailed racing theme with checkered flag and race track graphics</li>
<li>Personalization option to add a custom name or word</li>
<li>Soft yet durable polyester surface for comfort</li>
<li>Non-slip rubber backing provides confident grip</li>
<li>Versatile for use in game rooms, garages, or kids' spaces</li>
</ul><h3>Specifications</h3><table border=""1"" cellpadding=""6"" style=""border-collapse:collapse;width:100%"">
<tr>
<th align=""left"" width=""35%"">Attribute</th>
<th align=""left"">Value</th>
</tr>
<tr>
<td>Rug Form</td>
<td>Area Rug</td>
</tr>
<tr>
<td>Item Shape</td>
<td>Rectangular</td>
</tr>
<tr>
<td>Weave Type</td>
<td>Machine Made</td>
</tr>
<tr>
<td>Pile Height</td>
<td>Low Pile</td>
</tr>
<tr>
<td>Construction Type</td>
<td>Machine Made</td>
</tr>
<tr>
<td>Indoor/Outdoor Usage</td>
<td>Both</td>
</tr>
<tr>
<td>Room Type</td>
<td>Game Room, Garage, Kid's Bedroom, Patio, Entry, Living Space</td>
</tr>
<tr>
<td>Water Resistance Level</td>
<td>Not Water Resistant</td>
</tr>
<tr>
<td>Pattern</td>
<td>Checkered</td>
</tr>
<tr>
<td>Theme</td>
<td>Motorsports</td>
</tr>
<tr>
<td>Style</td>
<td>Modern</td>
</tr>
<tr>
<td>Number of Pieces</td>
<td>1</td>
</tr>
<tr>
<td>Customization</td>
<td>Text inputs for personalization</td>
</tr>
</table><h3>Material &amp; Care</h3><table border=""1"" cellpadding=""6"" style=""border-collapse:collapse;width:100%"">
<tr>
<th align=""left"" width=""35%"">Item</th>
<th align=""left"">Detail</th>
</tr>
<tr>
<td>Material Type</td>
<td>Sponge - Memory Foam</td>
</tr>
<tr>
<td>Backing Material</td>
<td>High-quality Epoxy</td>
</tr>
</table><h3>Where It Works</h3><p>This racing area rug is suitable for enhancing game rooms, garages, or children's bedrooms. Its versatile design also makes it a fitting addition to patios, entryways, or living spaces, perfect for racing enthusiasts or anyone looking to add a dynamic touch to their decor.</p>",CHILLGEN,Arts & Entertainment > Hobbies & Creative Arts > Arts & Crafts > Crafting Patterns & Molds > Sewing Patterns > Home Decor Sewing Patterns,Rug,"amazon-parent-b0fjrpw98p, checkered flag, custom rug, home-decor, kids room, motorsports, racing rug, rectangular, rug",false,Select Size,XX-Small: 1x1.5ft - OUT OF STOCK,,,,,,,,AMZ-RUG-B0GSZJK24F-1,0.0,,0,deny,manual,30.90,38.63,true,false,,,,,"",https://cdn.shopify.com/s/files/1/1023/0068/0561/files/ea18796d39d2d8023afc3f8472c251e850d1aab88ae37feef77a4d1cf87cc492.jpg?v=1789059422,1,"Personalized Checkered Flag Racing Area Rug, Non-Slip - Design 07",false,,"This modern racing area rug features a personalized design and non-slip rubber backing, perfect for a game room or garage.",3697,,,,,,,,,,,B0FJRPW98P,,,,,lb,,,draft
personalized-checkered-flag-racing-area-rug-non-slip-design-07,,,,,,,,,X-Small: 2x3ft,,,,,,,,AMZ-RUG-B0GSZJK24F-2,0.0,,0,deny,manual,35.90,44.88,true,false,,,,,"",https://cdn.shopify.com/s/files/1/1023/0068/0561/files/75adcd80c572507a33a40dfebb543f727c96e6fafc2cba6cb3316a608f723cd6.jpg?v=1789059422,2,"Personalized Checkered Flag Racing Area Rug, Non-Slip - Design 07",,,,,,,,,,,,,,,,,,,,lb,,,
personalized-checkered-flag-racing-area-rug-non-slip-design-07,,,,,,,,,Small: 3x5ft,,,,,,,,AMZ-RUG-B0GSZJK24F-3,0.0,,0,deny,manual,70.90,88.63,true,false,,,,,"",https://cdn.shopify.com/s/files/1/1023/0068/0561/files/9cbdee22eeac2fa6af3d4550472a13c0ae673568050110442e71f25d92025967.jpg?v=1789059422,3,"Personalized Checkered Flag Racing Area Rug, Non-Slip - Design 07",,,,,,,,,,,,,,,,,,,,lb,,,
personalized-checkered-flag-racing-area-rug-non-slip-design-07,,,,,,,,,Medium: 4x6ft,,,,,,,,AMZ-RUG-B0GSZJK24F-4,0.0,,0,deny,manual,110.90,138.63,true,false,,,,,"",https://cdn.shopify.com/s/files/1/1023/0068/0561/files/fbdc5fad37e58d2b3d462f8d561fc3516b45d2bb8e1fb40170765742065eb3ce.jpg?v=1789059422,4,"Personalized Checkered Flag Racing Area Rug, Non-Slip - Design 07",,,,,,,,,,,,,,,,,,,,lb,,,
personalized-checkered-flag-racing-area-rug-non-slip-design-07,,,,,,,,,Large: 5x8ft,,,,,,,,AMZ-RUG-B0GSZJK24F-5,0.0,,0,deny,manual,140.90,176.13,true,false,,,,,"",https://cdn.shopify.com/s/files/1/1023/0068/0561/files/11f865ed75f02c1a94f1b3405b74bd889208c7193708bc9f0681b0372307b011.jpg?v=1789059422,5,"Personalized Checkered Flag Racing Area Rug, Non-Slip - Design 07",,,,,,,,,,,,,,,,,,,,lb,,,
personalized-checkered-flag-racing-area-rug-non-slip-design-07,,,,,,,,,,,,,,,,,,,,,,,,,,,,,,,"",https://cdn.shopify.com/s/files/1/1023/0068/0561/files/592f09767a1949654462dc0df6d482950dd50c6afa77299afb9dbc010d373b20.jpg?v=1789059422,6,"Personalized Checkered Flag Racing Area Rug, Non-Slip - Design 07",,,,,,,,,,,,,,,,,,,,,,,
personalized-checkered-flag-racing-area-rug-non-slip-design-07,,,,,,,,,,,,,,,,,,,,,,,,,,,,,,,"",https://cdn.shopify.com/s/files/1/1023/0068/0561/files/907f642bdf0a15d06de6664bafa45bfae26c5e4a97f68faabf217ec21bc08f71.jpg?v=1789059422,7,"Personalized Checkered Flag Racing Area Rug, Non-Slip - Design 07",,,,,,,,,,,,,,,,,,,,,,,
personalized-racing-checkered-flag-area-rug-non-slip-design-06,"Personalized Racing Checkered Flag Area Rug, Non-Slip - Design 06","<p>This personalized racing area rug brings a dynamic, motorsports-themed accent to any room. Featuring a detailed checkered-flag pattern and a lifelike race track design, this rug can be customized with a name, adding a unique touch. It is designed to provide comfort and stability for various indoor and outdoor settings.</p><h3>Product Highlights</h3><ul>
<li>Features iconic checkered flag and race-track graphics.</li>
<li>Customizable with a personal name or word.</li>
<li>Soft yet durable polyester surface.</li>
<li>Non-slip rubber backing for confident grip.</li>
<li>Versatile for game rooms, patios, entry, or living spaces.</li>
<li>Layers beautifully over existing floor mats.</li>
</ul><h3>Specifications</h3><table border=""1"" cellpadding=""6"" style=""border-collapse:collapse;width:100%"">
<tr>
<th align=""left"" width=""35%"">Attribute</th>
<th align=""left"">Value</th>
</tr>
<tr>
<td>Rug Form</td>
<td>Area Rug</td>
</tr>
<tr>
<td>Item Shape</td>
<td>Rectangular</td>
</tr>
<tr>
<td>Weave Type</td>
<td>Machine Made</td>
</tr>
<tr>
<td>Pile Height</td>
<td>Low Pile</td>
</tr>
<tr>
<td>Construction Type</td>
<td>Machine Made</td>
</tr>
<tr>
<td>Indoor/Outdoor Usage</td>
<td>Both</td>
</tr>
<tr>
<td>Room Type</td>
<td>Game Room, Garage, Kid's Space, Patio, Entry, Living Space</td>
</tr>
<tr>
<td>Water Resistance</td>
<td>Not Water Resistant</td>
</tr>
<tr>
<td>Pattern</td>
<td>Checkered</td>
</tr>
<tr>
<td>Style</td>
<td>Modern</td>
</tr>
<tr>
<td>Number of Pieces</td>
<td>1</td>
</tr>
</table><h3>Material &amp; Care</h3><table border=""1"" cellpadding=""6"" style=""border-collapse:collapse;width:100%"">
<tr>
<th align=""left"" width=""35%"">Item</th>
<th align=""left"">Detail</th>
</tr>
<tr>
<td>Material Type</td>
<td>Sponge - Memory Foam</td>
</tr>
<tr>
<td>Backing Material</td>
<td>High-quality Epoxy</td>
</tr>
</table><h3>Where It Works</h3><p>This racing rug is suitable for game rooms, garages, kid's bedrooms, patios, entryways, or living spaces. It serves as a bold statement piece for motorsport-themed decor or simply to add a touch of excitement.</p>",CHILLGEN,Arts & Entertainment > Hobbies & Creative Arts > Arts & Crafts > Crafting Patterns & Molds > Sewing Patterns > Home Decor Sewing Patterns,Rug,"amazon-parent-b0fjrpw98p, checkered-flag, customizable, home-decor, indoor-outdoor, modern, race, rectangular, rug",false,Select Size,XX-Small: 1x1.5ft - OUT OF STOCK,,,,,,,,AMZ-RUG-B0GSZPVTGM-1,0.0,,0,deny,manual,30.90,38.63,true,false,,,,,"",https://cdn.shopify.com/s/files/1/1023/0068/0561/files/90852774f3c34b4c9d849c8b6dbd9c411e5be224f3602ebe00717d7c5ebbc690.jpg?v=1789059422,1,"Personalized Racing Checkered Flag Area Rug, Non-Slip - Design 06",false,,"Modern racing area rug with a custom name feature and non-slip backing, ideal for game rooms and garages.",3697,,,,,,,,,,,B0FJRPW98P,,,,,lb,,,draft
personalized-racing-checkered-flag-area-rug-non-slip-design-06,,,,,,,,,X-Small: 2x3ft,,,,,,,,AMZ-RUG-B0GSZPVTGM-2,0.0,,0,deny,manual,35.90,44.88,true,false,,,,,"",https://cdn.shopify.com/s/files/1/1023/0068/0561/files/b6643333d64b458d3b94d2bef45b7b4626acbf2800c277ba37a826f14423c7c2.jpg?v=1789059422,2,"Personalized Racing Checkered Flag Area Rug, Non-Slip - Design 06",,,,,,,,,,,,,,,,,,,,lb,,,
personalized-racing-checkered-flag-area-rug-non-slip-design-06,,,,,,,,,Small: 3x5ft,,,,,,,,AMZ-RUG-B0GSZPVTGM-3,0.0,,0,deny,manual,70.90,88.63,true,false,,,,,"",https://cdn.shopify.com/s/files/1/1023/0068/0561/files/088f6f25c3ba8f2e8bd705ba2248906c9cbf629174cf50c73899487d002f7283.jpg?v=1789059422,3,"Personalized Racing Checkered Flag Area Rug, Non-Slip - Design 06",,,,,,,,,,,,,,,,,,,,lb,,,
personalized-racing-checkered-flag-area-rug-non-slip-design-06,,,,,,,,,Medium: 4x6ft,,,,,,,,AMZ-RUG-B0GSZPVTGM-4,0.0,,0,deny,manual,110.90,138.63,true,false,,,,,"",https://cdn.shopify.com/s/files/1/1023/0068/0561/files/a2253eb007c7258510f1c90f0f379687522664689fe144a73224db19670599c0.jpg?v=1789059422,4,"Personalized Racing Checkered Flag Area Rug, Non-Slip - Design 06",,,,,,,,,,,,,,,,,,,,lb,,,
personalized-racing-checkered-flag-area-rug-non-slip-design-06,,,,,,,,,Large: 5x8ft,,,,,,,,AMZ-RUG-B0GSZPVTGM-5,0.0,,0,deny,manual,140.90,176.13,true,false,,,,,"",https://cdn.shopify.com/s/files/1/1023/0068/0561/files/6986dd8f18e2cac20359c0225c320952210dd53830e6c41c8acb7b6cab95f22c.jpg?v=1789059422,5,"Personalized Racing Checkered Flag Area Rug, Non-Slip - Design 06",,,,,,,,,,,,,,,,,,,,lb,,,
personalized-racing-checkered-flag-area-rug-non-slip-design-06,,,,,,,,,,,,,,,,,,,,,,,,,,,,,,,"",https://cdn.shopify.com/s/files/1/1023/0068/0561/files/710d9e0b872d68d31cdea537947aac9733ff9f1741597584505cf22107fa5b44.jpg?v=1789059422,6,"Personalized Racing Checkered Flag Area Rug, Non-Slip - Design 06",,,,,,,,,,,,,,,,,,,,,,,
personalized-racing-checkered-flag-area-rug-non-slip-design-06,,,,,,,,,,,,,,,,,,,,,,,,,,,,,,,"",https://cdn.shopify.com/s/files/1/1023/0068/0561/files/c23262a0456a5462ad521351ce4fbaef9b35c25ffba5e403e123d711e5864465.jpg?v=1789059422,7,"Personalized Racing Checkered Flag Area Rug, Non-Slip - Design 06",,,,,,,,,,,,,,,,,,,,,,,
personalized-black-checkered-flag-racing-name-area-rug-non-slip,"Personalized Black Checkered Flag Racing Name Area Rug, Non-Slip","<p>This personalized area rug features a dynamic racing design, complete with a checkered flag pattern and a realistic race track. It's designed to bring the excitement of motorsports into your home, making it a distinctive addition to any room. Ideal for enhancing themed spaces, this rug combines visual appeal with practical features for everyday use.</p>
<h3>Product Highlights</h3>
<ul>
<li>Features a custom name option with detailed racing and checkered flag graphics.</li>
<li>Vibrant motorsports design brings energy to game rooms, garages, or kids' spaces.</li>
<li>Soft yet durable polyester surface ensures comfort underfoot.</li>
<li>Non-slip rubber backing provides confident grip in high-traffic areas.</li>
<li>Versatile decor suitable for game rooms, patios, entries, or living spaces.</li>
</ul>
<h3>Specifications</h3>
<table border=""1"" cellpadding=""6"" style=""border-collapse:collapse;width:100%"">
<tr>
<th align=""left"" width=""35%"">Attribute</th>
<th align=""left"">Value</th>
</tr>
<tr>
<td>Rug Form</td>
<td>Area Rug</td>
</tr>
<tr>
<td>Item Shape</td>
<td>Rectangular</td>
</tr>
<tr>
<td>Weave Type</td>
<td>Machine Made</td>
</tr>
<tr>
<td>Pile Height</td>
<td>Low Pile</td>
</tr>
<tr>
<td>Construction Type</td>
<td>Machine Made</td>
</tr>
<tr>
<td>Indoor/Outdoor Usage</td>
<td>Both</td>
</tr>
<tr>
<td>Room Type</td>
<td>Game Room, Garage, Kid's Space, Patio, Entry, Living Space</td>
</tr>
<tr>
<td>Pattern</td>
<td>Checkered</td>
</tr>
<tr>
<td>Theme</td>
<td>Racing, Motorsports</td>
</tr>
<tr>
<td>Style</td>
<td>Modern</td>
</tr>
<tr>
<td>Number of Pieces</td>
<td>1</td>
</tr>
</table>
<h3>Material &amp; Care</h3>
<table border=""1"" cellpadding=""6"" style=""border-collapse:collapse;width:100%"">
<tr>
<th align=""left"" width=""35%"">Item</th>
<th align=""left"">Detail</th>
</tr>
<tr>
<td>Material Type</td>
<td>Sponge - Memory Foam</td>
</tr>
<tr>
<td>Backing Material</td>
<td>High-quality Epoxy, Non-slip Rubber</td>
</tr>
</table>
<h3>Where It Works</h3>
<p>This racing-themed area rug is perfect for adding a touch of excitement to game rooms, garages, or any kid's space. Its durable and versatile design also makes it suitable for patios, entryways, or living rooms, complementing various home decor styles.</p>",CHILLGEN,Arts & Entertainment > Hobbies & Creative Arts > Arts & Crafts > Crafting Patterns & Molds > Sewing Patterns > Home Decor Sewing Patterns,Rug,"amazon-parent-b0fjrpw98p, checkered, home-decor, modern, personalized, racing, rectangular, rug, sports",false,Select Size,XX-Small: 1x1.5ft - OUT OF STOCK,,,,,,,,AMZ-RUG-B0FJRQXZ17-1,0.0,,0,deny,manual,30.90,38.63,true,false,,,,,"",https://cdn.shopify.com/s/files/1/1023/0068/0561/files/50c9280ce69c42e8fa3a0c8b45dd54e6ecd5bc4cc99bc73c26744b52e93fa897.jpg?v=1789059469,1,"Personalized Racing Area Rug with Name – Custom Checkered Flag Sport Rug for Game Room, Garage, Living Room, Patio – Non-Slip Race Car Track Mat (Racing Rug 02)",false,,"This modern racing area rug features a non-slip rubber backing, perfect for game rooms and high-traffic areas.",3697,,,,,,,,,,,B0FJRPW98P,,,,,lb,,,draft
personalized-black-checkered-flag-racing-name-area-rug-non-slip,,,,,,,,,X-Small: 2x3ft,,,,,,,,AMZ-RUG-B0FJRQXZ17-2,0.0,,0,deny,manual,35.90,44.88,true,false,,,,,"",https://cdn.shopify.com/s/files/1/1023/0068/0561/files/e1584383a211cc5401cc303512897d743296c3118f001cf16db0c9c4bb0f2922.jpg?v=1789059469,2,"Personalized Racing Area Rug with Name – Custom Checkered Flag Sport Rug for Game Room, Garage, Living Room, Patio – Non-Slip Race Car Track Mat (Racing Rug 02)",,,,,,,,,,,,,,,,,,,,lb,,,
personalized-black-checkered-flag-racing-name-area-rug-non-slip,,,,,,,,,Small: 3x5ft,,,,,,,,AMZ-RUG-B0FJRQXZ17-3,0.0,,0,deny,manual,70.90,88.63,true,false,,,,,"",https://cdn.shopify.com/s/files/1/1023/0068/0561/files/e7b9fd7b7e32045a6c4995ee54eb949aac01e5636cc8243de0f311672ced53f9.jpg?v=1789059469,3,"Personalized Racing Area Rug with Name – Custom Checkered Flag Sport Rug for Game Room, Garage, Living Room, Patio – Non-Slip Race Car Track Mat (Racing Rug 02)",,,,,,,,,,,,,,,,,,,,lb,,,
personalized-black-checkered-flag-racing-name-area-rug-non-slip,,,,,,,,,Medium: 4x6ft,,,,,,,,AMZ-RUG-B0FJRQXZ17-4,0.0,,0,deny,manual,110.90,138.63,true,false,,,,,"",https://cdn.shopify.com/s/files/1/1023/0068/0561/files/dc3805bfcc160220eba7691222295cb32d8d082abafdf98f77be4337f411fedb.jpg?v=1789059470,4,"Personalized Racing Area Rug with Name – Custom Checkered Flag Sport Rug for Game Room, Garage, Living Room, Patio – Non-Slip Race Car Track Mat (Racing Rug 02)",,,,,,,,,,,,,,,,,,,,lb,,,
personalized-black-checkered-flag-racing-name-area-rug-non-slip,,,,,,,,,Large: 5x8ft,,,,,,,,AMZ-RUG-B0FJRQXZ17-5,0.0,,0,deny,manual,140.90,176.13,true,false,,,,,"",https://cdn.shopify.com/s/files/1/1023/0068/0561/files/7b353c43141f7c6023d2d923b06f27f186fcbe60acf9616a9d4015b3e0bdda09.jpg?v=1789059469,5,"Personalized Racing Area Rug with Name – Custom Checkered Flag Sport Rug for Game Room, Garage, Living Room, Patio – Non-Slip Race Car Track Mat (Racing Rug 02)",,,,,,,,,,,,,,,,,,,,lb,,,
personalized-black-checkered-flag-racing-name-area-rug-non-slip,,,,,,,,,,,,,,,,,,,,,,,,,,,,,,,"",https://cdn.shopify.com/s/files/1/1023/0068/0561/files/3159a4d1582c1a7839f824b7441d8736a9d9711bd61446ea4aaa854cd1ec3d10.jpg?v=1789059469,6,"Personalized Racing Area Rug with Name – Custom Checkered Flag Sport Rug for Game Room, Garage, Living Room, Patio – Non-Slip Race Car Track Mat (Racing Rug 02)",,,,,,,,,,,,,,,,,,,,,,,
personalized-checkered-flag-race-track-area-rug-non-slip-design-01,"Personalized Checkered Flag Race Track Area Rug, Non-Slip - Design 01","<p>Rev up your living space with this personalized racing area rug, featuring a vibrant checkered flag pattern and a detailed race track design. It allows for a custom name, adding a unique touch for racing enthusiasts. Crafted for both comfort and stability, this rug is an ideal statement piece for any game room, garage, or child's bedroom.</p><h3>Product Highlights</h3><ul>
<li>Features iconic checkered flag and race-track graphics for an exciting motorsports design.</li>
<li>Allows for personalization with a custom name or word.</li>
<li>Soft yet durable polyester surface with non-slip rubber backing for safety and comfort.</li>
<li>Versatile for game rooms, patios, entries, or living spaces.</li>
<li>Ideal gift for racing fans, kids, dads, gamers, or auto enthusiasts.</li>
</ul><h3>Specifications</h3><table border=""1"" cellpadding=""6"" style=""border-collapse:collapse;width:100%"">
<tr>
<th align=""left"" width=""35%"">Attribute</th>
<th align=""left"">Value</th>
</tr>
<tr>
<td>Rug Form Type</td>
<td>Area Rug</td>
</tr>
<tr>
<td>Item Shape</td>
<td>Rectangular</td>
</tr>
<tr>
<td>Weave Type</td>
<td>Machine Made</td>
</tr>
<tr>
<td>Pile Height</td>
<td>Low Pile</td>
</tr>
<tr>
<td>Construction Type</td>
<td>Machine Made</td>
</tr>
<tr>
<td>Indoor Outdoor Usage</td>
<td>Both</td>
</tr>
<tr>
<td>Pattern</td>
<td>Checkered</td>
</tr>
<tr>
<td>Style Name</td>
<td>Modern</td>
</tr>
<tr>
<td>Number of Pieces</td>
<td>1</td>
</tr>
<tr>
<td>Text Inputs</td>
<td>2 text inputs</td>
</tr>
</table><h3>Material &amp; Care</h3><table border=""1"" cellpadding=""6"" style=""border-collapse:collapse;width:100%"">
<tr>
<th align=""left"" width=""35%"">Item</th>
<th align=""left"">Detail</th>
</tr>
<tr>
<td>Material Type</td>
<td>Sponge - Memory Foam</td>
</tr>
<tr>
<td>Back Material Type</td>
<td>High-quality Epoxy</td>
</tr>
</table><h3>Where It Works</h3><p>This racing area rug is perfect for transforming game rooms, garages, or kid's spaces into an exciting motorsport-themed environment. Its versatile design also makes it suitable for patios, entryways, or living spaces, adding a bold statement wherever it's placed.</p>",CHILLGEN,Arts & Entertainment > Hobbies & Creative Arts > Arts & Crafts > Crafting Patterns & Molds > Sewing Patterns > Home Decor Sewing Patterns,Rug,"amazon-parent-b0fjrpw98p, checkered-flag, game-room, home-decor, modern, personalized, race-track, racing-rug, rug",false,Select Size,XX-Small: 1x1.5ft - OUT OF STOCK,,,,,,,,AMZ-RUG-B0FJRPW98P-1,0.0,,0,deny,manual,30.90,38.63,true,false,,,,,"",https://cdn.shopify.com/s/files/1/1023/0068/0561/files/3a14294ee159cfdd72a0767f4f7cf38cfaf81b56f12934d3e26d04fc8ed61041.jpg?v=1789059473,1,"Personalized Checkered Flag Race Track Area Rug, Non-Slip",false,,"Modern racing rug with personalized checkered flag design and non-slip backing, suitable for game rooms and garages.",3697,,,,,,,,,,,B0FJRPW98P,,,,,lb,,,draft
personalized-checkered-flag-race-track-area-rug-non-slip-design-01,,,,,,,,,X-Small: 2x3ft,,,,,,,,AMZ-RUG-B0FJRPW98P-2,0.0,,0,deny,manual,35.90,44.88,true,false,,,,,"",https://cdn.shopify.com/s/files/1/1023/0068/0561/files/d32c03d22f4b4b4001284702e66e09d90f273319a6add47c3b2d4418c5f38306.jpg?v=1789059473,2,"Personalized Checkered Flag Race Track Area Rug, Non-Slip",,,,,,,,,,,,,,,,,,,,lb,,,
personalized-checkered-flag-race-track-area-rug-non-slip-design-01,,,,,,,,,Small: 3x5ft,,,,,,,,AMZ-RUG-B0FJRPW98P-3,0.0,,0,deny,manual,70.90,88.63,true,false,,,,,"",https://cdn.shopify.com/s/files/1/1023/0068/0561/files/cbe34b947c7e39d581b08125b3f489cea46f9a29ad3aefa579061ee03296edc8.jpg?v=1789059473,3,"Personalized Checkered Flag Race Track Area Rug, Non-Slip",,,,,,,,,,,,,,,,,,,,lb,,,
personalized-checkered-flag-race-track-area-rug-non-slip-design-01,,,,,,,,,Medium: 4x6ft,,,,,,,,AMZ-RUG-B0FJRPW98P-4,0.0,,0,deny,manual,110.90,138.63,true,false,,,,,"",https://cdn.shopify.com/s/files/1/1023/0068/0561/files/e38485c02f8e8d01c1d8cb2041e377c828d14adfd9178ff0435dbb3d13e69dc3.jpg?v=1789059473,4,"Personalized Checkered Flag Race Track Area Rug, Non-Slip",,,,,,,,,,,,,,,,,,,,lb,,,
personalized-checkered-flag-race-track-area-rug-non-slip-design-01,,,,,,,,,Large: 5x8ft,,,,,,,,AMZ-RUG-B0FJRPW98P-5,0.0,,0,deny,manual,140.90,176.13,true,false,,,,,"",https://cdn.shopify.com/s/files/1/1023/0068/0561/files/43aefe41fda1236df37265a088a9bb5f59983c0809be567b48a40b7b2abb9665.jpg?v=1789059472,5,"Personalized Checkered Flag Race Track Area Rug, Non-Slip",,,,,,,,,,,,,,,,,,,,lb,,,
personalized-checkered-flag-race-track-area-rug-non-slip-design-01,,,,,,,,,,,,,,,,,,,,,,,,,,,,,,,"",https://cdn.shopify.com/s/files/1/1023/0068/0561/files/1b23526cb5475ab8516e494e26e18ce699d2a8677e16d0c6b2ed70325c3ffbed.jpg?v=1789059473,6,"Personalized Checkered Flag Race Track Area Rug, Non-Slip",,,,,,,,,,,,,,,,,,,,,,,
personalized-checkered-flag-race-car-area-rug-non-slip-racing-rug,"Personalized Checkered Flag Race Car Area Rug, Non-Slip - Racing Rug","<p>This personalized area rug brings the excitement of the racetrack to any space with its vibrant design. Featuring a detailed checkered flag pattern and a lifelike race track, this rug can be customized with a name or word for a personal touch. It is designed to add energy and action, perfect for fans of motorsports.</p><h3>Product Highlights</h3><ul>
<li>Customizable with a personal name or word for a unique touch.</li>
<li>Features an exciting checkered flag and race track design.</li>
<li>Soft yet durable polyester surface provides comfort.</li>
<li>Non-slip rubber backing offers confident grip and stability.</li>
<li>Versatile for various spaces and can layer over existing floor mats.</li>
</ul><h3>Specifications</h3><table border=""1"" cellpadding=""6"" style=""border-collapse:collapse;width:100%"">
<tr>
<th align=""left"" width=""35%"">Attribute</th>
<th align=""left"">Value</th>
</tr>
<tr>
<td>Rug Form</td>
<td>Area Rug</td>
</tr>
<tr>
<td>Item Shape</td>
<td>Rectangular</td>
</tr>
<tr>
<td>Weave Type</td>
<td>Machine Made</td>
</tr>
<tr>
<td>Pile Height</td>
<td>Low Pile</td>
</tr>
<tr>
<td>Construction Type</td>
<td>Machine Made</td>
</tr>
<tr>
<td>Indoor/Outdoor Usage</td>
<td>Both</td>
</tr>
<tr>
<td>Room Type</td>
<td>Game Room, Garage, Kid’s Space, Patio, Entry, Living Space</td>
</tr>
<tr>
<td>Pattern</td>
<td>Checkered</td>
</tr>
<tr>
<td>Theme</td>
<td>Motorsports, Race Car</td>
</tr>
<tr>
<td>Style</td>
<td>Modern</td>
</tr>
<tr>
<td>Number of Pieces</td>
<td>1</td>
</tr>
</table><h3>Material &amp; Care</h3><table border=""1"" cellpadding=""6"" style=""border-collapse:collapse;width:100%"">
<tr>
<th align=""left"" width=""35%"">Item</th>
<th align=""left"">Detail</th>
</tr>
<tr>
<td>Material Type</td>
<td>Sponge - Memory Foam</td>
</tr>
<tr>
<td>Backing Material</td>
<td>High-quality Epoxy</td>
</tr>
</table><h3>Where It Works</h3><p>This rug is suitable for game rooms, garages, kid’s spaces, patios, entryways, or living areas. Its durable construction makes it ideal for high-traffic zones and both indoor and outdoor settings.</p>",CHILLGEN,Arts & Entertainment > Hobbies & Creative Arts > Arts & Crafts > Crafting Patterns & Molds > Sewing Patterns > Home Decor Sewing Patterns,Rug,"amazon-parent-b0fjrpw98p, checkered rug, custom rug, game room, home-decor, modern rug, race rug, rectangular, rug",false,Select Size,XX-Small: 1x1.5ft - OUT OF STOCK,,,,,,,,AMZ-RUG-B0GSZL444X-1,0.0,,0,deny,manual,30.90,38.63,true,false,,,,,"",https://cdn.shopify.com/s/files/1/1023/0068/0561/files/13c9fb3626b0356d8594b439f4304bf2fc2da80ece9f09b0c7594ba97415ef3f.jpg?v=1789059477,1,"Personalized Checkered Flag Race Car Area Rug, Non-Slip",false,,"Modern racing area rug with non-slip backing, perfect for game rooms, garages, or kids' spaces.",3697,,,,,,,,,,,B0FJRPW98P,,,,,lb,,,draft
personalized-checkered-flag-race-car-area-rug-non-slip-racing-rug,,,,,,,,,X-Small: 2x3ft,,,,,,,,AMZ-RUG-B0GSZL444X-2,0.0,,0,deny,manual,35.90,44.88,true,false,,,,,"",https://cdn.shopify.com/s/files/1/1023/0068/0561/files/2f7c903b58b417c9e052dc88607d0a7eba20352d20bce8c023881fa62c154cd9.jpg?v=1789059477,2,"Personalized Checkered Flag Race Car Area Rug, Non-Slip",,,,,,,,,,,,,,,,,,,,lb,,,
personalized-checkered-flag-race-car-area-rug-non-slip-racing-rug,,,,,,,,,Small: 3x5ft,,,,,,,,AMZ-RUG-B0GSZL444X-3,0.0,,0,deny,manual,70.90,88.63,true,false,,,,,"",https://cdn.shopify.com/s/files/1/1023/0068/0561/files/fb052f58fdbb3cb7b99e24ae27e93d1ba6fe6100dd5dc83e56d61e3db5f75793.jpg?v=1789059477,3,"Personalized Checkered Flag Race Car Area Rug, Non-Slip",,,,,,,,,,,,,,,,,,,,lb,,,
personalized-checkered-flag-race-car-area-rug-non-slip-racing-rug,,,,,,,,,Medium: 4x6ft,,,,,,,,AMZ-RUG-B0GSZL444X-4,0.0,,0,deny,manual,110.90,138.63,true,false,,,,,"",https://cdn.shopify.com/s/files/1/1023/0068/0561/files/57c00118f1a90bc4eec5393d35c69c8f71865819fe538cc531175c0d975cf9dd.jpg?v=1789059477,4,"Personalized Checkered Flag Race Car Area Rug, Non-Slip",,,,,,,,,,,,,,,,,,,,lb,,,
personalized-checkered-flag-race-car-area-rug-non-slip-racing-rug,,,,,,,,,Large: 5x8ft,,,,,,,,AMZ-RUG-B0GSZL444X-5,0.0,,0,deny,manual,140.90,176.13,true,false,,,,,"",https://cdn.shopify.com/s/files/1/1023/0068/0561/files/cbfb8f2ca542ec8f3d3b2bde441bb389ef25ba668e3ea33da4ddaf85f8af52ba.jpg?v=1789059477,5,"Personalized Checkered Flag Race Car Area Rug, Non-Slip",,,,,,,,,,,,,,,,,,,,lb,,,
personalized-checkered-flag-race-car-area-rug-non-slip-racing-rug,,,,,,,,,,,,,,,,,,,,,,,,,,,,,,,"",https://cdn.shopify.com/s/files/1/1023/0068/0561/files/a0951b27d05df08099375376cec4e58dd36030165ac7a0789383bd7ba394b3e9.jpg?v=1789059477,6,"Personalized Checkered Flag Race Car Area Rug, Non-Slip",,,,,,,,,,,,,,,,,,,,,,,
personalized-checkered-flag-race-car-area-rug-non-slip-racing-rug,,,,,,,,,,,,,,,,,,,,,,,,,,,,,,,"",https://cdn.shopify.com/s/files/1/1023/0068/0561/files/e5b8b4c3f14efe02c94dcb807a58efcac4fac869d063b29bc8e6c38ffca9f9e8.jpg?v=1789059477,7,"Personalized Checkered Flag Race Car Area Rug, Non-Slip",,,,,,,,,,,,,,,,,,,,,,,
personalized-checkered-flag-race-track-area-rug-non-slip-design-04,"Personalized Checkered Flag Race Track Area Rug, Non-Slip - Design 04","<p>This personalized racing area rug brings the excitement of the racetrack indoors. Featuring a detailed checkered-flag pattern and a lifelike race track design, it can be customized with a personal name. Crafted for comfort and stability, this rug is ideal for adding a vibrant, action-packed touch to any room.</p><h3>Product Highlights</h3><ul>
<li>Detailed racing design with checkered flag and race-track graphics.</li>
<li>Customizable with a personal name or word.</li>
<li>Soft yet durable polyester surface for underfoot comfort.</li>
<li>Non-slip rubber backing provides confident grip.</li>
<li>Suitable for both indoor and outdoor use.</li>
<li>Adds energetic decor to game rooms, garages, or kid's spaces.</li>
</ul><h3>Specifications</h3><table border=""1"" cellpadding=""6"" style=""border-collapse:collapse;width:100%"">
<tr>
<th align=""left"" width=""35%"">Attribute</th>
<th align=""left"">Value</th>
</tr>
<tr>
<td>Rug Form</td>
<td>Area Rug</td>
</tr>
<tr>
<td>Item Shape</td>
<td>Rectangular</td>
</tr>
<tr>
<td>Weave Type</td>
<td>Machine Made</td>
</tr>
<tr>
<td>Pile Height</td>
<td>Low Pile</td>
</tr>
<tr>
<td>Construction Type</td>
<td>Machine Made</td>
</tr>
<tr>
<td>Indoor/Outdoor Usage</td>
<td>Both</td>
</tr>
<tr>
<td>Room Type</td>
<td>Game Room, Garage, Kid's Room, Patio, Entry, Living Space</td>
</tr>
<tr>
<td>Pattern</td>
<td>Checkered</td>
</tr>
<tr>
<td>Theme</td>
<td>Racing, Motorsports</td>
</tr>
<tr>
<td>Style</td>
<td>Modern</td>
</tr>
<tr>
<td>Number of Pieces</td>
<td>1</td>
</tr>
</table><h3>Material &amp; Care</h3><table border=""1"" cellpadding=""6"" style=""border-collapse:collapse;width:100%"">
<tr>
<th align=""left"" width=""35%"">Item</th>
<th align=""left"">Detail</th>
</tr>
<tr>
<td>Material Type</td>
<td>Sponge - Memory Foam</td>
</tr>
<tr>
<td>Backing Material</td>
<td>High-quality Epoxy</td>
</tr>
</table><h3>Where It Works</h3><p>This versatile rug is suitable for game rooms, garages, kids' bedrooms, patios, entryways, or living spaces. Its durable construction makes it ideal for high-traffic areas, while its vibrant design enhances motorsport-themed decor.</p>",CHILLGEN,Arts & Entertainment > Hobbies & Creative Arts > Arts & Crafts > Crafting Patterns & Molds > Sewing Patterns > Home Decor Sewing Patterns,Rug,"amazon-parent-b0fjrpw98p, checkered-flag, home-decor, indoor-outdoor, modern, racing, rectangular, rug",false,Select Size,XX-Small: 1x1.5ft - OUT OF STOCK,,,,,,,,AMZ-RUG-B0FJRSMC34-1,0.0,,0,deny,manual,30.90,38.63,true,false,,,,,"",https://cdn.shopify.com/s/files/1/1023/0068/0561/files/28410dc8e1ba49aaaadf6d643c38bdf7613dcde42c7ebfa26a8e63f9531c230f.jpg?v=1789059518,1,"Personalized Checkered Flag Race Track Area Rug, Non-Slip - Design 04",false,,"Modern racing area rug with a custom checkered flag design, featuring a non-slip backing for game rooms and garages.",3697,,,,,,,,,,,B0FJRPW98P,,,,,lb,,,draft
personalized-checkered-flag-race-track-area-rug-non-slip-design-04,,,,,,,,,X-Small: 2x3ft,,,,,,,,AMZ-RUG-B0FJRSMC34-2,0.0,,0,deny,manual,35.90,44.88,true,false,,,,,"",https://cdn.shopify.com/s/files/1/1023/0068/0561/files/4e19365980482770fabf87093ea5d91cf54e8264a7659eae448cf9bed1ae723c.jpg?v=1789059518,2,"Personalized Checkered Flag Race Track Area Rug, Non-Slip - Design 04",,,,,,,,,,,,,,,,,,,,lb,,,
personalized-checkered-flag-race-track-area-rug-non-slip-design-04,,,,,,,,,Small: 3x5ft,,,,,,,,AMZ-RUG-B0FJRSMC34-3,0.0,,0,deny,manual,70.90,88.63,true,false,,,,,"",https://cdn.shopify.com/s/files/1/1023/0068/0561/files/79cd5d8e1c3ac50edd1615e227d8bf11090ede067d968a5d6e0c1e1dc0689c62.jpg?v=1789059518,3,"Personalized Checkered Flag Race Track Area Rug, Non-Slip - Design 04",,,,,,,,,,,,,,,,,,,,lb,,,
personalized-checkered-flag-race-track-area-rug-non-slip-design-04,,,,,,,,,Medium: 4x6ft,,,,,,,,AMZ-RUG-B0FJRSMC34-4,0.0,,0,deny,manual,110.90,138.63,true,false,,,,,"",https://cdn.shopify.com/s/files/1/1023/0068/0561/files/65829a9d945447bb74d55e0a97f124f0531c51e053ae1ab96c81f9e05f82e8a5.jpg?v=1789059518,4,"Personalized Checkered Flag Race Track Area Rug, Non-Slip - Design 04",,,,,,,,,,,,,,,,,,,,lb,,,
personalized-checkered-flag-race-track-area-rug-non-slip-design-04,,,,,,,,,Large: 5x8ft,,,,,,,,AMZ-RUG-B0FJRSMC34-5,0.0,,0,deny,manual,140.90,176.13,true,false,,,,,"",https://cdn.shopify.com/s/files/1/1023/0068/0561/files/cc00daf847db2ddb2ae961c2b65a9e1aa1c5758a5f9e03bf956a694a7d98fbb2.jpg?v=1789059518,5,"Personalized Checkered Flag Race Track Area Rug, Non-Slip - Design 04",,,,,,,,,,,,,,,,,,,,lb,,,
personalized-checkered-flag-race-track-area-rug-non-slip-design-04,,,,,,,,,,,,,,,,,,,,,,,,,,,,,,,"",https://cdn.shopify.com/s/files/1/1023/0068/0561/files/3bda6ee2d29a8a2d678432ef44dd7bfa5b39c258fa7f2f27f7d8ab6bc4524e9d.jpg?v=1789059518,6,"Personalized Checkered Flag Race Track Area Rug, Non-Slip - Design 04",,,,,,,,,,,,,,,,,,,,,,,
personalized-checkered-racing-flags-with-name-area-rug-non-slip,"Personalized Checkered Racing Flags With Name Area Rug, Non-Slip","<p>This personalized area rug features an exciting motorsports design with a detailed checkered flag pattern and a lifelike race track. Crafted for both safety and comfort, it includes a non-slip rubber backing and a soft polyester surface. This rug is a versatile and eye-catching decor piece that brings energy and action to various spaces, making it ideal for racing fans.</p><p></p><h3>Product Highlights</h3><ul>
<li>Customizable with a personal name or word for a unique touch.</li>
<li>Vibrant racing and checkered flag design adds energy to any room.</li>
<li>Soft yet durable polyester surface provides comfort underfoot.</li>
<li>Non-slip rubber backing ensures confident grip and stability.</li>
<li>Versatile for game rooms, patios, entryways, or living spaces.</li>
</ul><p></p><h3>Specifications</h3><table border=""1"" cellpadding=""6"" style=""border-collapse:collapse;width:100%"">
<tr>
<th align=""left"" width=""35%"">Attribute</th>
<th align=""left"">Value</th>
</tr>
<tr>
<td>Rug Form</td>
<td>Area Rug</td>
</tr>
<tr>
<td>Item Shape</td>
<td>Rectangular</td>
</tr>
<tr>
<td>Weave Type</td>
<td>Machine Made</td>
</tr>
<tr>
<td>Pile Height</td>
<td>Low Pile</td>
</tr>
<tr>
<td>Construction Type</td>
<td>Machine Made</td>
</tr>
<tr>
<td>Indoor/Outdoor Usage</td>
<td>Both</td>
</tr>
<tr>
<td>Pattern</td>
<td>Checkered</td>
</tr>
<tr>
<td>Style</td>
<td>Modern</td>
</tr>
<tr>
<td>Number of Pieces</td>
<td>1</td>
</tr>
</table><p></p><h3>Material &amp; Care</h3><table border=""1"" cellpadding=""6"" style=""border-collapse:collapse;width:100%"">
<tr>
<th align=""left"" width=""35%"">Item</th>
<th align=""left"">Detail</th>
</tr>
<tr>
<td>Material Type</td>
<td>Sponge - Memory Foam</td>
</tr>
<tr>
<td>Backing Material</td>
<td>High-quality Epoxy</td>
</tr>
</table><p></p><h3>Where It Works</h3><p>This area rug is suitable for game rooms, garages, kid’s bedrooms, patios, entryways, or living spaces. Its durable construction makes it ideal for high-traffic areas and adds a bold statement to any motorsport-themed room.</p>",CHILLGEN,Arts & Entertainment > Hobbies & Creative Arts > Arts & Crafts > Crafting Patterns & Molds > Sewing Patterns > Home Decor Sewing Patterns,Rug,"amazon-parent-b0fjrpw98p, checkered rug, game room rug, home-decor, modern rug, personalized rug, racing rug, rectangular rug, rug",false,Select Size,XX-Small: 1x1.5ft - OUT OF STOCK,,,,,,,,AMZ-RUG-B0FJRQZXTT-1,0.0,,0,deny,manual,30.90,38.63,true,false,,,,,"",https://cdn.shopify.com/s/files/1/1023/0068/0561/files/eee30c53fd9e619d3b2ebfe9e47056b7b9790be8b67c3c1b42b867097dd31408.jpg?v=1789059526,1,"Personalized Racing Area Rug with Name – Custom Checkered Flag Sport Rug for Game Room, Garage, Living Room, Patio – Non-Slip Race Car Track Mat (Racing Rug 03)",false,,"Modern rectangular area rug with a non-slip backing, customizable name, and racing design, perfect for game rooms.",3697,,,,,,,,,,,B0FJRPW98P,,,,,lb,,,draft
personalized-checkered-racing-flags-with-name-area-rug-non-slip,,,,,,,,,X-Small: 2x3ft,,,,,,,,AMZ-RUG-B0FJRQZXTT-2,0.0,,0,deny,manual,35.90,44.88,true,false,,,,,"",https://cdn.shopify.com/s/files/1/1023/0068/0561/files/f9d828d1c1f9a5cca93688ced2897061586737b7342255288046792d76f9a19f.jpg?v=1789059526,2,"Personalized Racing Area Rug with Name – Custom Checkered Flag Sport Rug for Game Room, Garage, Living Room, Patio – Non-Slip Race Car Track Mat (Racing Rug 03)",,,,,,,,,,,,,,,,,,,,lb,,,
personalized-checkered-racing-flags-with-name-area-rug-non-slip,,,,,,,,,Small: 3x5ft,,,,,,,,AMZ-RUG-B0FJRQZXTT-3,0.0,,0,deny,manual,70.90,88.63,true,false,,,,,"",https://cdn.shopify.com/s/files/1/1023/0068/0561/files/149fd76a31b2eb71d1f3165d151ec082b37c6bd0a93427632afd37494bf8a863.jpg?v=1789059526,3,"Personalized Racing Area Rug with Name – Custom Checkered Flag Sport Rug for Game Room, Garage, Living Room, Patio – Non-Slip Race Car Track Mat (Racing Rug 03)",,,,,,,,,,,,,,,,,,,,lb,,,
personalized-checkered-racing-flags-with-name-area-rug-non-slip,,,,,,,,,Medium: 4x6ft,,,,,,,,AMZ-RUG-B0FJRQZXTT-4,0.0,,0,deny,manual,110.90,138.63,true,false,,,,,"",https://cdn.shopify.com/s/files/1/1023/0068/0561/files/cc6ceb990f56b6909e4fe72ee1bda02c0bc0254cddad28320deb5d85a299b0c6.jpg?v=1789059526,4,"Personalized Racing Area Rug with Name – Custom Checkered Flag Sport Rug for Game Room, Garage, Living Room, Patio – Non-Slip Race Car Track Mat (Racing Rug 03)",,,,,,,,,,,,,,,,,,,,lb,,,
personalized-checkered-racing-flags-with-name-area-rug-non-slip,,,,,,,,,Large: 5x8ft,,,,,,,,AMZ-RUG-B0FJRQZXTT-5,0.0,,0,deny,manual,140.90,176.13,true,false,,,,,"",https://cdn.shopify.com/s/files/1/1023/0068/0561/files/382109f254eed4e0bd907362b6aa2a1f1adc75be429f9f5f626b4d2ea9f62571.jpg?v=1789059526,5,"Personalized Racing Area Rug with Name – Custom Checkered Flag Sport Rug for Game Room, Garage, Living Room, Patio – Non-Slip Race Car Track Mat (Racing Rug 03)",,,,,,,,,,,,,,,,,,,,lb,,,
personalized-checkered-racing-flags-with-name-area-rug-non-slip,,,,,,,,,,,,,,,,,,,,,,,,,,,,,,,"",https://cdn.shopify.com/s/files/1/1023/0068/0561/files/818288a05b6836fabad1c9d2d6993fafe93899e02bd88343233bdb6dd5ff1a78.jpg?v=1789059526,6,"Personalized Racing Area Rug with Name – Custom Checkered Flag Sport Rug for Game Room, Garage, Living Room, Patio – Non-Slip Race Car Track Mat (Racing Rug 03)",,,,,,,,,,,,,,,,,,,,,,,
personalized-checkered-flag-sport-area-rug-non-slip,"Personalized Checkered Flag Sport Area Rug, Non-Slip","<p>This personalized racing area rug brings a dynamic, motorsports-themed touch to any room. Featuring a detailed checkered flag and race track design, it allows for custom personalization with a name or word. Crafted for both visual appeal and practical use, this rug enhances game rooms, garages, and kids' spaces while offering comfort and stability.</p><h3>Product Highlights</h3><ul>
<li>Features iconic checkered flag and race-track graphics for an exciting motorsports design.</li>
<li>Allows for personalization with a custom name or word.</li>
<li>Offers a soft yet durable surface with a non-slip rubber backing.</li>
<li>Designed for confident grip and cozy texture underfoot.</li>
<li>Versatile as a statement piece or for layering over existing floor mats.</li>
</ul><h3>Specifications</h3><table border=""1"" cellpadding=""6"" style=""border-collapse:collapse;width:100%"">
<tr>
<th align=""left"" width=""35%"">Attribute</th>
<th align=""left"">Value</th>
</tr>
<tr>
<td>Rug Form</td>
<td>Area Rug</td>
</tr>
<tr>
<td>Item Shape</td>
<td>Rectangular</td>
</tr>
<tr>
<td>Weave Type</td>
<td>Machine Made</td>
</tr>
<tr>
<td>Pile Height</td>
<td>Low Pile</td>
</tr>
<tr>
<td>Construction Type</td>
<td>Machine Made</td>
</tr>
<tr>
<td>Indoor/Outdoor Usage</td>
<td>Both</td>
</tr>
<tr>
<td>Pattern</td>
<td>Checkered</td>
</tr>
<tr>
<td>Theme</td>
<td>Racing</td>
</tr>
<tr>
<td>Style</td>
<td>Modern</td>
</tr>
<tr>
<td>Number of Pieces</td>
<td>1</td>
</tr>
<tr>
<td>Customization Text Inputs</td>
<td>2</td>
</tr>
</table><h3>Material &amp; Care</h3><table border=""1"" cellpadding=""6"" style=""border-collapse:collapse;width:100%"">
<tr>
<th align=""left"" width=""35%"">Item</th>
<th align=""left"">Detail</th>
</tr>
<tr>
<td>Material Type</td>
<td>Sponge - Memory Foam</td>
</tr>
<tr>
<td>Backing Material</td>
<td>High-quality Epoxy</td>
</tr>
</table><h3>Where It Works</h3><p>This versatile rug is suitable for enhancing game rooms, garages, kid's spaces, patios, entryways, or living areas, bringing a themed design to various indoor and outdoor settings.</p>",CHILLGEN,Arts & Entertainment > Hobbies & Creative Arts > Arts & Crafts > Crafting Patterns & Molds > Sewing Patterns > Home Decor Sewing Patterns,Rug,"amazon-parent-b0fjrpw98p, checkered-flag, home-decor, modern, non-slip, personalized, race, rectangular, rug",false,Select Size,XX-Small: 1x1.5ft - OUT OF STOCK,,,,,,,,AMZ-RUG-B0GSZSZGY9-1,0.0,,0,deny,manual,30.90,38.63,true,false,,,,,"",https://cdn.shopify.com/s/files/1/1023/0068/0561/files/99386d8809d6434246b5f7604520c0bdbd0cb4b08d71bb9eac1c085163648090.jpg?v=1789059530,1,"Personalized Racing Area Rug with Name – Custom Checkered Flag Sport Rug for Game Room, Garage, Living Room, Patio – Non-Slip Race Car Track Mat (Racing Rug 08)",false,,"This modern personalized racing area rug features a checkered flag design and non-slip backing, ideal for game rooms or garages.",3697,,,,,,,,,,,B0FJRPW98P,,,,,lb,,,draft
personalized-checkered-flag-sport-area-rug-non-slip,,,,,,,,,X-Small: 2x3ft,,,,,,,,AMZ-RUG-B0GSZSZGY9-2,0.0,,0,deny,manual,35.90,44.88,true,false,,,,,"",https://cdn.shopify.com/s/files/1/1023/0068/0561/files/7ac1783a7808869246fadb9520bbbceecc0d26749de6751ef9b8b5cafee2cef9.jpg?v=1789059530,2,"Personalized Racing Area Rug with Name – Custom Checkered Flag Sport Rug for Game Room, Garage, Living Room, Patio – Non-Slip Race Car Track Mat (Racing Rug 08)",,,,,,,,,,,,,,,,,,,,lb,,,
personalized-checkered-flag-sport-area-rug-non-slip,,,,,,,,,Small: 3x5ft,,,,,,,,AMZ-RUG-B0GSZSZGY9-3,0.0,,0,deny,manual,70.90,88.63,true,false,,,,,"",https://cdn.shopify.com/s/files/1/1023/0068/0561/files/1281d65f3eca882bdc07d73e1c3e7d8eac2efc812bf84f00f72340c5a726ab73.jpg?v=1789059530,3,"Personalized Racing Area Rug with Name – Custom Checkered Flag Sport Rug for Game Room, Garage, Living Room, Patio – Non-Slip Race Car Track Mat (Racing Rug 08)",,,,,,,,,,,,,,,,,,,,lb,,,
personalized-checkered-flag-sport-area-rug-non-slip,,,,,,,,,Medium: 4x6ft,,,,,,,,AMZ-RUG-B0GSZSZGY9-4,0.0,,0,deny,manual,110.90,138.63,true,false,,,,,"",https://cdn.shopify.com/s/files/1/1023/0068/0561/files/b39368e67315a14ffbeb190c899514156b090cdd87012be2a1029c9eb5a77a29.jpg?v=1789059530,4,"Personalized Racing Area Rug with Name – Custom Checkered Flag Sport Rug for Game Room, Garage, Living Room, Patio – Non-Slip Race Car Track Mat (Racing Rug 08)",,,,,,,,,,,,,,,,,,,,lb,,,
personalized-checkered-flag-sport-area-rug-non-slip,,,,,,,,,Large: 5x8ft,,,,,,,,AMZ-RUG-B0GSZSZGY9-5,0.0,,0,deny,manual,140.90,176.13,true,false,,,,,"",https://cdn.shopify.com/s/files/1/1023/0068/0561/files/ad28e5c70aef04fe981e318d92b7a399707cc8bd75b6854384dcf66bbb7e526d.jpg?v=1789059530,5,"Personalized Racing Area Rug with Name – Custom Checkered Flag Sport Rug for Game Room, Garage, Living Room, Patio – Non-Slip Race Car Track Mat (Racing Rug 08)",,,,,,,,,,,,,,,,,,,,lb,,,
personalized-checkered-flag-sport-area-rug-non-slip,,,,,,,,,,,,,,,,,,,,,,,,,,,,,,,"",https://cdn.shopify.com/s/files/1/1023/0068/0561/files/244f62c8ef06e6d95962187a371ee68c00fd2cf293b61527bfbaf814d4f2497c.jpg?v=1789059530,6,"Personalized Racing Area Rug with Name – Custom Checkered Flag Sport Rug for Game Room, Garage, Living Room, Patio – Non-Slip Race Car Track Mat (Racing Rug 08)",,,,,,,,,,,,,,,,,,,,,,,
personalized-checkered-flag-sport-area-rug-non-slip,,,,,,,,,,,,,,,,,,,,,,,,,,,,,,,"",https://cdn.shopify.com/s/files/1/1023/0068/0561/files/a3ec907f73c144b0f19830ff4813678d23425cae88ed2adb6b03e027fcbb0480.jpg?v=1789059530,7,"Personalized Racing Area Rug with Name – Custom Checkered Flag Sport Rug for Game Room, Garage, Living Room, Patio – Non-Slip Race Car Track Mat (Racing Rug 08)",,,,,,,,,,,,,,,,,,,,,,,
personalized-emotion-chart-face-emojis-rug-machine-washable-wheel,"Personalized Emotion Chart Face Emojis Rug, Machine Washable - Wheel","<p>This round rug is a vibrant and engaging educational tool designed to help children understand and express their emotions. Featuring a playful feeling wheel chart in a composition notebook style, it brings warmth and personality to learning spaces. It serves as a visual aid for emotional regulation, fostering mindfulness and healthy routines in a fun and interactive way.</p><h3>Product Highlights</h3><ul>
<li>Features a colorful feeling wheel chart for emotional learning.</li>
<li>Designed to support emotional development and mindfulness.</li>
<li>Adds warmth and personality with a playful composition notebook style.</li>
<li>Made from high-quality polyester for comfort and durability.</li>
<li>Functions as a seating mat, welcome mat, or calming corner rug.</li>
<li>Helps children build emotional vocabulary and recognize different feelings.</li>
</ul><h3>Specifications</h3><table border=""1"" cellpadding=""6"" style=""border-collapse:collapse;width:100%"">
<tr>
<th align=""left"" width=""35%"">Attribute</th>
<th align=""left"">Value</th>
</tr>
<tr>
<td>Rug Form</td>
<td>Area Rug</td>
</tr>
<tr>
<td>Item Shape</td>
<td>Round</td>
</tr>
<tr>
<td>Weave Type</td>
<td>Flat Woven</td>
</tr>
<tr>
<td>Pile Height</td>
<td>Low Pile</td>
</tr>
<tr>
<td>Construction Type</td>
<td>Machine Made</td>
</tr>
<tr>
<td>Indoor/Outdoor Usage</td>
<td>Indoor</td>
</tr>
<tr>
<td>Pattern</td>
<td>Cartoon</td>
</tr>
<tr>
<td>Theme</td>
<td>Emotional Learning</td>
</tr>
<tr>
<td>Style</td>
<td>Modern</td>
</tr>
<tr>
<td>Number of Pieces</td>
<td>1</td>
</tr>
<tr>
<td>Special Features</td>
<td>Non Slip</td>
</tr>
</table><h3>Material &amp; Care</h3><table border=""1"" cellpadding=""6"" style=""border-collapse:collapse;width:100%"">
<tr>
<th align=""left"" width=""35%"">Item</th>
<th align=""left"">Detail</th>
</tr>
<tr>
<td>Material Type</td>
<td>Faux Wool</td>
</tr>
<tr>
<td>Backing Material</td>
<td>Memory Foam</td>
</tr>
<tr>
<td>Product Care Instructions</td>
<td>Vacuum regularly or hand/machine wash with cold water</td>
</tr>
</table><h3>Where It Works</h3><p>This versatile rug is ideal for classrooms, therapy rooms, reading corners, and calming areas. It creates a supportive and emotionally aware environment, perfect for educational settings and play areas where children can learn about emotions.</p>",CHILLGEN,Home & Garden > Decor > Rugs,Rug,"amazon-parent-b0ffsy36rb, classroom, educational, emotions, home-decor, kids-room, modern, round, rug",false,Choose Size,1.6x1.6 ft - XXS (SUPER SMALL),,,,,,,,AMZ-RUG-B0FFSZRBGV-1,0.0,,0,deny,manual,24.90,33.20,true,false,,,,,"",https://cdn.shopify.com/s/files/1/1023/0068/0561/files/c195c431cb5c163842846631833ee7b6b107e66383ed542a2f720ef60211f34a.jpg?v=1789060093,1,"Personalized Emotion Chart Face Emojis Rug, Machine Washable",false,,Modern round faux wool rug with a feeling wheel chart for emotional regulation in classrooms and kids' rooms. Non-slip for safety.,598,,,,,,,,,,,B0FFSY36RB,,,,,lb,,,draft
personalized-emotion-chart-face-emojis-rug-machine-washable-wheel,,,,,,,,,2x2 ft - XS (1 Kid),,,,,,,,AMZ-RUG-B0FFSZRBGV-2,0.0,,0,deny,manual,31.90,42.53,true,false,,,,,"",https://cdn.shopify.com/s/files/1/1023/0068/0561/files/a020d254e8eb069561bfb07091acbc14087caab7b9f5dac76542ac83eff46fac.jpg?v=1789060093,2,"Personalized Emotion Chart Face Emojis Rug, Machine Washable",,,,,,,,,,,,,,,,,,,,lb,,,
personalized-emotion-chart-face-emojis-rug-machine-washable-wheel,,,,,,,,,3x3 ft - S (2 Kids),,,,,,,,AMZ-RUG-B0FFSZRBGV-3,0.0,,0,deny,manual,49.90,66.53,true,false,,,,,"",https://cdn.shopify.com/s/files/1/1023/0068/0561/files/1b005a3357076745540c2ef8790a336d284a14f372d418cd25375424f1a178a1.jpg?v=1789060093,3,"Personalized Emotion Chart Face Emojis Rug, Machine Washable",,,,,,,,,,,,,,,,,,,,lb,,,
personalized-emotion-chart-face-emojis-rug-machine-washable-wheel,,,,,,,,,4x4 ft - M (3 - 4 Kids),,,,,,,,AMZ-RUG-B0FFSZRBGV-4,0.0,,0,deny,manual,59.90,79.87,true,false,,,,,"",https://cdn.shopify.com/s/files/1/1023/0068/0561/files/67795764298a94886ff1390b98f064a626c1df300683f6a0a854d9292a93f976.jpg?v=1789060093,4,"Personalized Emotion Chart Face Emojis Rug, Machine Washable",,,,,,,,,,,,,,,,,,,,lb,,,
personalized-emotion-chart-face-emojis-rug-machine-washable-wheel,,,,,,,,,5x5 ft - L (5 - 7 Kids),,,,,,,,AMZ-RUG-B0FFSZRBGV-5,0.0,,0,deny,manual,89.90,119.87,true,false,,,,,"",https://cdn.shopify.com/s/files/1/1023/0068/0561/files/ad18289fd730a0594a17adf069c1088a1ca42f36f08ae34e2dfc551b2f0dc02f.jpg?v=1789060093,5,"Personalized Emotion Chart Face Emojis Rug, Machine Washable",,,,,,,,,,,,,,,,,,,,lb,,,
personalized-emotion-chart-face-emojis-rug-machine-washable-wheel,,,,,,,,,6x6 ft - XL (8 - 12 Kids),,,,,,,,AMZ-RUG-B0FFSZRBGV-6,0.0,,0,deny,manual,124.90,166.53,true,false,,,,,"",https://cdn.shopify.com/s/files/1/1023/0068/0561/files/0c6b67b8a5c887d95b1773cc5935168beaac72b8f9b9cca18245467dafb33cba.jpg?v=1789060093,6,"Personalized Emotion Chart Face Emojis Rug, Machine Washable",,,,,,,,,,,,,,,,,,,,lb,,,
personalized-colorful-emotion-wheel-chart-mat-non-slip,"Personalized Colorful Emotion Wheel Chart Mat, Non Slip","<p>This round rug features a colorful feeling wheel chart, designed to help children identify and express their emotions in a fun and visual way. It serves as an emotional regulation tool, fostering mindfulness and healthy routines. Inspired by a playful composition notebook style, it adds warmth and personality to learning spaces while supporting emotional development.</p><h3>Product Highlights</h3><ul>
<li>Colorful feeling wheel chart for emotional learning and expression.</li>
<li>Supports emotional development and mindfulness for children.</li>
<li>Playful composition notebook style with cheerful icons.</li>
<li>Soft, durable, and comfortable high-quality polyester.</li>
<li>Machine washable for easy cleaning and everyday use.</li>
<li>Features a non-slip backing for added safety.</li>
</ul><h3>Specifications</h3><table border=""1"" cellpadding=""6"" style=""border-collapse:collapse;width:100%"">
<tr>
<th align=""left"" width=""35%"">Attribute</th>
<th align=""left"">Value</th>
</tr>
<tr>
<td>Rug Form</td>
<td>Area Rug</td>
</tr>
<tr>
<td>Item Shape</td>
<td>Round</td>
</tr>
<tr>
<td>Weave Type</td>
<td>Flat Woven</td>
</tr>
<tr>
<td>Pile Height</td>
<td>Low Pile</td>
</tr>
<tr>
<td>Construction Type</td>
<td>Machine Made</td>
</tr>
<tr>
<td>Indoor/Outdoor Usage</td>
<td>Indoor</td>
</tr>
<tr>
<td>Special Features</td>
<td>Non Slip</td>
</tr>
<tr>
<td>Pattern</td>
<td>Cartoon</td>
</tr>
<tr>
<td>Theme</td>
<td>Emotional Learning</td>
</tr>
<tr>
<td>Style</td>
<td>Modern</td>
</tr>
<tr>
<td>Number of Pieces</td>
<td>1</td>
</tr>
</table><h3>Material &amp; Care</h3><table border=""1"" cellpadding=""6"" style=""border-collapse:collapse;width:100%"">
<tr>
<th align=""left"" width=""35%"">Item</th>
<th align=""left"">Detail</th>
</tr>
<tr>
<td>Material Type</td>
<td>Faux Wool</td>
</tr>
<tr>
<td>Backing Material</td>
<td>Memory Foam</td>
</tr>
<tr>
<td>Care Instructions</td>
<td>Vacuum regularly or hand/machine wash with cold water</td>
</tr>
</table><h3>Where It Works</h3><p>This versatile rug is ideal for classrooms, therapy rooms, reading corners, and calming areas. It functions as a seating mat or a classroom welcome mat, creating a supportive and emotionally aware environment for children.</p>",CHILLGEN,Home & Garden > Decor > Rugs,Rug,"amazon-parent-b0ffsy36rb, classroom, emotional-regulation, home-decor, kids-room, modern, non-slip, round, rug",false,Choose Size,1.6x1.6 ft - XXS (SUPER SMALL),,,,,,,,AMZ-RUG-B0FLXX5Y4K-1,0.0,,0,deny,manual,24.90,33.20,true,false,,,,,"",https://cdn.shopify.com/s/files/1/1023/0068/0561/files/d74a78635050edd8d79b24025534b835add159faa0dafd406cb1f7b6ac30c4ba.jpg?v=1789060095,1,"Feeling Wheel Chart Rug for Classroom - Round Emotional Regulation Mat, Calming Corner Decor, Mental Health Composition Notebook Carpet, Back to School Gift (Wheel of Feeling Classic)",false,,"A modern round faux wool rug with a non-slip backing, perfect for classroom emotional learning and kids' room decor.",598,,,,,,,,,,,B0FFSY36RB,,,,,lb,,,draft
personalized-colorful-emotion-wheel-chart-mat-non-slip,,,,,,,,,2x2 ft - XS (1 Kid),,,,,,,,AMZ-RUG-B0FLXX5Y4K-2,0.0,,0,deny,manual,31.90,42.53,true,false,,,,,"",https://cdn.shopify.com/s/files/1/1023/0068/0561/files/b316ee47e6125f80258a1ef1be6311b1d3dcbd08cc4392b562f9e821de71cc3c.jpg?v=1789060094,2,"Feeling Wheel Chart Rug for Classroom - Round Emotional Regulation Mat, Calming Corner Decor, Mental Health Composition Notebook Carpet, Back to School Gift (Wheel of Feeling Classic)",,,,,,,,,,,,,,,,,,,,lb,,,
personalized-colorful-emotion-wheel-chart-mat-non-slip,,,,,,,,,3x3 ft - S (2 Kids),,,,,,,,AMZ-RUG-B0FLXX5Y4K-3,0.0,,0,deny,manual,49.90,66.53,true,false,,,,,"",https://cdn.shopify.com/s/files/1/1023/0068/0561/files/8312d823de4e112344ee802e1faa932f011244f405d55e7909dcbf8c9610bd87.jpg?v=1789060095,3,"Feeling Wheel Chart Rug for Classroom - Round Emotional Regulation Mat, Calming Corner Decor, Mental Health Composition Notebook Carpet, Back to School Gift (Wheel of Feeling Classic)",,,,,,,,,,,,,,,,,,,,lb,,,
personalized-colorful-emotion-wheel-chart-mat-non-slip,,,,,,,,,4x4 ft - M (3 - 4 Kids),,,,,,,,AMZ-RUG-B0FLXX5Y4K-4,0.0,,0,deny,manual,59.90,79.87,true,false,,,,,"",https://cdn.shopify.com/s/files/1/1023/0068/0561/files/253854bc7494843ac6ec547fc529760d04f16eea5fd95c5dad087bb907f050b4.jpg?v=1789060094,4,"Feeling Wheel Chart Rug for Classroom - Round Emotional Regulation Mat, Calming Corner Decor, Mental Health Composition Notebook Carpet, Back to School Gift (Wheel of Feeling Classic)",,,,,,,,,,,,,,,,,,,,lb,,,
personalized-colorful-emotion-wheel-chart-mat-non-slip,,,,,,,,,5x5 ft - L (5 - 7 Kids),,,,,,,,AMZ-RUG-B0FLXX5Y4K-5,0.0,,0,deny,manual,89.90,119.87,true,false,,,,,"",https://cdn.shopify.com/s/files/1/1023/0068/0561/files/e6bbc45e5cc2a5465f2514ee18ad58997528882241c5ae23321f3d3cffe57417.jpg?v=1789060094,5,"Feeling Wheel Chart Rug for Classroom - Round Emotional Regulation Mat, Calming Corner Decor, Mental Health Composition Notebook Carpet, Back to School Gift (Wheel of Feeling Classic)",,,,,,,,,,,,,,,,,,,,lb,,,
personalized-colorful-emotion-wheel-chart-mat-non-slip,,,,,,,,,6x6 ft - XL (8 - 12 Kids),,,,,,,,AMZ-RUG-B0FLXX5Y4K-6,0.0,,0,deny,manual,124.90,166.53,true,false,,,,,"",https://cdn.shopify.com/s/files/1/1023/0068/0561/files/9c08cb685f437c8fe019093debb0c54a6500b6c65c9f134aeb47ae6adeedf306.jpg?v=1789060094,6,"Feeling Wheel Chart Rug for Classroom - Round Emotional Regulation Mat, Calming Corner Decor, Mental Health Composition Notebook Carpet, Back to School Gift (Wheel of Feeling Classic)",,,,,,,,,,,,,,,,,,,,lb,,,
personalized-feeling-wheel-chart-rug-machine-washable,"Personalized Feeling Wheel Chart Rug, Machine Washable","<p>This round educational rug features a colorful feeling wheel chart, designed to help children identify and express their emotions. It serves as a visual aid for emotional learning and regulation, making it a special addition to any learning environment. Ideal for fostering emotional development, this rug also adds a playful touch to classroom settings.</p><h3>Product Highlights</h3><ul>
<li>Features a colorful feeling wheel chart to aid emotional expression.</li>
<li>Supports emotional development and mindfulness in a fun, visual way.</li>
<li>Inspired by classroom doodles for a playful composition notebook style.</li>
<li>Made from high-quality polyester that is soft, durable, and comfortable.</li>
<li>Machine washable for easy cleaning and everyday use.</li>
<li>Functions as a versatile seating mat, welcome mat, or calming corner rug.</li>
</ul><h3>Specifications</h3><table border=""1"" cellpadding=""6"" style=""border-collapse:collapse;width:100%"">
<tr>
<th align=""left"" width=""35%"">Attribute</th>
<th align=""left"">Value</th>
</tr>
<tr>
<td>Rug Form</td>
<td>Area Rug</td>
</tr>
<tr>
<td>Item Shape</td>
<td>Round</td>
</tr>
<tr>
<td>Weave Type</td>
<td>Flat Woven</td>
</tr>
<tr>
<td>Pile Height</td>
<td>Low Pile</td>
</tr>
<tr>
<td>Construction Type</td>
<td>Machine Made</td>
</tr>
<tr>
<td>Indoor/Outdoor Usage</td>
<td>Indoor</td>
</tr>
<tr>
<td>Special Features</td>
<td>Non Slip</td>
</tr>
<tr>
<td>Pattern</td>
<td>Cartoon</td>
</tr>
<tr>
<td>Theme</td>
<td>Emotional Learning</td>
</tr>
<tr>
<td>Style</td>
<td>Modern</td>
</tr>
<tr>
<td>Number of Pieces</td>
<td>1</td>
</tr>
</table><h3>Material &amp; Care</h3><table border=""1"" cellpadding=""6"" style=""border-collapse:collapse;width:100%"">
<tr>
<th align=""left"" width=""35%"">Item</th>
<th align=""left"">Detail</th>
</tr>
<tr>
<td>Material Type</td>
<td>Faux Wool</td>
</tr>
<tr>
<td>Backing Material</td>
<td>Memory Foam</td>
</tr>
<tr>
<td>Care Instructions</td>
<td>Vacuum regularly or hand/machine wash with cold water</td>
</tr>
</table><h3>Where It Works</h3><p>This educational rug is perfect for classrooms, therapy rooms, reading corners, and other learning spaces. It creates a supportive and emotionally aware environment, suitable for activities promoting emotional regulation and mindfulness.</p>",CHILLGEN,Home & Garden > Decor > Rugs,Rug,"amazon-parent-b0ffsy36rb, classroom, educational, emotions, home-decor, kids-room, modern, round, rug",false,Choose Size,1.6x1.6 ft - XXS (SUPER SMALL),,,,,,,,AMZ-RUG-B0FFT16BSZ-1,0.0,,0,deny,manual,24.90,33.20,true,false,,,,,"",https://cdn.shopify.com/s/files/1/1023/0068/0561/files/64a4d920c29474181293cf9c40adc69c117cb8a8e8dc737e27ec8732541efbab.jpg?v=1789060097,1,"Feeling Wheel Chart Rug for Classroom - Round Emotional Regulation Mat, Calming Corner Decor, Mental Health Composition Notebook Carpet, Back to School Gift",false,,"This modern round faux wool rug features a non-slip design, perfect for educational settings like classrooms and therapy rooms.",598,,,,,,,,,,,B0FFSY36RB,,,,,lb,,,draft
personalized-feeling-wheel-chart-rug-machine-washable,,,,,,,,,2x2 ft - XS (1 Kid),,,,,,,,AMZ-RUG-B0FFT16BSZ-2,0.0,,0,deny,manual,31.90,42.53,true,false,,,,,"",https://cdn.shopify.com/s/files/1/1023/0068/0561/files/93311e4a158e8cce7db988fd56e5bb4f08744605cdb7b92505a098541ebe119d.jpg?v=1789060097,2,"Feeling Wheel Chart Rug for Classroom - Round Emotional Regulation Mat, Calming Corner Decor, Mental Health Composition Notebook Carpet, Back to School Gift",,,,,,,,,,,,,,,,,,,,lb,,,
personalized-feeling-wheel-chart-rug-machine-washable,,,,,,,,,3x3 ft - S (2 Kids),,,,,,,,AMZ-RUG-B0FFT16BSZ-3,0.0,,0,deny,manual,49.90,66.53,true,false,,,,,"",https://cdn.shopify.com/s/files/1/1023/0068/0561/files/38b257562c8b6c3e7f4a62787a30e26389740c51f8faac00811e5b30a99a96f5.jpg?v=1789060097,3,"Feeling Wheel Chart Rug for Classroom - Round Emotional Regulation Mat, Calming Corner Decor, Mental Health Composition Notebook Carpet, Back to School Gift",,,,,,,,,,,,,,,,,,,,lb,,,
personalized-feeling-wheel-chart-rug-machine-washable,,,,,,,,,4x4 ft - M (3 - 4 Kids),,,,,,,,AMZ-RUG-B0FFT16BSZ-4,0.0,,0,deny,manual,59.90,79.87,true,false,,,,,"",https://cdn.shopify.com/s/files/1/1023/0068/0561/files/b460e4026bd7951db09235273a1c6f3f6c0ceff8ad729b015d6492810efeda72.jpg?v=1789060097,4,"Feeling Wheel Chart Rug for Classroom - Round Emotional Regulation Mat, Calming Corner Decor, Mental Health Composition Notebook Carpet, Back to School Gift",,,,,,,,,,,,,,,,,,,,lb,,,
personalized-feeling-wheel-chart-rug-machine-washable,,,,,,,,,5x5 ft - L (5 - 7 Kids),,,,,,,,AMZ-RUG-B0FFT16BSZ-5,0.0,,0,deny,manual,89.90,119.87,true,false,,,,,"",https://cdn.shopify.com/s/files/1/1023/0068/0561/files/e1df6554027d462f11f68e8d4568e1310045b9b892b629732822f8dd6a816935.jpg?v=1789060097,5,"Feeling Wheel Chart Rug for Classroom - Round Emotional Regulation Mat, Calming Corner Decor, Mental Health Composition Notebook Carpet, Back to School Gift",,,,,,,,,,,,,,,,,,,,lb,,,
personalized-feeling-wheel-chart-rug-machine-washable,,,,,,,,,6x6 ft - XL (8 - 12 Kids),,,,,,,,AMZ-RUG-B0FFT16BSZ-6,0.0,,0,deny,manual,124.90,166.53,true,false,,,,,"",https://cdn.shopify.com/s/files/1/1023/0068/0561/files/0046a2ea4e32f0d8bf5d241d696e9dfafd917e2f13c018811889d59af98b6acb.jpg?v=1789060097,6,"Feeling Wheel Chart Rug for Classroom - Round Emotional Regulation Mat, Calming Corner Decor, Mental Health Composition Notebook Carpet, Back to School Gift",,,,,,,,,,,,,,,,,,,,lb,,,
personalized-feeling-wheel-composition-notebook-art-area-rug-non-slip,"Personalized Feeling Wheel Composition Notebook Art Area Rug, Non Slip","<p>This round educational rug is designed to help children identify and express their feelings in a fun and visual way. Featuring a colorful feeling wheel chart, it serves as a valuable tool for emotional regulation and mindfulness, making it a special addition to any learning or play space. Its playful composition notebook style adds warmth and personality, while supporting healthy classroom routines.</p><h3>Product Highlights</h3><ul>
<li>Features a colorful feeling wheel chart for emotional learning.</li>
<li>Supports emotional development and mindfulness for children.</li>
<li>Inspired by classroom doodles with cheerful icons.</li>
<li>Made from high-quality polyester for comfort and durability.</li>
<li>Machine washable for easy cleaning and maintenance.</li>
<li>Versatile for use as a seating mat or calming corner rug.</li>
</ul><h3>Specifications</h3><table border=""1"" cellpadding=""6"" style=""border-collapse:collapse;width:100%"">
<tr>
<th align=""left"" width=""35%"">Attribute</th>
<th align=""left"">Value</th>
</tr>
<tr>
<td>Rug Form</td>
<td>Area Rug</td>
</tr>
<tr>
<td>Item Shape</td>
<td>Round</td>
</tr>
<tr>
<td>Weave Type</td>
<td>Flat Woven</td>
</tr>
<tr>
<td>Pile Height</td>
<td>Low Pile</td>
</tr>
<tr>
<td>Construction Type</td>
<td>Machine Made</td>
</tr>
<tr>
<td>Indoor/Outdoor Usage</td>
<td>Indoor</td>
</tr>
<tr>
<td>Special Features</td>
<td>Non Slip</td>
</tr>
<tr>
<td>Pattern</td>
<td>Cartoon</td>
</tr>
<tr>
<td>Theme</td>
<td>Emotional Learning</td>
</tr>
<tr>
<td>Style</td>
<td>Modern</td>
</tr>
<tr>
<td>Number of Pieces</td>
<td>1</td>
</tr>
</table><h3>Material &amp; Care</h3><table border=""1"" cellpadding=""6"" style=""border-collapse:collapse;width:100%"">
<tr>
<th align=""left"" width=""35%"">Item</th>
<th align=""left"">Detail</th>
</tr>
<tr>
<td>Material Type</td>
<td>Faux Wool</td>
</tr>
<tr>
<td>Backing Material</td>
<td>Memory Foam</td>
</tr>
<tr>
<td>Care Instructions</td>
<td>Vacuum regularly or hand/machine wash with cold water</td>
</tr>
</table><h3>Where It Works</h3><p>This versatile rug is ideal for classrooms, therapy rooms, reading corners, and play areas. It functions effectively as a seating mat, classroom welcome mat, or a calming corner rug, creating an emotionally aware and supportive environment for children.</p>",CHILLGEN,Home & Garden > Decor > Rugs,Rug,"amazon-parent-b0ffsy36rb, classroom, educational, emotional-learning, home-decor, kids-room, modern, round-rug, rug",false,Choose Size,1.6x1.6 ft - XXS (SUPER SMALL),,,,,,,,AMZ-RUG-B0FNRPQGRQ-1,0.0,,0,deny,manual,24.90,33.20,true,false,,,,,"",https://cdn.shopify.com/s/files/1/1023/0068/0561/files/3421e67ae8885488ae03182353aa4379a76b7acd0d904d43cf50b58f945c144a.jpg?v=1789060145,1,"Feeling Wheel Chart Rug for Classroom - Round Emotional Regulation Mat, Calming Corner Decor, Mental Health Composition Notebook Carpet, Back to School Gift",false,,"Modern round faux wool rug with a non-slip backing, featuring an educational emotion wheel for classrooms and calming corners.",598,,,,,,,,,,,B0FFSY36RB,,,,,lb,,,draft
personalized-feeling-wheel-composition-notebook-art-area-rug-non-slip,,,,,,,,,2x2 ft - XS (1 Kid),,,,,,,,AMZ-RUG-B0FNRPQGRQ-2,0.0,,0,deny,manual,31.90,42.53,true,false,,,,,"",https://cdn.shopify.com/s/files/1/1023/0068/0561/files/bfebfe10e3d46989e7482445fb6bc2ba406c57f9fd7784f47b9bb1a84d2d4b34.jpg?v=1789060145,2,"Feeling Wheel Chart Rug for Classroom - Round Emotional Regulation Mat, Calming Corner Decor, Mental Health Composition Notebook Carpet, Back to School Gift",,,,,,,,,,,,,,,,,,,,lb,,,
personalized-feeling-wheel-composition-notebook-art-area-rug-non-slip,,,,,,,,,3x3 ft - S (2 Kids),,,,,,,,AMZ-RUG-B0FNRPQGRQ-3,0.0,,0,deny,manual,49.90,66.53,true,false,,,,,"",https://cdn.shopify.com/s/files/1/1023/0068/0561/files/78ee8325d0a8bdac5398192d2a2a841a65794d61556d11ee213c826b7a51c551.jpg?v=1789060145,3,"Feeling Wheel Chart Rug for Classroom - Round Emotional Regulation Mat, Calming Corner Decor, Mental Health Composition Notebook Carpet, Back to School Gift",,,,,,,,,,,,,,,,,,,,lb,,,
personalized-feeling-wheel-composition-notebook-art-area-rug-non-slip,,,,,,,,,4x4 ft - M (3 - 4 Kids),,,,,,,,AMZ-RUG-B0FNRPQGRQ-4,0.0,,0,deny,manual,59.90,79.87,true,false,,,,,"",https://cdn.shopify.com/s/files/1/1023/0068/0561/files/68f52dc0eb0f71fcbb513bd233e1a22c034c5acf96477176bb1a109e64f285fc.jpg?v=1789060145,4,"Feeling Wheel Chart Rug for Classroom - Round Emotional Regulation Mat, Calming Corner Decor, Mental Health Composition Notebook Carpet, Back to School Gift",,,,,,,,,,,,,,,,,,,,lb,,,
personalized-feeling-wheel-composition-notebook-art-area-rug-non-slip,,,,,,,,,5x5 ft - L (5 - 7 Kids),,,,,,,,AMZ-RUG-B0FNRPQGRQ-5,0.0,,0,deny,manual,89.90,119.87,true,false,,,,,"",https://cdn.shopify.com/s/files/1/1023/0068/0561/files/9c0915ef4125ba9e7d3f986b1d8e672d0b82fef264aad445c13775d60c24c611.jpg?v=1789060145,5,"Feeling Wheel Chart Rug for Classroom - Round Emotional Regulation Mat, Calming Corner Decor, Mental Health Composition Notebook Carpet, Back to School Gift",,,,,,,,,,,,,,,,,,,,lb,,,
personalized-feeling-wheel-composition-notebook-art-area-rug-non-slip,,,,,,,,,6x6 ft - XL (8 - 12 Kids),,,,,,,,AMZ-RUG-B0FNRPQGRQ-6,0.0,,0,deny,manual,124.90,166.53,true,false,,,,,"",https://cdn.shopify.com/s/files/1/1023/0068/0561/files/a2089db4b68d760d62300c7dde7c92c545cbe7fc137af17262d10aa6c8487015.jpg?v=1789060145,6,"Feeling Wheel Chart Rug for Classroom - Round Emotional Regulation Mat, Calming Corner Decor, Mental Health Composition Notebook Carpet, Back to School Gift",,,,,,,,,,,,,,,,,,,,lb,,,
personalized-emotions-wheel-learning-rug-machine-washable,"Personalized Emotions Wheel Learning Rug, Machine Washable","<p>This round educational rug features a colorful feeling wheel chart, designed to help children identify and express their emotions. Its playful composition notebook style, adorned with doodles and cheerful icons, brings warmth and personality to any learning space. This rug serves as a valuable tool for emotional regulation and mindfulness in classrooms or play areas.</p><h3>Product Highlights</h3><ul>
<li>Colorful feeling wheel chart for emotional learning and expression.</li>
<li>Supports emotional development and mindfulness for children.</li>
<li>Playful composition notebook style with cheerful icons.</li>
<li>Soft, durable, and comfortable high-quality polyester material.</li>
<li>Machine washable for easy maintenance.</li>
<li>Versatile for classrooms, calming corners, or play areas.</li>
</ul><h3>Specifications</h3><table border=""1"" cellpadding=""6"" style=""border-collapse:collapse;width:100%"">
<tr>
<th align=""left"" width=""35%"">Attribute</th>
<th align=""left"">Value</th>
</tr>
<tr>
<td>Rug Form</td>
<td>Area Rug</td>
</tr>
<tr>
<td>Item Shape</td>
<td>Round</td>
</tr>
<tr>
<td>Weave Type</td>
<td>Flat Woven</td>
</tr>
<tr>
<td>Pile Height</td>
<td>Low Pile</td>
</tr>
<tr>
<td>Construction Type</td>
<td>Machine Made</td>
</tr>
<tr>
<td>Indoor/Outdoor Usage</td>
<td>Indoor</td>
</tr>
<tr>
<td>Pattern</td>
<td>Cartoon</td>
</tr>
<tr>
<td>Theme</td>
<td>Wheel of Feeling</td>
</tr>
<tr>
<td>Style</td>
<td>Modern</td>
</tr>
<tr>
<td>Number of Pieces</td>
<td>1</td>
</tr>
<tr>
<td>Special Features</td>
<td>Non Slip</td>
</tr>
</table><h3>Material &amp; Care</h3><table border=""1"" cellpadding=""6"" style=""border-collapse:collapse;width:100%"">
<tr>
<th align=""left"" width=""35%"">Item</th>
<th align=""left"">Detail</th>
</tr>
<tr>
<td>Material Type</td>
<td>Faux Wool</td>
</tr>
<tr>
<td>Backing Material</td>
<td>Memory Foam</td>
</tr>
<tr>
<td>Care Instructions</td>
<td>Vacuum regularly or hand/machine wash with cold water</td>
</tr>
</table><h3>Where It Works</h3><p>This versatile round rug is perfect for classrooms, therapy rooms, reading corners, and calming areas. It functions as an engaging seating mat, a welcoming classroom accent, or a comfortable addition to any play space designed to foster emotional awareness in children.</p>",CHILLGEN,Home & Garden > Decor > Rugs,Rug,"amazon-parent-b0ffsy36rb, educational rug, home-decor, indoor, kids room, low pile, modern, round, rug",false,Choose Size,1.6x1.6 ft - XXS (SUPER SMALL),,,,,,,,AMZ-RUG-B0FFSY36RB-1,0.0,,0,deny,manual,24.90,33.20,true,false,,,,,"",https://cdn.shopify.com/s/files/1/1023/0068/0561/files/2a6ac742d18df2218d54cd9e944c617c499c67ecc0c4087a84e1e24aa0349a72.jpg?v=1789060146,1,"Feeling Wheel Chart Rug for Classroom - Round Emotional Regulation Mat, Calming Corner Decor, Mental Health Composition Notebook Carpet, Back to School Gift",false,,"Modern round rug with a cartoon feeling wheel chart, made of faux wool with a non-slip backing, perfect for indoor classroom use.",598,,,,,,,,,,,B0FFSY36RB,,,,,lb,,,draft
personalized-emotions-wheel-learning-rug-machine-washable,,,,,,,,,2x2 ft - XS (1 Kid),,,,,,,,AMZ-RUG-B0FFSY36RB-2,0.0,,0,deny,manual,31.90,42.53,true,false,,,,,"",https://cdn.shopify.com/s/files/1/1023/0068/0561/files/dc680bdfcebff81af611c326f815ef27dfcf4b7f64b88a6ab0fe7f46e6e1ffb5.jpg?v=1789060146,2,"Feeling Wheel Chart Rug for Classroom - Round Emotional Regulation Mat, Calming Corner Decor, Mental Health Composition Notebook Carpet, Back to School Gift",,,,,,,,,,,,,,,,,,,,lb,,,
personalized-emotions-wheel-learning-rug-machine-washable,,,,,,,,,3x3 ft - S (2 Kids),,,,,,,,AMZ-RUG-B0FFSY36RB-3,0.0,,0,deny,manual,49.90,66.53,true,false,,,,,"",https://cdn.shopify.com/s/files/1/1023/0068/0561/files/51a98bb5cfba26ef66ea153b6ce646f6fb09ae4e5e9a1f9373e1018333b90703.jpg?v=1789060146,3,"Feeling Wheel Chart Rug for Classroom - Round Emotional Regulation Mat, Calming Corner Decor, Mental Health Composition Notebook Carpet, Back to School Gift",,,,,,,,,,,,,,,,,,,,lb,,,
personalized-emotions-wheel-learning-rug-machine-washable,,,,,,,,,4x4 ft - M (3 - 4 Kids),,,,,,,,AMZ-RUG-B0FFSY36RB-4,0.0,,0,deny,manual,59.90,79.87,true,false,,,,,"",https://cdn.shopify.com/s/files/1/1023/0068/0561/files/afd11ae91aafd7f5ecc6d497879b1c024146014e18a09f20b199a6e18e7061f7.jpg?v=1789060146,4,"Feeling Wheel Chart Rug for Classroom - Round Emotional Regulation Mat, Calming Corner Decor, Mental Health Composition Notebook Carpet, Back to School Gift",,,,,,,,,,,,,,,,,,,,lb,,,
personalized-emotions-wheel-learning-rug-machine-washable,,,,,,,,,5x5 ft - L (5 - 7 Kids),,,,,,,,AMZ-RUG-B0FFSY36RB-5,0.0,,0,deny,manual,89.90,119.87,true,false,,,,,"",https://cdn.shopify.com/s/files/1/1023/0068/0561/files/0d2b6592a0f5657656598b972607c4463a97b72f30e608e4b992627b9011b5ab.jpg?v=1789060146,5,"Feeling Wheel Chart Rug for Classroom - Round Emotional Regulation Mat, Calming Corner Decor, Mental Health Composition Notebook Carpet, Back to School Gift",,,,,,,,,,,,,,,,,,,,lb,,,
personalized-emotions-wheel-learning-rug-machine-washable,,,,,,,,,6x6 ft - XL (8 - 12 Kids),,,,,,,,AMZ-RUG-B0FFSY36RB-6,0.0,,0,deny,manual,124.90,166.53,true,false,,,,,"",https://cdn.shopify.com/s/files/1/1023/0068/0561/files/7ba43f8b0f442ec8bcf04aa953ce7b3798123c6cf5d7b152211042761a287bf1.jpg?v=1789060146,6,"Feeling Wheel Chart Rug for Classroom - Round Emotional Regulation Mat, Calming Corner Decor, Mental Health Composition Notebook Carpet, Back to School Gift",,,,,,,,,,,,,,,,,,,,lb,,,
personalized-religious-quote-with-family-name-doormat-entryway-decor,"Personalized Religious Quote with Family Name Doormat, Entryway Decor","<p>This personalized Christian welcome mat offers a faith-filled design, perfect for creating a warm and spiritually enriching entryway. It features uplifting messages and can be customized with text, making it a unique addition to any home. Designed for both indoor and outdoor use, this doormat helps maintain clean floors while adding a personal touch.</p><h3>Product Highlights</h3><ul>
<li>Features Christian-themed designs and uplifting messages.</li>
<li>Allows for customization with desired text.</li>
<li>Provides a soft touch under bare feet.</li>
<li>Equipped with a non-slip backing for stability.</li>
<li>Suitable for various indoor and outdoor settings.</li>
<li>Designed to dry wet feet and capture dirt effectively.</li>
</ul><h3>Specifications</h3><table border=""1"" cellpadding=""6"" style=""border-collapse:collapse;width:100%"">
<tr>
<th align=""left"" width=""35%"">Attribute</th>
<th align=""left"">Value</th>
</tr>
<tr>
<td>Rug Form</td>
<td>Doormat</td>
</tr>
<tr>
<td>Item Shape</td>
<td>Rectangular</td>
</tr>
<tr>
<td>Weave Type</td>
<td>Sponge - Memory Foam</td>
</tr>
<tr>
<td>Pile Height</td>
<td>Low Pile</td>
</tr>
<tr>
<td>Construction Type</td>
<td>Machine Made</td>
</tr>
<tr>
<td>Indoor/Outdoor Usage</td>
<td>Both</td>
</tr>
<tr>
<td>Room Type</td>
<td>Multiple</td>
</tr>
<tr>
<td>Water Resistance</td>
<td>Water Resistant</td>
</tr>
<tr>
<td>Special Features</td>
<td>Washable</td>
</tr>
<tr>
<td>Pattern</td>
<td>Bible</td>
</tr>
<tr>
<td>Theme</td>
<td>customized prayer mat with name</td>
</tr>
<tr>
<td>Style</td>
<td>Christian, Jesus, Bible</td>
</tr>
<tr>
<td>Number of Pieces</td>
<td>1</td>
</tr>
</table><h3>Material &amp; Care</h3><table border=""1"" cellpadding=""6"" style=""border-collapse:collapse;width:100%"">
<tr>
<th align=""left"" width=""35%"">Item</th>
<th align=""left"">Detail</th>
</tr>
<tr>
<td>Material Type</td>
<td>Memory Foam</td>
</tr>
<tr>
<td>Backing Material</td>
<td>Rubber</td>
</tr>
<tr>
<td>Care Instructions</td>
<td>Machine Wash</td>
</tr>
<tr>
<td>Cleaning Method</td>
<td>Hose or sponge clean with water and mild liquid soap</td>
</tr>
<tr>
<td>Drying</td>
<td>Air dry</td>
</tr>
</table><h3>Where It Works</h3><p>This versatile doormat is suitable for placement in various locations, including bedrooms, bathrooms, and living rooms. It is also ideal for use at the front door, enhancing both indoor and outdoor entryways with a welcoming and blessed atmosphere.</p>",CHILLGEN,Home & Garden > Decor > Door Mats,Rug,"amazon-parent-b0fjrv8vwd, bible, christian, doormat, home-decor, machine-made, personalized, rectangular, rug",false,Custom Product Size,20x14 Inches (Mini size),,,,,,,,AMZ-RUG-B0FJRY1GS3-1,0.0,,0,deny,manual,21.90,29.20,true,false,,,,,"",https://cdn.shopify.com/s/files/1/1023/0068/0561/files/a6bcf0edf5c94217e38208548da85d779e0955599a2c92b5e65b740f2d552797.jpg?v=1789060741,1,"Personalized Religious Quote with Family Name Doormat, Entryway Decor",false,,"This Christian-style doormat offers personalization and a non-slip backing, suitable for indoor and outdoor entryways.",2675,,,,,,,,,,,B0FJRV8VWD,,,,,lb,,,draft
personalized-religious-quote-with-family-name-doormat-entryway-decor,,,,,,,,,24x16 Inches (40x60 cm),,,,,,,,AMZ-RUG-B0FJRY1GS3-2,0.0,,0,deny,manual,25.90,34.53,true,false,,,,,"",https://cdn.shopify.com/s/files/1/1023/0068/0561/files/e25dec7035e9d76ee24d9dcc821ad61bfb0664cceb72d52246db6c56fdf87f6f.jpg?v=1789060741,2,"Personalized Religious Quote with Family Name Doormat, Entryway Decor",,,,,,,,,,,,,,,,,,,,lb,,,
personalized-religious-quote-with-family-name-doormat-entryway-decor,,,,,,,,,32x20 Inches (50x80 cm),,,,,,,,AMZ-RUG-B0FJRY1GS3-3,0.0,,0,deny,manual,27.90,37.20,true,false,,,,,"",https://cdn.shopify.com/s/files/1/1023/0068/0561/files/42b663b04102617340d0a3218b46ed400945be48151cb2c77f6b8f074701efba.jpg?v=1789060741,3,"Personalized Religious Quote with Family Name Doormat, Entryway Decor",,,,,,,,,,,,,,,,,,,,lb,,,
personalized-religious-quote-with-family-name-doormat-entryway-decor,,,,,,,,,36x24 Inches (60x90cm),,,,,,,,AMZ-RUG-B0FJRY1GS3-4,0.0,,0,deny,manual,33.90,45.20,true,false,,,,,"",https://cdn.shopify.com/s/files/1/1023/0068/0561/files/9ada8670cf5ece0c3543f4a4c2395135c1fdcfeb3aaf58a3c5b25bda4b4fbed4.jpg?v=1789060741,4,"Personalized Religious Quote with Family Name Doormat, Entryway Decor",,,,,,,,,,,,,,,,,,,,lb,,,
personalized-religious-quote-with-family-name-doormat-entryway-decor,,,,,,,,,,,,,,,,,,,,,,,,,,,,,,,"",https://cdn.shopify.com/s/files/1/1023/0068/0561/files/1cea3eeed7678179cdb3eca83ddbf72cb788ce428980c42e5b644bc5d9721a54.jpg?v=1789060741,5,"Personalized Religious Quote with Family Name Doormat, Entryway Decor",,,,,,,,,,,,,,,,,,,,,,,
personalized-religious-quote-with-family-name-doormat-entryway-decor,,,,,,,,,,,,,,,,,,,,,,,,,,,,,,,"",https://cdn.shopify.com/s/files/1/1023/0068/0561/files/971b9b4d6d13179d26bf39556bd7e9f02b342814c02b2f67a159d0c7771177e1.jpg?v=1789060741,6,"Personalized Religious Quote with Family Name Doormat, Entryway Decor",,,,,,,,,,,,,,,,,,,,,,,
personalized-religious-quote-with-family-name-doormat-entryway-decor,,,,,,,,,,,,,,,,,,,,,,,,,,,,,,,"",https://cdn.shopify.com/s/files/1/1023/0068/0561/files/a6bcf0edf5c94217e38208548da85d779e0955599a2c92b5e65b740f2d552797_9ec8cf22-47d7-4faa-a9a4-0a7108c1a65f.jpg?v=1789097812,7,"Personalized Religious Quote with Family Name Doormat, Entryway Decor",,,,,,,,,,,,,,,,,,,,,,,
personalized-religious-quote-with-family-name-doormat-entryway-decor,,,,,,,,,,,,,,,,,,,,,,,,,,,,,,,"",https://cdn.shopify.com/s/files/1/1023/0068/0561/files/e25dec7035e9d76ee24d9dcc821ad61bfb0664cceb72d52246db6c56fdf87f6f_28f282aa-104b-4385-9b46-f1eb0c80e4d3.jpg?v=1789097812,8,"Personalized Religious Quote with Family Name Doormat, Entryway Decor",,,,,,,,,,,,,,,,,,,,,,,
personalized-religious-quote-with-family-name-doormat-entryway-decor,,,,,,,,,,,,,,,,,,,,,,,,,,,,,,,"",https://cdn.shopify.com/s/files/1/1023/0068/0561/files/42b663b04102617340d0a3218b46ed400945be48151cb2c77f6b8f074701efba_20225e78-cdaa-4ed6-a700-9c0f4d228051.jpg?v=1789097811,9,"Personalized Religious Quote with Family Name Doormat, Entryway Decor",,,,,,,,,,,,,,,,,,,,,,,
personalized-religious-quote-with-family-name-doormat-entryway-decor,,,,,,,,,,,,,,,,,,,,,,,,,,,,,,,"",https://cdn.shopify.com/s/files/1/1023/0068/0561/files/9ada8670cf5ece0c3543f4a4c2395135c1fdcfeb3aaf58a3c5b25bda4b4fbed4_4b5658b7-a2dd-46b6-81c8-11efb6468796.jpg?v=1789097812,10,"Personalized Religious Quote with Family Name Doormat, Entryway Decor",,,,,,,,,,,,,,,,,,,,,,,
personalized-religious-quote-with-family-name-doormat-entryway-decor,,,,,,,,,,,,,,,,,,,,,,,,,,,,,,,"",https://cdn.shopify.com/s/files/1/1023/0068/0561/files/1cea3eeed7678179cdb3eca83ddbf72cb788ce428980c42e5b644bc5d9721a54_0d7b31d1-40c4-4b28-826c-7659ed6c64ea.jpg?v=1789097811,11,"Personalized Religious Quote with Family Name Doormat, Entryway Decor",,,,,,,,,,,,,,,,,,,,,,,
personalized-religious-quote-with-family-name-doormat-entryway-decor,,,,,,,,,,,,,,,,,,,,,,,,,,,,,,,"",https://cdn.shopify.com/s/files/1/1023/0068/0561/files/971b9b4d6d13179d26bf39556bd7e9f02b342814c02b2f67a159d0c7771177e1_539f9ef9-4f3c-4e64-80e3-fbce01022e6f.jpg?v=1789097812,12,"Personalized Religious Quote with Family Name Doormat, Entryway Decor",,,,,,,,,,,,,,,,,,,,,,,
personalized-nautical-anchor-with-rope-doormat-design-12,Personalized Nautical Anchor with Rope Doormat - Design 12,"<p>This personalized doormat offers a unique way to welcome guests with a nautical flair. Featuring an anchor design and customizable with a boat name or location, it adds a special touch to any marine setting. It serves as an ideal welcome mat for boat owners and enthusiasts alike.</p><h3>Product Highlights</h3><ul>
<li>Personalize with boat name or location for a unique welcome.</li>
<li>Features vibrant maritime colors and anchor designs.</li>
<li>Crafted for comfort and durability in outdoor conditions.</li>
<li>Includes anti-slip pads to keep the mat securely in place.</li>
<li>Easy to clean by shaking, vacuuming, or wiping with a damp cloth.</li>
</ul><h3>Specifications</h3><table border=""1"" cellpadding=""6"" style=""border-collapse:collapse;width:100%"">
<tr>
<th align=""left"" width=""35%"">Attribute</th>
<th align=""left"">Value</th>
</tr>
<tr>
<td>Rug Form</td>
<td>Doormat</td>
</tr>
<tr>
<td>Item Shape</td>
<td>Rectangular</td>
</tr>
<tr>
<td>Weave Type</td>
<td>Flat Woven</td>
</tr>
<tr>
<td>Pile Height</td>
<td>Low Pile</td>
</tr>
<tr>
<td>Construction Type</td>
<td>Machine Made</td>
</tr>
<tr>
<td>Indoor/Outdoor Usage</td>
<td>Both</td>
</tr>
<tr>
<td>Water Resistance</td>
<td>Water Repellent</td>
</tr>
<tr>
<td>Pattern</td>
<td>Anchor</td>
</tr>
<tr>
<td>Theme</td>
<td>Nautical</td>
</tr>
<tr>
<td>Style</td>
<td>Nautical</td>
</tr>
<tr>
<td>Number of Pieces</td>
<td>1</td>
</tr>
</table><h3>Material &amp; Care</h3><table border=""1"" cellpadding=""6"" style=""border-collapse:collapse;width:100%"">
<tr>
<th align=""left"" width=""35%"">Item</th>
<th align=""left"">Detail</th>
</tr>
<tr>
<td>Material Type</td>
<td>Polyester</td>
</tr>
<tr>
<td>Backing Material</td>
<td>Polyester</td>
</tr>
<tr>
<td>Surface/Feel</td>
<td>Soft memory sponge</td>
</tr>
<tr>
<td>Care Instructions</td>
<td>Spot Clean Only</td>
</tr>
<tr>
<td>Cleaning Method</td>
<td>Wipe with a damp cloth, shake outdoors, or vacuum lightly</td>
</tr>
</table><h3>Where It Works</h3><p>This nautical doormat is suitable for various marine environments, including cabins, ships, yachts, fishing boats, and dockside areas. Its durable design also makes it appropriate for high-traffic boat decks, marina entries, and coastal homes.</p>",CHILLGEN,Services > Building & Construction Services > Outdoor Construction,Rug,"amazon-parent-b0fhqgp3v4, anchor, boat, custom, doormat, home-decor, nautical, personalized, rug",false,Choose Size,16 x 16 Inches (OUT OF STOCK),,,,,,,,AMZ-RUG-B0FHQCS11F-1,0.0,,0,deny,manual,21.90,27.38,true,false,,,,,"",https://cdn.shopify.com/s/files/1/1023/0068/0561/files/09081037897cd946af7329fc5d2e40c0c5a1d15575024dfc81a31d4198cfc599.jpg?v=1789061471,1,"Personalized Nautical Doormat with Boat Name & Location – Custom Anchor Welcome Mat for Fishing Boat, Yacht, or Dock – Outdoor Indoor Floor Rug for Cabin, Ship (Nautical 12)",false,,"This nautical style doormat is personalized with an anchor design, perfect for boats, docks, and coastal homes.",,,,,,,,,,,,B0FHQGP3V4,,,,,lb,,,draft
personalized-nautical-anchor-with-rope-doormat-design-12,,,,,,,,,16 x 24 Inches,,,,,,,,AMZ-RUG-B0FHQCS11F-2,0.0,,0,deny,manual,25.89,32.36,true,false,,,,,"",https://cdn.shopify.com/s/files/1/1023/0068/0561/files/b5e7d5b255f3d66408c989d20b29eb4179d4415c6eeda4efc26c3c47f843033f.jpg?v=1789061471,2,"Personalized Nautical Doormat with Boat Name & Location – Custom Anchor Welcome Mat for Fishing Boat, Yacht, or Dock – Outdoor Indoor Floor Rug for Cabin, Ship (Nautical 12)",,,,,,,,,,,,,,,,,,,,lb,,,
personalized-nautical-anchor-with-rope-doormat-design-12,,,,,,,,,20 x 32 Inches - 🔥 BEST SELLER 🔥,,,,,,,,AMZ-RUG-B0FHQCS11F-3,0.0,,0,deny,manual,31.89,39.86,true,false,,,,,"",https://cdn.shopify.com/s/files/1/1023/0068/0561/files/8a855b8465542191246a89bb493732bbdf13bab45c2c1ec74d8cceea4393a03f.jpg?v=1789061471,3,"Personalized Nautical Doormat with Boat Name & Location – Custom Anchor Welcome Mat for Fishing Boat, Yacht, or Dock – Outdoor Indoor Floor Rug for Cabin, Ship (Nautical 12)",,,,,,,,,,,,,,,,,,,,lb,,,
personalized-nautical-anchor-with-rope-doormat-design-12,,,,,,,,,24 x 36 Inches,,,,,,,,AMZ-RUG-B0FHQCS11F-4,0.0,,0,deny,manual,37.89,47.36,true,false,,,,,"",https://cdn.shopify.com/s/files/1/1023/0068/0561/files/090bb9adc57ce42104d3d35431061d9a19392b4978eee64a097ed7e4c878943b.jpg?v=1789061471,4,"Personalized Nautical Doormat with Boat Name & Location – Custom Anchor Welcome Mat for Fishing Boat, Yacht, or Dock – Outdoor Indoor Floor Rug for Cabin, Ship (Nautical 12)",,,,,,,,,,,,,,,,,,,,lb,,,
personalized-nautical-anchor-with-rope-doormat-design-12,,,,,,,,,,,,,,,,,,,,,,,,,,,,,,,"",https://cdn.shopify.com/s/files/1/1023/0068/0561/files/e060a143ddd04ca4553019fdfe8754c7d3374cf16e286fd7f096a10a20c0cdca.jpg?v=1789061471,5,"Personalized Nautical Doormat with Boat Name & Location – Custom Anchor Welcome Mat for Fishing Boat, Yacht, or Dock – Outdoor Indoor Floor Rug for Cabin, Ship (Nautical 12)",,,,,,,,,,,,,,,,,,,,,,,
personalized-nautical-anchor-with-rope-doormat-design-12,,,,,,,,,,,,,,,,,,,,,,,,,,,,,,,"",https://cdn.shopify.com/s/files/1/1023/0068/0561/files/e83b156ec8661ff53e0295291f5e956a3851ae0983b098b7e32a89815dcc634e.jpg?v=1789061471,6,"Personalized Nautical Doormat with Boat Name & Location – Custom Anchor Welcome Mat for Fishing Boat, Yacht, or Dock – Outdoor Indoor Floor Rug for Cabin, Ship (Nautical 12)",,,,,,,,,,,,,,,,,,,,,,,
personalized-nautical-anchor-with-boat-name-doormat-nautical-15,Personalized Nautical Anchor with Boat Name Doormat - Nautical 15,"<p>This personalized anchor doormat adds a nautical touch to any boat, dock, or marina entryway. Featuring vibrant maritime colors and an anchor design, it enhances the aesthetic of marine spaces. It is designed to be a welcoming accent for yacht owners, fishing boats, or anyone who enjoys a coastal lifestyle.</p><h3>Product Highlights</h3><ul>
<li>Personalize with boat name, family name, or location</li>
<li>Features vibrant maritime colors and anchor designs</li>
<li>Crafted from high-quality polyester and soft memory sponge</li>
<li>Includes anti-slip pads to keep it securely in place</li>
<li>Easy to clean and maintain for high-traffic areas</li>
</ul><h3>Specifications</h3><table border=""1"" cellpadding=""6"" style=""border-collapse:collapse;width:100%"">
<tr>
<th align=""left"" width=""35%"">Attribute</th>
<th align=""left"">Value</th>
</tr>
<tr>
<td>Rug Form</td>
<td>Doormat</td>
</tr>
<tr>
<td>Item Shape</td>
<td>Rectangular</td>
</tr>
<tr>
<td>Weave Type</td>
<td>Flat Woven</td>
</tr>
<tr>
<td>Pile Height</td>
<td>Low Pile</td>
</tr>
<tr>
<td>Construction Type</td>
<td>Machine Made</td>
</tr>
<tr>
<td>Indoor/Outdoor Usage</td>
<td>Both</td>
</tr>
<tr>
<td>Water Resistance</td>
<td>Water Repellent</td>
</tr>
<tr>
<td>Pattern</td>
<td>Nautical 04</td>
</tr>
<tr>
<td>Theme</td>
<td>Nautical</td>
</tr>
<tr>
<td>Style</td>
<td>Nautical</td>
</tr>
<tr>
<td>Number of Pieces</td>
<td>1</td>
</tr>
</table><h3>Material &amp; Care</h3><table border=""1"" cellpadding=""6"" style=""border-collapse:collapse;width:100%"">
<tr>
<th align=""left"" width=""35%"">Item</th>
<th align=""left"">Detail</th>
</tr>
<tr>
<td>Material Type</td>
<td>Polyester</td>
</tr>
<tr>
<td>Backing Material</td>
<td>Polyester</td>
</tr>
<tr>
<td>Surface/Feel</td>
<td>Soft Memory Sponge</td>
</tr>
<tr>
<td>Care Instructions</td>
<td>Spot Clean Only</td>
</tr>
<tr>
<td>Cleaning Method</td>
<td>Shake outdoors, vacuum, or wipe with a damp cloth</td>
</tr>
</table><h3>Where It Works</h3><p>This versatile doormat is suitable for use in cabins, ships, docks, yachts, fishing boats, marina entries, and coastal homes. Its durable construction makes it ideal for both indoor and outdoor environments.</p>",CHILLGEN,Services > Building & Construction Services > Outdoor Construction,Rug,"amazon-parent-b0fhqgp3v4, custom, doormat, home-decor, indoor-outdoor, low-pile, nautical, rectangular, rug",false,Choose Size,16 x 16 Inches (OUT OF STOCK),,,,,,,,AMZ-RUG-B0FHQHZ41M-1,0.0,,0,deny,manual,21.90,27.38,true,false,,,,,"",https://cdn.shopify.com/s/files/1/1023/0068/0561/files/9aa5f30f80f75a133637174d5cd02909026a615a44fcfbc4af98de10a23c58d9.jpg?v=1789061472,1,Personalized Nautical Anchor with Boat Name Doormat,false,,"Nautical style doormat made from polyester, customizable with a boat name, ideal for cabins, ships, docks, and outdoor areas.",,,,,,,,,,,,B0FHQGP3V4,,,,,lb,,,draft
personalized-nautical-anchor-with-boat-name-doormat-nautical-15,,,,,,,,,16 x 24 Inches,,,,,,,,AMZ-RUG-B0FHQHZ41M-2,0.0,,0,deny,manual,25.89,32.36,true,false,,,,,"",https://cdn.shopify.com/s/files/1/1023/0068/0561/files/1eb2ced8c4b8b61b2cfdc1230066a9ad517301c498e9b92b08faf2bd53d6fa30.jpg?v=1789061472,2,Personalized Nautical Anchor with Boat Name Doormat,,,,,,,,,,,,,,,,,,,,lb,,,
personalized-nautical-anchor-with-boat-name-doormat-nautical-15,,,,,,,,,20 x 32 Inches - 🔥 BEST SELLER 🔥,,,,,,,,AMZ-RUG-B0FHQHZ41M-3,0.0,,0,deny,manual,31.89,39.86,true,false,,,,,"",https://cdn.shopify.com/s/files/1/1023/0068/0561/files/8983b068cec31fa00aee2718860007389b9eef2a1785b4ffa6c3db4d51d12c41.jpg?v=1789061472,3,Personalized Nautical Anchor with Boat Name Doormat,,,,,,,,,,,,,,,,,,,,lb,,,
personalized-nautical-anchor-with-boat-name-doormat-nautical-15,,,,,,,,,24 x 36 Inches,,,,,,,,AMZ-RUG-B0FHQHZ41M-4,0.0,,0,deny,manual,37.89,47.36,true,false,,,,,"",https://cdn.shopify.com/s/files/1/1023/0068/0561/files/7522158500e691e52c7691e683d42ee8a7287f390faa2ce0d9f350a8b69150dc.jpg?v=1789061472,4,Personalized Nautical Anchor with Boat Name Doormat,,,,,,,,,,,,,,,,,,,,lb,,,
personalized-nautical-anchor-with-boat-name-doormat-nautical-15,,,,,,,,,,,,,,,,,,,,,,,,,,,,,,,"",https://cdn.shopify.com/s/files/1/1023/0068/0561/files/f60541b9995621fa4722f28785414a5ff0dde894ff3434ebc377ebc1d4b9e6ef.jpg?v=1789061472,5,Personalized Nautical Anchor with Boat Name Doormat,,,,,,,,,,,,,,,,,,,,,,,
personalized-nautical-anchor-with-boat-name-doormat-nautical-15,,,,,,,,,,,,,,,,,,,,,,,,,,,,,,,"",https://cdn.shopify.com/s/files/1/1023/0068/0561/files/3b86ccd55e9ba72394efc441c580d67e20f7beb58100c0b6278bd65b39a16399.jpg?v=1789061472,6,Personalized Nautical Anchor with Boat Name Doormat,,,,,,,,,,,,,,,,,,,,,,,
personalized-nautical-compass-rose-with-boat-name-doormat,Personalized Nautical Compass Rose with Boat Name Doormat,"<p>This personalized doormat is designed with a nautical theme, featuring vibrant maritime colors and anchor designs. It offers a unique way to welcome guests, perfect for enhancing the aesthetic of various marine-related settings. The mat combines a distinctive style with practical functionality for everyday use.</p><h3>Product Highlights</h3><ul>
<li>Personalize with boat name, family name, or location.</li>
<li>Features vibrant maritime colors and anchor designs.</li>
<li>Crafted from high-quality polyester and soft memory sponge.</li>
<li>Includes anti-slip pads for secure placement.</li>
<li>Easy to clean and maintain for high-traffic areas.</li>
</ul><h3>Specifications</h3><table border=""1"" cellpadding=""6"" style=""border-collapse:collapse;width:100%"">
<tr>
<th align=""left"" width=""35%"">Attribute</th>
<th align=""left"">Value</th>
</tr>
<tr>
<td>Rug Form</td>
<td>Doormat</td>
</tr>
<tr>
<td>Item Shape</td>
<td>Rectangular</td>
</tr>
<tr>
<td>Weave Type</td>
<td>Flat Woven</td>
</tr>
<tr>
<td>Pile Height</td>
<td>Low Pile</td>
</tr>
<tr>
<td>Construction Type</td>
<td>Machine Made</td>
</tr>
<tr>
<td>Indoor/Outdoor Usage</td>
<td>Both</td>
</tr>
<tr>
<td>Water Resistance</td>
<td>Water Repellent</td>
</tr>
<tr>
<td>Pattern</td>
<td>Nautical</td>
</tr>
<tr>
<td>Theme</td>
<td>Nautical</td>
</tr>
<tr>
<td>Style</td>
<td>Nautical</td>
</tr>
<tr>
<td>Number of Pieces</td>
<td>1</td>
</tr>
</table><h3>Material &amp; Care</h3><table border=""1"" cellpadding=""6"" style=""border-collapse:collapse;width:100%"">
<tr>
<th align=""left"" width=""35%"">Item</th>
<th align=""left"">Detail</th>
</tr>
<tr>
<td>Material Type</td>
<td>Polyester</td>
</tr>
<tr>
<td>Backing Material</td>
<td>Polyester</td>
</tr>
<tr>
<td>Care Instructions</td>
<td>Spot Clean Only</td>
</tr>
</table><h3>Where It Works</h3><p>This doormat is suitable for cabins, ships, docks, yachts, fishing boats, and marina entries. It can also be used in coastal homes and other areas where a nautical touch is desired.</p>",CHILLGEN,Services > Building & Construction Services > Outdoor Construction,Rug,"amazon-parent-b0fhqgp3v4, doormat, home-decor, indoor-outdoor, low-pile, nautical, personalized, rectangular, rug",false,Choose Size,16 x 16 Inches (OUT OF STOCK),,,,,,,,AMZ-RUG-B0FHQJM9PL-1,0.0,,0,deny,manual,21.90,27.38,true,false,,,,,"",https://cdn.shopify.com/s/files/1/1023/0068/0561/files/fbc6f98559a39f14a5fa7a897e163d2092d12a74aa308f337384926961ba3ccb.jpg?v=1789061472,1,"Personalized Nautical Doormat with Boat Name & Location – Custom Anchor Welcome Mat for Fishing Boat, Yacht, or Dock – Outdoor Indoor Floor Rug for Cabin, Ship (Nautical 10)",false,,"Nautical doormat with anti-slip pads is perfect for personalized cabin, ship, or dock entryways.",,,,,,,,,,,,B0FHQGP3V4,,,,,lb,,,draft
personalized-nautical-compass-rose-with-boat-name-doormat,,,,,,,,,16 x 24 Inches,,,,,,,,AMZ-RUG-B0FHQJM9PL-2,0.0,,0,deny,manual,25.89,32.36,true,false,,,,,"",https://cdn.shopify.com/s/files/1/1023/0068/0561/files/c97fb5c973fed99994c321c01c4591ed05897f98ce85b49433375337a3e9a980.jpg?v=1789061472,2,"Personalized Nautical Doormat with Boat Name & Location – Custom Anchor Welcome Mat for Fishing Boat, Yacht, or Dock – Outdoor Indoor Floor Rug for Cabin, Ship (Nautical 10)",,,,,,,,,,,,,,,,,,,,lb,,,
personalized-nautical-compass-rose-with-boat-name-doormat,,,,,,,,,20 x 32 Inches - 🔥 BEST SELLER 🔥,,,,,,,,AMZ-RUG-B0FHQJM9PL-3,0.0,,0,deny,manual,31.89,39.86,true,false,,,,,"",https://cdn.shopify.com/s/files/1/1023/0068/0561/files/e026f41c79b51ed2a1a06de9ae7048c9b523e10eee92f707b2c84c3b86d1c606.jpg?v=1789061473,3,"Personalized Nautical Doormat with Boat Name & Location – Custom Anchor Welcome Mat for Fishing Boat, Yacht, or Dock – Outdoor Indoor Floor Rug for Cabin, Ship (Nautical 10)",,,,,,,,,,,,,,,,,,,,lb,,,
personalized-nautical-compass-rose-with-boat-name-doormat,,,,,,,,,24 x 36 Inches,,,,,,,,AMZ-RUG-B0FHQJM9PL-4,0.0,,0,deny,manual,37.89,47.36,true,false,,,,,"",https://cdn.shopify.com/s/files/1/1023/0068/0561/files/bd4581c22af0b77788292ca3ad66cdddaaf57c7e246e1a8411e5bbc0817e4904.jpg?v=1789061472,4,"Personalized Nautical Doormat with Boat Name & Location – Custom Anchor Welcome Mat for Fishing Boat, Yacht, or Dock – Outdoor Indoor Floor Rug for Cabin, Ship (Nautical 10)",,,,,,,,,,,,,,,,,,,,lb,,,
personalized-nautical-compass-rose-with-boat-name-doormat,,,,,,,,,,,,,,,,,,,,,,,,,,,,,,,"",https://cdn.shopify.com/s/files/1/1023/0068/0561/files/3d457f5fe7e0bd89750b3ce3760532a54f9e57f234ae1298a439d36166d46322.jpg?v=1789061473,5,"Personalized Nautical Doormat with Boat Name & Location – Custom Anchor Welcome Mat for Fishing Boat, Yacht, or Dock – Outdoor Indoor Floor Rug for Cabin, Ship (Nautical 10)",,,,,,,,,,,,,,,,,,,,,,,
personalized-nautical-compass-rose-with-boat-name-doormat,,,,,,,,,,,,,,,,,,,,,,,,,,,,,,,"",https://cdn.shopify.com/s/files/1/1023/0068/0561/files/8dcc544f376e01c78e3d7ecda68a25b5ee9c27704d002c31d3f37dae62123f63.jpg?v=1789061472,6,"Personalized Nautical Doormat with Boat Name & Location – Custom Anchor Welcome Mat for Fishing Boat, Yacht, or Dock – Outdoor Indoor Floor Rug for Cabin, Ship (Nautical 10)",,,,,,,,,,,,,,,,,,,,,,,
personalized-anchor-rope-pattern-doormat-for-boat-owners,Personalized Anchor Rope Pattern Doormat for Boat Owners,"<p>This custom anchor doormat adds a unique nautical touch to any space, perfect for boat owners and marine enthusiasts. It allows for personalization with a boat name or family name, creating a one-of-a-kind welcome for cabins, ships, or docks. The design features vibrant maritime colors and an anchor motif, blending style with practical use in high-traffic areas.</p><h3>Product Highlights</h3><ul>
<li>Personalize with boat name or family name for a unique welcome.</li>
<li>Stylish nautical design with vibrant maritime colors and anchor motifs.</li>
<li>Crafted for durability and comfort with a soft feel underfoot.</li>
<li>Features anti-slip pads for secure placement on any surface.</li>
<li>Easy to clean and maintain, suitable for high-traffic areas.</li>
</ul><h3>Specifications</h3><table border=""1"" cellpadding=""6"" style=""border-collapse:collapse;width:100%"">
<tr>
<th align=""left"" width=""35%"">Attribute</th>
<th align=""left"">Value</th>
</tr>
<tr>
<td>Rug Form</td>
<td>Doormat</td>
</tr>
<tr>
<td>Item Shape</td>
<td>Rectangular</td>
</tr>
<tr>
<td>Weave Type</td>
<td>Flat Woven</td>
</tr>
<tr>
<td>Pile Height</td>
<td>Low Pile</td>
</tr>
<tr>
<td>Construction Type</td>
<td>Machine Made</td>
</tr>
<tr>
<td>Indoor/Outdoor Usage</td>
<td>Both</td>
</tr>
<tr>
<td>Water Resistance Level</td>
<td>Water Repellent</td>
</tr>
<tr>
<td>Pattern</td>
<td>Anchor</td>
</tr>
<tr>
<td>Theme</td>
<td>Nautical</td>
</tr>
<tr>
<td>Style</td>
<td>Nautical</td>
</tr>
<tr>
<td>Number of Pieces</td>
<td>1</td>
</tr>
</table><h3>Material &amp; Care</h3><table border=""1"" cellpadding=""6"" style=""border-collapse:collapse;width:100%"">
<tr>
<th align=""left"" width=""35%"">Item</th>
<th align=""left"">Detail</th>
</tr>
<tr>
<td>Material Type</td>
<td>Polyester, Memory Sponge</td>
</tr>
<tr>
<td>Backing Material</td>
<td>Polyester</td>
</tr>
<tr>
<td>Care Instructions</td>
<td>Spot Clean Only</td>
</tr>
<tr>
<td>Cleaning Method</td>
<td>Shake outdoors, vacuum, or wipe with a damp cloth</td>
</tr>
</table><h3>Where It Works</h3><p>This doormat is ideal for enhancing the entrance of cabins, yachts, fishing boats, or dockside areas. Its durable construction makes it suitable for both indoor and outdoor settings, including marina entries and coastal homes.</p>",CHILLGEN,Services > Building & Construction Services > Outdoor Construction,Rug,"amazon-parent-b0fhqgp3v4, doormat, home-decor, indoor-outdoor, low-pile, nautical, personalized, rectangular, rug",false,Choose Size,16 x 16 Inches (OUT OF STOCK),,Add Anti-Slip Sticker?,"No, Doormat Only",,,,,AMZ-RUG-B0FHQDXBQ2-1,0.0,,0,deny,manual,21.90,27.38,true,false,,,,,"",https://cdn.shopify.com/s/files/1/1023/0068/0561/files/6e7e8aa7a1e6c9db6b119891e5dff9527fd8795789fa7c32e3b7f041bb1b55df.jpg?v=1789061521,1,"Personalized Nautical Doormat with Boat Name & Location – Custom Anchor Welcome Mat for Fishing Boat, Yacht, or Dock – Outdoor Indoor Floor Rug for Cabin, Ship (Nautical 11)",false,,"A personalized nautical doormat, made of polyester, with anti-slip pads, perfect for indoor/outdoor use on boats or docks.",,,,,,,,,,,,B0FHQGP3V4,,,,,lb,,,draft
personalized-anchor-rope-pattern-doormat-for-boat-owners,,,,,,,,,16 x 16 Inches (OUT OF STOCK),,,"Yes, Add Anti-Slip Sticker",,,,,AMZ-RUG-B0FHQDXBQ2-2,0.0,,0,deny,manual,25.89,32.36,true,false,,,,,"",https://cdn.shopify.com/s/files/1/1023/0068/0561/files/04ef8d910a8d52fd5d34698e9a59b4620d2438334e7cc4e6d18cc769c508cc16.jpg?v=1789061521,2,"Personalized Nautical Doormat with Boat Name & Location – Custom Anchor Welcome Mat for Fishing Boat, Yacht, or Dock – Outdoor Indoor Floor Rug for Cabin, Ship (Nautical 11)",,,,,,,,,,,,,,,,,,,,lb,,,
personalized-anchor-rope-pattern-doormat-for-boat-owners,,,,,,,,,16 x 24 Inches,,,"No, Doormat Only",,,,,AMZ-RUG-B0FHQDXBQ2-3,0.0,,0,deny,manual,25.89,32.36,true,false,,,,,"",https://cdn.shopify.com/s/files/1/1023/0068/0561/files/9316b3f1f23eff7fc984baf9b33caa49d3f1ea2ec1fe47e752214ac00e894dd4.jpg?v=1789061521,3,"Personalized Nautical Doormat with Boat Name & Location – Custom Anchor Welcome Mat for Fishing Boat, Yacht, or Dock – Outdoor Indoor Floor Rug for Cabin, Ship (Nautical 11)",,,,,,,,,,,,,,,,,,,,lb,,,
personalized-anchor-rope-pattern-doormat-for-boat-owners,,,,,,,,,16 x 24 Inches,,,"Yes, Add Anti-Slip Sticker",,,,,AMZ-RUG-B0FHQDXBQ2-4,0.0,,0,deny,manual,29.88,37.35,true,false,,,,,"",https://cdn.shopify.com/s/files/1/1023/0068/0561/files/6833321ea98510faa6377c085934ef2d31e5a198accdc50d08a114d91f785c52.jpg?v=1789061521,4,"Personalized Nautical Doormat with Boat Name & Location – Custom Anchor Welcome Mat for Fishing Boat, Yacht, or Dock – Outdoor Indoor Floor Rug for Cabin, Ship (Nautical 11)",,,,,,,,,,,,,,,,,,,,lb,,,
personalized-anchor-rope-pattern-doormat-for-boat-owners,,,,,,,,,20 x 32 Inches - 🔥 BEST SELLER 🔥,,,"No, Doormat Only",,,,,AMZ-RUG-B0FHQDXBQ2-5,0.0,,0,deny,manual,31.89,39.86,true,false,,,,,"",https://cdn.shopify.com/s/files/1/1023/0068/0561/files/ff9407cd611bcc75cfbff51f9124ca5fb08724326712ff9b87cf7c412d2ad271.jpg?v=1789061521,5,"Personalized Nautical Doormat with Boat Name & Location – Custom Anchor Welcome Mat for Fishing Boat, Yacht, or Dock – Outdoor Indoor Floor Rug for Cabin, Ship (Nautical 11)",,,,,,,,,,,,,,,,,,,,lb,,,
personalized-anchor-rope-pattern-doormat-for-boat-owners,,,,,,,,,20 x 32 Inches - 🔥 BEST SELLER 🔥,,,"Yes, Add Anti-Slip Sticker",,,,,AMZ-RUG-B0FHQDXBQ2-6,0.0,,0,deny,manual,35.88,44.85,true,false,,,,,"",https://cdn.shopify.com/s/files/1/1023/0068/0561/files/751647f73845f9d9826d558560e96328e64b24a8ea586444337be45efc24d8c9.jpg?v=1789061521,6,"Personalized Nautical Doormat with Boat Name & Location – Custom Anchor Welcome Mat for Fishing Boat, Yacht, or Dock – Outdoor Indoor Floor Rug for Cabin, Ship (Nautical 11)",,,,,,,,,,,,,,,,,,,,lb,,,
personalized-anchor-rope-pattern-doormat-for-boat-owners,,,,,,,,,24 x 36 Inches,,,"No, Doormat Only",,,,,AMZ-RUG-B0FHQDXBQ2-7,0.0,,0,deny,manual,37.89,47.36,true,false,,,,,"",,,,,,,,,,,,,,,,,,,,,,,lb,,,
personalized-anchor-rope-pattern-doormat-for-boat-owners,,,,,,,,,24 x 36 Inches,,,"Yes, Add Anti-Slip Sticker",,,,,AMZ-RUG-B0FHQDXBQ2-8,0.0,,0,deny,manual,41.88,52.35,true,false,,,,,"",,,,,,,,,,,,,,,,,,,,,,,lb,,,
personalized-nautical-anchor-doormat-water-repellent,"Personalized Nautical Anchor Doormat, Water Repellent","<p>This personalized doormat offers a distinctive nautical theme, ideal for enhancing any boat, dock, or marina with a touch of seafaring style. It features an anchor design and can be customized with your boat name or location, making it a unique welcome mat for marine enthusiasts. Crafted for both indoor and outdoor use, it adds a personalized charm to your entryway.</p><h3>Product Highlights</h3><ul>
<li>Personalize with boat name, family name, or location for a unique welcome mat.</li>
<li>Features vibrant maritime colors and anchor designs.</li>
<li>Combines visual charm with comfort.</li>
<li>Includes anti-slip pads to keep it securely in place.</li>
<li>Suitable for high-traffic boat decks, marina entries, and coastal homes.</li>
</ul><h3>Specifications</h3><table border=""1"" cellpadding=""6"" style=""border-collapse:collapse;width:100%"">
<tr>
<th align=""left"" width=""35%"">Attribute</th>
<th align=""left"">Value</th>
</tr>
<tr>
<td>Rug Form</td>
<td>Doormat</td>
</tr>
<tr>
<td>Item Shape</td>
<td>Rectangular</td>
</tr>
<tr>
<td>Weave Type</td>
<td>Flat Woven</td>
</tr>
<tr>
<td>Pile Height</td>
<td>Low Pile</td>
</tr>
<tr>
<td>Construction Type</td>
<td>Machine Made</td>
</tr>
<tr>
<td>Indoor/Outdoor Usage</td>
<td>Both</td>
</tr>
<tr>
<td>Water Resistance</td>
<td>Water Repellent</td>
</tr>
<tr>
<td>Special Features</td>
<td>Text input customization</td>
</tr>
<tr>
<td>Pattern</td>
<td>Anchor</td>
</tr>
<tr>
<td>Theme</td>
<td>Nautical</td>
</tr>
<tr>
<td>Style</td>
<td>Nautical</td>
</tr>
<tr>
<td>Number of Pieces</td>
<td>1</td>
</tr>
</table><h3>Material &amp; Care</h3><table border=""1"" cellpadding=""6"" style=""border-collapse:collapse;width:100%"">
<tr>
<th align=""left"" width=""35%"">Item</th>
<th align=""left"">Detail</th>
</tr>
<tr>
<td>Material Type</td>
<td>Polyester, Memory Sponge</td>
</tr>
<tr>
<td>Backing Material</td>
<td>Polyester</td>
</tr>
<tr>
<td>Care Instructions</td>
<td>Spot Clean Only</td>
</tr>
<tr>
<td>Cleaning Method</td>
<td>Shake outdoors, vacuum, or wipe clean with a damp cloth</td>
</tr>
</table><h3>Where It Works</h3><p>This nautical doormat is perfect for welcoming guests to cabins, ships, yachts, fishing boats, or docks. Its durable design is also suitable for marine entries and coastal homes, bringing a personalized touch to various indoor and outdoor settings.</p>",CHILLGEN,Services > Building & Construction Services > Outdoor Construction,Rug,"amazon-parent-b0fhqgp3v4, anchor-rug, doormat, home-decor, nautical-rug, outdoor-rug, personalized-rug, rectangular-rug, rug",false,Choose Size,16 x 16 Inches (OUT OF STOCK),,,,,,,,AMZ-RUG-B0FHQGP3V4-1,0.0,,0,deny,manual,21.90,27.38,true,false,,,,,"",https://cdn.shopify.com/s/files/1/1023/0068/0561/files/5038b629798f2ae30a01617e0c3822888f0635b03c006fe4f9d7e4cabbcbaa18.jpg?v=1789061523,1,"Personalized Nautical Doormat with Boat Name & Location – Custom Anchor Welcome Mat for Fishing Boat, Yacht, or Dock – Outdoor Indoor Floor Rug for Cabin, Ship (Nautical 04)",false,,"This Nautical doormat, made of polyester, is water repellent and perfect for personalized use in cabins, ships, or docks.",,,,,,,,,,,,B0FHQGP3V4,,,,,lb,,,draft
personalized-nautical-anchor-doormat-water-repellent,,,,,,,,,16 x 24 Inches,,,,,,,,AMZ-RUG-B0FHQGP3V4-2,0.0,,0,deny,manual,25.89,32.36,true,false,,,,,"",https://cdn.shopify.com/s/files/1/1023/0068/0561/files/5ca420150ff68cbc8edd8e4480ae60b2262d0d3936c6a9e540dd9b28120ccc21.jpg?v=1789061523,2,"Personalized Nautical Doormat with Boat Name & Location – Custom Anchor Welcome Mat for Fishing Boat, Yacht, or Dock – Outdoor Indoor Floor Rug for Cabin, Ship (Nautical 04)",,,,,,,,,,,,,,,,,,,,lb,,,
personalized-nautical-anchor-doormat-water-repellent,,,,,,,,,20 x 32 Inches - 🔥 BEST SELLER 🔥,,,,,,,,AMZ-RUG-B0FHQGP3V4-3,0.0,,0,deny,manual,31.89,39.86,true,false,,,,,"",https://cdn.shopify.com/s/files/1/1023/0068/0561/files/e79b3959e768c753b16bd6c8752737300bac6f3c575ee5797b6d9315482e7a29.jpg?v=1789061522,3,"Personalized Nautical Doormat with Boat Name & Location – Custom Anchor Welcome Mat for Fishing Boat, Yacht, or Dock – Outdoor Indoor Floor Rug for Cabin, Ship (Nautical 04)",,,,,,,,,,,,,,,,,,,,lb,,,
personalized-nautical-anchor-doormat-water-repellent,,,,,,,,,24 x 36 Inches,,,,,,,,AMZ-RUG-B0FHQGP3V4-4,0.0,,0,deny,manual,37.89,47.36,true,false,,,,,"",https://cdn.shopify.com/s/files/1/1023/0068/0561/files/1edee588d0e4b9207cb138aeb579c7e379b6e8976110113229dfbe038ef1166f.jpg?v=1789061523,4,"Personalized Nautical Doormat with Boat Name & Location – Custom Anchor Welcome Mat for Fishing Boat, Yacht, or Dock – Outdoor Indoor Floor Rug for Cabin, Ship (Nautical 04)",,,,,,,,,,,,,,,,,,,,lb,,,
personalized-nautical-anchor-doormat-water-repellent,,,,,,,,,,,,,,,,,,,,,,,,,,,,,,,"",https://cdn.shopify.com/s/files/1/1023/0068/0561/files/66b6d374619b6438ee45b76adf93f49314b9bbd2df801d83957519ea5e26c83f.jpg?v=1789061522,5,"Personalized Nautical Doormat with Boat Name & Location – Custom Anchor Welcome Mat for Fishing Boat, Yacht, or Dock – Outdoor Indoor Floor Rug for Cabin, Ship (Nautical 04)",,,,,,,,,,,,,,,,,,,,,,,
personalized-nautical-anchor-doormat-water-repellent,,,,,,,,,,,,,,,,,,,,,,,,,,,,,,,"",https://cdn.shopify.com/s/files/1/1023/0068/0561/files/499b84f6d643de5c6e0fde54c747ce944bc7e3ebd1b75f4bf6b433820475bf24.jpg?v=1789061522,6,"Personalized Nautical Doormat with Boat Name & Location – Custom Anchor Welcome Mat for Fishing Boat, Yacht, or Dock – Outdoor Indoor Floor Rug for Cabin, Ship (Nautical 04)",,,,,,,,,,,,,,,,,,,,,,,
personalized-striped-nautical-anchor-doormat-water-repell-design-13,"Personalized Striped Nautical Anchor Doormat, Water Repell - Design 13","<p>Welcome guests aboard with this personalized nautical doormat, featuring an anchor design and vibrant maritime colors. This unique rug can be customized with your boat name or location, making it a distinctive accent for any marine setting. Crafted for both indoor and outdoor use, it adds a touch of seafaring style to cabins, yachts, or dockside areas.</p><h3>Product Highlights</h3><ul>
<li>Customizable with boat name or location for a unique touch.</li>
<li>Features vibrant maritime colors and an anchor design.</li>
<li>Includes anti-slip pads for secure placement on any surface.</li>
<li>Designed for easy cleaning and maintenance.</li>
<li>Suitable for use in various marine and coastal environments.</li>
</ul><h3>Specifications</h3><table border=""1"" cellpadding=""6"" style=""border-collapse:collapse;width:100%"">
<tr>
<th align=""left"" width=""35%"">Attribute</th>
<th align=""left"">Value</th>
</tr>
<tr>
<td>Rug Form</td>
<td>Doormat</td>
</tr>
<tr>
<td>Item Shape</td>
<td>Rectangular</td>
</tr>
<tr>
<td>Weave Type</td>
<td>Flat Woven</td>
</tr>
<tr>
<td>Pile Height</td>
<td>Low Pile</td>
</tr>
<tr>
<td>Construction Type</td>
<td>Machine Made</td>
</tr>
<tr>
<td>Indoor/Outdoor Usage</td>
<td>Both</td>
</tr>
<tr>
<td>Room Type</td>
<td>Cabin, Ship, Dock</td>
</tr>
<tr>
<td>Water Resistance</td>
<td>Water Repellent</td>
</tr>
<tr>
<td>Special Features</td>
<td>Personalized</td>
</tr>
<tr>
<td>Pattern</td>
<td>Anchor</td>
</tr>
<tr>
<td>Theme</td>
<td>Nautical</td>
</tr>
<tr>
<td>Style</td>
<td>Nautical</td>
</tr>
<tr>
<td>Number of Pieces</td>
<td>1</td>
</tr>
</table><h3>Material &amp; Care</h3><table border=""1"" cellpadding=""6"" style=""border-collapse:collapse;width:100%"">
<tr>
<th align=""left"" width=""35%"">Item</th>
<th align=""left"">Detail</th>
</tr>
<tr>
<td>Material Type</td>
<td>Polyester, Memory Sponge</td>
</tr>
<tr>
<td>Backing Material</td>
<td>Polyester</td>
</tr>
<tr>
<td>Care Instructions</td>
<td>Spot Clean Only</td>
</tr>
<tr>
<td>Cleaning Method</td>
<td>Shake outdoors, vacuum, or wipe with a damp cloth</td>
</tr>
</table><h3>Where It Works</h3><p>This doormat is suitable for enhancing the entrance of cabins, yachts, fishing boats, or any dockside area. It’s also ideal for use in coastal homes, bringing a maritime theme to your living space.</p>",CHILLGEN,Services > Building & Construction Services > Outdoor Construction,Rug,"amazon-parent-b0fhqgp3v4, anchor, doormat, home-decor, indoor-outdoor, nautical, personalized, rectangular, rug",false,Choose Size,16 x 16 Inches (OUT OF STOCK),,,,,,,,AMZ-RUG-B0FHQGZYJM-1,0.0,,0,deny,manual,21.90,27.38,true,false,,,,,"",https://cdn.shopify.com/s/files/1/1023/0068/0561/files/4f6599a8a4c17f31f2e3330ed8a41b912c1f2fb8b09a39b5c255c655c8dd0387.jpg?v=1789061530,1,"Personalized Nautical Doormat with Boat Name & Location – Custom Anchor Welcome Mat for Fishing Boat, Yacht, or Dock – Outdoor Indoor Floor Rug for Cabin, Ship (Nautical 13)",false,,"Personalized nautical doormat with an anchor design and water-repellent polyester, ideal for indoor or outdoor use on boats or docks.",,,,,,,,,,,,B0FHQGP3V4,,,,,lb,,,draft
personalized-striped-nautical-anchor-doormat-water-repell-design-13,,,,,,,,,16 x 24 Inches,,,,,,,,AMZ-RUG-B0FHQGZYJM-2,0.0,,0,deny,manual,25.89,32.36,true,false,,,,,"",https://cdn.shopify.com/s/files/1/1023/0068/0561/files/108675ccf7e331c7c47bff7048aca81c1b6ebe29aea12b0af924613fc9ddf200.jpg?v=1789061530,2,"Personalized Nautical Doormat with Boat Name & Location – Custom Anchor Welcome Mat for Fishing Boat, Yacht, or Dock – Outdoor Indoor Floor Rug for Cabin, Ship (Nautical 13)",,,,,,,,,,,,,,,,,,,,lb,,,
personalized-striped-nautical-anchor-doormat-water-repell-design-13,,,,,,,,,20 x 32 Inches - 🔥 BEST SELLER 🔥,,,,,,,,AMZ-RUG-B0FHQGZYJM-3,0.0,,0,deny,manual,31.89,39.86,true,false,,,,,"",https://cdn.shopify.com/s/files/1/1023/0068/0561/files/5b132ba03711e9f42a1912f4694db4242b26dd5181a3e53307cd5896d7270c55.jpg?v=1789061530,3,"Personalized Nautical Doormat with Boat Name & Location – Custom Anchor Welcome Mat for Fishing Boat, Yacht, or Dock – Outdoor Indoor Floor Rug for Cabin, Ship (Nautical 13)",,,,,,,,,,,,,,,,,,,,lb,,,
personalized-striped-nautical-anchor-doormat-water-repell-design-13,,,,,,,,,24 x 36 Inches,,,,,,,,AMZ-RUG-B0FHQGZYJM-4,0.0,,0,deny,manual,37.89,47.36,true,false,,,,,"",https://cdn.shopify.com/s/files/1/1023/0068/0561/files/ca567921890d117137dbd07aad4a730fbe8d6c8835a6ef474802fb7f968023ed.jpg?v=1789061530,4,"Personalized Nautical Doormat with Boat Name & Location – Custom Anchor Welcome Mat for Fishing Boat, Yacht, or Dock – Outdoor Indoor Floor Rug for Cabin, Ship (Nautical 13)",,,,,,,,,,,,,,,,,,,,lb,,,
personalized-striped-nautical-anchor-doormat-water-repell-design-13,,,,,,,,,,,,,,,,,,,,,,,,,,,,,,,"",https://cdn.shopify.com/s/files/1/1023/0068/0561/files/972abc4e2ad06b1730a9e7806951524362c7e029957dbf512dc777c3ae626889.jpg?v=1789061530,5,"Personalized Nautical Doormat with Boat Name & Location – Custom Anchor Welcome Mat for Fishing Boat, Yacht, or Dock – Outdoor Indoor Floor Rug for Cabin, Ship (Nautical 13)",,,,,,,,,,,,,,,,,,,,,,,
personalized-striped-nautical-anchor-doormat-water-repell-design-13,,,,,,,,,,,,,,,,,,,,,,,,,,,,,,,"",https://cdn.shopify.com/s/files/1/1023/0068/0561/files/05122cdb588aea5abac13c13c1c1388240bfc9216af567819c4963c8599922ae.jpg?v=1789061530,6,"Personalized Nautical Doormat with Boat Name & Location – Custom Anchor Welcome Mat for Fishing Boat, Yacht, or Dock – Outdoor Indoor Floor Rug for Cabin, Ship (Nautical 13)",,,,,,,,,,,,,,,,,,,,,,,
personalized-nautical-anchor-with-boat-name-doormat-water-design-08,"Personalized Nautical Anchor with Boat Name Doormat, Water - Design 08","<p>This personalized doormat offers a unique nautical touch, featuring a custom anchor design that can be adorned with your boat name or location. It serves as a distinctive welcome mat, ideal for enhancing the entrance of cabins, ships, or docks. Crafted for both visual appeal and practical use, it blends maritime aesthetics with everyday functionality.</p>
<h3>Product Highlights</h3>
<ul>
<li>Personalize with boat name, family name, or location for a unique touch.</li>
<li>Showcases vibrant maritime colors and anchor designs.</li>
<li>Made with high-quality polyester and soft memory sponge for comfort.</li>
<li>Includes anti-slip pads to keep the mat securely in place.</li>
<li>Designed for easy cleaning, suitable for high-traffic areas.</li>
</ul>
<h3>Specifications</h3>
<table border=""1"" cellpadding=""6"" style=""border-collapse:collapse;width:100%"">
<tr>
<th align=""left"" width=""35%"">Attribute</th>
<th align=""left"">Value</th>
</tr>
<tr>
<td>Rug Form</td>
<td>Doormat</td>
</tr>
<tr>
<td>Item Shape</td>
<td>Rectangular</td>
</tr>
<tr>
<td>Weave Type</td>
<td>Flat Woven</td>
</tr>
<tr>
<td>Pile Height</td>
<td>Low Pile</td>
</tr>
<tr>
<td>Construction Type</td>
<td>Machine Made</td>
</tr>
<tr>
<td>Indoor/Outdoor Usage</td>
<td>Both</td>
</tr>
<tr>
<td>Water Resistance</td>
<td>Water Repellent</td>
</tr>
<tr>
<td>Pattern</td>
<td>Nautical</td>
</tr>
<tr>
<td>Theme</td>
<td>Nautical</td>
</tr>
<tr>
<td>Style</td>
<td>Nautical</td>
</tr>
<tr>
<td>Number of Pieces</td>
<td>1</td>
</tr>
</table>
<h3>Material &amp; Care</h3>
<table border=""1"" cellpadding=""6"" style=""border-collapse:collapse;width:100%"">
<tr>
<th align=""left"" width=""35%"">Item</th>
<th align=""left"">Detail</th>
</tr>
<tr>
<td>Material Type</td>
<td>Polyester</td>
</tr>
<tr>
<td>Backing Material</td>
<td>Polyester</td>
</tr>
<tr>
<td>Product Care Instructions</td>
<td>Spot Clean Only</td>
</tr>
</table>
<h3>Where It Works</h3>
<p>This versatile doormat is suitable for both indoor and outdoor use, making it perfect for various marine-themed environments. It can be placed at the entrance of cabins, on ships, or at docks to greet guests with a personalized nautical flair.</p>",CHILLGEN,Services > Building & Construction Services > Outdoor Construction,Rug,"amazon-parent-b0fhqgp3v4, doormat, home-decor, indoor, nautical, outdoor, personalized, rectangular, rug",false,Choose Size,16 x 16 Inches (OUT OF STOCK),,,,,,,,AMZ-RUG-B0FHQFD3T4-1,0.0,,0,deny,manual,21.90,27.38,true,false,,,,,"",https://cdn.shopify.com/s/files/1/1023/0068/0561/files/2282cae7f0a80034071c934ab678e035b9fc768882bc016e67ab021a4249a698.jpg?v=1789061574,1,"Personalized Nautical Doormat with Boat Name & Location – Custom Anchor Welcome Mat for Fishing Boat, Yacht, or Dock – Outdoor Indoor Floor Rug for Cabin, Ship (Nautical 08)",false,,"This nautical personalized doormat, made of polyester, features anti-slip pads, perfect for cabins, ships, or docks.",,,,,,,,,,,,B0FHQGP3V4,,,,,lb,,,draft
personalized-nautical-anchor-with-boat-name-doormat-water-design-08,,,,,,,,,16 x 24 Inches,,,,,,,,AMZ-RUG-B0FHQFD3T4-2,0.0,,0,deny,manual,25.89,32.36,true,false,,,,,"",https://cdn.shopify.com/s/files/1/1023/0068/0561/files/9e4a2cc27b4e2989f36c4451b190440fffa04f5ba1717a0f05148d0577fcf3a0.jpg?v=1789061574,2,"Personalized Nautical Doormat with Boat Name & Location – Custom Anchor Welcome Mat for Fishing Boat, Yacht, or Dock – Outdoor Indoor Floor Rug for Cabin, Ship (Nautical 08)",,,,,,,,,,,,,,,,,,,,lb,,,
personalized-nautical-anchor-with-boat-name-doormat-water-design-08,,,,,,,,,20 x 32 Inches - 🔥 BEST SELLER 🔥,,,,,,,,AMZ-RUG-B0FHQFD3T4-3,0.0,,0,deny,manual,31.89,39.86,true,false,,,,,"",https://cdn.shopify.com/s/files/1/1023/0068/0561/files/99a4f574ab6646082b698d7297aa2c86de106d876600c5f0448dc5f635a3f986.jpg?v=1789061574,3,"Personalized Nautical Doormat with Boat Name & Location – Custom Anchor Welcome Mat for Fishing Boat, Yacht, or Dock – Outdoor Indoor Floor Rug for Cabin, Ship (Nautical 08)",,,,,,,,,,,,,,,,,,,,lb,,,
personalized-nautical-anchor-with-boat-name-doormat-water-design-08,,,,,,,,,24 x 36 Inches,,,,,,,,AMZ-RUG-B0FHQFD3T4-4,0.0,,0,deny,manual,37.89,47.36,true,false,,,,,"",https://cdn.shopify.com/s/files/1/1023/0068/0561/files/efe2f22179512f98b4aff3bce58cc74db88f3145f82b6ea4fa5687db68ab1271.jpg?v=1789061574,4,"Personalized Nautical Doormat with Boat Name & Location – Custom Anchor Welcome Mat for Fishing Boat, Yacht, or Dock – Outdoor Indoor Floor Rug for Cabin, Ship (Nautical 08)",,,,,,,,,,,,,,,,,,,,lb,,,
personalized-nautical-anchor-with-boat-name-doormat-water-design-08,,,,,,,,,,,,,,,,,,,,,,,,,,,,,,,"",https://cdn.shopify.com/s/files/1/1023/0068/0561/files/3b9eddee215cd61853a456bcdf7b355df833b29ee16c4c734323c75d8af48321.jpg?v=1789061574,5,"Personalized Nautical Doormat with Boat Name & Location – Custom Anchor Welcome Mat for Fishing Boat, Yacht, or Dock – Outdoor Indoor Floor Rug for Cabin, Ship (Nautical 08)",,,,,,,,,,,,,,,,,,,,,,,
personalized-nautical-anchor-with-boat-name-doormat-water-design-08,,,,,,,,,,,,,,,,,,,,,,,,,,,,,,,"",https://cdn.shopify.com/s/files/1/1023/0068/0561/files/2b4093d0f79a4bbb8863d22063463be26db995d795a3dcf1f301674956659642.jpg?v=1789061574,6,"Personalized Nautical Doormat with Boat Name & Location – Custom Anchor Welcome Mat for Fishing Boat, Yacht, or Dock – Outdoor Indoor Floor Rug for Cabin, Ship (Nautical 08)",,,,,,,,,,,,,,,,,,,,,,,
personalized-nautical-anchor-with-ship-wheel-doormat-water-repellent,"Personalized Nautical Anchor with Ship Wheel Doormat, Water Repellent","<p>This custom anchor doormat brings a unique nautical flair to any boat, dock, or marine setting. Designed for personalization, it allows you to add your boat name, family name, or location, making it a distinctive welcome mat. It combines vibrant maritime colors and anchor designs to enhance the aesthetic of any yacht, fishing boat, or dockside area.</p><h3>Product Highlights</h3><ul>
<li>Personalize with boat name, family name, or location</li>
<li>Features vibrant maritime colors and anchor designs</li>
<li>Crafted from high-quality polyester and soft memory sponge</li>
<li>Includes anti-slip pads for secure placement</li>
<li>Easy to clean and maintain with simple methods</li>
<li>Suitable for high-traffic boat decks and marina entries</li>
</ul><h3>Specifications</h3><table border=""1"" cellpadding=""6"" style=""border-collapse:collapse;width:100%"">
<tr>
<th align=""left"" width=""35%"">Attribute</th>
<th align=""left"">Value</th>
</tr>
<tr>
<td>Rug Form</td>
<td>Doormat</td>
</tr>
<tr>
<td>Item Shape</td>
<td>Rectangular</td>
</tr>
<tr>
<td>Weave Type</td>
<td>Flat Woven</td>
</tr>
<tr>
<td>Pile Height</td>
<td>Low Pile</td>
</tr>
<tr>
<td>Construction Type</td>
<td>Machine Made</td>
</tr>
<tr>
<td>Indoor/Outdoor Usage</td>
<td>Both</td>
</tr>
<tr>
<td>Water Resistance</td>
<td>Water Repellent</td>
</tr>
<tr>
<td>Pattern</td>
<td>Anchor</td>
</tr>
<tr>
<td>Theme</td>
<td>Nautical</td>
</tr>
<tr>
<td>Style</td>
<td>Nautical</td>
</tr>
<tr>
<td>Number of Pieces</td>
<td>1</td>
</tr>
</table><h3>Material &amp; Care</h3><table border=""1"" cellpadding=""6"" style=""border-collapse:collapse;width:100%"">
<tr>
<th align=""left"" width=""35%"">Item</th>
<th align=""left"">Detail</th>
</tr>
<tr>
<td>Material Type</td>
<td>Polyester, Memory Sponge</td>
</tr>
<tr>
<td>Backing Material</td>
<td>Polyester</td>
</tr>
<tr>
<td>Care Instructions</td>
<td>Spot Clean Only</td>
</tr>
<tr>
<td>Cleaning Method</td>
<td>Shake outdoors, vacuum, wipe clean with damp cloth</td>
</tr>
</table><h3>Where It Works</h3><p>This versatile doormat is ideal for cabins, ships, docks, yachts, fishing boats, and marina entries. It is suitable for both indoor and outdoor use, making it perfect for coastal homes and marine environments.</p>",CHILLGEN,Services > Building & Construction Services > Outdoor Construction,Rug,"amazon-parent-b0fhqgp3v4, doormat, home-decor, indoor-outdoor, low-pile, nautical, personalized, rectangular, rug",false,Choose Size,16 x 16 Inches (OUT OF STOCK),,,,,,,,AMZ-RUG-B0FHQFFX6T-1,0.0,,0,deny,manual,21.90,27.38,true,false,,,,,"",https://cdn.shopify.com/s/files/1/1023/0068/0561/files/cb171a2a4f811cd57618246addae31136720f18ba0d74f61d27886b649a7f54f.jpg?v=1789061574,1,"Personalized Nautical Doormat with Boat Name & Location – Custom Anchor Welcome Mat for Fishing Boat, Yacht, or Dock – Outdoor Indoor Floor Rug for Cabin, Ship (Nautical 02)",false,,"This nautical doormat, made of durable polyester, is customizable and perfect for adding a stylish welcome to any boat or dock.",,,,,,,,,,,,B0FHQGP3V4,,,,,lb,,,draft
personalized-nautical-anchor-with-ship-wheel-doormat-water-repellent,,,,,,,,,16 x 24 Inches,,,,,,,,AMZ-RUG-B0FHQFFX6T-2,0.0,,0,deny,manual,25.89,32.36,true,false,,,,,"",https://cdn.shopify.com/s/files/1/1023/0068/0561/files/2ec5bfd9788703c9a44bff2ab17c6a45bb6915321fdd18c5ee15d199b3d335ba.jpg?v=1789061575,2,"Personalized Nautical Doormat with Boat Name & Location – Custom Anchor Welcome Mat for Fishing Boat, Yacht, or Dock – Outdoor Indoor Floor Rug for Cabin, Ship (Nautical 02)",,,,,,,,,,,,,,,,,,,,lb,,,
personalized-nautical-anchor-with-ship-wheel-doormat-water-repellent,,,,,,,,,20 x 32 Inches - 🔥 BEST SELLER 🔥,,,,,,,,AMZ-RUG-B0FHQFFX6T-3,0.0,,0,deny,manual,31.89,39.86,true,false,,,,,"",https://cdn.shopify.com/s/files/1/1023/0068/0561/files/ac931b431ff481ee4a96a4a2f670f14bc94681ad98c21f0c11f6e4e7cea66415.jpg?v=1789061575,3,"Personalized Nautical Doormat with Boat Name & Location – Custom Anchor Welcome Mat for Fishing Boat, Yacht, or Dock – Outdoor Indoor Floor Rug for Cabin, Ship (Nautical 02)",,,,,,,,,,,,,,,,,,,,lb,,,
personalized-nautical-anchor-with-ship-wheel-doormat-water-repellent,,,,,,,,,24 x 36 Inches,,,,,,,,AMZ-RUG-B0FHQFFX6T-4,0.0,,0,deny,manual,37.89,47.36,true,false,,,,,"",https://cdn.shopify.com/s/files/1/1023/0068/0561/files/3592c9129902ce702e84e89183b9da6c2cfdc36c5bd6974d5bfe27f6e418d4ce.jpg?v=1789061575,4,"Personalized Nautical Doormat with Boat Name & Location – Custom Anchor Welcome Mat for Fishing Boat, Yacht, or Dock – Outdoor Indoor Floor Rug for Cabin, Ship (Nautical 02)",,,,,,,,,,,,,,,,,,,,lb,,,
personalized-nautical-anchor-with-ship-wheel-doormat-water-repellent,,,,,,,,,,,,,,,,,,,,,,,,,,,,,,,"",https://cdn.shopify.com/s/files/1/1023/0068/0561/files/0bdaa27e78dabd607f0c62d65fb12cf086322724635d6ae3435cf6dce5ee50c3.jpg?v=1789061574,5,"Personalized Nautical Doormat with Boat Name & Location – Custom Anchor Welcome Mat for Fishing Boat, Yacht, or Dock – Outdoor Indoor Floor Rug for Cabin, Ship (Nautical 02)",,,,,,,,,,,,,,,,,,,,,,,
personalized-nautical-anchor-with-ship-wheel-doormat-water-repellent,,,,,,,,,,,,,,,,,,,,,,,,,,,,,,,"",https://cdn.shopify.com/s/files/1/1023/0068/0561/files/16051e5365cad8f5e3f270794a7095091c45b051cfbef3298b34ddd8535d0012.jpg?v=1789061574,6,"Personalized Nautical Doormat with Boat Name & Location – Custom Anchor Welcome Mat for Fishing Boat, Yacht, or Dock – Outdoor Indoor Floor Rug for Cabin, Ship (Nautical 02)",,,,,,,,,,,,,,,,,,,,,,,
personalized-nautical-anchor-with-boat-name-doormat-water-design-14,"Personalized Nautical Anchor With Boat Name Doormat, Water - Design 14","<p>This personalized doormat offers a unique nautical welcome, featuring a custom anchor design that can be adorned with your boat name or location. It serves as a distinctive decorative accent for marine environments. Crafted for both indoor and outdoor use, this mat blends aesthetic appeal with functional durability, making it ideal for enhancing any waterside entrance.</p><h3>Product Highlights</h3><ul>
<li>Personalize with boat or family name for a unique welcome.</li>
<li>Features vibrant maritime colors and anchor designs.</li>
<li>Includes anti-slip pads to keep the mat securely in place.</li>
<li>Designed for easy cleaning; simply shake, vacuum, or wipe.</li>
<li>Suitable for high-traffic areas on boats, marinas, and coastal homes.</li>
</ul><h3>Specifications</h3><table border=""1"" cellpadding=""6"" style=""border-collapse:collapse;width:100%"">
<tr>
<th align=""left"" width=""35%"">Attribute</th>
<th align=""left"">Value</th>
</tr>
<tr>
<td>Rug Form</td>
<td>Doormat</td>
</tr>
<tr>
<td>Item Shape</td>
<td>Rectangular</td>
</tr>
<tr>
<td>Weave Type</td>
<td>Flat Woven</td>
</tr>
<tr>
<td>Pile Height</td>
<td>Low Pile</td>
</tr>
<tr>
<td>Construction Type</td>
<td>Machine Made</td>
</tr>
<tr>
<td>Indoor/Outdoor Usage</td>
<td>Both</td>
</tr>
<tr>
<td>Water Resistance</td>
<td>Water Repellent</td>
</tr>
<tr>
<td>Pattern</td>
<td>Nautical</td>
</tr>
<tr>
<td>Theme</td>
<td>Nautical</td>
</tr>
<tr>
<td>Style</td>
<td>Nautical</td>
</tr>
<tr>
<td>Number of Pieces</td>
<td>1</td>
</tr>
</table><h3>Material &amp; Care</h3><table border=""1"" cellpadding=""6"" style=""border-collapse:collapse;width:100%"">
<tr>
<th align=""left"" width=""35%"">Item</th>
<th align=""left"">Detail</th>
</tr>
<tr>
<td>Material Type</td>
<td>Polyester</td>
</tr>
<tr>
<td>Backing Material</td>
<td>Polyester</td>
</tr>
<tr>
<td>Care Instructions</td>
<td>Spot Clean Only</td>
</tr>
<tr>
<td>Cleaning Method</td>
<td>Shake outdoors, vacuum, or wipe clean with a damp cloth</td>
</tr>
</table><h3>Where It Works</h3><p>This nautical doormat is perfect for adding a personalized touch to cabins, ships, yachts, fishing boats, and dockside areas. It's also suitable for marina entries and coastal homes, enhancing any space with a seafaring theme.</p>",CHILLGEN,Services > Building & Construction Services > Outdoor Construction,Rug,"amazon-parent-b0fhqgp3v4, doormat, home-decor, indoor-outdoor, nautical, personalized, rectangular, rug",false,Choose Size,16 x 16 Inches (OUT OF STOCK),,,,,,,,AMZ-RUG-B0FHQJ12YF-1,0.0,,0,deny,manual,21.90,27.38,true,false,,,,,"",https://cdn.shopify.com/s/files/1/1023/0068/0561/files/541ea9ba7983870fcaadd89973fd1bbb6ea3ec2c9697941f1102997779b601c4.jpg?v=1789061582,1,"Personalized Nautical Doormat with Boat Name & Location – Custom Anchor Welcome Mat for Fishing Boat, Yacht, or Dock – Outdoor Indoor Floor Rug for Cabin, Ship (Nautical 14)",false,,"Nautical style doormat with a personalized anchor design, ideal for enhancing boat cabins and outdoor dock areas.",,,,,,,,,,,,B0FHQGP3V4,,,,,lb,,,draft
personalized-nautical-anchor-with-boat-name-doormat-water-design-14,,,,,,,,,16 x 24 Inches,,,,,,,,AMZ-RUG-B0FHQJ12YF-2,0.0,,0,deny,manual,25.89,32.36,true,false,,,,,"",https://cdn.shopify.com/s/files/1/1023/0068/0561/files/f31fbd8d7fb4cebe7fd755830ab2c77609dbed24fa707bc0d77dd71ffd8b093b.jpg?v=1789061583,2,"Personalized Nautical Doormat with Boat Name & Location – Custom Anchor Welcome Mat for Fishing Boat, Yacht, or Dock – Outdoor Indoor Floor Rug for Cabin, Ship (Nautical 14)",,,,,,,,,,,,,,,,,,,,lb,,,
personalized-nautical-anchor-with-boat-name-doormat-water-design-14,,,,,,,,,20 x 32 Inches - 🔥 BEST SELLER 🔥,,,,,,,,AMZ-RUG-B0FHQJ12YF-3,0.0,,0,deny,manual,31.89,39.86,true,false,,,,,"",https://cdn.shopify.com/s/files/1/1023/0068/0561/files/c58a8a04a6d1ed54373ee390101fc5f1044945dc18e484b83b6ed44f98d06bb8.jpg?v=1789061582,3,"Personalized Nautical Doormat with Boat Name & Location – Custom Anchor Welcome Mat for Fishing Boat, Yacht, or Dock – Outdoor Indoor Floor Rug for Cabin, Ship (Nautical 14)",,,,,,,,,,,,,,,,,,,,lb,,,
personalized-nautical-anchor-with-boat-name-doormat-water-design-14,,,,,,,,,24 x 36 Inches,,,,,,,,AMZ-RUG-B0FHQJ12YF-4,0.0,,0,deny,manual,37.89,47.36,true,false,,,,,"",https://cdn.shopify.com/s/files/1/1023/0068/0561/files/5b972414aa6aa80c8f5f9dda92bf879dd267e12afd72be702dfbe78f3d71a327.jpg?v=1789061582,4,"Personalized Nautical Doormat with Boat Name & Location – Custom Anchor Welcome Mat for Fishing Boat, Yacht, or Dock – Outdoor Indoor Floor Rug for Cabin, Ship (Nautical 14)",,,,,,,,,,,,,,,,,,,,lb,,,
personalized-nautical-anchor-with-boat-name-doormat-water-design-14,,,,,,,,,,,,,,,,,,,,,,,,,,,,,,,"",https://cdn.shopify.com/s/files/1/1023/0068/0561/files/506613ffa0e8156ac5a32e4a7d9d0ddce9badf23436507ff42de054f1ff3684f.jpg?v=1789061582,5,"Personalized Nautical Doormat with Boat Name & Location – Custom Anchor Welcome Mat for Fishing Boat, Yacht, or Dock – Outdoor Indoor Floor Rug for Cabin, Ship (Nautical 14)",,,,,,,,,,,,,,,,,,,,,,,
personalized-nautical-anchor-with-boat-name-doormat-water-design-14,,,,,,,,,,,,,,,,,,,,,,,,,,,,,,,"",https://cdn.shopify.com/s/files/1/1023/0068/0561/files/0de062409181527d7dc130cbcb2e68c6c452e91db9dac303d47c630bb34192fe.jpg?v=1789061582,6,"Personalized Nautical Doormat with Boat Name & Location – Custom Anchor Welcome Mat for Fishing Boat, Yacht, or Dock – Outdoor Indoor Floor Rug for Cabin, Ship (Nautical 14)",,,,,,,,,,,,,,,,,,,,,,,
personalized-nautical-anchor-welcome-aboard-doormat-water-repellent,"Personalized Nautical Anchor Welcome Aboard Doormat, Water Repellent","<p>This personalized nautical doormat adds a distinctive touch to any boat, dock, or marine-themed space. Featuring a custom anchor design, it allows for personalization with a boat name or location, making it a unique welcome mat. Crafted for durability and comfort, it enhances the aesthetic of marine environments while offering a soft underfoot feel.</p><h3>Product Highlights</h3><ul>
<li>Customizable with boat name, family name, or location for a unique welcome.</li>
<li>Features vibrant maritime colors and anchor designs for a stylish nautical look.</li>
<li>Made with high-quality polyester and soft memory sponge for comfort.</li>
<li>Includes anti-slip pads to keep the mat securely in place.</li>
<li>Easy to clean and maintain, suitable for high-traffic areas.</li>
</ul><h3>Specifications</h3><table border=""1"" cellpadding=""6"" style=""border-collapse:collapse;width:100%"">
<tr>
<th align=""left"" width=""35%"">Attribute</th>
<th align=""left"">Value</th>
</tr>
<tr>
<td>Rug Form</td>
<td>Doormat</td>
</tr>
<tr>
<td>Item Shape</td>
<td>Rectangular</td>
</tr>
<tr>
<td>Weave Type</td>
<td>Flat Woven</td>
</tr>
<tr>
<td>Pile Height</td>
<td>Low Pile</td>
</tr>
<tr>
<td>Construction Type</td>
<td>Machine Made</td>
</tr>
<tr>
<td>Indoor/Outdoor Usage</td>
<td>Both</td>
</tr>
<tr>
<td>Water Resistance</td>
<td>Water Repellent</td>
</tr>
<tr>
<td>Pattern</td>
<td>Anchor</td>
</tr>
<tr>
<td>Theme</td>
<td>Nautical</td>
</tr>
<tr>
<td>Style</td>
<td>Nautical</td>
</tr>
<tr>
<td>Number of Pieces</td>
<td>1</td>
</tr>
</table><h3>Material &amp; Care</h3><table border=""1"" cellpadding=""6"" style=""border-collapse:collapse;width:100%"">
<tr>
<th align=""left"" width=""35%"">Item</th>
<th align=""left"">Detail</th>
</tr>
<tr>
<td>Material Type</td>
<td>Polyester</td>
</tr>
<tr>
<td>Backing Material</td>
<td>Polyester</td>
</tr>
<tr>
<td>Care Instructions</td>
<td>Spot Clean Only</td>
</tr>
<tr>
<td>Cleaning Method</td>
<td>Shake outdoors, vacuum, or wipe clean with a damp cloth</td>
</tr>
</table><h3>Where It Works</h3><p>This doormat is suitable for use in cabins, on ships, yachts, fishing boats, docks, marina entries, and coastal homes. Its versatile design allows it to be used both indoors and outdoors, making it ideal for various marine and home settings.</p>",CHILLGEN,Services > Building & Construction Services > Outdoor Construction,Rug,"amazon-parent-b0fhqgp3v4, anchor, custom, doormat, home-decor, nautical, personalized, rectangular, rug",false,Choose Size,16 x 16 Inches (OUT OF STOCK),,,,,,,,AMZ-RUG-B0FHQFD3T6-1,0.0,,0,deny,manual,21.90,27.38,true,false,,,,,"",https://cdn.shopify.com/s/files/1/1023/0068/0561/files/df0c989d15188d44c8b27c82cd3873b8e286b94672cdcac349fabee011d35905.jpg?v=1789061622,1,"Personalized Nautical Doormat with Boat Name & Location – Custom Anchor Welcome Mat for Fishing Boat, Yacht, or Dock – Outdoor Indoor Floor Rug for Cabin, Ship (Nautical 01)",false,,"Nautical doormat with custom anchor design and anti-slip pads, perfect for cabins, ships, or docks.",,,,,,,,,,,,B0FHQGP3V4,,,,,lb,,,draft
personalized-nautical-anchor-welcome-aboard-doormat-water-repellent,,,,,,,,,16 x 24 Inches,,,,,,,,AMZ-RUG-B0FHQFD3T6-2,0.0,,0,deny,manual,25.89,32.36,true,false,,,,,"",https://cdn.shopify.com/s/files/1/1023/0068/0561/files/58a0d8521b861e9df38d2f2c321cb35dbedf1dacaa927b01b815c7676b6ac23f.jpg?v=1789061622,2,"Personalized Nautical Doormat with Boat Name & Location – Custom Anchor Welcome Mat for Fishing Boat, Yacht, or Dock – Outdoor Indoor Floor Rug for Cabin, Ship (Nautical 01)",,,,,,,,,,,,,,,,,,,,lb,,,
personalized-nautical-anchor-welcome-aboard-doormat-water-repellent,,,,,,,,,20 x 32 Inches - 🔥 BEST SELLER 🔥,,,,,,,,AMZ-RUG-B0FHQFD3T6-3,0.0,,0,deny,manual,31.89,39.86,true,false,,,,,"",https://cdn.shopify.com/s/files/1/1023/0068/0561/files/3592922c898be6f6e2ab0c5a06d9898dd2eca65bf1e703c709ccf3755b47df87.jpg?v=1789061622,3,"Personalized Nautical Doormat with Boat Name & Location – Custom Anchor Welcome Mat for Fishing Boat, Yacht, or Dock – Outdoor Indoor Floor Rug for Cabin, Ship (Nautical 01)",,,,,,,,,,,,,,,,,,,,lb,,,
personalized-nautical-anchor-welcome-aboard-doormat-water-repellent,,,,,,,,,24 x 36 Inches,,,,,,,,AMZ-RUG-B0FHQFD3T6-4,0.0,,0,deny,manual,37.89,47.36,true,false,,,,,"",https://cdn.shopify.com/s/files/1/1023/0068/0561/files/c7826ca4df6df571ad0e65252aafda1c654cbe08e6e17273f871fa57e501a42d.jpg?v=1789061622,4,"Personalized Nautical Doormat with Boat Name & Location – Custom Anchor Welcome Mat for Fishing Boat, Yacht, or Dock – Outdoor Indoor Floor Rug for Cabin, Ship (Nautical 01)",,,,,,,,,,,,,,,,,,,,lb,,,
personalized-nautical-anchor-welcome-aboard-doormat-water-repellent,,,,,,,,,,,,,,,,,,,,,,,,,,,,,,,"",https://cdn.shopify.com/s/files/1/1023/0068/0561/files/26b3e8da9471b3cd578f0e32e08c13d97e75f8967fe9e3e54f79c7393e37f2dd.jpg?v=1789061622,5,"Personalized Nautical Doormat with Boat Name & Location – Custom Anchor Welcome Mat for Fishing Boat, Yacht, or Dock – Outdoor Indoor Floor Rug for Cabin, Ship (Nautical 01)",,,,,,,,,,,,,,,,,,,,,,,
personalized-nautical-anchor-welcome-aboard-doormat-water-repellent,,,,,,,,,,,,,,,,,,,,,,,,,,,,,,,"",https://cdn.shopify.com/s/files/1/1023/0068/0561/files/142b62aa02e6ab5db49100752be0e8d9430b4ab6a028fd50ba40bfb14f6d78ca.jpg?v=1789061622,6,"Personalized Nautical Doormat with Boat Name & Location – Custom Anchor Welcome Mat for Fishing Boat, Yacht, or Dock – Outdoor Indoor Floor Rug for Cabin, Ship (Nautical 01)",,,,,,,,,,,,,,,,,,,,,,,
personalized-anchor-welcome-aboard-doormat-for-fishing-boat,Personalized Anchor Welcome Aboard Doormat for Fishing Boat,"<p>Add a personalized touch to your boat, dock, or marina with this custom anchor doormat. Featuring a unique nautical design, this welcome mat is ideal for yacht owners, fishing boats, or anyone who enjoys a coastal lifestyle. Crafted for both visual appeal and durability, it enhances any marine-themed setting while offering comfort underfoot.</p><h3>Product Highlights</h3><ul>
<li>Personalize with boat name, family name, or location</li>
<li>Features vibrant maritime colors and anchor designs</li>
<li>Combines visual charm with comfort and durability</li>
<li>Equipped with anti-slip pads for secure placement</li>
<li>Easy to clean and maintain for high-traffic areas</li>
</ul><h3>Specifications</h3><table border=""1"" cellpadding=""6"" style=""border-collapse:collapse;width:100%"">
<tr>
<th align=""left"" width=""35%"">Attribute</th>
<th align=""left"">Value</th>
</tr>
<tr>
<td>Rug Form</td>
<td>Doormat</td>
</tr>
<tr>
<td>Item Shape</td>
<td>Rectangular</td>
</tr>
<tr>
<td>Weave Type</td>
<td>Flat Woven</td>
</tr>
<tr>
<td>Pile Height</td>
<td>Low Pile</td>
</tr>
<tr>
<td>Construction Type</td>
<td>Machine Made</td>
</tr>
<tr>
<td>Indoor/Outdoor Usage</td>
<td>Both</td>
</tr>
<tr>
<td>Water Resistance</td>
<td>Water Repellent</td>
</tr>
<tr>
<td>Pattern</td>
<td>Nautical 04</td>
</tr>
<tr>
<td>Theme</td>
<td>Nautical</td>
</tr>
<tr>
<td>Style</td>
<td>Nautical</td>
</tr>
<tr>
<td>Number of Pieces</td>
<td>1</td>
</tr>
</table><h3>Material &amp; Care</h3><table border=""1"" cellpadding=""6"" style=""border-collapse:collapse;width:100%"">
<tr>
<th align=""left"" width=""35%"">Item</th>
<th align=""left"">Detail</th>
</tr>
<tr>
<td>Material Type</td>
<td>Polyester</td>
</tr>
<tr>
<td>Backing Material</td>
<td>Polyester</td>
</tr>
<tr>
<td>Care Instructions</td>
<td>Spot Clean Only</td>
</tr>
</table><h3>Where It Works</h3><p>This versatile doormat is suitable for cabins, ships, yachts, fishing boats, docks, marina entries, and coastal homes, serving as a welcoming accent for both indoor and outdoor spaces.</p>",CHILLGEN,Services > Building & Construction Services > Outdoor Construction,Rug,"amazon-parent-b0fhqgp3v4, anchor, doormat, home-decor, indoor-outdoor, nautical, personalized, rectangular, rug",false,Choose Size,16 x 16 Inches (OUT OF STOCK),,,,,,,,AMZ-RUG-B0FHQGBYX3-1,0.0,,0,deny,manual,21.90,27.38,true,false,,,,,"",https://cdn.shopify.com/s/files/1/1023/0068/0561/files/f03a56f0de9ead690ce00d3955c1ccf573e320acbd1fff2fa0035a9f90399231.jpg?v=1789061623,1,"Personalized Nautical Doormat with Boat Name & Location – Custom Anchor Welcome Mat for Fishing Boat, Yacht, or Dock – Outdoor Indoor Floor Rug for Cabin, Ship (Nautical 03)",false,,"This personalized nautical doormat features an anchor design, anti-slip pads, and is perfect for indoor or outdoor use.",,,,,,,,,,,,B0FHQGP3V4,,,,,lb,,,draft
personalized-anchor-welcome-aboard-doormat-for-fishing-boat,,,,,,,,,16 x 24 Inches,,,,,,,,AMZ-RUG-B0FHQGBYX3-2,0.0,,0,deny,manual,25.89,32.36,true,false,,,,,"",https://cdn.shopify.com/s/files/1/1023/0068/0561/files/d63fd0ae0315fb684c90898e3329a583b5eb5a69978718f47e66b155c3ab8219.jpg?v=1789061623,2,"Personalized Nautical Doormat with Boat Name & Location – Custom Anchor Welcome Mat for Fishing Boat, Yacht, or Dock – Outdoor Indoor Floor Rug for Cabin, Ship (Nautical 03)",,,,,,,,,,,,,,,,,,,,lb,,,
personalized-anchor-welcome-aboard-doormat-for-fishing-boat,,,,,,,,,20 x 32 Inches - 🔥 BEST SELLER 🔥,,,,,,,,AMZ-RUG-B0FHQGBYX3-3,0.0,,0,deny,manual,31.89,39.86,true,false,,,,,"",https://cdn.shopify.com/s/files/1/1023/0068/0561/files/1298e1f515dc0a5d977c316b683cdc0e73a8b93ffe9b70232cfab35dc940ef50.jpg?v=1789061623,3,"Personalized Nautical Doormat with Boat Name & Location – Custom Anchor Welcome Mat for Fishing Boat, Yacht, or Dock – Outdoor Indoor Floor Rug for Cabin, Ship (Nautical 03)",,,,,,,,,,,,,,,,,,,,lb,,,
personalized-anchor-welcome-aboard-doormat-for-fishing-boat,,,,,,,,,24 x 36 Inches,,,,,,,,AMZ-RUG-B0FHQGBYX3-4,0.0,,0,deny,manual,37.89,47.36,true,false,,,,,"",https://cdn.shopify.com/s/files/1/1023/0068/0561/files/c169cc2ca1290d96ace47565400f5c5c50be64ec5864cc8957ee0fb195879cbd.jpg?v=1789061623,4,"Personalized Nautical Doormat with Boat Name & Location – Custom Anchor Welcome Mat for Fishing Boat, Yacht, or Dock – Outdoor Indoor Floor Rug for Cabin, Ship (Nautical 03)",,,,,,,,,,,,,,,,,,,,lb,,,
personalized-anchor-welcome-aboard-doormat-for-fishing-boat,,,,,,,,,,,,,,,,,,,,,,,,,,,,,,,"",https://cdn.shopify.com/s/files/1/1023/0068/0561/files/d111e814f50a51a1dd375766bb1210fa3e7fc567d27b456a0b4fbd998835d2ae.jpg?v=1789061623,5,"Personalized Nautical Doormat with Boat Name & Location – Custom Anchor Welcome Mat for Fishing Boat, Yacht, or Dock – Outdoor Indoor Floor Rug for Cabin, Ship (Nautical 03)",,,,,,,,,,,,,,,,,,,,,,,
personalized-anchor-welcome-aboard-doormat-for-fishing-boat,,,,,,,,,,,,,,,,,,,,,,,,,,,,,,,"",https://cdn.shopify.com/s/files/1/1023/0068/0561/files/f7c689c66d88f161a3957ac0937742032e6f738daa435947f959b74ae6a36d51.jpg?v=1789061623,6,"Personalized Nautical Doormat with Boat Name & Location – Custom Anchor Welcome Mat for Fishing Boat, Yacht, or Dock – Outdoor Indoor Floor Rug for Cabin, Ship (Nautical 03)",,,,,,,,,,,,,,,,,,,,,,,
personalized-anchor-with-boat-name-and-location-doormat,Personalized Anchor with Boat Name and Location Doormat,"<p>This custom anchor doormat adds a personalized nautical touch to any marine setting. Designed for boat owners, it features vibrant maritime colors and anchor designs, making it a unique welcome mat for cabins, ships, and docks. Crafted for both comfort and durability, it enhances the aesthetic of any waterside area.</p><h3>Product Highlights</h3><ul>
<li>Features a unique anchor design with vibrant maritime colors.</li>
<li>Personalize with boat name, family name, or location.</li>
<li>Soft memory sponge material provides comfort underfoot.</li>
<li>Equipped with anti-slip pads for secure placement.</li>
<li>Suitable for high-traffic boat decks, marina entries, and coastal homes.</li>
</ul><h3>Specifications</h3><table border=""1"" cellpadding=""6"" style=""border-collapse:collapse;width:100%"">
<tr>
<th align=""left"" width=""35%"">Attribute</th>
<th align=""left"">Value</th>
</tr>
<tr>
<td>Rug Form</td>
<td>Doormat</td>
</tr>
<tr>
<td>Item Shape</td>
<td>Rectangular</td>
</tr>
<tr>
<td>Weave Type</td>
<td>Flat Woven</td>
</tr>
<tr>
<td>Pile Height</td>
<td>Low Pile</td>
</tr>
<tr>
<td>Construction Type</td>
<td>Machine Made</td>
</tr>
<tr>
<td>Indoor/Outdoor Usage</td>
<td>Both</td>
</tr>
<tr>
<td>Water Resistance</td>
<td>Water Repellent</td>
</tr>
<tr>
<td>Pattern</td>
<td>Anchor</td>
</tr>
<tr>
<td>Theme</td>
<td>Nautical</td>
</tr>
<tr>
<td>Style</td>
<td>Nautical</td>
</tr>
<tr>
<td>Number of Pieces</td>
<td>1</td>
</tr>
</table><h3>Material &amp; Care</h3><table border=""1"" cellpadding=""6"" style=""border-collapse:collapse;width:100%"">
<tr>
<th align=""left"" width=""35%"">Item</th>
<th align=""left"">Detail</th>
</tr>
<tr>
<td>Material Type</td>
<td>Polyester, Memory Sponge</td>
</tr>
<tr>
<td>Backing Material</td>
<td>Polyester</td>
</tr>
<tr>
<td>Care Instructions</td>
<td>Shake outdoors, vacuum, or wipe clean with a damp cloth; Spot Clean Only</td>
</tr>
</table><h3>Where It Works</h3><p>This versatile doormat is perfect for use in cabins, ships, yachts, fishing boats, and dockside areas. It is suitable for both indoor and outdoor settings, adding a distinctive nautical flair to any entrance or living space.</p>",CHILLGEN,Services > Building & Construction Services > Outdoor Construction,Rug,"amazon-parent-b0fhqgp3v4, anchor, custom, doormat, home-decor, indoor-outdoor, nautical, rectangular, rug",false,Choose Size,16 x 16 Inches (OUT OF STOCK),,,,,,,,AMZ-RUG-B0FHQHGWVW-1,0.0,,0,deny,manual,21.90,27.38,true,false,,,,,"",https://cdn.shopify.com/s/files/1/1023/0068/0561/files/e8e9d9eaa53e0ee770c7d5f125b35aa09def695fce55585dcd0a40bfa4076c93.jpg?v=1789061629,1,"Personalized Nautical Doormat with Boat Name & Location – Custom Anchor Welcome Mat for Fishing Boat, Yacht, or Dock – Outdoor Indoor Floor Rug for Cabin, Ship (Nautical 06)",false,,"Nautical doormat with anchor design, personalized for boats. Features anti-slip pads for cabins, ships, or docks.",,,,,,,,,,,,B0FHQGP3V4,,,,,lb,,,draft
personalized-anchor-with-boat-name-and-location-doormat,,,,,,,,,16 x 24 Inches,,,,,,,,AMZ-RUG-B0FHQHGWVW-2,0.0,,0,deny,manual,25.89,32.36,true,false,,,,,"",https://cdn.shopify.com/s/files/1/1023/0068/0561/files/929777434bc035a02f2839edc9e0b4d005937db72dd4a456ce018ec23a7af0b2.jpg?v=1789061629,2,"Personalized Nautical Doormat with Boat Name & Location – Custom Anchor Welcome Mat for Fishing Boat, Yacht, or Dock – Outdoor Indoor Floor Rug for Cabin, Ship (Nautical 06)",,,,,,,,,,,,,,,,,,,,lb,,,
personalized-anchor-with-boat-name-and-location-doormat,,,,,,,,,20 x 32 Inches - 🔥 BEST SELLER 🔥,,,,,,,,AMZ-RUG-B0FHQHGWVW-3,0.0,,0,deny,manual,31.89,39.86,true,false,,,,,"",https://cdn.shopify.com/s/files/1/1023/0068/0561/files/20507a31cdab21dc139ac265d2152f20d476b55497287510e3b980e5472f231b.jpg?v=1789061629,3,"Personalized Nautical Doormat with Boat Name & Location – Custom Anchor Welcome Mat for Fishing Boat, Yacht, or Dock – Outdoor Indoor Floor Rug for Cabin, Ship (Nautical 06)",,,,,,,,,,,,,,,,,,,,lb,,,
personalized-anchor-with-boat-name-and-location-doormat,,,,,,,,,24 x 36 Inches,,,,,,,,AMZ-RUG-B0FHQHGWVW-4,0.0,,0,deny,manual,37.89,47.36,true,false,,,,,"",https://cdn.shopify.com/s/files/1/1023/0068/0561/files/1ceba3d8fcd5369335258cbe8cc3247af02165f2759210e4b2aeacaa4395e293.jpg?v=1789061629,4,"Personalized Nautical Doormat with Boat Name & Location – Custom Anchor Welcome Mat for Fishing Boat, Yacht, or Dock – Outdoor Indoor Floor Rug for Cabin, Ship (Nautical 06)",,,,,,,,,,,,,,,,,,,,lb,,,
personalized-anchor-with-boat-name-and-location-doormat,,,,,,,,,,,,,,,,,,,,,,,,,,,,,,,"",https://cdn.shopify.com/s/files/1/1023/0068/0561/files/c737abab191374e01c3cb9ff1e8b42c3a1fe2416df524ec471a8e55a5767d852.jpg?v=1789061629,5,"Personalized Nautical Doormat with Boat Name & Location – Custom Anchor Welcome Mat for Fishing Boat, Yacht, or Dock – Outdoor Indoor Floor Rug for Cabin, Ship (Nautical 06)",,,,,,,,,,,,,,,,,,,,,,,
personalized-anchor-with-boat-name-and-location-doormat,,,,,,,,,,,,,,,,,,,,,,,,,,,,,,,"",https://cdn.shopify.com/s/files/1/1023/0068/0561/files/c356db60f4383c6fb4953bf45111ea73885965d74d8709dbc6d4ef709d447c24.jpg?v=1789061629,6,"Personalized Nautical Doormat with Boat Name & Location – Custom Anchor Welcome Mat for Fishing Boat, Yacht, or Dock – Outdoor Indoor Floor Rug for Cabin, Ship (Nautical 06)",,,,,,,,,,,,,,,,,,,,,,,
personalized-classroom-welcome-rainbow-welcome-doormat,Personalized Classroom Welcome Rainbow Welcome Doormat,"<p>This personalized doormat is designed to create a welcoming and special atmosphere for any classroom. Featuring a composition notebook style, it allows for customization with a teacher's name, making it a thoughtful gift. Its durable construction ensures it can be used in various settings to keep spaces clean and inviting.</p><h3>Product Highlights</h3><ul>
<li>Personalizable with a teacher’s name for a unique touch.</li>
<li>Thoughtful gift for back-to-school, birthdays, and holidays.</li>
<li>Soft, durable, and heat-resistant non-woven fabric top.</li>
<li>Features a neoprene rubber non-slip backing for stability.</li>
<li>Suitable for both indoor and outdoor classroom environments.</li>
</ul><h3>Specifications</h3><table border=""1"" cellpadding=""6"" style=""border-collapse:collapse;width:100%"">
<tr>
<th align=""left"" width=""35%"">Attribute</th>
<th align=""left"">Value</th>
</tr>
<tr>
<td>Rug Form</td>
<td>Doormat</td>
</tr>
<tr>
<td>Item Shape</td>
<td>Rectangular</td>
</tr>
<tr>
<td>Weave Type</td>
<td>Machine Made</td>
</tr>
<tr>
<td>Pile Height</td>
<td>Low Pile</td>
</tr>
<tr>
<td>Construction Type</td>
<td>Machine Made</td>
</tr>
<tr>
<td>Indoor/Outdoor Usage</td>
<td>Both</td>
</tr>
<tr>
<td>Water Resistance</td>
<td>Water Resistant</td>
</tr>
<tr>
<td>Pattern</td>
<td>Composition Notebook Style</td>
</tr>
<tr>
<td>Theme</td>
<td>Classroom</td>
</tr>
<tr>
<td>Style</td>
<td>Modern</td>
</tr>
<tr>
<td>Number of Pieces</td>
<td>1</td>
</tr>
</table><h3>Material &amp; Care</h3><table border=""1"" cellpadding=""6"" style=""border-collapse:collapse;width:100%"">
<tr>
<th align=""left"" width=""35%"">Item</th>
<th align=""left"">Detail</th>
</tr>
<tr>
<td>Material Type</td>
<td>Polyester</td>
</tr>
<tr>
<td>Backing Material</td>
<td>High-quality Epoxy</td>
</tr>
<tr>
<td>Care Instructions</td>
<td>Avoid bleaching</td>
</tr>
<tr>
<td>Cleaning Method</td>
<td>Hose down or sponge clean with mild liquid soap</td>
</tr>
<tr>
<td>Drying</td>
<td>Air dry</td>
</tr>
</table><h3>Where It Works</h3><p>This doormat is ideal for classrooms, entryways, and RVs, offering a versatile addition to various spaces. Its design makes it perfect for creating a friendly first impression in educational settings or personalized home entrances.</p>",CHILLGEN,Services > Building & Construction Services > Outdoor Construction,Rug,"amazon-parent-b0fgdcsg3y, classroom, doormat, home-decor, indoor-outdoor, modern, personalized, rectangular, rug",false,Choose Your Option,"Blank Doormat, No Custom",,Pick Up Size,"24""x16"" (40x60 cm)",,,,,AMZ-RUG-B0FGD77WQH-1,0.0,,0,deny,manual,21.90,29.20,true,false,,,,,"",https://cdn.shopify.com/s/files/1/1023/0068/0561/files/5667dfde04fa68bc3f9836e32866f788279c5e6e04316853f3283341f647df0b.jpg?v=1789094327,1,"Personalized Teacher Welcome Door Mat with Name, Composition Notebook Style, Perfect Classroom Decor & Back to School Gift for Teachers (Affirmation #2)",false,,"This modern personalized doormat, made of polyester, is perfect for classroom entryways with its non-slip backing.",,,,,,,,,,,,B0FGDCSG3Y,,,,,lb,,,draft
personalized-classroom-welcome-rainbow-welcome-doormat,,,,,,,,,"Blank Doormat, No Custom",,,"32""x20"" (50x80 cm) - BEST SELLING",,,,,AMZ-RUG-B0FGD77WQH-2,0.0,,0,deny,manual,30.90,41.20,true,false,,,,,"",https://cdn.shopify.com/s/files/1/1023/0068/0561/files/3af3d5e3fa2d710688fe3e524e6e93c6deb5bfb6ff2d2ef8d117c4e4f0702fbe.jpg?v=1789094327,2,"Personalized Teacher Welcome Door Mat with Name, Composition Notebook Style, Perfect Classroom Decor & Back to School Gift for Teachers (Affirmation #2)",,,,,,,,,,,,,,,,,,,,lb,,,
personalized-classroom-welcome-rainbow-welcome-doormat,,,,,,,,,"Blank Doormat, No Custom",,,"36""x24"" (60x90 cm)",,,,,AMZ-RUG-B0FGD77WQH-3,0.0,,0,deny,manual,34.90,46.53,true,false,,,,,"",https://cdn.shopify.com/s/files/1/1023/0068/0561/files/732459d13d51e8a6fa80fd43c4be88504f099d776ba2244c3928e03eaa343346.jpg?v=1789094327,3,"Personalized Teacher Welcome Door Mat with Name, Composition Notebook Style, Perfect Classroom Decor & Back to School Gift for Teachers (Affirmation #2)",,,,,,,,,,,,,,,,,,,,lb,,,
personalized-classroom-welcome-rainbow-welcome-doormat,,,,,,,,,Customized Doormat,,,"24""x16"" (40x60 cm)",,,,,AMZ-RUG-B0FGD77WQH-4,0.0,,0,deny,manual,28.90,38.53,true,false,,,,,"",https://cdn.shopify.com/s/files/1/1023/0068/0561/files/308c34a8907010b510a32f89280d339c7efe20b5a8ac57b0f4d5f522cab0347c.jpg?v=1789094327,4,"Personalized Teacher Welcome Door Mat with Name, Composition Notebook Style, Perfect Classroom Decor & Back to School Gift for Teachers (Affirmation #2)",,,,,,,,,,,,,,,,,,,,lb,,,
personalized-classroom-welcome-rainbow-welcome-doormat,,,,,,,,,Customized Doormat,,,"32""x20"" (50x80 cm) - BEST SELLING",,,,,AMZ-RUG-B0FGD77WQH-5,0.0,,0,deny,manual,37.90,50.53,true,false,,,,,"",https://cdn.shopify.com/s/files/1/1023/0068/0561/files/5f58b4942dabcc5352114b92a24f9fb19d2d2d9f185cf3efaa131e3a7b5abb59.jpg?v=1789094327,5,"Personalized Teacher Welcome Door Mat with Name, Composition Notebook Style, Perfect Classroom Decor & Back to School Gift for Teachers (Affirmation #2)",,,,,,,,,,,,,,,,,,,,lb,,,
personalized-classroom-welcome-rainbow-welcome-doormat,,,,,,,,,Customized Doormat,,,"36""x24"" (60x90 cm)",,,,,AMZ-RUG-B0FGD77WQH-6,0.0,,0,deny,manual,41.90,55.87,true,false,,,,,"",https://cdn.shopify.com/s/files/1/1023/0068/0561/files/3a9d9dc16e4308f1968da0f99d10ac8ebf0abf29217e792be1f3dc0486d64e06.jpg?v=1789094327,6,"Personalized Teacher Welcome Door Mat with Name, Composition Notebook Style, Perfect Classroom Decor & Back to School Gift for Teachers (Affirmation #2)",,,,,,,,,,,,,,,,,,,,lb,,,
