evidence_id,shop_domain,Handle,product_id,media_id,image_location,image_number,variant,image_url,image_url_export,identity_status,shared_media_references,viewed_status,viewed_at,observed_visual_details,alt_current,alt_proposed,alt_action,review_status,revision,approved_by,approved_at,approved_fields,approved_revision,evidence_file_or_reference,issues
B010-091,chillgen.com,personalized-calming-corner-rug-for-classroom-custom-tea-design-103,15913411412337,80879040070001,GALLERY_PUBLIC_CDN,1,,https://cdn.shopify.com/s/files/1/1023/0068/0561/files/ef9e0b2e7b9e2630a3486167aee563629a862db5ec5145fdec94eeda55c6f59c.jpg?v=1784368315,UNKNOWN_WITHOUT_SHOPIFY_EXPORT,PUBLIC_JSON_MATCHED_TO_HANDLE,,VIEWED_CONTACT_SHEET_AND_LOCAL_FILE,2026-09-07T02:31:42+07:00,safe space classroom rug with colorful hearts,,safe space classroom rug with colorful hearts,SET,NEEDS_REVIEW,1,,,,,seo_runs/chillgen.com/chillgen_20260907_01/evidence/images/B010/personalized-calming-corner-rug-for-classroom-custom-tea-design-103__img_01.jpg,alt_current_empty_in_public_json; media_export_url_unknown_without_shopify_export
B010-091,chillgen.com,personalized-calming-corner-rug-for-classroom-custom-tea-design-103,15913411412337,80879040102769,GALLERY_PUBLIC_CDN,2,,https://cdn.shopify.com/s/files/1/1023/0068/0561/files/4d3010851e3bf3c985a7b7af08b630108daeaa7312d39ef214913f3032f44972.jpg?v=1784368319,UNKNOWN_WITHOUT_SHOPIFY_EXPORT,PUBLIC_JSON_MATCHED_TO_HANDLE,,VIEWED_CONTACT_SHEET_AND_LOCAL_FILE,2026-09-07T02:31:42+07:00,personalized safe space rug in room mockup,,personalized safe space rug in room mockup,SET,NEEDS_REVIEW,1,,,,,seo_runs/chillgen.com/chillgen_20260907_01/evidence/images/B010/personalized-calming-corner-rug-for-classroom-custom-tea-design-103__img_02.jpg,alt_current_empty_in_public_json; media_export_url_unknown_without_shopify_export
B010-091,chillgen.com,personalized-calming-corner-rug-for-classroom-custom-tea-design-103,15913411412337,80879040135537,GALLERY_PUBLIC_CDN,3,,https://cdn.shopify.com/s/files/1/1023/0068/0561/files/4a533cd7de45c4fb9f86a35db0ff0e2db5c6c988e6033a760d6d7b47b17bcb1a.jpg?v=1784368321,UNKNOWN_WITHOUT_SHOPIFY_EXPORT,PUBLIC_JSON_MATCHED_TO_HANDLE,,VIEWED_CONTACT_SHEET_AND_LOCAL_FILE,2026-09-07T02:31:42+07:00,teacher-name safe space rug in playroom scene,,teacher-name safe space rug in playroom scene,SET,NEEDS_REVIEW,1,,,,,seo_runs/chillgen.com/chillgen_20260907_01/evidence/images/B010/personalized-calming-corner-rug-for-classroom-custom-tea-design-103__img_03.jpg,alt_current_empty_in_public_json; media_export_url_unknown_without_shopify_export
B010-091,chillgen.com,personalized-calming-corner-rug-for-classroom-custom-tea-design-103,15913411412337,80879040168305,GALLERY_PUBLIC_CDN,4,,https://cdn.shopify.com/s/files/1/1023/0068/0561/files/4802cb2491e22732662e45d41096fe62542da9aa6bb32228892f69b4c1f599ab.jpg?v=1784368324,UNKNOWN_WITHOUT_SHOPIFY_EXPORT,PUBLIC_JSON_MATCHED_TO_HANDLE,,VIEWED_CONTACT_SHEET_AND_LOCAL_FILE,2026-09-07T02:31:42+07:00,safe space classroom rug with storage cubbies,,safe space classroom rug with storage cubbies,SET,NEEDS_REVIEW,1,,,,,seo_runs/chillgen.com/chillgen_20260907_01/evidence/images/B010/personalized-calming-corner-rug-for-classroom-custom-tea-design-103__img_04.jpg,alt_current_empty_in_public_json; media_export_url_unknown_without_shopify_export
B010-091,chillgen.com,personalized-calming-corner-rug-for-classroom-custom-tea-design-103,15913411412337,80879040201073,GALLERY_PUBLIC_CDN,5,,https://cdn.shopify.com/s/files/1/1023/0068/0561/files/e6ba2387a1b51e1ea6d534eb03c41979c1f21b28ca2f5fe03d3108c0a9001e89.jpg?v=1784368326,UNKNOWN_WITHOUT_SHOPIFY_EXPORT,PUBLIC_JSON_MATCHED_TO_HANDLE,,VIEWED_CONTACT_SHEET_AND_LOCAL_FILE,2026-09-07T02:31:42+07:00,thickened bound edge graphic for safe space rug,,thickened bound edge graphic for safe space rug,SET,NEEDS_REVIEW,1,,,,,seo_runs/chillgen.com/chillgen_20260907_01/evidence/images/B010/personalized-calming-corner-rug-for-classroom-custom-tea-design-103__img_05.jpg,alt_current_empty_in_public_json; media_export_url_unknown_without_shopify_export
B010-091,chillgen.com,personalized-calming-corner-rug-for-classroom-custom-tea-design-103,15913411412337,80879040233841,GALLERY_PUBLIC_CDN,6,,https://cdn.shopify.com/s/files/1/1023/0068/0561/files/b04402abcf07bf58635a80b74bb65a910ea0680731c9453bd5f2e9b9e7c4bbfd.jpg?v=1784368330,UNKNOWN_WITHOUT_SHOPIFY_EXPORT,PUBLIC_JSON_MATCHED_TO_HANDLE,,VIEWED_CONTACT_SHEET_AND_LOCAL_FILE,2026-09-07T02:31:42+07:00,child playing on personalized safe space rug,,child playing on personalized safe space rug,SET,NEEDS_REVIEW,1,,,,,seo_runs/chillgen.com/chillgen_20260907_01/evidence/images/B010/personalized-calming-corner-rug-for-classroom-custom-tea-design-103__img_06.jpg,alt_current_empty_in_public_json; media_export_url_unknown_without_shopify_export
B010-091,chillgen.com,personalized-calming-corner-rug-for-classroom-custom-tea-design-103,15913411412337,80879040266609,GALLERY_PUBLIC_CDN,7,,https://cdn.shopify.com/s/files/1/1023/0068/0561/files/f6504519d894fd284e22a52bc2af08362c89148f372b3af4c1fe658bb8631220.jpg?v=1784368332,UNKNOWN_WITHOUT_SHOPIFY_EXPORT,PUBLIC_JSON_MATCHED_TO_HANDLE,,VIEWED_CONTACT_SHEET_AND_LOCAL_FILE,2026-09-07T02:31:42+07:00,children lying on safe space classroom rug,,children lying on safe space classroom rug,SET,NEEDS_REVIEW,1,,,,,seo_runs/chillgen.com/chillgen_20260907_01/evidence/images/B010/personalized-calming-corner-rug-for-classroom-custom-tea-design-103__img_07.jpg,alt_current_empty_in_public_json; media_export_url_unknown_without_shopify_export
B010-091,chillgen.com,personalized-calming-corner-rug-for-classroom-custom-tea-design-103,15913411412337,80879040299377,GALLERY_PUBLIC_CDN,8,,https://cdn.shopify.com/s/files/1/1023/0068/0561/files/0e79ef09a29ceacf6e9f6360fd50562a905521d53a5e613e5402d061a143c10b.jpg?v=1784368335,UNKNOWN_WITHOUT_SHOPIFY_EXPORT,PUBLIC_JSON_MATCHED_TO_HANDLE,,VIEWED_CONTACT_SHEET_AND_LOCAL_FILE,2026-09-07T02:31:42+07:00,teacher with students on safe space rug,,teacher with students on safe space rug,SET,NEEDS_REVIEW,1,,,,,seo_runs/chillgen.com/chillgen_20260907_01/evidence/images/B010/personalized-calming-corner-rug-for-classroom-custom-tea-design-103__img_08.jpg,alt_current_empty_in_public_json; media_export_url_unknown_without_shopify_export
B010-091,chillgen.com,personalized-calming-corner-rug-for-classroom-custom-tea-design-103,15913411412337,81245242687857,GALLERY_PUBLIC_CDN,9,,https://cdn.shopify.com/s/files/1/1023/0068/0561/files/b9036dfe16e809231af04ce5c70639d809c0acbf01a70933d6250a31913eabe3.jpg?v=1786649962,UNKNOWN_WITHOUT_SHOPIFY_EXPORT,PUBLIC_JSON_MATCHED_TO_HANDLE,,VIEWED_CONTACT_SHEET_AND_LOCAL_FILE,2026-09-07T02:31:42+07:00,safe space rug viewed from above in classroom,,safe space rug viewed from above in classroom,SET,NEEDS_REVIEW,1,,,,,seo_runs/chillgen.com/chillgen_20260907_01/evidence/images/B010/personalized-calming-corner-rug-for-classroom-custom-tea-design-103__img_09.jpg,alt_current_empty_in_public_json; media_export_url_unknown_without_shopify_export
B010-091,chillgen.com,personalized-calming-corner-rug-for-classroom-custom-tea-design-103,15913411412337,81245242720625,GALLERY_PUBLIC_CDN,10,,https://cdn.shopify.com/s/files/1/1023/0068/0561/files/d31827924724b57eea7900fd31646ea5e44b200c3055e8dc9b958a800469b5fe.jpg?v=1786649962,UNKNOWN_WITHOUT_SHOPIFY_EXPORT,PUBLIC_JSON_MATCHED_TO_HANDLE,,VIEWED_CONTACT_SHEET_AND_LOCAL_FILE,2026-09-07T02:31:42+07:00,custom teacher-name safe space rug in home room,,custom teacher-name safe space rug in home room,SET,NEEDS_REVIEW,1,,,,,seo_runs/chillgen.com/chillgen_20260907_01/evidence/images/B010/personalized-calming-corner-rug-for-classroom-custom-tea-design-103__img_10.jpg,alt_current_empty_in_public_json; media_export_url_unknown_without_shopify_export
B010-091,chillgen.com,personalized-calming-corner-rug-for-classroom-custom-tea-design-103,15913411412337,81245242753393,GALLERY_PUBLIC_CDN,11,,https://cdn.shopify.com/s/files/1/1023/0068/0561/files/39ad630869ffa6d359f32a73648b26b80a2e22e27d48e552b8244b6e6e491d11.jpg?v=1786649962,UNKNOWN_WITHOUT_SHOPIFY_EXPORT,PUBLIC_JSON_MATCHED_TO_HANDLE,,VIEWED_CONTACT_SHEET_AND_LOCAL_FILE,2026-09-07T02:31:42+07:00,safe space rug in child playroom mockup,,safe space rug in child playroom mockup,SET,NEEDS_REVIEW,1,,,,,seo_runs/chillgen.com/chillgen_20260907_01/evidence/images/B010/personalized-calming-corner-rug-for-classroom-custom-tea-design-103__img_11.jpg,alt_current_empty_in_public_json; media_export_url_unknown_without_shopify_export
B010-091,chillgen.com,personalized-calming-corner-rug-for-classroom-custom-tea-design-103,15913411412337,81245242786161,GALLERY_PUBLIC_CDN,12,,https://cdn.shopify.com/s/files/1/1023/0068/0561/files/a2ade06add0371bcbbb1faedd32d3c413fb34e493c83d6681fc5d77187d7d98f.jpg?v=1786649962,UNKNOWN_WITHOUT_SHOPIFY_EXPORT,PUBLIC_JSON_MATCHED_TO_HANDLE,,VIEWED_CONTACT_SHEET_AND_LOCAL_FILE,2026-09-07T02:31:42+07:00,safe space classroom rug angle view with cubbies,,safe space classroom rug angle view with cubbies,SET,NEEDS_REVIEW,1,,,,,seo_runs/chillgen.com/chillgen_20260907_01/evidence/images/B010/personalized-calming-corner-rug-for-classroom-custom-tea-design-103__img_12.jpg,alt_current_empty_in_public_json; media_export_url_unknown_without_shopify_export
B010-091,chillgen.com,personalized-calming-corner-rug-for-classroom-custom-tea-design-103,15913411412337,81245242818929,GALLERY_PUBLIC_CDN,13,,https://cdn.shopify.com/s/files/1/1023/0068/0561/files/29fb152bc0b2edd40042b9b7594a60e991021d5c10d8fe6f357627752eda5daa.jpg?v=1786649962,UNKNOWN_WITHOUT_SHOPIFY_EXPORT,PUBLIC_JSON_MATCHED_TO_HANDLE,,VIEWED_CONTACT_SHEET_AND_LOCAL_FILE,2026-09-07T02:31:42+07:00,personalized safe space rug detail graphic,,personalized safe space rug detail graphic,SET,NEEDS_REVIEW,1,,,,,seo_runs/chillgen.com/chillgen_20260907_01/evidence/images/B010/personalized-calming-corner-rug-for-classroom-custom-tea-design-103__img_13.jpg,alt_current_empty_in_public_json; media_export_url_unknown_without_shopify_export
B010-091,chillgen.com,personalized-calming-corner-rug-for-classroom-custom-tea-design-103,15913411412337,81245242851697,GALLERY_PUBLIC_CDN,14,,https://cdn.shopify.com/s/files/1/1023/0068/0561/files/e73c3ff066c636c502c13aee833f3fc695360e40575c14f18dfc1d35673e840b.jpg?v=1786649962,UNKNOWN_WITHOUT_SHOPIFY_EXPORT,PUBLIC_JSON_MATCHED_TO_HANDLE,,VIEWED_CONTACT_SHEET_AND_LOCAL_FILE,2026-09-07T02:31:42+07:00,child using safe space classroom rug,,child using safe space classroom rug,SET,NEEDS_REVIEW,1,,,,,seo_runs/chillgen.com/chillgen_20260907_01/evidence/images/B010/personalized-calming-corner-rug-for-classroom-custom-tea-design-103__img_14.jpg,alt_current_empty_in_public_json; media_export_url_unknown_without_shopify_export
B010-091,chillgen.com,personalized-calming-corner-rug-for-classroom-custom-tea-design-103,15913411412337,81245242884465,GALLERY_PUBLIC_CDN,15,,https://cdn.shopify.com/s/files/1/1023/0068/0561/files/956426b7fec3b53f341cd045d9faea0507cf88158f838385f5115a7bb15b68b2.jpg?v=1786649963,UNKNOWN_WITHOUT_SHOPIFY_EXPORT,PUBLIC_JSON_MATCHED_TO_HANDLE,,VIEWED_CONTACT_SHEET_AND_LOCAL_FILE,2026-09-07T02:31:42+07:00,children group photo on safe space rug,,children group photo on safe space rug,SET,NEEDS_REVIEW,1,,,,,seo_runs/chillgen.com/chillgen_20260907_01/evidence/images/B010/personalized-calming-corner-rug-for-classroom-custom-tea-design-103__img_15.jpg,alt_current_empty_in_public_json; media_export_url_unknown_without_shopify_export
B010-091,chillgen.com,personalized-calming-corner-rug-for-classroom-custom-tea-design-103,15913411412337,81245242917233,GALLERY_PUBLIC_CDN,16,,https://cdn.shopify.com/s/files/1/1023/0068/0561/files/8ac5f6ced7e621ddb0e45263e56bd0b1ee6477421891f3df34fb2d9571283860.jpg?v=1786649962,UNKNOWN_WITHOUT_SHOPIFY_EXPORT,PUBLIC_JSON_MATCHED_TO_HANDLE,,VIEWED_CONTACT_SHEET_AND_LOCAL_FILE,2026-09-07T02:31:42+07:00,teacher and students around safe space classroom rug,,teacher and students around safe space classroom rug,SET,NEEDS_REVIEW,1,,,,,seo_runs/chillgen.com/chillgen_20260907_01/evidence/images/B010/personalized-calming-corner-rug-for-classroom-custom-tea-design-103__img_16.jpg,alt_current_empty_in_public_json; media_export_url_unknown_without_shopify_export
B010-091,chillgen.com,personalized-calming-corner-rug-for-classroom-custom-tea-design-103,15913411412337,81245242950001,GALLERY_PUBLIC_CDN,17,,https://cdn.shopify.com/s/files/1/1023/0068/0561/files/309d1615ad75159266ad58cbe533edf83e2658deabb1eb31457c98a6250db76c.jpg?v=1786649962,UNKNOWN_WITHOUT_SHOPIFY_EXPORT,PUBLIC_JSON_MATCHED_TO_HANDLE,,VIEWED_CONTACT_SHEET_AND_LOCAL_FILE,2026-09-07T02:31:42+07:00,front product image of safe space classroom rug,,front product image of safe space classroom rug,SET,NEEDS_REVIEW,1,,,,,seo_runs/chillgen.com/chillgen_20260907_01/evidence/images/B010/personalized-calming-corner-rug-for-classroom-custom-tea-design-103__img_17.jpg,alt_current_empty_in_public_json; media_export_url_unknown_without_shopify_export
B010-092,chillgen.com,personalized-teachers-classroom-rug-custom-teacher-name-c-design-03,15969296777585,81244026438001,GALLERY_PUBLIC_CDN,1,,https://cdn.shopify.com/s/files/1/1023/0068/0561/files/efd9f94fa3cf458d2471f28818758771d6bae189dac5620af4997ede1ae87bc1.jpg?v=1786644638,UNKNOWN_WITHOUT_SHOPIFY_EXPORT,PUBLIC_JSON_MATCHED_TO_HANDLE,,VIEWED_CONTACT_SHEET_AND_LOCAL_FILE,2026-09-07T02:31:42+07:00,coping tools classroom rug with monster characters,,coping tools classroom rug with monster characters,SET,NEEDS_REVIEW,1,,,,,seo_runs/chillgen.com/chillgen_20260907_01/evidence/images/B010/personalized-teachers-classroom-rug-custom-teacher-name-c-design-03__img_01.jpg,alt_current_empty_in_public_json; media_export_url_unknown_without_shopify_export
B010-092,chillgen.com,personalized-teachers-classroom-rug-custom-teacher-name-c-design-03,15969296777585,81244026470769,GALLERY_PUBLIC_CDN,2,,https://cdn.shopify.com/s/files/1/1023/0068/0561/files/2e463f04f266adad2282fd592340fac296506120d607bdb1605eafd76ffff638.jpg?v=1786644638,UNKNOWN_WITHOUT_SHOPIFY_EXPORT,PUBLIC_JSON_MATCHED_TO_HANDLE,,VIEWED_CONTACT_SHEET_AND_LOCAL_FILE,2026-09-07T02:31:42+07:00,size chart for personalized coping tools rug,,size chart for personalized coping tools rug,SET,NEEDS_REVIEW,1,,,,,seo_runs/chillgen.com/chillgen_20260907_01/evidence/images/B010/personalized-teachers-classroom-rug-custom-teacher-name-c-design-03__img_02.jpg,alt_current_empty_in_public_json; media_export_url_unknown_without_shopify_export
B010-092,chillgen.com,personalized-teachers-classroom-rug-custom-teacher-name-c-design-03,15969296777585,81244026503537,GALLERY_PUBLIC_CDN,3,,https://cdn.shopify.com/s/files/1/1023/0068/0561/files/bc1412bf54a7dc84bd041f683006547e5a4de55b2670fa520426f5f530ec3936.jpg?v=1786644638,UNKNOWN_WITHOUT_SHOPIFY_EXPORT,PUBLIC_JSON_MATCHED_TO_HANDLE,,VIEWED_CONTACT_SHEET_AND_LOCAL_FILE,2026-09-07T02:31:42+07:00,coping skills rug in classroom reading area,,coping skills rug in classroom reading area,SET,NEEDS_REVIEW,1,,,,,seo_runs/chillgen.com/chillgen_20260907_01/evidence/images/B010/personalized-teachers-classroom-rug-custom-teacher-name-c-design-03__img_03.jpg,alt_current_empty_in_public_json; media_export_url_unknown_without_shopify_export
B010-092,chillgen.com,personalized-teachers-classroom-rug-custom-teacher-name-c-design-03,15969296777585,81244026536305,GALLERY_PUBLIC_CDN,4,,https://cdn.shopify.com/s/files/1/1023/0068/0561/files/eac98d8030c1e158286fd970dad9bc33d111c318630c3be9ebe3b5f97c898162.jpg?v=1786644638,UNKNOWN_WITHOUT_SHOPIFY_EXPORT,PUBLIC_JSON_MATCHED_TO_HANDLE,,VIEWED_CONTACT_SHEET_AND_LOCAL_FILE,2026-09-07T02:31:42+07:00,front product image of teacher coping tools rug,,front product image of teacher coping tools rug,SET,NEEDS_REVIEW,1,,,,,seo_runs/chillgen.com/chillgen_20260907_01/evidence/images/B010/personalized-teachers-classroom-rug-custom-teacher-name-c-design-03__img_04.jpg,alt_current_empty_in_public_json; media_export_url_unknown_without_shopify_export
B010-092,chillgen.com,personalized-teachers-classroom-rug-custom-teacher-name-c-design-03,15969296777585,81244026569073,GALLERY_PUBLIC_CDN,5,,https://cdn.shopify.com/s/files/1/1023/0068/0561/files/bac041c9bd571dc451c62ab390d710dfd7a99b6aa81bbbdd053b495fdd5bcea8.jpg?v=1786644638,UNKNOWN_WITHOUT_SHOPIFY_EXPORT,PUBLIC_JSON_MATCHED_TO_HANDLE,,VIEWED_CONTACT_SHEET_AND_LOCAL_FILE,2026-09-07T02:31:42+07:00,coping tools rug in large classroom mockup,,coping tools rug in large classroom mockup,SET,NEEDS_REVIEW,1,,,,,seo_runs/chillgen.com/chillgen_20260907_01/evidence/images/B010/personalized-teachers-classroom-rug-custom-teacher-name-c-design-03__img_05.jpg,alt_current_empty_in_public_json; media_export_url_unknown_without_shopify_export
B010-092,chillgen.com,personalized-teachers-classroom-rug-custom-teacher-name-c-design-03,15969296777585,81244026601841,GALLERY_PUBLIC_CDN,6,,https://cdn.shopify.com/s/files/1/1023/0068/0561/files/fd06c75a1fa0ad5bbbde036423bb593fbbf23cf62743cc8305a03c861640d456.jpg?v=1786644638,UNKNOWN_WITHOUT_SHOPIFY_EXPORT,PUBLIC_JSON_MATCHED_TO_HANDLE,,VIEWED_CONTACT_SHEET_AND_LOCAL_FILE,2026-09-07T02:31:42+07:00,custom teacher coping tools rug in home classroom,,custom teacher coping tools rug in home classroom,SET,NEEDS_REVIEW,1,,,,,seo_runs/chillgen.com/chillgen_20260907_01/evidence/images/B010/personalized-teachers-classroom-rug-custom-teacher-name-c-design-03__img_06.jpg,alt_current_empty_in_public_json; media_export_url_unknown_without_shopify_export
B010-092,chillgen.com,personalized-teachers-classroom-rug-custom-teacher-name-c-design-03,15969296777585,81244026634609,GALLERY_PUBLIC_CDN,7,,https://cdn.shopify.com/s/files/1/1023/0068/0561/files/431db4eaa94a4fbe8a6ecf61f18e809ddf341f067ee57908cc931914ce569487.jpg?v=1786644639,UNKNOWN_WITHOUT_SHOPIFY_EXPORT,PUBLIC_JSON_MATCHED_TO_HANDLE,,VIEWED_CONTACT_SHEET_AND_LOCAL_FILE,2026-09-07T02:31:42+07:00,teacher with students on coping tools rug,,teacher with students on coping tools rug,SET,NEEDS_REVIEW,1,,,,,seo_runs/chillgen.com/chillgen_20260907_01/evidence/images/B010/personalized-teachers-classroom-rug-custom-teacher-name-c-design-03__img_07.jpg,alt_current_empty_in_public_json; media_export_url_unknown_without_shopify_export
B010-092,chillgen.com,personalized-teachers-classroom-rug-custom-teacher-name-c-design-03,15969296777585,81244026667377,GALLERY_PUBLIC_CDN,8,,https://cdn.shopify.com/s/files/1/1023/0068/0561/files/6b2403a9e844dad7b08822341fc59b4fdfe2d42b70d01b4718e781371a0f8399.jpg?v=1786644638,UNKNOWN_WITHOUT_SHOPIFY_EXPORT,PUBLIC_JSON_MATCHED_TO_HANDLE,,VIEWED_CONTACT_SHEET_AND_LOCAL_FILE,2026-09-07T02:31:42+07:00,machine washable vacuum cleaner graphic for coping tools rug,,machine washable vacuum cleaner graphic for coping tools rug,SET,NEEDS_REVIEW,1,,,,,seo_runs/chillgen.com/chillgen_20260907_01/evidence/images/B010/personalized-teachers-classroom-rug-custom-teacher-name-c-design-03__img_08.jpg,alt_current_empty_in_public_json; media_export_url_unknown_without_shopify_export
B010-092,chillgen.com,personalized-teachers-classroom-rug-custom-teacher-name-c-design-03,15969296777585,81244026700145,GALLERY_PUBLIC_CDN,9,,https://cdn.shopify.com/s/files/1/1023/0068/0561/files/c069674f38fa728daeec1f526c5521b99524e963a9eb67084d39bb1435a89b9c.jpg?v=1786644638,UNKNOWN_WITHOUT_SHOPIFY_EXPORT,PUBLIC_JSON_MATCHED_TO_HANDLE,,VIEWED_CONTACT_SHEET_AND_LOCAL_FILE,2026-09-07T02:31:42+07:00,material and non-slip backing detail for coping tools rug,,material and non-slip backing detail for coping tools rug,SET,NEEDS_REVIEW,1,,,,,seo_runs/chillgen.com/chillgen_20260907_01/evidence/images/B010/personalized-teachers-classroom-rug-custom-teacher-name-c-design-03__img_09.jpg,alt_current_empty_in_public_json; media_export_url_unknown_without_shopify_export
B010-093,chillgen.com,personalized-teachers-classroom-rug-custom-teacher-name-c-design-02,15969297170801,81244027519345,GALLERY_PUBLIC_CDN,1,,https://cdn.shopify.com/s/files/1/1023/0068/0561/files/a1972e66d8c67a4c43e76e3fbcf74c00d6d1cd24415875ede6d463cfc079ebf8.jpg?v=1786644676,UNKNOWN_WITHOUT_SHOPIFY_EXPORT,PUBLIC_JSON_MATCHED_TO_HANDLE,,VIEWED_CONTACT_SHEET_AND_LOCAL_FILE,2026-09-07T02:31:42+07:00,little dinos big dreams teacher classroom rug,,little dinos big dreams teacher classroom rug,SET,NEEDS_REVIEW,1,,,,,seo_runs/chillgen.com/chillgen_20260907_01/evidence/images/B010/personalized-teachers-classroom-rug-custom-teacher-name-c-design-02__img_01.jpg,alt_current_empty_in_public_json; media_export_url_unknown_without_shopify_export
B010-093,chillgen.com,personalized-teachers-classroom-rug-custom-teacher-name-c-design-02,15969297170801,81244027552113,GALLERY_PUBLIC_CDN,2,,https://cdn.shopify.com/s/files/1/1023/0068/0561/files/371d3ba13f44fca9c5b1e9627fa11cdd0872187413d7f4172adfa398ef933086.jpg?v=1786644676,UNKNOWN_WITHOUT_SHOPIFY_EXPORT,PUBLIC_JSON_MATCHED_TO_HANDLE,,VIEWED_CONTACT_SHEET_AND_LOCAL_FILE,2026-09-07T02:31:42+07:00,size chart for personalized dinosaur classroom rug,,size chart for personalized dinosaur classroom rug,SET,NEEDS_REVIEW,1,,,,,seo_runs/chillgen.com/chillgen_20260907_01/evidence/images/B010/personalized-teachers-classroom-rug-custom-teacher-name-c-design-02__img_02.jpg,alt_current_empty_in_public_json; media_export_url_unknown_without_shopify_export
B010-093,chillgen.com,personalized-teachers-classroom-rug-custom-teacher-name-c-design-02,15969297170801,81244027584881,GALLERY_PUBLIC_CDN,3,,https://cdn.shopify.com/s/files/1/1023/0068/0561/files/3d40005e8d1b1a99e20312dd88f82d86922b606af20660b6679ac16452c5c332.jpg?v=1786644676,UNKNOWN_WITHOUT_SHOPIFY_EXPORT,PUBLIC_JSON_MATCHED_TO_HANDLE,,VIEWED_CONTACT_SHEET_AND_LOCAL_FILE,2026-09-07T02:31:42+07:00,front product image of dinosaur affirmation rug,,front product image of dinosaur affirmation rug,SET,NEEDS_REVIEW,1,,,,,seo_runs/chillgen.com/chillgen_20260907_01/evidence/images/B010/personalized-teachers-classroom-rug-custom-teacher-name-c-design-02__img_03.jpg,alt_current_empty_in_public_json; media_export_url_unknown_without_shopify_export
B010-093,chillgen.com,personalized-teachers-classroom-rug-custom-teacher-name-c-design-02,15969297170801,81244027617649,GALLERY_PUBLIC_CDN,4,,https://cdn.shopify.com/s/files/1/1023/0068/0561/files/9009e3ffaa937858b06750edaf0261df8615247ad7ac6b37be2948bfa99c5a4a.jpg?v=1786644676,UNKNOWN_WITHOUT_SHOPIFY_EXPORT,PUBLIC_JSON_MATCHED_TO_HANDLE,,VIEWED_CONTACT_SHEET_AND_LOCAL_FILE,2026-09-07T02:31:42+07:00,dinosaur classroom rug in reading area,,dinosaur classroom rug in reading area,SET,NEEDS_REVIEW,1,,,,,seo_runs/chillgen.com/chillgen_20260907_01/evidence/images/B010/personalized-teachers-classroom-rug-custom-teacher-name-c-design-02__img_04.jpg,alt_current_empty_in_public_json; media_export_url_unknown_without_shopify_export
B010-093,chillgen.com,personalized-teachers-classroom-rug-custom-teacher-name-c-design-02,15969297170801,81244027650417,GALLERY_PUBLIC_CDN,5,,https://cdn.shopify.com/s/files/1/1023/0068/0561/files/31b2f4198945c0fe741f4e3271215537c626cbedc3195745d930169f0126171c.jpg?v=1786644676,UNKNOWN_WITHOUT_SHOPIFY_EXPORT,PUBLIC_JSON_MATCHED_TO_HANDLE,,VIEWED_CONTACT_SHEET_AND_LOCAL_FILE,2026-09-07T02:31:42+07:00,teacher with students on dinosaur affirmation rug,,teacher with students on dinosaur affirmation rug,SET,NEEDS_REVIEW,1,,,,,seo_runs/chillgen.com/chillgen_20260907_01/evidence/images/B010/personalized-teachers-classroom-rug-custom-teacher-name-c-design-02__img_05.jpg,alt_current_empty_in_public_json; media_export_url_unknown_without_shopify_export
B010-093,chillgen.com,personalized-teachers-classroom-rug-custom-teacher-name-c-design-02,15969297170801,81244027683185,GALLERY_PUBLIC_CDN,6,,https://cdn.shopify.com/s/files/1/1023/0068/0561/files/776bb587992674451312c594f08a1c2a0b2cd509ddac9b3bfe5765bd6cd1f1a3.jpg?v=1786644676,UNKNOWN_WITHOUT_SHOPIFY_EXPORT,PUBLIC_JSON_MATCHED_TO_HANDLE,,VIEWED_CONTACT_SHEET_AND_LOCAL_FILE,2026-09-07T02:31:42+07:00,custom dinosaur classroom rug in home classroom,,custom dinosaur classroom rug in home classroom,SET,NEEDS_REVIEW,1,,,,,seo_runs/chillgen.com/chillgen_20260907_01/evidence/images/B010/personalized-teachers-classroom-rug-custom-teacher-name-c-design-02__img_06.jpg,alt_current_empty_in_public_json; media_export_url_unknown_without_shopify_export
B010-093,chillgen.com,personalized-teachers-classroom-rug-custom-teacher-name-c-design-02,15969297170801,81244027715953,GALLERY_PUBLIC_CDN,7,,https://cdn.shopify.com/s/files/1/1023/0068/0561/files/488a2a5fd405af68a7dfbf21338a25fe46887e8c3541e2c8a29dd65a98f7f74a.jpg?v=1786644676,UNKNOWN_WITHOUT_SHOPIFY_EXPORT,PUBLIC_JSON_MATCHED_TO_HANDLE,,VIEWED_CONTACT_SHEET_AND_LOCAL_FILE,2026-09-07T02:31:42+07:00,dinosaur teacher rug in large classroom mockup,,dinosaur teacher rug in large classroom mockup,SET,NEEDS_REVIEW,1,,,,,seo_runs/chillgen.com/chillgen_20260907_01/evidence/images/B010/personalized-teachers-classroom-rug-custom-teacher-name-c-design-02__img_07.jpg,alt_current_empty_in_public_json; media_export_url_unknown_without_shopify_export
B010-093,chillgen.com,personalized-teachers-classroom-rug-custom-teacher-name-c-design-02,15969297170801,81244027748721,GALLERY_PUBLIC_CDN,8,,https://cdn.shopify.com/s/files/1/1023/0068/0561/files/1e582848cdd38fb44508efe5f06e211e5ba1d1c2a08362b30160a803127f3cd0.jpg?v=1786644676,UNKNOWN_WITHOUT_SHOPIFY_EXPORT,PUBLIC_JSON_MATCHED_TO_HANDLE,,VIEWED_CONTACT_SHEET_AND_LOCAL_FILE,2026-09-07T02:31:42+07:00,material and backing detail for dinosaur classroom rug,,material and backing detail for dinosaur classroom rug,SET,NEEDS_REVIEW,1,,,,,seo_runs/chillgen.com/chillgen_20260907_01/evidence/images/B010/personalized-teachers-classroom-rug-custom-teacher-name-c-design-02__img_08.jpg,alt_current_empty_in_public_json; media_export_url_unknown_without_shopify_export
B010-093,chillgen.com,personalized-teachers-classroom-rug-custom-teacher-name-c-design-02,15969297170801,81244027781489,GALLERY_PUBLIC_CDN,9,,https://cdn.shopify.com/s/files/1/1023/0068/0561/files/88092e8b9d2f79fefbe0bfdaaf5c5f5dc5e09cd7607c95330a6af3480a9f51c2.jpg?v=1786644676,UNKNOWN_WITHOUT_SHOPIFY_EXPORT,PUBLIC_JSON_MATCHED_TO_HANDLE,,VIEWED_CONTACT_SHEET_AND_LOCAL_FILE,2026-09-07T02:31:42+07:00,machine washable vacuum cleaner graphic for dinosaur rug,,machine washable vacuum cleaner graphic for dinosaur rug,SET,NEEDS_REVIEW,1,,,,,seo_runs/chillgen.com/chillgen_20260907_01/evidence/images/B010/personalized-teachers-classroom-rug-custom-teacher-name-c-design-02__img_09.jpg,alt_current_empty_in_public_json; media_export_url_unknown_without_shopify_export
B010-094,chillgen.com,personalized-teachers-classroom-rug-custom-teacher-name-classroom,15969297269105,81244028371313,GALLERY_PUBLIC_CDN,1,,https://cdn.shopify.com/s/files/1/1023/0068/0561/files/107f2a17ac2843fedb9f48d1c396529f95fec754d69d2ecac4daf19cfcaeea6d.jpg?v=1786644701,UNKNOWN_WITHOUT_SHOPIFY_EXPORT,PUBLIC_JSON_MATCHED_TO_HANDLE,,VIEWED_CONTACT_SHEET_AND_LOCAL_FILE,2026-09-07T02:31:42+07:00,calming techniques classroom rug with ocean animals,,calming techniques classroom rug with ocean animals,SET,NEEDS_REVIEW,1,,,,,seo_runs/chillgen.com/chillgen_20260907_01/evidence/images/B010/personalized-teachers-classroom-rug-custom-teacher-name-classroom__img_01.jpg,alt_current_empty_in_public_json; media_export_url_unknown_without_shopify_export
B010-094,chillgen.com,personalized-teachers-classroom-rug-custom-teacher-name-classroom,15969297269105,81244028404081,GALLERY_PUBLIC_CDN,2,,https://cdn.shopify.com/s/files/1/1023/0068/0561/files/bc5dc3defaa3092c0dc9ed6c0b3881098a45c09e6f03aaff7ef6974046a36b75.jpg?v=1786644701,UNKNOWN_WITHOUT_SHOPIFY_EXPORT,PUBLIC_JSON_MATCHED_TO_HANDLE,,VIEWED_CONTACT_SHEET_AND_LOCAL_FILE,2026-09-07T02:31:42+07:00,ocean animal calming rug in classroom reading area,,ocean animal calming rug in classroom reading area,SET,NEEDS_REVIEW,1,,,,,seo_runs/chillgen.com/chillgen_20260907_01/evidence/images/B010/personalized-teachers-classroom-rug-custom-teacher-name-classroom__img_02.jpg,alt_current_empty_in_public_json; media_export_url_unknown_without_shopify_export
B010-094,chillgen.com,personalized-teachers-classroom-rug-custom-teacher-name-classroom,15969297269105,81244028436849,GALLERY_PUBLIC_CDN,3,,https://cdn.shopify.com/s/files/1/1023/0068/0561/files/efb94d782b29f814888fa67d4ca2ef5f68be6958059bd27155ef8e4b574ceb5f.jpg?v=1786644701,UNKNOWN_WITHOUT_SHOPIFY_EXPORT,PUBLIC_JSON_MATCHED_TO_HANDLE,,VIEWED_CONTACT_SHEET_AND_LOCAL_FILE,2026-09-07T02:31:42+07:00,size chart for personalized calming techniques rug,,size chart for personalized calming techniques rug,SET,NEEDS_REVIEW,1,,,,,seo_runs/chillgen.com/chillgen_20260907_01/evidence/images/B010/personalized-teachers-classroom-rug-custom-teacher-name-classroom__img_03.jpg,alt_current_empty_in_public_json; media_export_url_unknown_without_shopify_export
B010-094,chillgen.com,personalized-teachers-classroom-rug-custom-teacher-name-classroom,15969297269105,81244028469617,GALLERY_PUBLIC_CDN,4,,https://cdn.shopify.com/s/files/1/1023/0068/0561/files/2754ac5b877a7cdc559171f24bab69a3b6e96ce992c12138a5df2bd737e6a137.jpg?v=1786644701,UNKNOWN_WITHOUT_SHOPIFY_EXPORT,PUBLIC_JSON_MATCHED_TO_HANDLE,,VIEWED_CONTACT_SHEET_AND_LOCAL_FILE,2026-09-07T02:31:42+07:00,custom calming techniques rug in home classroom,,custom calming techniques rug in home classroom,SET,NEEDS_REVIEW,1,,,,,seo_runs/chillgen.com/chillgen_20260907_01/evidence/images/B010/personalized-teachers-classroom-rug-custom-teacher-name-classroom__img_04.jpg,alt_current_empty_in_public_json; media_export_url_unknown_without_shopify_export
B010-094,chillgen.com,personalized-teachers-classroom-rug-custom-teacher-name-classroom,15969297269105,81244028502385,GALLERY_PUBLIC_CDN,5,,https://cdn.shopify.com/s/files/1/1023/0068/0561/files/f2ec25b2255c6b9b4557422a42e160b34a20589ca338ff3c25a67da6ff8022e1.jpg?v=1786644701,UNKNOWN_WITHOUT_SHOPIFY_EXPORT,PUBLIC_JSON_MATCHED_TO_HANDLE,,VIEWED_CONTACT_SHEET_AND_LOCAL_FILE,2026-09-07T02:31:42+07:00,teacher with students on ocean animal calming rug,,teacher with students on ocean animal calming rug,SET,NEEDS_REVIEW,1,,,,,seo_runs/chillgen.com/chillgen_20260907_01/evidence/images/B010/personalized-teachers-classroom-rug-custom-teacher-name-classroom__img_05.jpg,alt_current_empty_in_public_json; media_export_url_unknown_without_shopify_export
B010-094,chillgen.com,personalized-teachers-classroom-rug-custom-teacher-name-classroom,15969297269105,81244028535153,GALLERY_PUBLIC_CDN,6,,https://cdn.shopify.com/s/files/1/1023/0068/0561/files/879c656b073a61d9992445e63a1029e6f1430fa88c4b29646b292a21d3ae6c67.jpg?v=1786644701,UNKNOWN_WITHOUT_SHOPIFY_EXPORT,PUBLIC_JSON_MATCHED_TO_HANDLE,,VIEWED_CONTACT_SHEET_AND_LOCAL_FILE,2026-09-07T02:31:42+07:00,calming techniques rug in large classroom mockup,,calming techniques rug in large classroom mockup,SET,NEEDS_REVIEW,1,,,,,seo_runs/chillgen.com/chillgen_20260907_01/evidence/images/B010/personalized-teachers-classroom-rug-custom-teacher-name-classroom__img_06.jpg,alt_current_empty_in_public_json; media_export_url_unknown_without_shopify_export
B010-094,chillgen.com,personalized-teachers-classroom-rug-custom-teacher-name-classroom,15969297269105,81244028567921,GALLERY_PUBLIC_CDN,7,,https://cdn.shopify.com/s/files/1/1023/0068/0561/files/73e81f3a509efe21e751f1c5279333f9cf29f1cad1a73bf746c69280496dbd87.jpg?v=1786644701,UNKNOWN_WITHOUT_SHOPIFY_EXPORT,PUBLIC_JSON_MATCHED_TO_HANDLE,,VIEWED_CONTACT_SHEET_AND_LOCAL_FILE,2026-09-07T02:31:42+07:00,machine washable vacuum cleaner graphic for calming rug,,machine washable vacuum cleaner graphic for calming rug,SET,NEEDS_REVIEW,1,,,,,seo_runs/chillgen.com/chillgen_20260907_01/evidence/images/B010/personalized-teachers-classroom-rug-custom-teacher-name-classroom__img_07.jpg,alt_current_empty_in_public_json; media_export_url_unknown_without_shopify_export
B010-094,chillgen.com,personalized-teachers-classroom-rug-custom-teacher-name-classroom,15969297269105,81244028600689,GALLERY_PUBLIC_CDN,8,,https://cdn.shopify.com/s/files/1/1023/0068/0561/files/30eb81f7456e50a439535204ee60c68a093781a485ea72e5e9165ae89bfdd3dd.jpg?v=1786644701,UNKNOWN_WITHOUT_SHOPIFY_EXPORT,PUBLIC_JSON_MATCHED_TO_HANDLE,,VIEWED_CONTACT_SHEET_AND_LOCAL_FILE,2026-09-07T02:31:42+07:00,material and non-slip backing detail for calming techniques rug,,material and non-slip backing detail for calming techniques rug,SET,NEEDS_REVIEW,1,,,,,seo_runs/chillgen.com/chillgen_20260907_01/evidence/images/B010/personalized-teachers-classroom-rug-custom-teacher-name-classroom__img_08.jpg,alt_current_empty_in_public_json; media_export_url_unknown_without_shopify_export
B010-095,chillgen.com,personalized-teachers-classroom-rug-custom-teacher-name-c-design-09,15969297596785,81244032893297,GALLERY_PUBLIC_CDN,1,,https://cdn.shopify.com/s/files/1/1023/0068/0561/files/d804c5f1044a728d3db6359c2ee7108633a659909a7eaabcc795756be0d28b90.jpg?v=1786644849,UNKNOWN_WITHOUT_SHOPIFY_EXPORT,PUBLIC_JSON_MATCHED_TO_HANDLE,,VIEWED_CONTACT_SHEET_AND_LOCAL_FILE,2026-09-07T02:31:42+07:00,classroom jobs rug with rainbow and helper icons,,classroom jobs rug with rainbow and helper icons,SET,NEEDS_REVIEW,1,,,,,seo_runs/chillgen.com/chillgen_20260907_01/evidence/images/B010/personalized-teachers-classroom-rug-custom-teacher-name-c-design-09__img_01.jpg,alt_current_empty_in_public_json; media_export_url_unknown_without_shopify_export
B010-095,chillgen.com,personalized-teachers-classroom-rug-custom-teacher-name-c-design-09,15969297596785,81244032926065,GALLERY_PUBLIC_CDN,2,,https://cdn.shopify.com/s/files/1/1023/0068/0561/files/afe17b1555d1a0b4f5484581822c1b33d8bf071183b01383b7e56dc8d789ae12.jpg?v=1786644849,UNKNOWN_WITHOUT_SHOPIFY_EXPORT,PUBLIC_JSON_MATCHED_TO_HANDLE,,VIEWED_CONTACT_SHEET_AND_LOCAL_FILE,2026-09-07T02:31:42+07:00,personalized classroom jobs rug in room mockup,,personalized classroom jobs rug in room mockup,SET,NEEDS_REVIEW,1,,,,,seo_runs/chillgen.com/chillgen_20260907_01/evidence/images/B010/personalized-teachers-classroom-rug-custom-teacher-name-c-design-09__img_02.jpg,alt_current_empty_in_public_json; media_export_url_unknown_without_shopify_export
B010-095,chillgen.com,personalized-teachers-classroom-rug-custom-teacher-name-c-design-09,15969297596785,81244032958833,GALLERY_PUBLIC_CDN,3,,https://cdn.shopify.com/s/files/1/1023/0068/0561/files/dce3bc2dd7d6eb5e485db395875e02022b8ebd8c00e8ae922b9c8d2020daad0e.jpg?v=1786644849,UNKNOWN_WITHOUT_SHOPIFY_EXPORT,PUBLIC_JSON_MATCHED_TO_HANDLE,,VIEWED_CONTACT_SHEET_AND_LOCAL_FILE,2026-09-07T02:31:42+07:00,size chart for teacher classroom jobs rug,,size chart for teacher classroom jobs rug,SET,NEEDS_REVIEW,1,,,,,seo_runs/chillgen.com/chillgen_20260907_01/evidence/images/B010/personalized-teachers-classroom-rug-custom-teacher-name-c-design-09__img_03.jpg,alt_current_empty_in_public_json; media_export_url_unknown_without_shopify_export
B010-095,chillgen.com,personalized-teachers-classroom-rug-custom-teacher-name-c-design-09,15969297596785,81244032991601,GALLERY_PUBLIC_CDN,4,,https://cdn.shopify.com/s/files/1/1023/0068/0561/files/96b3306130a0e833895eda408e0cf8958704099584158d274e620a09bd1ebd67.jpg?v=1786644849,UNKNOWN_WITHOUT_SHOPIFY_EXPORT,PUBLIC_JSON_MATCHED_TO_HANDLE,,VIEWED_CONTACT_SHEET_AND_LOCAL_FILE,2026-09-07T02:31:42+07:00,classroom jobs rug in reading area,,classroom jobs rug in reading area,SET,NEEDS_REVIEW,1,,,,,seo_runs/chillgen.com/chillgen_20260907_01/evidence/images/B010/personalized-teachers-classroom-rug-custom-teacher-name-c-design-09__img_04.jpg,alt_current_empty_in_public_json; media_export_url_unknown_without_shopify_export
B010-095,chillgen.com,personalized-teachers-classroom-rug-custom-teacher-name-c-design-09,15969297596785,81244033024369,GALLERY_PUBLIC_CDN,5,,https://cdn.shopify.com/s/files/1/1023/0068/0561/files/47d593c6a6a46b8380d8100fe326853496f221bd1c3364422bbbce986b28240a.jpg?v=1786644849,UNKNOWN_WITHOUT_SHOPIFY_EXPORT,PUBLIC_JSON_MATCHED_TO_HANDLE,,VIEWED_CONTACT_SHEET_AND_LOCAL_FILE,2026-09-07T02:31:42+07:00,custom jobs rug in large classroom,,custom jobs rug in large classroom,SET,NEEDS_REVIEW,1,,,,,seo_runs/chillgen.com/chillgen_20260907_01/evidence/images/B010/personalized-teachers-classroom-rug-custom-teacher-name-c-design-09__img_05.jpg,alt_current_empty_in_public_json; media_export_url_unknown_without_shopify_export
B010-095,chillgen.com,personalized-teachers-classroom-rug-custom-teacher-name-c-design-09,15969297596785,81244033057137,GALLERY_PUBLIC_CDN,6,,https://cdn.shopify.com/s/files/1/1023/0068/0561/files/bf5443478355f10434ac7c52e17292f634ada0d2b9826e21db583782969a07d7.jpg?v=1786644849,UNKNOWN_WITHOUT_SHOPIFY_EXPORT,PUBLIC_JSON_MATCHED_TO_HANDLE,,VIEWED_CONTACT_SHEET_AND_LOCAL_FILE,2026-09-07T02:31:42+07:00,teacher classroom jobs rug in home classroom,,teacher classroom jobs rug in home classroom,SET,NEEDS_REVIEW,1,,,,,seo_runs/chillgen.com/chillgen_20260907_01/evidence/images/B010/personalized-teachers-classroom-rug-custom-teacher-name-c-design-09__img_06.jpg,alt_current_empty_in_public_json; media_export_url_unknown_without_shopify_export
B010-095,chillgen.com,personalized-teachers-classroom-rug-custom-teacher-name-c-design-09,15969297596785,81244033089905,GALLERY_PUBLIC_CDN,7,,https://cdn.shopify.com/s/files/1/1023/0068/0561/files/1cc17909b282c3c4dfb6eecfbfc88bed7d54581c901f05d02dbac9150b82b5d0.jpg?v=1786644849,UNKNOWN_WITHOUT_SHOPIFY_EXPORT,PUBLIC_JSON_MATCHED_TO_HANDLE,,VIEWED_CONTACT_SHEET_AND_LOCAL_FILE,2026-09-07T02:31:42+07:00,teacher with students on classroom jobs rug,,teacher with students on classroom jobs rug,SET,NEEDS_REVIEW,1,,,,,seo_runs/chillgen.com/chillgen_20260907_01/evidence/images/B010/personalized-teachers-classroom-rug-custom-teacher-name-c-design-09__img_07.jpg,alt_current_empty_in_public_json; media_export_url_unknown_without_shopify_export
B010-095,chillgen.com,personalized-teachers-classroom-rug-custom-teacher-name-c-design-09,15969297596785,81244033122673,GALLERY_PUBLIC_CDN,8,,https://cdn.shopify.com/s/files/1/1023/0068/0561/files/0e2be1bfaf64884d85726b1f51d7d2f4f77f3cc815568afeeea3f23e85ee9871.jpg?v=1786644849,UNKNOWN_WITHOUT_SHOPIFY_EXPORT,PUBLIC_JSON_MATCHED_TO_HANDLE,,VIEWED_CONTACT_SHEET_AND_LOCAL_FILE,2026-09-07T02:31:42+07:00,material and non-slip backing detail for jobs rug,,material and non-slip backing detail for jobs rug,SET,NEEDS_REVIEW,1,,,,,seo_runs/chillgen.com/chillgen_20260907_01/evidence/images/B010/personalized-teachers-classroom-rug-custom-teacher-name-c-design-09__img_08.jpg,alt_current_empty_in_public_json; media_export_url_unknown_without_shopify_export
B010-095,chillgen.com,personalized-teachers-classroom-rug-custom-teacher-name-c-design-09,15969297596785,81244033155441,GALLERY_PUBLIC_CDN,9,,https://cdn.shopify.com/s/files/1/1023/0068/0561/files/3e7e63b224975f9bb2da314c29dce333954ebc125eb6652f511f7e79bc9b6d51.jpg?v=1786644849,UNKNOWN_WITHOUT_SHOPIFY_EXPORT,PUBLIC_JSON_MATCHED_TO_HANDLE,,VIEWED_CONTACT_SHEET_AND_LOCAL_FILE,2026-09-07T02:31:42+07:00,machine washable vacuum cleaner graphic for jobs rug,,machine washable vacuum cleaner graphic for jobs rug,SET,NEEDS_REVIEW,1,,,,,seo_runs/chillgen.com/chillgen_20260907_01/evidence/images/B010/personalized-teachers-classroom-rug-custom-teacher-name-c-design-09__img_09.jpg,alt_current_empty_in_public_json; media_export_url_unknown_without_shopify_export
B010-095,chillgen.com,personalized-teachers-classroom-rug-custom-teacher-name-c-design-09,15969297596785,81244321382769,GALLERY_PUBLIC_CDN,10,,https://cdn.shopify.com/s/files/1/1023/0068/0561/files/d804c5f1044a728d3db6359c2ee7108633a659909a7eaabcc795756be0d28b90_46889f36-a16e-4ee1-a733-00adb3916a03.jpg?v=1786645155,UNKNOWN_WITHOUT_SHOPIFY_EXPORT,PUBLIC_JSON_MATCHED_TO_HANDLE,,VIEWED_CONTACT_SHEET_AND_LOCAL_FILE,2026-09-07T02:31:42+07:00,front product image of classroom jobs rug,,front product image of classroom jobs rug,SET,NEEDS_REVIEW,1,,,,,seo_runs/chillgen.com/chillgen_20260907_01/evidence/images/B010/personalized-teachers-classroom-rug-custom-teacher-name-c-design-09__img_10.jpg,alt_current_empty_in_public_json; media_export_url_unknown_without_shopify_export
B010-095,chillgen.com,personalized-teachers-classroom-rug-custom-teacher-name-c-design-09,15969297596785,81244321415537,GALLERY_PUBLIC_CDN,11,,https://cdn.shopify.com/s/files/1/1023/0068/0561/files/afe17b1555d1a0b4f5484581822c1b33d8bf071183b01383b7e56dc8d789ae12_e405852a-669e-4826-bb9e-d348f5f1cff4.jpg?v=1786645156,UNKNOWN_WITHOUT_SHOPIFY_EXPORT,PUBLIC_JSON_MATCHED_TO_HANDLE,,VIEWED_CONTACT_SHEET_AND_LOCAL_FILE,2026-09-07T02:31:42+07:00,personalized jobs rug in classroom mockup,,personalized jobs rug in classroom mockup,SET,NEEDS_REVIEW,1,,,,,seo_runs/chillgen.com/chillgen_20260907_01/evidence/images/B010/personalized-teachers-classroom-rug-custom-teacher-name-c-design-09__img_11.jpg,alt_current_empty_in_public_json; media_export_url_unknown_without_shopify_export
B010-095,chillgen.com,personalized-teachers-classroom-rug-custom-teacher-name-c-design-09,15969297596785,81244321448305,GALLERY_PUBLIC_CDN,12,,https://cdn.shopify.com/s/files/1/1023/0068/0561/files/dce3bc2dd7d6eb5e485db395875e02022b8ebd8c00e8ae922b9c8d2020daad0e_9d2f2c1e-8e1b-4b19-9347-1f4c41da21dd.jpg?v=1786645155,UNKNOWN_WITHOUT_SHOPIFY_EXPORT,PUBLIC_JSON_MATCHED_TO_HANDLE,,VIEWED_CONTACT_SHEET_AND_LOCAL_FILE,2026-09-07T02:31:42+07:00,repeated size chart for classroom jobs rug,,repeated size chart for classroom jobs rug,SET,NEEDS_REVIEW,1,,,,,seo_runs/chillgen.com/chillgen_20260907_01/evidence/images/B010/personalized-teachers-classroom-rug-custom-teacher-name-c-design-09__img_12.jpg,alt_current_empty_in_public_json; media_export_url_unknown_without_shopify_export
B010-095,chillgen.com,personalized-teachers-classroom-rug-custom-teacher-name-c-design-09,15969297596785,81244321481073,GALLERY_PUBLIC_CDN,13,,https://cdn.shopify.com/s/files/1/1023/0068/0561/files/96b3306130a0e833895eda408e0cf8958704099584158d274e620a09bd1ebd67_8ef47683-1954-4fd0-85f4-51a2362bb12b.jpg?v=1786645155,UNKNOWN_WITHOUT_SHOPIFY_EXPORT,PUBLIC_JSON_MATCHED_TO_HANDLE,,VIEWED_CONTACT_SHEET_AND_LOCAL_FILE,2026-09-07T02:31:42+07:00,angled classroom jobs rug in reading corner,,angled classroom jobs rug in reading corner,SET,NEEDS_REVIEW,1,,,,,seo_runs/chillgen.com/chillgen_20260907_01/evidence/images/B010/personalized-teachers-classroom-rug-custom-teacher-name-c-design-09__img_13.jpg,alt_current_empty_in_public_json; media_export_url_unknown_without_shopify_export
B010-095,chillgen.com,personalized-teachers-classroom-rug-custom-teacher-name-c-design-09,15969297596785,81244321513841,GALLERY_PUBLIC_CDN,14,,https://cdn.shopify.com/s/files/1/1023/0068/0561/files/47d593c6a6a46b8380d8100fe326853496f221bd1c3364422bbbce986b28240a_2d8c9ca7-b10e-4c10-b491-042b54b2e03f.jpg?v=1786645155,UNKNOWN_WITHOUT_SHOPIFY_EXPORT,PUBLIC_JSON_MATCHED_TO_HANDLE,,VIEWED_CONTACT_SHEET_AND_LOCAL_FILE,2026-09-07T02:31:42+07:00,large classroom mockup of jobs rug,,large classroom mockup of jobs rug,SET,NEEDS_REVIEW,1,,,,,seo_runs/chillgen.com/chillgen_20260907_01/evidence/images/B010/personalized-teachers-classroom-rug-custom-teacher-name-c-design-09__img_14.jpg,alt_current_empty_in_public_json; media_export_url_unknown_without_shopify_export
B010-095,chillgen.com,personalized-teachers-classroom-rug-custom-teacher-name-c-design-09,15969297596785,81244321546609,GALLERY_PUBLIC_CDN,15,,https://cdn.shopify.com/s/files/1/1023/0068/0561/files/bf5443478355f10434ac7c52e17292f634ada0d2b9826e21db583782969a07d7_3023a8b1-a283-4ea6-9451-131ff148996c.jpg?v=1786645156,UNKNOWN_WITHOUT_SHOPIFY_EXPORT,PUBLIC_JSON_MATCHED_TO_HANDLE,,VIEWED_CONTACT_SHEET_AND_LOCAL_FILE,2026-09-07T02:31:42+07:00,home classroom scene with classroom jobs rug,,home classroom scene with classroom jobs rug,SET,NEEDS_REVIEW,1,,,,,seo_runs/chillgen.com/chillgen_20260907_01/evidence/images/B010/personalized-teachers-classroom-rug-custom-teacher-name-c-design-09__img_15.jpg,alt_current_empty_in_public_json; media_export_url_unknown_without_shopify_export
B010-095,chillgen.com,personalized-teachers-classroom-rug-custom-teacher-name-c-design-09,15969297596785,81244321579377,GALLERY_PUBLIC_CDN,16,,https://cdn.shopify.com/s/files/1/1023/0068/0561/files/1cc17909b282c3c4dfb6eecfbfc88bed7d54581c901f05d02dbac9150b82b5d0_dc9076af-a0e0-491d-8b62-911a0ed0fd5b.jpg?v=1786645155,UNKNOWN_WITHOUT_SHOPIFY_EXPORT,PUBLIC_JSON_MATCHED_TO_HANDLE,,VIEWED_CONTACT_SHEET_AND_LOCAL_FILE,2026-09-07T02:31:42+07:00,students gathered on personalized jobs rug,,students gathered on personalized jobs rug,SET,NEEDS_REVIEW,1,,,,,seo_runs/chillgen.com/chillgen_20260907_01/evidence/images/B010/personalized-teachers-classroom-rug-custom-teacher-name-c-design-09__img_16.jpg,alt_current_empty_in_public_json; media_export_url_unknown_without_shopify_export
B010-095,chillgen.com,personalized-teachers-classroom-rug-custom-teacher-name-c-design-09,15969297596785,81244321612145,GALLERY_PUBLIC_CDN,17,,https://cdn.shopify.com/s/files/1/1023/0068/0561/files/0e2be1bfaf64884d85726b1f51d7d2f4f77f3cc815568afeeea3f23e85ee9871_1ad4117a-5e0c-4b02-96bd-5389de1e5a5c.jpg?v=1786645155,UNKNOWN_WITHOUT_SHOPIFY_EXPORT,PUBLIC_JSON_MATCHED_TO_HANDLE,,VIEWED_CONTACT_SHEET_AND_LOCAL_FILE,2026-09-07T02:31:42+07:00,reinforced edge and backing graphic for classroom jobs rug,,reinforced edge and backing graphic for classroom jobs rug,SET,NEEDS_REVIEW,1,,,,,seo_runs/chillgen.com/chillgen_20260907_01/evidence/images/B010/personalized-teachers-classroom-rug-custom-teacher-name-c-design-09__img_17.jpg,alt_current_empty_in_public_json; media_export_url_unknown_without_shopify_export
B010-095,chillgen.com,personalized-teachers-classroom-rug-custom-teacher-name-c-design-09,15969297596785,81244321644913,GALLERY_PUBLIC_CDN,18,,https://cdn.shopify.com/s/files/1/1023/0068/0561/files/3e7e63b224975f9bb2da314c29dce333954ebc125eb6652f511f7e79bc9b6d51_26017f7f-ce2b-46f2-8dc6-6ee2ff1cbdaf.jpg?v=1786645155,UNKNOWN_WITHOUT_SHOPIFY_EXPORT,PUBLIC_JSON_MATCHED_TO_HANDLE,,VIEWED_CONTACT_SHEET_AND_LOCAL_FILE,2026-09-07T02:31:42+07:00,washable care graphic for classroom jobs rug,,washable care graphic for classroom jobs rug,SET,NEEDS_REVIEW,1,,,,,seo_runs/chillgen.com/chillgen_20260907_01/evidence/images/B010/personalized-teachers-classroom-rug-custom-teacher-name-c-design-09__img_18.jpg,alt_current_empty_in_public_json; media_export_url_unknown_without_shopify_export
B010-096,chillgen.com,personalized-teachers-classroom-rug-custom-teacher-name-c-design-07,15969297695089,81244033352049,GALLERY_PUBLIC_CDN,1,,https://cdn.shopify.com/s/files/1/1023/0068/0561/files/fcc64344eeab3f077dcb35028dd94e64a6319d3c413c3926e179834523c0aff0.jpg?v=1786644868,UNKNOWN_WITHOUT_SHOPIFY_EXPORT,PUBLIC_JSON_MATCHED_TO_HANDLE,,VIEWED_CONTACT_SHEET_AND_LOCAL_FILE,2026-09-07T02:31:42+07:00,classroom rules rug with rainbow and teacher name,,classroom rules rug with rainbow and teacher name,SET,NEEDS_REVIEW,1,,,,,seo_runs/chillgen.com/chillgen_20260907_01/evidence/images/B010/personalized-teachers-classroom-rug-custom-teacher-name-c-design-07__img_01.jpg,alt_current_empty_in_public_json; media_export_url_unknown_without_shopify_export
B010-096,chillgen.com,personalized-teachers-classroom-rug-custom-teacher-name-c-design-07,15969297695089,81244033384817,GALLERY_PUBLIC_CDN,2,,https://cdn.shopify.com/s/files/1/1023/0068/0561/files/313b44d7fde271dea0f7cc76c8b05b5ced5b1ea241898c55cb1a90d050428dc9.jpg?v=1786644868,UNKNOWN_WITHOUT_SHOPIFY_EXPORT,PUBLIC_JSON_MATCHED_TO_HANDLE,,VIEWED_CONTACT_SHEET_AND_LOCAL_FILE,2026-09-07T02:31:42+07:00,personalized classroom rules rug in room mockup,,personalized classroom rules rug in room mockup,SET,NEEDS_REVIEW,1,,,,,seo_runs/chillgen.com/chillgen_20260907_01/evidence/images/B010/personalized-teachers-classroom-rug-custom-teacher-name-c-design-07__img_02.jpg,alt_current_empty_in_public_json; media_export_url_unknown_without_shopify_export
B010-096,chillgen.com,personalized-teachers-classroom-rug-custom-teacher-name-c-design-07,15969297695089,81244033417585,GALLERY_PUBLIC_CDN,3,,https://cdn.shopify.com/s/files/1/1023/0068/0561/files/52b4267cfb93afbf7564963ea202b125b79daef47c3ec3fde1917ceccf3ab794.jpg?v=1786644868,UNKNOWN_WITHOUT_SHOPIFY_EXPORT,PUBLIC_JSON_MATCHED_TO_HANDLE,,VIEWED_CONTACT_SHEET_AND_LOCAL_FILE,2026-09-07T02:31:42+07:00,size chart for teacher classroom rules rug,,size chart for teacher classroom rules rug,SET,NEEDS_REVIEW,1,,,,,seo_runs/chillgen.com/chillgen_20260907_01/evidence/images/B010/personalized-teachers-classroom-rug-custom-teacher-name-c-design-07__img_03.jpg,alt_current_empty_in_public_json; media_export_url_unknown_without_shopify_export
B010-096,chillgen.com,personalized-teachers-classroom-rug-custom-teacher-name-c-design-07,15969297695089,81244033450353,GALLERY_PUBLIC_CDN,4,,https://cdn.shopify.com/s/files/1/1023/0068/0561/files/5d7e08ebdf20aa1c4622a82174d8e0fe8600b8d2d96c39338eb4ccc9ddab21c8.jpg?v=1786644868,UNKNOWN_WITHOUT_SHOPIFY_EXPORT,PUBLIC_JSON_MATCHED_TO_HANDLE,,VIEWED_CONTACT_SHEET_AND_LOCAL_FILE,2026-09-07T02:31:42+07:00,classroom rules rug in large classroom,,classroom rules rug in large classroom,SET,NEEDS_REVIEW,1,,,,,seo_runs/chillgen.com/chillgen_20260907_01/evidence/images/B010/personalized-teachers-classroom-rug-custom-teacher-name-c-design-07__img_04.jpg,alt_current_empty_in_public_json; media_export_url_unknown_without_shopify_export
B010-096,chillgen.com,personalized-teachers-classroom-rug-custom-teacher-name-c-design-07,15969297695089,81244033483121,GALLERY_PUBLIC_CDN,5,,https://cdn.shopify.com/s/files/1/1023/0068/0561/files/3ad39f9efffe2afcaa32d1e2301c464e4b49cf39096bd28e652a1b2608adc672.jpg?v=1786644869,UNKNOWN_WITHOUT_SHOPIFY_EXPORT,PUBLIC_JSON_MATCHED_TO_HANDLE,,VIEWED_CONTACT_SHEET_AND_LOCAL_FILE,2026-09-07T02:31:42+07:00,custom rules rug in home classroom scene,,custom rules rug in home classroom scene,SET,NEEDS_REVIEW,1,,,,,seo_runs/chillgen.com/chillgen_20260907_01/evidence/images/B010/personalized-teachers-classroom-rug-custom-teacher-name-c-design-07__img_05.jpg,alt_current_empty_in_public_json; media_export_url_unknown_without_shopify_export
B010-096,chillgen.com,personalized-teachers-classroom-rug-custom-teacher-name-c-design-07,15969297695089,81244033515889,GALLERY_PUBLIC_CDN,6,,https://cdn.shopify.com/s/files/1/1023/0068/0561/files/aa9c9c08876dac321120192d9eda5ccd47b31202eb928a9fb61b82368b9f85dc.jpg?v=1786644868,UNKNOWN_WITHOUT_SHOPIFY_EXPORT,PUBLIC_JSON_MATCHED_TO_HANDLE,,VIEWED_CONTACT_SHEET_AND_LOCAL_FILE,2026-09-07T02:31:42+07:00,teacher with students on classroom rules rug,,teacher with students on classroom rules rug,SET,NEEDS_REVIEW,1,,,,,seo_runs/chillgen.com/chillgen_20260907_01/evidence/images/B010/personalized-teachers-classroom-rug-custom-teacher-name-c-design-07__img_06.jpg,alt_current_empty_in_public_json; media_export_url_unknown_without_shopify_export
B010-096,chillgen.com,personalized-teachers-classroom-rug-custom-teacher-name-c-design-07,15969297695089,81244033548657,GALLERY_PUBLIC_CDN,7,,https://cdn.shopify.com/s/files/1/1023/0068/0561/files/afbbae3521468f6e1b00be1d733a0098475e2e8a366a7955d7faafb8a7350afb.jpg?v=1786644868,UNKNOWN_WITHOUT_SHOPIFY_EXPORT,PUBLIC_JSON_MATCHED_TO_HANDLE,,VIEWED_CONTACT_SHEET_AND_LOCAL_FILE,2026-09-07T02:31:42+07:00,machine washable vacuum cleaner graphic for classroom rules rug,,machine washable vacuum cleaner graphic for classroom rules rug,SET,NEEDS_REVIEW,1,,,,,seo_runs/chillgen.com/chillgen_20260907_01/evidence/images/B010/personalized-teachers-classroom-rug-custom-teacher-name-c-design-07__img_07.jpg,alt_current_empty_in_public_json; media_export_url_unknown_without_shopify_export
B010-096,chillgen.com,personalized-teachers-classroom-rug-custom-teacher-name-c-design-07,15969297695089,81244033581425,GALLERY_PUBLIC_CDN,8,,https://cdn.shopify.com/s/files/1/1023/0068/0561/files/b510a851fb4d86d8950f1bc28cc31e2890b2feb9d9a2c6527702c2ac5ec9e508.jpg?v=1786644868,UNKNOWN_WITHOUT_SHOPIFY_EXPORT,PUBLIC_JSON_MATCHED_TO_HANDLE,,VIEWED_CONTACT_SHEET_AND_LOCAL_FILE,2026-09-07T02:31:42+07:00,angled classroom rules rug in reading corner,,angled classroom rules rug in reading corner,SET,NEEDS_REVIEW,1,,,,,seo_runs/chillgen.com/chillgen_20260907_01/evidence/images/B010/personalized-teachers-classroom-rug-custom-teacher-name-c-design-07__img_08.jpg,alt_current_empty_in_public_json; media_export_url_unknown_without_shopify_export
B010-096,chillgen.com,personalized-teachers-classroom-rug-custom-teacher-name-c-design-07,15969297695089,81244033614193,GALLERY_PUBLIC_CDN,9,,https://cdn.shopify.com/s/files/1/1023/0068/0561/files/7169e23cfb5a45cf86688d7c6c6a0c44dc3bd36841a43b48fb41290be5ca8952.jpg?v=1786644868,UNKNOWN_WITHOUT_SHOPIFY_EXPORT,PUBLIC_JSON_MATCHED_TO_HANDLE,,VIEWED_CONTACT_SHEET_AND_LOCAL_FILE,2026-09-07T02:31:42+07:00,material and backing detail for classroom rules rug,,material and backing detail for classroom rules rug,SET,NEEDS_REVIEW,1,,,,,seo_runs/chillgen.com/chillgen_20260907_01/evidence/images/B010/personalized-teachers-classroom-rug-custom-teacher-name-c-design-07__img_09.jpg,alt_current_empty_in_public_json; media_export_url_unknown_without_shopify_export
B010-096,chillgen.com,personalized-teachers-classroom-rug-custom-teacher-name-c-design-07,15969297695089,81244321775985,GALLERY_PUBLIC_CDN,10,,https://cdn.shopify.com/s/files/1/1023/0068/0561/files/fcc64344eeab3f077dcb35028dd94e64a6319d3c413c3926e179834523c0aff0_3923fd6b-f6b7-4fb6-a002-e7636ce83849.jpg?v=1786645171,UNKNOWN_WITHOUT_SHOPIFY_EXPORT,PUBLIC_JSON_MATCHED_TO_HANDLE,,VIEWED_CONTACT_SHEET_AND_LOCAL_FILE,2026-09-07T02:31:42+07:00,front product image of classroom rules rug,,front product image of classroom rules rug,SET,NEEDS_REVIEW,1,,,,,seo_runs/chillgen.com/chillgen_20260907_01/evidence/images/B010/personalized-teachers-classroom-rug-custom-teacher-name-c-design-07__img_10.jpg,alt_current_empty_in_public_json; media_export_url_unknown_without_shopify_export
B010-096,chillgen.com,personalized-teachers-classroom-rug-custom-teacher-name-c-design-07,15969297695089,81244321808753,GALLERY_PUBLIC_CDN,11,,https://cdn.shopify.com/s/files/1/1023/0068/0561/files/313b44d7fde271dea0f7cc76c8b05b5ced5b1ea241898c55cb1a90d050428dc9_db3677a7-bdba-4938-99a4-9ebd888a14b1.jpg?v=1786645171,UNKNOWN_WITHOUT_SHOPIFY_EXPORT,PUBLIC_JSON_MATCHED_TO_HANDLE,,VIEWED_CONTACT_SHEET_AND_LOCAL_FILE,2026-09-07T02:31:42+07:00,teacher-name rules rug in classroom mockup,,teacher-name rules rug in classroom mockup,SET,NEEDS_REVIEW,1,,,,,seo_runs/chillgen.com/chillgen_20260907_01/evidence/images/B010/personalized-teachers-classroom-rug-custom-teacher-name-c-design-07__img_11.jpg,alt_current_empty_in_public_json; media_export_url_unknown_without_shopify_export
B010-096,chillgen.com,personalized-teachers-classroom-rug-custom-teacher-name-c-design-07,15969297695089,81244321841521,GALLERY_PUBLIC_CDN,12,,https://cdn.shopify.com/s/files/1/1023/0068/0561/files/52b4267cfb93afbf7564963ea202b125b79daef47c3ec3fde1917ceccf3ab794_8b45a80e-9c3c-4d03-9c9f-b8a4d44e618b.jpg?v=1786645170,UNKNOWN_WITHOUT_SHOPIFY_EXPORT,PUBLIC_JSON_MATCHED_TO_HANDLE,,VIEWED_CONTACT_SHEET_AND_LOCAL_FILE,2026-09-07T02:31:42+07:00,repeated size chart for classroom rules rug,,repeated size chart for classroom rules rug,SET,NEEDS_REVIEW,1,,,,,seo_runs/chillgen.com/chillgen_20260907_01/evidence/images/B010/personalized-teachers-classroom-rug-custom-teacher-name-c-design-07__img_12.jpg,alt_current_empty_in_public_json; media_export_url_unknown_without_shopify_export
B010-096,chillgen.com,personalized-teachers-classroom-rug-custom-teacher-name-c-design-07,15969297695089,81244321874289,GALLERY_PUBLIC_CDN,13,,https://cdn.shopify.com/s/files/1/1023/0068/0561/files/5d7e08ebdf20aa1c4622a82174d8e0fe8600b8d2d96c39338eb4ccc9ddab21c8_7b2a340e-4111-4b50-a524-a99b39289bd8.jpg?v=1786645171,UNKNOWN_WITHOUT_SHOPIFY_EXPORT,PUBLIC_JSON_MATCHED_TO_HANDLE,,VIEWED_CONTACT_SHEET_AND_LOCAL_FILE,2026-09-07T02:31:42+07:00,large classroom scene with personalized rules rug,,large classroom scene with personalized rules rug,SET,NEEDS_REVIEW,1,,,,,seo_runs/chillgen.com/chillgen_20260907_01/evidence/images/B010/personalized-teachers-classroom-rug-custom-teacher-name-c-design-07__img_13.jpg,alt_current_empty_in_public_json; media_export_url_unknown_without_shopify_export
B010-096,chillgen.com,personalized-teachers-classroom-rug-custom-teacher-name-c-design-07,15969297695089,81244321907057,GALLERY_PUBLIC_CDN,14,,https://cdn.shopify.com/s/files/1/1023/0068/0561/files/3ad39f9efffe2afcaa32d1e2301c464e4b49cf39096bd28e652a1b2608adc672_320c6c1f-86bf-47ae-9948-af7353a14698.jpg?v=1786645171,UNKNOWN_WITHOUT_SHOPIFY_EXPORT,PUBLIC_JSON_MATCHED_TO_HANDLE,,VIEWED_CONTACT_SHEET_AND_LOCAL_FILE,2026-09-07T02:31:42+07:00,home classroom with classroom rules rug,,home classroom with classroom rules rug,SET,NEEDS_REVIEW,1,,,,,seo_runs/chillgen.com/chillgen_20260907_01/evidence/images/B010/personalized-teachers-classroom-rug-custom-teacher-name-c-design-07__img_14.jpg,alt_current_empty_in_public_json; media_export_url_unknown_without_shopify_export
B010-096,chillgen.com,personalized-teachers-classroom-rug-custom-teacher-name-c-design-07,15969297695089,81244321939825,GALLERY_PUBLIC_CDN,15,,https://cdn.shopify.com/s/files/1/1023/0068/0561/files/aa9c9c08876dac321120192d9eda5ccd47b31202eb928a9fb61b82368b9f85dc_02146832-46d0-41d8-be3b-93b3ee8cb65c.jpg?v=1786645171,UNKNOWN_WITHOUT_SHOPIFY_EXPORT,PUBLIC_JSON_MATCHED_TO_HANDLE,,VIEWED_CONTACT_SHEET_AND_LOCAL_FILE,2026-09-07T02:31:42+07:00,students gathered on rules rug,,students gathered on rules rug,SET,NEEDS_REVIEW,1,,,,,seo_runs/chillgen.com/chillgen_20260907_01/evidence/images/B010/personalized-teachers-classroom-rug-custom-teacher-name-c-design-07__img_15.jpg,alt_current_empty_in_public_json; media_export_url_unknown_without_shopify_export
B010-096,chillgen.com,personalized-teachers-classroom-rug-custom-teacher-name-c-design-07,15969297695089,81244321972593,GALLERY_PUBLIC_CDN,16,,https://cdn.shopify.com/s/files/1/1023/0068/0561/files/afbbae3521468f6e1b00be1d733a0098475e2e8a366a7955d7faafb8a7350afb_9d134c42-a29b-4e65-bbe4-714049931c5b.jpg?v=1786645170,UNKNOWN_WITHOUT_SHOPIFY_EXPORT,PUBLIC_JSON_MATCHED_TO_HANDLE,,VIEWED_CONTACT_SHEET_AND_LOCAL_FILE,2026-09-07T02:31:42+07:00,washable care graphic for classroom rules rug,,washable care graphic for classroom rules rug,SET,NEEDS_REVIEW,1,,,,,seo_runs/chillgen.com/chillgen_20260907_01/evidence/images/B010/personalized-teachers-classroom-rug-custom-teacher-name-c-design-07__img_16.jpg,alt_current_empty_in_public_json; media_export_url_unknown_without_shopify_export
B010-096,chillgen.com,personalized-teachers-classroom-rug-custom-teacher-name-c-design-07,15969297695089,81244322005361,GALLERY_PUBLIC_CDN,17,,https://cdn.shopify.com/s/files/1/1023/0068/0561/files/b510a851fb4d86d8950f1bc28cc31e2890b2feb9d9a2c6527702c2ac5ec9e508_8e09c145-f2aa-45a1-a5ce-63ed5fe106ef.jpg?v=1786645171,UNKNOWN_WITHOUT_SHOPIFY_EXPORT,PUBLIC_JSON_MATCHED_TO_HANDLE,,VIEWED_CONTACT_SHEET_AND_LOCAL_FILE,2026-09-07T02:31:42+07:00,angled view of teacher classroom rules rug,,angled view of teacher classroom rules rug,SET,NEEDS_REVIEW,1,,,,,seo_runs/chillgen.com/chillgen_20260907_01/evidence/images/B010/personalized-teachers-classroom-rug-custom-teacher-name-c-design-07__img_17.jpg,alt_current_empty_in_public_json; media_export_url_unknown_without_shopify_export
B010-096,chillgen.com,personalized-teachers-classroom-rug-custom-teacher-name-c-design-07,15969297695089,81244322038129,GALLERY_PUBLIC_CDN,18,,https://cdn.shopify.com/s/files/1/1023/0068/0561/files/7169e23cfb5a45cf86688d7c6c6a0c44dc3bd36841a43b48fb41290be5ca8952_ca41ebd9-39ec-4c04-94ad-59a9dce3f547.jpg?v=1786645170,UNKNOWN_WITHOUT_SHOPIFY_EXPORT,PUBLIC_JSON_MATCHED_TO_HANDLE,,VIEWED_CONTACT_SHEET_AND_LOCAL_FILE,2026-09-07T02:31:42+07:00,reinforced edge and non-slip backing graphic for rules rug,,reinforced edge and non-slip backing graphic for rules rug,SET,NEEDS_REVIEW,1,,,,,seo_runs/chillgen.com/chillgen_20260907_01/evidence/images/B010/personalized-teachers-classroom-rug-custom-teacher-name-c-design-07__img_18.jpg,alt_current_empty_in_public_json; media_export_url_unknown_without_shopify_export
B010-097,chillgen.com,personalized-teachers-classroom-rug-custom-teacher-name-c-design-04,15969297727857,81244033778033,GALLERY_PUBLIC_CDN,1,,https://cdn.shopify.com/s/files/1/1023/0068/0561/files/850d19bf8467a7162508b63595893b5732e99fdf7b4e830a786965eccd11d50a.jpg?v=1786644881,UNKNOWN_WITHOUT_SHOPIFY_EXPORT,PUBLIC_JSON_MATCHED_TO_HANDLE,,VIEWED_CONTACT_SHEET_AND_LOCAL_FILE,2026-09-07T02:31:42+07:00,kindness classroom rules rug with teacher name,,kindness classroom rules rug with teacher name,SET,NEEDS_REVIEW,1,,,,,seo_runs/chillgen.com/chillgen_20260907_01/evidence/images/B010/personalized-teachers-classroom-rug-custom-teacher-name-c-design-04__img_01.jpg,alt_current_empty_in_public_json; media_export_url_unknown_without_shopify_export
B010-097,chillgen.com,personalized-teachers-classroom-rug-custom-teacher-name-c-design-04,15969297727857,81244033810801,GALLERY_PUBLIC_CDN,2,,https://cdn.shopify.com/s/files/1/1023/0068/0561/files/8504634f4f694f800c2b58f2247ab1e097c6693bf0d6b30818999bc2d4c1c389.jpg?v=1786644881,UNKNOWN_WITHOUT_SHOPIFY_EXPORT,PUBLIC_JSON_MATCHED_TO_HANDLE,,VIEWED_CONTACT_SHEET_AND_LOCAL_FILE,2026-09-07T02:31:42+07:00,personalized kindness rules rug in room mockup,,personalized kindness rules rug in room mockup,SET,NEEDS_REVIEW,1,,,,,seo_runs/chillgen.com/chillgen_20260907_01/evidence/images/B010/personalized-teachers-classroom-rug-custom-teacher-name-c-design-04__img_02.jpg,alt_current_empty_in_public_json; media_export_url_unknown_without_shopify_export
B010-097,chillgen.com,personalized-teachers-classroom-rug-custom-teacher-name-c-design-04,15969297727857,81244033843569,GALLERY_PUBLIC_CDN,3,,https://cdn.shopify.com/s/files/1/1023/0068/0561/files/1c6ca5e2057a7f74ba9c0cff515891b852f1c47a008d2d9e78f9695b847cd7ff.jpg?v=1786644881,UNKNOWN_WITHOUT_SHOPIFY_EXPORT,PUBLIC_JSON_MATCHED_TO_HANDLE,,VIEWED_CONTACT_SHEET_AND_LOCAL_FILE,2026-09-07T02:31:42+07:00,size chart for kindness classroom rules rug,,size chart for kindness classroom rules rug,SET,NEEDS_REVIEW,1,,,,,seo_runs/chillgen.com/chillgen_20260907_01/evidence/images/B010/personalized-teachers-classroom-rug-custom-teacher-name-c-design-04__img_03.jpg,alt_current_empty_in_public_json; media_export_url_unknown_without_shopify_export
B010-097,chillgen.com,personalized-teachers-classroom-rug-custom-teacher-name-c-design-04,15969297727857,81244033876337,GALLERY_PUBLIC_CDN,4,,https://cdn.shopify.com/s/files/1/1023/0068/0561/files/4e4d9524208e6514e673e53e765e2221aaa7f05a81a040d93589c9647365a370.jpg?v=1786644881,UNKNOWN_WITHOUT_SHOPIFY_EXPORT,PUBLIC_JSON_MATCHED_TO_HANDLE,,VIEWED_CONTACT_SHEET_AND_LOCAL_FILE,2026-09-07T02:31:42+07:00,kindness rules rug in classroom reading area,,kindness rules rug in classroom reading area,SET,NEEDS_REVIEW,1,,,,,seo_runs/chillgen.com/chillgen_20260907_01/evidence/images/B010/personalized-teachers-classroom-rug-custom-teacher-name-c-design-04__img_04.jpg,alt_current_empty_in_public_json; media_export_url_unknown_without_shopify_export
B010-097,chillgen.com,personalized-teachers-classroom-rug-custom-teacher-name-c-design-04,15969297727857,81244033909105,GALLERY_PUBLIC_CDN,5,,https://cdn.shopify.com/s/files/1/1023/0068/0561/files/625025f952ce99acc8fc5c5b33d0ce687c04fac678d8635b4558ad6ad37cf9b2.jpg?v=1786644881,UNKNOWN_WITHOUT_SHOPIFY_EXPORT,PUBLIC_JSON_MATCHED_TO_HANDLE,,VIEWED_CONTACT_SHEET_AND_LOCAL_FILE,2026-09-07T02:31:42+07:00,teacher-name classroom rules rug in large classroom,,teacher-name classroom rules rug in large classroom,SET,NEEDS_REVIEW,1,,,,,seo_runs/chillgen.com/chillgen_20260907_01/evidence/images/B010/personalized-teachers-classroom-rug-custom-teacher-name-c-design-04__img_05.jpg,alt_current_empty_in_public_json; media_export_url_unknown_without_shopify_export
B010-097,chillgen.com,personalized-teachers-classroom-rug-custom-teacher-name-c-design-04,15969297727857,81244033941873,GALLERY_PUBLIC_CDN,6,,https://cdn.shopify.com/s/files/1/1023/0068/0561/files/79981c59bfbf8b69dde6a497401ed128385f4005aa53e5f6483df30596f9ca0a.jpg?v=1786644881,UNKNOWN_WITHOUT_SHOPIFY_EXPORT,PUBLIC_JSON_MATCHED_TO_HANDLE,,VIEWED_CONTACT_SHEET_AND_LOCAL_FILE,2026-09-07T02:31:42+07:00,custom kindness rules rug in home classroom,,custom kindness rules rug in home classroom,SET,NEEDS_REVIEW,1,,,,,seo_runs/chillgen.com/chillgen_20260907_01/evidence/images/B010/personalized-teachers-classroom-rug-custom-teacher-name-c-design-04__img_06.jpg,alt_current_empty_in_public_json; media_export_url_unknown_without_shopify_export
B010-097,chillgen.com,personalized-teachers-classroom-rug-custom-teacher-name-c-design-04,15969297727857,81244033974641,GALLERY_PUBLIC_CDN,7,,https://cdn.shopify.com/s/files/1/1023/0068/0561/files/98363ff69875f990e8196b32e838e9e562052eeabb15e2ca45a03af53c85d5f8.jpg?v=1786644881,UNKNOWN_WITHOUT_SHOPIFY_EXPORT,PUBLIC_JSON_MATCHED_TO_HANDLE,,VIEWED_CONTACT_SHEET_AND_LOCAL_FILE,2026-09-07T02:31:42+07:00,teacher with students on kindness rules rug,,teacher with students on kindness rules rug,SET,NEEDS_REVIEW,1,,,,,seo_runs/chillgen.com/chillgen_20260907_01/evidence/images/B010/personalized-teachers-classroom-rug-custom-teacher-name-c-design-04__img_07.jpg,alt_current_empty_in_public_json; media_export_url_unknown_without_shopify_export
B010-097,chillgen.com,personalized-teachers-classroom-rug-custom-teacher-name-c-design-04,15969297727857,81244034007409,GALLERY_PUBLIC_CDN,8,,https://cdn.shopify.com/s/files/1/1023/0068/0561/files/4de74cd7d8c25a40f7f337e12a1d7b4e54dd757f56f3791e275c31cb14b8939d.jpg?v=1786644881,UNKNOWN_WITHOUT_SHOPIFY_EXPORT,PUBLIC_JSON_MATCHED_TO_HANDLE,,VIEWED_CONTACT_SHEET_AND_LOCAL_FILE,2026-09-07T02:31:42+07:00,material and backing detail for kindness rules rug,,material and backing detail for kindness rules rug,SET,NEEDS_REVIEW,1,,,,,seo_runs/chillgen.com/chillgen_20260907_01/evidence/images/B010/personalized-teachers-classroom-rug-custom-teacher-name-c-design-04__img_08.jpg,alt_current_empty_in_public_json; media_export_url_unknown_without_shopify_export
B010-097,chillgen.com,personalized-teachers-classroom-rug-custom-teacher-name-c-design-04,15969297727857,81244034040177,GALLERY_PUBLIC_CDN,9,,https://cdn.shopify.com/s/files/1/1023/0068/0561/files/69d09eeaf589819a10e1640fa95ff114107d70af9b4dde3b2af96af4a2a6e6ef.jpg?v=1786644881,UNKNOWN_WITHOUT_SHOPIFY_EXPORT,PUBLIC_JSON_MATCHED_TO_HANDLE,,VIEWED_CONTACT_SHEET_AND_LOCAL_FILE,2026-09-07T02:31:42+07:00,machine washable vacuum cleaner graphic for rules rug,,machine washable vacuum cleaner graphic for rules rug,SET,NEEDS_REVIEW,1,,,,,seo_runs/chillgen.com/chillgen_20260907_01/evidence/images/B010/personalized-teachers-classroom-rug-custom-teacher-name-c-design-04__img_09.jpg,alt_current_empty_in_public_json; media_export_url_unknown_without_shopify_export
B010-097,chillgen.com,personalized-teachers-classroom-rug-custom-teacher-name-c-design-04,15969297727857,81244322660721,GALLERY_PUBLIC_CDN,10,,https://cdn.shopify.com/s/files/1/1023/0068/0561/files/850d19bf8467a7162508b63595893b5732e99fdf7b4e830a786965eccd11d50a_350c6a3c-aa9a-466c-b33a-06b3e143a8b6.jpg?v=1786645185,UNKNOWN_WITHOUT_SHOPIFY_EXPORT,PUBLIC_JSON_MATCHED_TO_HANDLE,,VIEWED_CONTACT_SHEET_AND_LOCAL_FILE,2026-09-07T02:31:42+07:00,front product image of kindness classroom rules rug,,front product image of kindness classroom rules rug,SET,NEEDS_REVIEW,1,,,,,seo_runs/chillgen.com/chillgen_20260907_01/evidence/images/B010/personalized-teachers-classroom-rug-custom-teacher-name-c-design-04__img_10.jpg,alt_current_empty_in_public_json; media_export_url_unknown_without_shopify_export
B010-097,chillgen.com,personalized-teachers-classroom-rug-custom-teacher-name-c-design-04,15969297727857,81244322693489,GALLERY_PUBLIC_CDN,11,,https://cdn.shopify.com/s/files/1/1023/0068/0561/files/8504634f4f694f800c2b58f2247ab1e097c6693bf0d6b30818999bc2d4c1c389_232b38a2-12f1-4158-9071-58c5cccf2d27.jpg?v=1786645185,UNKNOWN_WITHOUT_SHOPIFY_EXPORT,PUBLIC_JSON_MATCHED_TO_HANDLE,,VIEWED_CONTACT_SHEET_AND_LOCAL_FILE,2026-09-07T02:31:42+07:00,teacher-name kindness rug in classroom mockup,,teacher-name kindness rug in classroom mockup,SET,NEEDS_REVIEW,1,,,,,seo_runs/chillgen.com/chillgen_20260907_01/evidence/images/B010/personalized-teachers-classroom-rug-custom-teacher-name-c-design-04__img_11.jpg,alt_current_empty_in_public_json; media_export_url_unknown_without_shopify_export
B010-097,chillgen.com,personalized-teachers-classroom-rug-custom-teacher-name-c-design-04,15969297727857,81244322726257,GALLERY_PUBLIC_CDN,12,,https://cdn.shopify.com/s/files/1/1023/0068/0561/files/1c6ca5e2057a7f74ba9c0cff515891b852f1c47a008d2d9e78f9695b847cd7ff_62ceca4b-43eb-44f4-a86c-f90658911756.jpg?v=1786645185,UNKNOWN_WITHOUT_SHOPIFY_EXPORT,PUBLIC_JSON_MATCHED_TO_HANDLE,,VIEWED_CONTACT_SHEET_AND_LOCAL_FILE,2026-09-07T02:31:42+07:00,repeated size chart for kindness rules rug,,repeated size chart for kindness rules rug,SET,NEEDS_REVIEW,1,,,,,seo_runs/chillgen.com/chillgen_20260907_01/evidence/images/B010/personalized-teachers-classroom-rug-custom-teacher-name-c-design-04__img_12.jpg,alt_current_empty_in_public_json; media_export_url_unknown_without_shopify_export
B010-097,chillgen.com,personalized-teachers-classroom-rug-custom-teacher-name-c-design-04,15969297727857,81244322759025,GALLERY_PUBLIC_CDN,13,,https://cdn.shopify.com/s/files/1/1023/0068/0561/files/4e4d9524208e6514e673e53e765e2221aaa7f05a81a040d93589c9647365a370_f7117648-1cbd-4f14-9efd-1f573f6ada9e.jpg?v=1786645185,UNKNOWN_WITHOUT_SHOPIFY_EXPORT,PUBLIC_JSON_MATCHED_TO_HANDLE,,VIEWED_CONTACT_SHEET_AND_LOCAL_FILE,2026-09-07T02:31:42+07:00,angled classroom scene with kindness rules rug,,angled classroom scene with kindness rules rug,SET,NEEDS_REVIEW,1,,,,,seo_runs/chillgen.com/chillgen_20260907_01/evidence/images/B010/personalized-teachers-classroom-rug-custom-teacher-name-c-design-04__img_13.jpg,alt_current_empty_in_public_json; media_export_url_unknown_without_shopify_export
B010-097,chillgen.com,personalized-teachers-classroom-rug-custom-teacher-name-c-design-04,15969297727857,81244322791793,GALLERY_PUBLIC_CDN,14,,https://cdn.shopify.com/s/files/1/1023/0068/0561/files/625025f952ce99acc8fc5c5b33d0ce687c04fac678d8635b4558ad6ad37cf9b2_c9cd5a0b-a2c5-458b-bda9-662103f5e469.jpg?v=1786645185,UNKNOWN_WITHOUT_SHOPIFY_EXPORT,PUBLIC_JSON_MATCHED_TO_HANDLE,,VIEWED_CONTACT_SHEET_AND_LOCAL_FILE,2026-09-07T02:31:42+07:00,large classroom mockup of kindness rules rug,,large classroom mockup of kindness rules rug,SET,NEEDS_REVIEW,1,,,,,seo_runs/chillgen.com/chillgen_20260907_01/evidence/images/B010/personalized-teachers-classroom-rug-custom-teacher-name-c-design-04__img_14.jpg,alt_current_empty_in_public_json; media_export_url_unknown_without_shopify_export
B010-097,chillgen.com,personalized-teachers-classroom-rug-custom-teacher-name-c-design-04,15969297727857,81244322824561,GALLERY_PUBLIC_CDN,15,,https://cdn.shopify.com/s/files/1/1023/0068/0561/files/79981c59bfbf8b69dde6a497401ed128385f4005aa53e5f6483df30596f9ca0a_cf1a6f2f-b91e-4d60-bcd8-e2beaafc92f3.jpg?v=1786645185,UNKNOWN_WITHOUT_SHOPIFY_EXPORT,PUBLIC_JSON_MATCHED_TO_HANDLE,,VIEWED_CONTACT_SHEET_AND_LOCAL_FILE,2026-09-07T02:31:42+07:00,home classroom scene with kindness rules rug,,home classroom scene with kindness rules rug,SET,NEEDS_REVIEW,1,,,,,seo_runs/chillgen.com/chillgen_20260907_01/evidence/images/B010/personalized-teachers-classroom-rug-custom-teacher-name-c-design-04__img_15.jpg,alt_current_empty_in_public_json; media_export_url_unknown_without_shopify_export
B010-097,chillgen.com,personalized-teachers-classroom-rug-custom-teacher-name-c-design-04,15969297727857,81244322857329,GALLERY_PUBLIC_CDN,16,,https://cdn.shopify.com/s/files/1/1023/0068/0561/files/98363ff69875f990e8196b32e838e9e562052eeabb15e2ca45a03af53c85d5f8_981b8998-d863-4621-9205-7c94db219ece.jpg?v=1786645185,UNKNOWN_WITHOUT_SHOPIFY_EXPORT,PUBLIC_JSON_MATCHED_TO_HANDLE,,VIEWED_CONTACT_SHEET_AND_LOCAL_FILE,2026-09-07T02:31:42+07:00,students gathered on kindness rules rug,,students gathered on kindness rules rug,SET,NEEDS_REVIEW,1,,,,,seo_runs/chillgen.com/chillgen_20260907_01/evidence/images/B010/personalized-teachers-classroom-rug-custom-teacher-name-c-design-04__img_16.jpg,alt_current_empty_in_public_json; media_export_url_unknown_without_shopify_export
B010-097,chillgen.com,personalized-teachers-classroom-rug-custom-teacher-name-c-design-04,15969297727857,81244322890097,GALLERY_PUBLIC_CDN,17,,https://cdn.shopify.com/s/files/1/1023/0068/0561/files/4de74cd7d8c25a40f7f337e12a1d7b4e54dd757f56f3791e275c31cb14b8939d_8c7e886f-64b5-4b10-8591-2b02848bb929.jpg?v=1786645184,UNKNOWN_WITHOUT_SHOPIFY_EXPORT,PUBLIC_JSON_MATCHED_TO_HANDLE,,VIEWED_CONTACT_SHEET_AND_LOCAL_FILE,2026-09-07T02:31:42+07:00,reinforced edge and non-slip backing graphic for kindness rug,,reinforced edge and non-slip backing graphic for kindness rug,SET,NEEDS_REVIEW,1,,,,,seo_runs/chillgen.com/chillgen_20260907_01/evidence/images/B010/personalized-teachers-classroom-rug-custom-teacher-name-c-design-04__img_17.jpg,alt_current_empty_in_public_json; media_export_url_unknown_without_shopify_export
B010-097,chillgen.com,personalized-teachers-classroom-rug-custom-teacher-name-c-design-04,15969297727857,81244322922865,GALLERY_PUBLIC_CDN,18,,https://cdn.shopify.com/s/files/1/1023/0068/0561/files/69d09eeaf589819a10e1640fa95ff114107d70af9b4dde3b2af96af4a2a6e6ef_46f15ff2-68ab-444d-a5a8-589646af50ee.jpg?v=1786645185,UNKNOWN_WITHOUT_SHOPIFY_EXPORT,PUBLIC_JSON_MATCHED_TO_HANDLE,,VIEWED_CONTACT_SHEET_AND_LOCAL_FILE,2026-09-07T02:31:42+07:00,washable care graphic for kindness rules rug,,washable care graphic for kindness rules rug,SET,NEEDS_REVIEW,1,,,,,seo_runs/chillgen.com/chillgen_20260907_01/evidence/images/B010/personalized-teachers-classroom-rug-custom-teacher-name-c-design-04__img_18.jpg,alt_current_empty_in_public_json; media_export_url_unknown_without_shopify_export
B010-098,chillgen.com,personalized-teachers-classroom-rug-custom-teacher-name-c-design-01,15969297760625,81244035711345,GALLERY_PUBLIC_CDN,1,,https://cdn.shopify.com/s/files/1/1023/0068/0561/files/e3e4e775e8469475fb554d78716e1920a999a7721a17cc89f5b0e76dabf51a22.jpg?v=1786644905,UNKNOWN_WITHOUT_SHOPIFY_EXPORT,PUBLIC_JSON_MATCHED_TO_HANDLE,,VIEWED_CONTACT_SHEET_AND_LOCAL_FILE,2026-09-07T02:31:42+07:00,zone of tolerance classroom rug with regulation panels,,zone of tolerance classroom rug with regulation panels,SET,NEEDS_REVIEW,1,,,,,seo_runs/chillgen.com/chillgen_20260907_01/evidence/images/B010/personalized-teachers-classroom-rug-custom-teacher-name-c-design-01__img_01.jpg,alt_current_empty_in_public_json; media_export_url_unknown_without_shopify_export
B010-098,chillgen.com,personalized-teachers-classroom-rug-custom-teacher-name-c-design-01,15969297760625,81244035744113,GALLERY_PUBLIC_CDN,2,,https://cdn.shopify.com/s/files/1/1023/0068/0561/files/7e3a4f37dbc9ff950563f746b909aa94a384515ef7f343fdd7401b291eab8146.jpg?v=1786644905,UNKNOWN_WITHOUT_SHOPIFY_EXPORT,PUBLIC_JSON_MATCHED_TO_HANDLE,,VIEWED_CONTACT_SHEET_AND_LOCAL_FILE,2026-09-07T02:31:42+07:00,size chart for zone of tolerance classroom rug,,size chart for zone of tolerance classroom rug,SET,NEEDS_REVIEW,1,,,,,seo_runs/chillgen.com/chillgen_20260907_01/evidence/images/B010/personalized-teachers-classroom-rug-custom-teacher-name-c-design-01__img_02.jpg,alt_current_empty_in_public_json; media_export_url_unknown_without_shopify_export
B010-098,chillgen.com,personalized-teachers-classroom-rug-custom-teacher-name-c-design-01,15969297760625,81244035776881,GALLERY_PUBLIC_CDN,3,,https://cdn.shopify.com/s/files/1/1023/0068/0561/files/cfc0f0db7818dcd508cac96dd19f71900582662243011802bb2516d85ad39749.jpg?v=1786644905,UNKNOWN_WITHOUT_SHOPIFY_EXPORT,PUBLIC_JSON_MATCHED_TO_HANDLE,,VIEWED_CONTACT_SHEET_AND_LOCAL_FILE,2026-09-07T02:31:42+07:00,SEL regulation rug in classroom reading area,,SEL regulation rug in classroom reading area,SET,NEEDS_REVIEW,1,,,,,seo_runs/chillgen.com/chillgen_20260907_01/evidence/images/B010/personalized-teachers-classroom-rug-custom-teacher-name-c-design-01__img_03.jpg,alt_current_empty_in_public_json; media_export_url_unknown_without_shopify_export
B010-098,chillgen.com,personalized-teachers-classroom-rug-custom-teacher-name-c-design-01,15969297760625,81244035809649,GALLERY_PUBLIC_CDN,4,,https://cdn.shopify.com/s/files/1/1023/0068/0561/files/302414b1c17cf18307316daa58d31803cf952f42d193b7ea383a37c9d00b586d.jpg?v=1786644904,UNKNOWN_WITHOUT_SHOPIFY_EXPORT,PUBLIC_JSON_MATCHED_TO_HANDLE,,VIEWED_CONTACT_SHEET_AND_LOCAL_FILE,2026-09-07T02:31:42+07:00,zone of tolerance rug in large classroom,,zone of tolerance rug in large classroom,SET,NEEDS_REVIEW,1,,,,,seo_runs/chillgen.com/chillgen_20260907_01/evidence/images/B010/personalized-teachers-classroom-rug-custom-teacher-name-c-design-01__img_04.jpg,alt_current_empty_in_public_json; media_export_url_unknown_without_shopify_export
B010-098,chillgen.com,personalized-teachers-classroom-rug-custom-teacher-name-c-design-01,15969297760625,81244035842417,GALLERY_PUBLIC_CDN,5,,https://cdn.shopify.com/s/files/1/1023/0068/0561/files/39726fb2ec6c2c799a1b000b44abb133fe88a32569aa92ace9406710c75716ac.jpg?v=1786644905,UNKNOWN_WITHOUT_SHOPIFY_EXPORT,PUBLIC_JSON_MATCHED_TO_HANDLE,,VIEWED_CONTACT_SHEET_AND_LOCAL_FILE,2026-09-07T02:31:42+07:00,teacher with students on zone of tolerance rug,,teacher with students on zone of tolerance rug,SET,NEEDS_REVIEW,1,,,,,seo_runs/chillgen.com/chillgen_20260907_01/evidence/images/B010/personalized-teachers-classroom-rug-custom-teacher-name-c-design-01__img_05.jpg,alt_current_empty_in_public_json; media_export_url_unknown_without_shopify_export
B010-098,chillgen.com,personalized-teachers-classroom-rug-custom-teacher-name-c-design-01,15969297760625,81244035875185,GALLERY_PUBLIC_CDN,6,,https://cdn.shopify.com/s/files/1/1023/0068/0561/files/d303fbeaa5688b4fafb77df23390965638fb3da919f6e7a4da55c0e9e540a3a9.jpg?v=1786644904,UNKNOWN_WITHOUT_SHOPIFY_EXPORT,PUBLIC_JSON_MATCHED_TO_HANDLE,,VIEWED_CONTACT_SHEET_AND_LOCAL_FILE,2026-09-07T02:31:42+07:00,material and backing detail for tolerance rug,,material and backing detail for tolerance rug,SET,NEEDS_REVIEW,1,,,,,seo_runs/chillgen.com/chillgen_20260907_01/evidence/images/B010/personalized-teachers-classroom-rug-custom-teacher-name-c-design-01__img_06.jpg,alt_current_empty_in_public_json; media_export_url_unknown_without_shopify_export
B010-098,chillgen.com,personalized-teachers-classroom-rug-custom-teacher-name-c-design-01,15969297760625,81244035907953,GALLERY_PUBLIC_CDN,7,,https://cdn.shopify.com/s/files/1/1023/0068/0561/files/230b3fb9b85ee04109f9fe07cbefa6876ab2280ef8934d54531791dc4df83e09.jpg?v=1786644905,UNKNOWN_WITHOUT_SHOPIFY_EXPORT,PUBLIC_JSON_MATCHED_TO_HANDLE,,VIEWED_CONTACT_SHEET_AND_LOCAL_FILE,2026-09-07T02:31:42+07:00,zone of tolerance rug in home classroom,,zone of tolerance rug in home classroom,SET,NEEDS_REVIEW,1,,,,,seo_runs/chillgen.com/chillgen_20260907_01/evidence/images/B010/personalized-teachers-classroom-rug-custom-teacher-name-c-design-01__img_07.jpg,alt_current_empty_in_public_json; media_export_url_unknown_without_shopify_export
B010-098,chillgen.com,personalized-teachers-classroom-rug-custom-teacher-name-c-design-01,15969297760625,81244035940721,GALLERY_PUBLIC_CDN,8,,https://cdn.shopify.com/s/files/1/1023/0068/0561/files/03850f0c23b8ff65266b7ffae16d39471b02cd0b7c13e3adb4c15d5c9a639d0b.jpg?v=1786644905,UNKNOWN_WITHOUT_SHOPIFY_EXPORT,PUBLIC_JSON_MATCHED_TO_HANDLE,,VIEWED_CONTACT_SHEET_AND_LOCAL_FILE,2026-09-07T02:31:42+07:00,machine washable vacuum cleaner graphic for SEL rug,,machine washable vacuum cleaner graphic for SEL rug,SET,NEEDS_REVIEW,1,,,,,seo_runs/chillgen.com/chillgen_20260907_01/evidence/images/B010/personalized-teachers-classroom-rug-custom-teacher-name-c-design-01__img_08.jpg,alt_current_empty_in_public_json; media_export_url_unknown_without_shopify_export
B010-098,chillgen.com,personalized-teachers-classroom-rug-custom-teacher-name-c-design-01,15969297760625,81244323152241,GALLERY_PUBLIC_CDN,9,,https://cdn.shopify.com/s/files/1/1023/0068/0561/files/e3e4e775e8469475fb554d78716e1920a999a7721a17cc89f5b0e76dabf51a22_b9d74931-b770-4ef2-8294-debfe7a6a276.jpg?v=1786645196,UNKNOWN_WITHOUT_SHOPIFY_EXPORT,PUBLIC_JSON_MATCHED_TO_HANDLE,,VIEWED_CONTACT_SHEET_AND_LOCAL_FILE,2026-09-07T02:31:42+07:00,personalized classroom regulation rug in room mockup,,personalized classroom regulation rug in room mockup,SET,NEEDS_REVIEW,1,,,,,seo_runs/chillgen.com/chillgen_20260907_01/evidence/images/B010/personalized-teachers-classroom-rug-custom-teacher-name-c-design-01__img_09.jpg,alt_current_empty_in_public_json; media_export_url_unknown_without_shopify_export
B010-098,chillgen.com,personalized-teachers-classroom-rug-custom-teacher-name-c-design-01,15969297760625,81244323185009,GALLERY_PUBLIC_CDN,10,,https://cdn.shopify.com/s/files/1/1023/0068/0561/files/7e3a4f37dbc9ff950563f746b909aa94a384515ef7f343fdd7401b291eab8146_cc84d862-8212-4c97-baff-4445df3af455.jpg?v=1786645196,UNKNOWN_WITHOUT_SHOPIFY_EXPORT,PUBLIC_JSON_MATCHED_TO_HANDLE,,VIEWED_CONTACT_SHEET_AND_LOCAL_FILE,2026-09-07T02:31:42+07:00,repeated size chart for zone of tolerance rug,,repeated size chart for zone of tolerance rug,SET,NEEDS_REVIEW,1,,,,,seo_runs/chillgen.com/chillgen_20260907_01/evidence/images/B010/personalized-teachers-classroom-rug-custom-teacher-name-c-design-01__img_10.jpg,alt_current_empty_in_public_json; media_export_url_unknown_without_shopify_export
B010-098,chillgen.com,personalized-teachers-classroom-rug-custom-teacher-name-c-design-01,15969297760625,81244323217777,GALLERY_PUBLIC_CDN,11,,https://cdn.shopify.com/s/files/1/1023/0068/0561/files/cfc0f0db7818dcd508cac96dd19f71900582662243011802bb2516d85ad39749_9a912e73-53c5-4d33-860f-018010e90be6.jpg?v=1786645196,UNKNOWN_WITHOUT_SHOPIFY_EXPORT,PUBLIC_JSON_MATCHED_TO_HANDLE,,VIEWED_CONTACT_SHEET_AND_LOCAL_FILE,2026-09-07T02:31:42+07:00,angled view of zone of tolerance rug,,angled view of zone of tolerance rug,SET,NEEDS_REVIEW,1,,,,,seo_runs/chillgen.com/chillgen_20260907_01/evidence/images/B010/personalized-teachers-classroom-rug-custom-teacher-name-c-design-01__img_11.jpg,alt_current_empty_in_public_json; media_export_url_unknown_without_shopify_export
B010-098,chillgen.com,personalized-teachers-classroom-rug-custom-teacher-name-c-design-01,15969297760625,81244323250545,GALLERY_PUBLIC_CDN,12,,https://cdn.shopify.com/s/files/1/1023/0068/0561/files/302414b1c17cf18307316daa58d31803cf952f42d193b7ea383a37c9d00b586d_5b4be0e6-0d64-4578-8672-d30f9e388cbf.jpg?v=1786645196,UNKNOWN_WITHOUT_SHOPIFY_EXPORT,PUBLIC_JSON_MATCHED_TO_HANDLE,,VIEWED_CONTACT_SHEET_AND_LOCAL_FILE,2026-09-07T02:31:42+07:00,large classroom mockup of SEL regulation rug,,large classroom mockup of SEL regulation rug,SET,NEEDS_REVIEW,1,,,,,seo_runs/chillgen.com/chillgen_20260907_01/evidence/images/B010/personalized-teachers-classroom-rug-custom-teacher-name-c-design-01__img_12.jpg,alt_current_empty_in_public_json; media_export_url_unknown_without_shopify_export
B010-098,chillgen.com,personalized-teachers-classroom-rug-custom-teacher-name-c-design-01,15969297760625,81244323283313,GALLERY_PUBLIC_CDN,13,,https://cdn.shopify.com/s/files/1/1023/0068/0561/files/39726fb2ec6c2c799a1b000b44abb133fe88a32569aa92ace9406710c75716ac_1b1c68f1-8d1a-480e-9a4b-f8db1b2b4025.jpg?v=1786645196,UNKNOWN_WITHOUT_SHOPIFY_EXPORT,PUBLIC_JSON_MATCHED_TO_HANDLE,,VIEWED_CONTACT_SHEET_AND_LOCAL_FILE,2026-09-07T02:31:42+07:00,students gathered on zone of tolerance rug,,students gathered on zone of tolerance rug,SET,NEEDS_REVIEW,1,,,,,seo_runs/chillgen.com/chillgen_20260907_01/evidence/images/B010/personalized-teachers-classroom-rug-custom-teacher-name-c-design-01__img_13.jpg,alt_current_empty_in_public_json; media_export_url_unknown_without_shopify_export
B010-098,chillgen.com,personalized-teachers-classroom-rug-custom-teacher-name-c-design-01,15969297760625,81244323316081,GALLERY_PUBLIC_CDN,14,,https://cdn.shopify.com/s/files/1/1023/0068/0561/files/d303fbeaa5688b4fafb77df23390965638fb3da919f6e7a4da55c0e9e540a3a9_c674e1c1-264f-4247-a57a-34c0db72a91f.jpg?v=1786645196,UNKNOWN_WITHOUT_SHOPIFY_EXPORT,PUBLIC_JSON_MATCHED_TO_HANDLE,,VIEWED_CONTACT_SHEET_AND_LOCAL_FILE,2026-09-07T02:31:42+07:00,reinforced edge and non-slip backing graphic for regulation rug,,reinforced edge and non-slip backing graphic for regulation rug,SET,NEEDS_REVIEW,1,,,,,seo_runs/chillgen.com/chillgen_20260907_01/evidence/images/B010/personalized-teachers-classroom-rug-custom-teacher-name-c-design-01__img_14.jpg,alt_current_empty_in_public_json; media_export_url_unknown_without_shopify_export
B010-098,chillgen.com,personalized-teachers-classroom-rug-custom-teacher-name-c-design-01,15969297760625,81244323348849,GALLERY_PUBLIC_CDN,15,,https://cdn.shopify.com/s/files/1/1023/0068/0561/files/230b3fb9b85ee04109f9fe07cbefa6876ab2280ef8934d54531791dc4df83e09_bc7010c8-e741-4b0e-a2ea-b011bc8badcb.jpg?v=1786645196,UNKNOWN_WITHOUT_SHOPIFY_EXPORT,PUBLIC_JSON_MATCHED_TO_HANDLE,,VIEWED_CONTACT_SHEET_AND_LOCAL_FILE,2026-09-07T02:31:42+07:00,home classroom scene with tolerance rug,,home classroom scene with tolerance rug,SET,NEEDS_REVIEW,1,,,,,seo_runs/chillgen.com/chillgen_20260907_01/evidence/images/B010/personalized-teachers-classroom-rug-custom-teacher-name-c-design-01__img_15.jpg,alt_current_empty_in_public_json; media_export_url_unknown_without_shopify_export
B010-098,chillgen.com,personalized-teachers-classroom-rug-custom-teacher-name-c-design-01,15969297760625,81244323381617,GALLERY_PUBLIC_CDN,16,,https://cdn.shopify.com/s/files/1/1023/0068/0561/files/03850f0c23b8ff65266b7ffae16d39471b02cd0b7c13e3adb4c15d5c9a639d0b_f2d78501-a493-439f-b52e-8522fb920304.jpg?v=1786645196,UNKNOWN_WITHOUT_SHOPIFY_EXPORT,PUBLIC_JSON_MATCHED_TO_HANDLE,,VIEWED_CONTACT_SHEET_AND_LOCAL_FILE,2026-09-07T02:31:42+07:00,washable care graphic for zone of tolerance rug,,washable care graphic for zone of tolerance rug,SET,NEEDS_REVIEW,1,,,,,seo_runs/chillgen.com/chillgen_20260907_01/evidence/images/B010/personalized-teachers-classroom-rug-custom-teacher-name-c-design-01__img_16.jpg,alt_current_empty_in_public_json; media_export_url_unknown_without_shopify_export
B010-099,chillgen.com,personalized-teachers-classroom-rug-custom-teacher-name-c-design-05,15969297826161,81244036006257,GALLERY_PUBLIC_CDN,1,,https://cdn.shopify.com/s/files/1/1023/0068/0561/files/7e7b450e6d443ffb6ce457ea56d3b34d53c4ad244434dd34b9c56ee19a5d6af8.jpg?v=1786644921,UNKNOWN_WITHOUT_SHOPIFY_EXPORT,PUBLIC_JSON_MATCHED_TO_HANDLE,,VIEWED_CONTACT_SHEET_AND_LOCAL_FILE,2026-09-07T02:31:42+07:00,voice level classroom rug with teacher name,,voice level classroom rug with teacher name,SET,NEEDS_REVIEW,1,,,,,seo_runs/chillgen.com/chillgen_20260907_01/evidence/images/B010/personalized-teachers-classroom-rug-custom-teacher-name-c-design-05__img_01.jpg,alt_current_empty_in_public_json; media_export_url_unknown_without_shopify_export
B010-099,chillgen.com,personalized-teachers-classroom-rug-custom-teacher-name-c-design-05,15969297826161,81244036039025,GALLERY_PUBLIC_CDN,2,,https://cdn.shopify.com/s/files/1/1023/0068/0561/files/2fc28a7192d2fb1b181d2a8a1995338f4d5ad137feb83d67253665c680f1cf94.jpg?v=1786644921,UNKNOWN_WITHOUT_SHOPIFY_EXPORT,PUBLIC_JSON_MATCHED_TO_HANDLE,,VIEWED_CONTACT_SHEET_AND_LOCAL_FILE,2026-09-07T02:31:42+07:00,personalized voice level rug in room mockup,,personalized voice level rug in room mockup,SET,NEEDS_REVIEW,1,,,,,seo_runs/chillgen.com/chillgen_20260907_01/evidence/images/B010/personalized-teachers-classroom-rug-custom-teacher-name-c-design-05__img_02.jpg,alt_current_empty_in_public_json; media_export_url_unknown_without_shopify_export
B010-099,chillgen.com,personalized-teachers-classroom-rug-custom-teacher-name-c-design-05,15969297826161,81244036071793,GALLERY_PUBLIC_CDN,3,,https://cdn.shopify.com/s/files/1/1023/0068/0561/files/4e9d41ba9699976bd4205ab92520fcb856eb9c1e0de77ae3377b683e6a09f041.jpg?v=1786644921,UNKNOWN_WITHOUT_SHOPIFY_EXPORT,PUBLIC_JSON_MATCHED_TO_HANDLE,,VIEWED_CONTACT_SHEET_AND_LOCAL_FILE,2026-09-07T02:31:42+07:00,size chart for voice level classroom rug,,size chart for voice level classroom rug,SET,NEEDS_REVIEW,1,,,,,seo_runs/chillgen.com/chillgen_20260907_01/evidence/images/B010/personalized-teachers-classroom-rug-custom-teacher-name-c-design-05__img_03.jpg,alt_current_empty_in_public_json; media_export_url_unknown_without_shopify_export
B010-099,chillgen.com,personalized-teachers-classroom-rug-custom-teacher-name-c-design-05,15969297826161,81244036104561,GALLERY_PUBLIC_CDN,4,,https://cdn.shopify.com/s/files/1/1023/0068/0561/files/49626b9ec775c4651258c0f0bf20f3d8e70ca969085562e7d1ea34b627219114.jpg?v=1786644921,UNKNOWN_WITHOUT_SHOPIFY_EXPORT,PUBLIC_JSON_MATCHED_TO_HANDLE,,VIEWED_CONTACT_SHEET_AND_LOCAL_FILE,2026-09-07T02:31:42+07:00,voice level rug in classroom reading area,,voice level rug in classroom reading area,SET,NEEDS_REVIEW,1,,,,,seo_runs/chillgen.com/chillgen_20260907_01/evidence/images/B010/personalized-teachers-classroom-rug-custom-teacher-name-c-design-05__img_04.jpg,alt_current_empty_in_public_json; media_export_url_unknown_without_shopify_export
B010-099,chillgen.com,personalized-teachers-classroom-rug-custom-teacher-name-c-design-05,15969297826161,81244036137329,GALLERY_PUBLIC_CDN,5,,https://cdn.shopify.com/s/files/1/1023/0068/0561/files/634ae0e1b3795cdf0f9632ff5a9451dcb1b839e6178de24a64f30739d5ee6224.jpg?v=1786644921,UNKNOWN_WITHOUT_SHOPIFY_EXPORT,PUBLIC_JSON_MATCHED_TO_HANDLE,,VIEWED_CONTACT_SHEET_AND_LOCAL_FILE,2026-09-07T02:31:42+07:00,custom teacher voice level rug in home classroom,,custom teacher voice level rug in home classroom,SET,NEEDS_REVIEW,1,,,,,seo_runs/chillgen.com/chillgen_20260907_01/evidence/images/B010/personalized-teachers-classroom-rug-custom-teacher-name-c-design-05__img_05.jpg,alt_current_empty_in_public_json; media_export_url_unknown_without_shopify_export
B010-099,chillgen.com,personalized-teachers-classroom-rug-custom-teacher-name-c-design-05,15969297826161,81244036170097,GALLERY_PUBLIC_CDN,6,,https://cdn.shopify.com/s/files/1/1023/0068/0561/files/22c25dfa25fb1493e53876f25df198d545f0087e166bcd4c80782e9b01955c9d.jpg?v=1786644921,UNKNOWN_WITHOUT_SHOPIFY_EXPORT,PUBLIC_JSON_MATCHED_TO_HANDLE,,VIEWED_CONTACT_SHEET_AND_LOCAL_FILE,2026-09-07T02:31:42+07:00,large classroom scene with voice level rug,,large classroom scene with voice level rug,SET,NEEDS_REVIEW,1,,,,,seo_runs/chillgen.com/chillgen_20260907_01/evidence/images/B010/personalized-teachers-classroom-rug-custom-teacher-name-c-design-05__img_06.jpg,alt_current_empty_in_public_json; media_export_url_unknown_without_shopify_export
B010-099,chillgen.com,personalized-teachers-classroom-rug-custom-teacher-name-c-design-05,15969297826161,81244036202865,GALLERY_PUBLIC_CDN,7,,https://cdn.shopify.com/s/files/1/1023/0068/0561/files/dc1e9ecce8f79cdf7e995cf24fb715840cffa5d1147031f5441766e924de8a82.jpg?v=1786644921,UNKNOWN_WITHOUT_SHOPIFY_EXPORT,PUBLIC_JSON_MATCHED_TO_HANDLE,,VIEWED_CONTACT_SHEET_AND_LOCAL_FILE,2026-09-07T02:31:42+07:00,teacher with students on voice level classroom rug,,teacher with students on voice level classroom rug,SET,NEEDS_REVIEW,1,,,,,seo_runs/chillgen.com/chillgen_20260907_01/evidence/images/B010/personalized-teachers-classroom-rug-custom-teacher-name-c-design-05__img_07.jpg,alt_current_empty_in_public_json; media_export_url_unknown_without_shopify_export
B010-099,chillgen.com,personalized-teachers-classroom-rug-custom-teacher-name-c-design-05,15969297826161,81244036235633,GALLERY_PUBLIC_CDN,8,,https://cdn.shopify.com/s/files/1/1023/0068/0561/files/dbdbaf881865b1478057d66d5bd86e999cdb41733e784fea2311ff9fc5d73c56.jpg?v=1786644921,UNKNOWN_WITHOUT_SHOPIFY_EXPORT,PUBLIC_JSON_MATCHED_TO_HANDLE,,VIEWED_CONTACT_SHEET_AND_LOCAL_FILE,2026-09-07T02:31:42+07:00,material and backing detail for voice level rug,,material and backing detail for voice level rug,SET,NEEDS_REVIEW,1,,,,,seo_runs/chillgen.com/chillgen_20260907_01/evidence/images/B010/personalized-teachers-classroom-rug-custom-teacher-name-c-design-05__img_08.jpg,alt_current_empty_in_public_json; media_export_url_unknown_without_shopify_export
B010-099,chillgen.com,personalized-teachers-classroom-rug-custom-teacher-name-c-design-05,15969297826161,81244036268401,GALLERY_PUBLIC_CDN,9,,https://cdn.shopify.com/s/files/1/1023/0068/0561/files/37df5ba383fdec40bae3adf172561dbb9cf0ce7ed377f0ffeba9e790890b0411.jpg?v=1786644921,UNKNOWN_WITHOUT_SHOPIFY_EXPORT,PUBLIC_JSON_MATCHED_TO_HANDLE,,VIEWED_CONTACT_SHEET_AND_LOCAL_FILE,2026-09-07T02:31:42+07:00,machine washable vacuum cleaner graphic for voice level rug,,machine washable vacuum cleaner graphic for voice level rug,SET,NEEDS_REVIEW,1,,,,,seo_runs/chillgen.com/chillgen_20260907_01/evidence/images/B010/personalized-teachers-classroom-rug-custom-teacher-name-c-design-05__img_09.jpg,alt_current_empty_in_public_json; media_export_url_unknown_without_shopify_export
B010-099,chillgen.com,personalized-teachers-classroom-rug-custom-teacher-name-c-design-05,15969297826161,81244323938673,GALLERY_PUBLIC_CDN,10,,https://cdn.shopify.com/s/files/1/1023/0068/0561/files/7e7b450e6d443ffb6ce457ea56d3b34d53c4ad244434dd34b9c56ee19a5d6af8_23929573-29c8-4c62-8b77-3f2a9bb510cb.jpg?v=1786645225,UNKNOWN_WITHOUT_SHOPIFY_EXPORT,PUBLIC_JSON_MATCHED_TO_HANDLE,,VIEWED_CONTACT_SHEET_AND_LOCAL_FILE,2026-09-07T02:31:42+07:00,front product image of personalized voice level rug,,front product image of personalized voice level rug,SET,NEEDS_REVIEW,1,,,,,seo_runs/chillgen.com/chillgen_20260907_01/evidence/images/B010/personalized-teachers-classroom-rug-custom-teacher-name-c-design-05__img_10.jpg,alt_current_empty_in_public_json; media_export_url_unknown_without_shopify_export
B010-099,chillgen.com,personalized-teachers-classroom-rug-custom-teacher-name-c-design-05,15969297826161,81244323971441,GALLERY_PUBLIC_CDN,11,,https://cdn.shopify.com/s/files/1/1023/0068/0561/files/2fc28a7192d2fb1b181d2a8a1995338f4d5ad137feb83d67253665c680f1cf94_d1c330f4-cee4-42d4-8d29-326099b9d234.jpg?v=1786645225,UNKNOWN_WITHOUT_SHOPIFY_EXPORT,PUBLIC_JSON_MATCHED_TO_HANDLE,,VIEWED_CONTACT_SHEET_AND_LOCAL_FILE,2026-09-07T02:31:42+07:00,teacher-name voice level rug in room mockup,,teacher-name voice level rug in room mockup,SET,NEEDS_REVIEW,1,,,,,seo_runs/chillgen.com/chillgen_20260907_01/evidence/images/B010/personalized-teachers-classroom-rug-custom-teacher-name-c-design-05__img_11.jpg,alt_current_empty_in_public_json; media_export_url_unknown_without_shopify_export
B010-099,chillgen.com,personalized-teachers-classroom-rug-custom-teacher-name-c-design-05,15969297826161,81244324004209,GALLERY_PUBLIC_CDN,12,,https://cdn.shopify.com/s/files/1/1023/0068/0561/files/4e9d41ba9699976bd4205ab92520fcb856eb9c1e0de77ae3377b683e6a09f041_baacfd5e-9020-4de2-83cf-dead1d41379a.jpg?v=1786645225,UNKNOWN_WITHOUT_SHOPIFY_EXPORT,PUBLIC_JSON_MATCHED_TO_HANDLE,,VIEWED_CONTACT_SHEET_AND_LOCAL_FILE,2026-09-07T02:31:42+07:00,repeated size chart for voice level rug,,repeated size chart for voice level rug,SET,NEEDS_REVIEW,1,,,,,seo_runs/chillgen.com/chillgen_20260907_01/evidence/images/B010/personalized-teachers-classroom-rug-custom-teacher-name-c-design-05__img_12.jpg,alt_current_empty_in_public_json; media_export_url_unknown_without_shopify_export
B010-099,chillgen.com,personalized-teachers-classroom-rug-custom-teacher-name-c-design-05,15969297826161,81244324036977,GALLERY_PUBLIC_CDN,13,,https://cdn.shopify.com/s/files/1/1023/0068/0561/files/49626b9ec775c4651258c0f0bf20f3d8e70ca969085562e7d1ea34b627219114_cc83070d-afa6-41e8-9218-e3f208b19ad5.jpg?v=1786645225,UNKNOWN_WITHOUT_SHOPIFY_EXPORT,PUBLIC_JSON_MATCHED_TO_HANDLE,,VIEWED_CONTACT_SHEET_AND_LOCAL_FILE,2026-09-07T02:31:42+07:00,angled classroom scene with voice level rug,,angled classroom scene with voice level rug,SET,NEEDS_REVIEW,1,,,,,seo_runs/chillgen.com/chillgen_20260907_01/evidence/images/B010/personalized-teachers-classroom-rug-custom-teacher-name-c-design-05__img_13.jpg,alt_current_empty_in_public_json; media_export_url_unknown_without_shopify_export
B010-099,chillgen.com,personalized-teachers-classroom-rug-custom-teacher-name-c-design-05,15969297826161,81244324069745,GALLERY_PUBLIC_CDN,14,,https://cdn.shopify.com/s/files/1/1023/0068/0561/files/634ae0e1b3795cdf0f9632ff5a9451dcb1b839e6178de24a64f30739d5ee6224_1992f126-1e5c-425c-9833-bea990b2e350.jpg?v=1786645225,UNKNOWN_WITHOUT_SHOPIFY_EXPORT,PUBLIC_JSON_MATCHED_TO_HANDLE,,VIEWED_CONTACT_SHEET_AND_LOCAL_FILE,2026-09-07T02:31:42+07:00,home classroom mockup of voice level rug,,home classroom mockup of voice level rug,SET,NEEDS_REVIEW,1,,,,,seo_runs/chillgen.com/chillgen_20260907_01/evidence/images/B010/personalized-teachers-classroom-rug-custom-teacher-name-c-design-05__img_14.jpg,alt_current_empty_in_public_json; media_export_url_unknown_without_shopify_export
B010-099,chillgen.com,personalized-teachers-classroom-rug-custom-teacher-name-c-design-05,15969297826161,81244324102513,GALLERY_PUBLIC_CDN,15,,https://cdn.shopify.com/s/files/1/1023/0068/0561/files/22c25dfa25fb1493e53876f25df198d545f0087e166bcd4c80782e9b01955c9d_60b43391-e5f7-48d2-873e-73211a8b81b8.jpg?v=1786645225,UNKNOWN_WITHOUT_SHOPIFY_EXPORT,PUBLIC_JSON_MATCHED_TO_HANDLE,,VIEWED_CONTACT_SHEET_AND_LOCAL_FILE,2026-09-07T02:31:42+07:00,large classroom mockup of voice level rug,,large classroom mockup of voice level rug,SET,NEEDS_REVIEW,1,,,,,seo_runs/chillgen.com/chillgen_20260907_01/evidence/images/B010/personalized-teachers-classroom-rug-custom-teacher-name-c-design-05__img_15.jpg,alt_current_empty_in_public_json; media_export_url_unknown_without_shopify_export
B010-099,chillgen.com,personalized-teachers-classroom-rug-custom-teacher-name-c-design-05,15969297826161,81244324135281,GALLERY_PUBLIC_CDN,16,,https://cdn.shopify.com/s/files/1/1023/0068/0561/files/dc1e9ecce8f79cdf7e995cf24fb715840cffa5d1147031f5441766e924de8a82_8e523557-d6d3-4119-bde6-1a715ffd701b.jpg?v=1786645225,UNKNOWN_WITHOUT_SHOPIFY_EXPORT,PUBLIC_JSON_MATCHED_TO_HANDLE,,VIEWED_CONTACT_SHEET_AND_LOCAL_FILE,2026-09-07T02:31:42+07:00,students gathered on voice level classroom rug,,students gathered on voice level classroom rug,SET,NEEDS_REVIEW,1,,,,,seo_runs/chillgen.com/chillgen_20260907_01/evidence/images/B010/personalized-teachers-classroom-rug-custom-teacher-name-c-design-05__img_16.jpg,alt_current_empty_in_public_json; media_export_url_unknown_without_shopify_export
B010-099,chillgen.com,personalized-teachers-classroom-rug-custom-teacher-name-c-design-05,15969297826161,81244324168049,GALLERY_PUBLIC_CDN,17,,https://cdn.shopify.com/s/files/1/1023/0068/0561/files/dbdbaf881865b1478057d66d5bd86e999cdb41733e784fea2311ff9fc5d73c56_d7ae5617-5ddc-4336-971a-5ab6a96adf7d.jpg?v=1786645225,UNKNOWN_WITHOUT_SHOPIFY_EXPORT,PUBLIC_JSON_MATCHED_TO_HANDLE,,VIEWED_CONTACT_SHEET_AND_LOCAL_FILE,2026-09-07T02:31:42+07:00,reinforced edge and non-slip backing graphic for voice level rug,,reinforced edge and non-slip backing graphic for voice level rug,SET,NEEDS_REVIEW,1,,,,,seo_runs/chillgen.com/chillgen_20260907_01/evidence/images/B010/personalized-teachers-classroom-rug-custom-teacher-name-c-design-05__img_17.jpg,alt_current_empty_in_public_json; media_export_url_unknown_without_shopify_export
B010-099,chillgen.com,personalized-teachers-classroom-rug-custom-teacher-name-c-design-05,15969297826161,81244324200817,GALLERY_PUBLIC_CDN,18,,https://cdn.shopify.com/s/files/1/1023/0068/0561/files/37df5ba383fdec40bae3adf172561dbb9cf0ce7ed377f0ffeba9e790890b0411_a9bd1e3f-b60a-4a5c-89f9-208a60d32700.jpg?v=1786645225,UNKNOWN_WITHOUT_SHOPIFY_EXPORT,PUBLIC_JSON_MATCHED_TO_HANDLE,,VIEWED_CONTACT_SHEET_AND_LOCAL_FILE,2026-09-07T02:31:42+07:00,washable care graphic for voice level rug,,washable care graphic for voice level rug,SET,NEEDS_REVIEW,1,,,,,seo_runs/chillgen.com/chillgen_20260907_01/evidence/images/B010/personalized-teachers-classroom-rug-custom-teacher-name-c-design-05__img_18.jpg,alt_current_empty_in_public_json; media_export_url_unknown_without_shopify_export
B010-100,chillgen.com,personalized-teachers-classroom-rug-custom-teacher-name-c-design-06,15969297924465,81244036530545,GALLERY_PUBLIC_CDN,1,,https://cdn.shopify.com/s/files/1/1023/0068/0561/files/dccffaa0b43626261edf423f903e2057225812899324bbea92e628aca64c31e5.jpg?v=1786644939,UNKNOWN_WITHOUT_SHOPIFY_EXPORT,PUBLIC_JSON_MATCHED_TO_HANDLE,,VIEWED_CONTACT_SHEET_AND_LOCAL_FILE,2026-09-07T02:31:42+07:00,behavior champs classroom rug in room mockup,,behavior champs classroom rug in room mockup,SET,NEEDS_REVIEW,1,,,,,seo_runs/chillgen.com/chillgen_20260907_01/evidence/images/B010/personalized-teachers-classroom-rug-custom-teacher-name-c-design-06__img_01.jpg,alt_current_empty_in_public_json; media_export_url_unknown_without_shopify_export
B010-100,chillgen.com,personalized-teachers-classroom-rug-custom-teacher-name-c-design-06,15969297924465,81244036563313,GALLERY_PUBLIC_CDN,2,,https://cdn.shopify.com/s/files/1/1023/0068/0561/files/31eb7deea75c5d8ef9367cfe16886fefeb04534898b9e0c375e37341e9439c6d.jpg?v=1786644939,UNKNOWN_WITHOUT_SHOPIFY_EXPORT,PUBLIC_JSON_MATCHED_TO_HANDLE,,VIEWED_CONTACT_SHEET_AND_LOCAL_FILE,2026-09-07T02:31:42+07:00,size chart for behavior champs teacher rug,,size chart for behavior champs teacher rug,SET,NEEDS_REVIEW,1,,,,,seo_runs/chillgen.com/chillgen_20260907_01/evidence/images/B010/personalized-teachers-classroom-rug-custom-teacher-name-c-design-06__img_02.jpg,alt_current_empty_in_public_json; media_export_url_unknown_without_shopify_export
B010-100,chillgen.com,personalized-teachers-classroom-rug-custom-teacher-name-c-design-06,15969297924465,81244036596081,GALLERY_PUBLIC_CDN,3,,https://cdn.shopify.com/s/files/1/1023/0068/0561/files/06ae2366a0b5b8e5d5b29f89eb1574f388a57172d4474532c38df9f93c97be24.jpg?v=1786644939,UNKNOWN_WITHOUT_SHOPIFY_EXPORT,PUBLIC_JSON_MATCHED_TO_HANDLE,,VIEWED_CONTACT_SHEET_AND_LOCAL_FILE,2026-09-07T02:31:42+07:00,angled behavior champs rug in classroom reading area,,angled behavior champs rug in classroom reading area,SET,NEEDS_REVIEW,1,,,,,seo_runs/chillgen.com/chillgen_20260907_01/evidence/images/B010/personalized-teachers-classroom-rug-custom-teacher-name-c-design-06__img_03.jpg,alt_current_empty_in_public_json; media_export_url_unknown_without_shopify_export
B010-100,chillgen.com,personalized-teachers-classroom-rug-custom-teacher-name-c-design-06,15969297924465,81244036628849,GALLERY_PUBLIC_CDN,4,,https://cdn.shopify.com/s/files/1/1023/0068/0561/files/7f187ed6442396b5cb85fab03edf62c39cbb6c6baa2ce58a48dacffe148f7034.jpg?v=1786644939,UNKNOWN_WITHOUT_SHOPIFY_EXPORT,PUBLIC_JSON_MATCHED_TO_HANDLE,,VIEWED_CONTACT_SHEET_AND_LOCAL_FILE,2026-09-07T02:31:42+07:00,behavior expectations rug in large classroom,,behavior expectations rug in large classroom,SET,NEEDS_REVIEW,1,,,,,seo_runs/chillgen.com/chillgen_20260907_01/evidence/images/B010/personalized-teachers-classroom-rug-custom-teacher-name-c-design-06__img_04.jpg,alt_current_empty_in_public_json; media_export_url_unknown_without_shopify_export
B010-100,chillgen.com,personalized-teachers-classroom-rug-custom-teacher-name-c-design-06,15969297924465,81244036661617,GALLERY_PUBLIC_CDN,5,,https://cdn.shopify.com/s/files/1/1023/0068/0561/files/6a70f515f2069903b05b8ca9c78464fe1dac48fdb967a393f973a1229b5aaef5.jpg?v=1786644939,UNKNOWN_WITHOUT_SHOPIFY_EXPORT,PUBLIC_JSON_MATCHED_TO_HANDLE,,VIEWED_CONTACT_SHEET_AND_LOCAL_FILE,2026-09-07T02:31:42+07:00,front product image of behavior champs rug,,front product image of behavior champs rug,SET,NEEDS_REVIEW,1,,,,,seo_runs/chillgen.com/chillgen_20260907_01/evidence/images/B010/personalized-teachers-classroom-rug-custom-teacher-name-c-design-06__img_05.jpg,alt_current_empty_in_public_json; media_export_url_unknown_without_shopify_export
B010-100,chillgen.com,personalized-teachers-classroom-rug-custom-teacher-name-c-design-06,15969297924465,81244036694385,GALLERY_PUBLIC_CDN,6,,https://cdn.shopify.com/s/files/1/1023/0068/0561/files/64c4b0b6a889cc0b9da5ef92c11b5a4a03fe6c2404257c51921d6f06d217ae31.jpg?v=1786644939,UNKNOWN_WITHOUT_SHOPIFY_EXPORT,PUBLIC_JSON_MATCHED_TO_HANDLE,,VIEWED_CONTACT_SHEET_AND_LOCAL_FILE,2026-09-07T02:31:42+07:00,custom teacher behavior rug in home classroom,,custom teacher behavior rug in home classroom,SET,NEEDS_REVIEW,1,,,,,seo_runs/chillgen.com/chillgen_20260907_01/evidence/images/B010/personalized-teachers-classroom-rug-custom-teacher-name-c-design-06__img_06.jpg,alt_current_empty_in_public_json; media_export_url_unknown_without_shopify_export
B010-100,chillgen.com,personalized-teachers-classroom-rug-custom-teacher-name-c-design-06,15969297924465,81244036727153,GALLERY_PUBLIC_CDN,7,,https://cdn.shopify.com/s/files/1/1023/0068/0561/files/88bb46cebdfa742e4b2ec83199fe11a33984fa24e9a7200a1c84884ced1d7fb9.jpg?v=1786644939,UNKNOWN_WITHOUT_SHOPIFY_EXPORT,PUBLIC_JSON_MATCHED_TO_HANDLE,,VIEWED_CONTACT_SHEET_AND_LOCAL_FILE,2026-09-07T02:31:42+07:00,teacher with students on behavior champs rug,,teacher with students on behavior champs rug,SET,NEEDS_REVIEW,1,,,,,seo_runs/chillgen.com/chillgen_20260907_01/evidence/images/B010/personalized-teachers-classroom-rug-custom-teacher-name-c-design-06__img_07.jpg,alt_current_empty_in_public_json; media_export_url_unknown_without_shopify_export
B010-100,chillgen.com,personalized-teachers-classroom-rug-custom-teacher-name-c-design-06,15969297924465,81244036759921,GALLERY_PUBLIC_CDN,8,,https://cdn.shopify.com/s/files/1/1023/0068/0561/files/8d369ea9d33f0814d32c5e89bce2937a49b41d4beafb55f3521476ff8c8af5ad.jpg?v=1786644939,UNKNOWN_WITHOUT_SHOPIFY_EXPORT,PUBLIC_JSON_MATCHED_TO_HANDLE,,VIEWED_CONTACT_SHEET_AND_LOCAL_FILE,2026-09-07T02:31:42+07:00,machine washable vacuum cleaner graphic for behavior rug,,machine washable vacuum cleaner graphic for behavior rug,SET,NEEDS_REVIEW,1,,,,,seo_runs/chillgen.com/chillgen_20260907_01/evidence/images/B010/personalized-teachers-classroom-rug-custom-teacher-name-c-design-06__img_08.jpg,alt_current_empty_in_public_json; media_export_url_unknown_without_shopify_export
B010-100,chillgen.com,personalized-teachers-classroom-rug-custom-teacher-name-c-design-06,15969297924465,81244036792689,GALLERY_PUBLIC_CDN,9,,https://cdn.shopify.com/s/files/1/1023/0068/0561/files/6eb28c385e775d6232b3d03722a2a4b744c2ef67b4ff55b23a62495e98543816.jpg?v=1786644939,UNKNOWN_WITHOUT_SHOPIFY_EXPORT,PUBLIC_JSON_MATCHED_TO_HANDLE,,VIEWED_CONTACT_SHEET_AND_LOCAL_FILE,2026-09-07T02:31:42+07:00,material and backing detail for behavior champs rug,,material and backing detail for behavior champs rug,SET,NEEDS_REVIEW,1,,,,,seo_runs/chillgen.com/chillgen_20260907_01/evidence/images/B010/personalized-teachers-classroom-rug-custom-teacher-name-c-design-06__img_09.jpg,alt_current_empty_in_public_json; media_export_url_unknown_without_shopify_export
B010-100,chillgen.com,personalized-teachers-classroom-rug-custom-teacher-name-c-design-06,15969297924465,81244324364657,GALLERY_PUBLIC_CDN,10,,https://cdn.shopify.com/s/files/1/1023/0068/0561/files/dccffaa0b43626261edf423f903e2057225812899324bbea92e628aca64c31e5_e0e2b276-7cac-41e0-9842-816c8077e33c.jpg?v=1786645242,UNKNOWN_WITHOUT_SHOPIFY_EXPORT,PUBLIC_JSON_MATCHED_TO_HANDLE,,VIEWED_CONTACT_SHEET_AND_LOCAL_FILE,2026-09-07T02:31:42+07:00,personalized behavior champs rug in room mockup,,personalized behavior champs rug in room mockup,SET,NEEDS_REVIEW,1,,,,,seo_runs/chillgen.com/chillgen_20260907_01/evidence/images/B010/personalized-teachers-classroom-rug-custom-teacher-name-c-design-06__img_10.jpg,alt_current_empty_in_public_json; media_export_url_unknown_without_shopify_export
B010-100,chillgen.com,personalized-teachers-classroom-rug-custom-teacher-name-c-design-06,15969297924465,81244324397425,GALLERY_PUBLIC_CDN,11,,https://cdn.shopify.com/s/files/1/1023/0068/0561/files/31eb7deea75c5d8ef9367cfe16886fefeb04534898b9e0c375e37341e9439c6d_a7a0c88a-eb4a-4816-a25e-31ff5dd188fe.jpg?v=1786645242,UNKNOWN_WITHOUT_SHOPIFY_EXPORT,PUBLIC_JSON_MATCHED_TO_HANDLE,,VIEWED_CONTACT_SHEET_AND_LOCAL_FILE,2026-09-07T02:31:42+07:00,repeated size chart for behavior champs rug,,repeated size chart for behavior champs rug,SET,NEEDS_REVIEW,1,,,,,seo_runs/chillgen.com/chillgen_20260907_01/evidence/images/B010/personalized-teachers-classroom-rug-custom-teacher-name-c-design-06__img_11.jpg,alt_current_empty_in_public_json; media_export_url_unknown_without_shopify_export
B010-100,chillgen.com,personalized-teachers-classroom-rug-custom-teacher-name-c-design-06,15969297924465,81244324430193,GALLERY_PUBLIC_CDN,12,,https://cdn.shopify.com/s/files/1/1023/0068/0561/files/06ae2366a0b5b8e5d5b29f89eb1574f388a57172d4474532c38df9f93c97be24_097bd6c5-11d4-4992-b341-ccc0269f9d0a.jpg?v=1786645242,UNKNOWN_WITHOUT_SHOPIFY_EXPORT,PUBLIC_JSON_MATCHED_TO_HANDLE,,VIEWED_CONTACT_SHEET_AND_LOCAL_FILE,2026-09-07T02:31:42+07:00,classroom reading area with behavior expectations rug,,classroom reading area with behavior expectations rug,SET,NEEDS_REVIEW,1,,,,,seo_runs/chillgen.com/chillgen_20260907_01/evidence/images/B010/personalized-teachers-classroom-rug-custom-teacher-name-c-design-06__img_12.jpg,alt_current_empty_in_public_json; media_export_url_unknown_without_shopify_export
B010-100,chillgen.com,personalized-teachers-classroom-rug-custom-teacher-name-c-design-06,15969297924465,81244324462961,GALLERY_PUBLIC_CDN,13,,https://cdn.shopify.com/s/files/1/1023/0068/0561/files/7f187ed6442396b5cb85fab03edf62c39cbb6c6baa2ce58a48dacffe148f7034_d470f991-5e03-4f58-ae82-238dbef1a360.jpg?v=1786645242,UNKNOWN_WITHOUT_SHOPIFY_EXPORT,PUBLIC_JSON_MATCHED_TO_HANDLE,,VIEWED_CONTACT_SHEET_AND_LOCAL_FILE,2026-09-07T02:31:42+07:00,large classroom mockup of behavior champs rug,,large classroom mockup of behavior champs rug,SET,NEEDS_REVIEW,1,,,,,seo_runs/chillgen.com/chillgen_20260907_01/evidence/images/B010/personalized-teachers-classroom-rug-custom-teacher-name-c-design-06__img_13.jpg,alt_current_empty_in_public_json; media_export_url_unknown_without_shopify_export
B010-100,chillgen.com,personalized-teachers-classroom-rug-custom-teacher-name-c-design-06,15969297924465,81244324495729,GALLERY_PUBLIC_CDN,14,,https://cdn.shopify.com/s/files/1/1023/0068/0561/files/6a70f515f2069903b05b8ca9c78464fe1dac48fdb967a393f973a1229b5aaef5_fbb0e9a6-02c2-4554-8bd4-45a5a745e1c1.jpg?v=1786645242,UNKNOWN_WITHOUT_SHOPIFY_EXPORT,PUBLIC_JSON_MATCHED_TO_HANDLE,,VIEWED_CONTACT_SHEET_AND_LOCAL_FILE,2026-09-07T02:31:42+07:00,front teacher-name behavior champs rug,,front teacher-name behavior champs rug,SET,NEEDS_REVIEW,1,,,,,seo_runs/chillgen.com/chillgen_20260907_01/evidence/images/B010/personalized-teachers-classroom-rug-custom-teacher-name-c-design-06__img_14.jpg,alt_current_empty_in_public_json; media_export_url_unknown_without_shopify_export
B010-100,chillgen.com,personalized-teachers-classroom-rug-custom-teacher-name-c-design-06,15969297924465,81244324528497,GALLERY_PUBLIC_CDN,15,,https://cdn.shopify.com/s/files/1/1023/0068/0561/files/64c4b0b6a889cc0b9da5ef92c11b5a4a03fe6c2404257c51921d6f06d217ae31_0ddc1d08-6327-4aaa-b404-1249e968ed73.jpg?v=1786645242,UNKNOWN_WITHOUT_SHOPIFY_EXPORT,PUBLIC_JSON_MATCHED_TO_HANDLE,,VIEWED_CONTACT_SHEET_AND_LOCAL_FILE,2026-09-07T02:31:42+07:00,home classroom scene with behavior champs rug,,home classroom scene with behavior champs rug,SET,NEEDS_REVIEW,1,,,,,seo_runs/chillgen.com/chillgen_20260907_01/evidence/images/B010/personalized-teachers-classroom-rug-custom-teacher-name-c-design-06__img_15.jpg,alt_current_empty_in_public_json; media_export_url_unknown_without_shopify_export
B010-100,chillgen.com,personalized-teachers-classroom-rug-custom-teacher-name-c-design-06,15969297924465,81244324561265,GALLERY_PUBLIC_CDN,16,,https://cdn.shopify.com/s/files/1/1023/0068/0561/files/88bb46cebdfa742e4b2ec83199fe11a33984fa24e9a7200a1c84884ced1d7fb9_ca5839f2-1349-4a0b-90c9-c7d9d340191b.jpg?v=1786645242,UNKNOWN_WITHOUT_SHOPIFY_EXPORT,PUBLIC_JSON_MATCHED_TO_HANDLE,,VIEWED_CONTACT_SHEET_AND_LOCAL_FILE,2026-09-07T02:31:42+07:00,students gathered on behavior champs classroom rug,,students gathered on behavior champs classroom rug,SET,NEEDS_REVIEW,1,,,,,seo_runs/chillgen.com/chillgen_20260907_01/evidence/images/B010/personalized-teachers-classroom-rug-custom-teacher-name-c-design-06__img_16.jpg,alt_current_empty_in_public_json; media_export_url_unknown_without_shopify_export
B010-100,chillgen.com,personalized-teachers-classroom-rug-custom-teacher-name-c-design-06,15969297924465,81244324594033,GALLERY_PUBLIC_CDN,17,,https://cdn.shopify.com/s/files/1/1023/0068/0561/files/8d369ea9d33f0814d32c5e89bce2937a49b41d4beafb55f3521476ff8c8af5ad_d1761702-8a11-4f05-91f1-57a6283f227f.jpg?v=1786645242,UNKNOWN_WITHOUT_SHOPIFY_EXPORT,PUBLIC_JSON_MATCHED_TO_HANDLE,,VIEWED_CONTACT_SHEET_AND_LOCAL_FILE,2026-09-07T02:31:42+07:00,washable care graphic for behavior champs rug,,washable care graphic for behavior champs rug,SET,NEEDS_REVIEW,1,,,,,seo_runs/chillgen.com/chillgen_20260907_01/evidence/images/B010/personalized-teachers-classroom-rug-custom-teacher-name-c-design-06__img_17.jpg,alt_current_empty_in_public_json; media_export_url_unknown_without_shopify_export
B010-100,chillgen.com,personalized-teachers-classroom-rug-custom-teacher-name-c-design-06,15969297924465,81244324626801,GALLERY_PUBLIC_CDN,18,,https://cdn.shopify.com/s/files/1/1023/0068/0561/files/6eb28c385e775d6232b3d03722a2a4b744c2ef67b4ff55b23a62495e98543816_da377242-61e5-44b9-bbe8-94eda6f03832.jpg?v=1786645242,UNKNOWN_WITHOUT_SHOPIFY_EXPORT,PUBLIC_JSON_MATCHED_TO_HANDLE,,VIEWED_CONTACT_SHEET_AND_LOCAL_FILE,2026-09-07T02:31:42+07:00,reinforced edge and non-slip backing graphic for behavior rug,,reinforced edge and non-slip backing graphic for behavior rug,SET,NEEDS_REVIEW,1,,,,,seo_runs/chillgen.com/chillgen_20260907_01/evidence/images/B010/personalized-teachers-classroom-rug-custom-teacher-name-c-design-06__img_18.jpg,alt_current_empty_in_public_json; media_export_url_unknown_without_shopify_export
