evidence_id,shop_domain,Handle,product_id,media_id,image_location,image_number,variant,image_url,image_url_export,identity_status,shared_media_references,viewed_status,viewed_at,observed_visual_details,alt_current,alt_proposed,alt_action,review_status,revision,approved_by,approved_at,approved_fields,approved_revision,evidence_file_or_reference,issues
B022-211,chillgen.com,personalized-album-cover-rug-abb1eeca32,15919775449457,80920089624945,GALLERY_PUBLIC_CDN,1,,https://cdn.shopify.com/s/files/1/1023/0068/0561/files/99e0a0872a60bea69ceeabd7825533def1661290da69318bec6c760fe4b131bb.jpg?v=1784523725,UNKNOWN_WITHOUT_SHOPIFY_EXPORT,PUBLIC_JSON_MATCHED_TO_HANDLE,,VIEWED_CONTACT_SHEET_AND_LOCAL_FILE,2026-09-07T03:23:24+07:00,pink album cover music rug in bedroom,,pink album cover music rug in bedroom,SET,NEEDS_REVIEW,1,,,,,seo_runs/chillgen.com/chillgen_20260907_01/evidence/images/B022/personalized-album-cover-rug-abb1eeca32__img_01.jpg,alt_current_empty_in_public_json; media_export_url_unknown_without_shopify_export
B022-211,chillgen.com,personalized-album-cover-rug-abb1eeca32,15919775449457,80920089657713,GALLERY_PUBLIC_CDN,2,,https://cdn.shopify.com/s/files/1/1023/0068/0561/files/274658f667ff1598afee13ebbe17aa506c7c7bffc1359f37639d382e19746190.jpg?v=1784523725,UNKNOWN_WITHOUT_SHOPIFY_EXPORT,PUBLIC_JSON_MATCHED_TO_HANDLE,,VIEWED_CONTACT_SHEET_AND_LOCAL_FILE,2026-09-07T03:23:24+07:00,pink custom song rug in living room,,pink custom song rug in living room,SET,NEEDS_REVIEW,1,,,,,seo_runs/chillgen.com/chillgen_20260907_01/evidence/images/B022/personalized-album-cover-rug-abb1eeca32__img_02.jpg,alt_current_empty_in_public_json; media_export_url_unknown_without_shopify_export
B022-211,chillgen.com,personalized-album-cover-rug-abb1eeca32,15919775449457,80920089690481,GALLERY_PUBLIC_CDN,3,,https://cdn.shopify.com/s/files/1/1023/0068/0561/files/f1183fb28b9e5ceba4a4097a697370b7a4fa5d276387536ecf5566edfd3ce7a6.jpg?v=1784523725,UNKNOWN_WITHOUT_SHOPIFY_EXPORT,PUBLIC_JSON_MATCHED_TO_HANDLE,,VIEWED_CONTACT_SHEET_AND_LOCAL_FILE,2026-09-07T03:23:24+07:00,pink microfiber cushion detail for music rug,,pink microfiber cushion detail for music rug,SET,NEEDS_REVIEW,1,,,,,seo_runs/chillgen.com/chillgen_20260907_01/evidence/images/B022/personalized-album-cover-rug-abb1eeca32__img_03.jpg,alt_current_empty_in_public_json; media_export_url_unknown_without_shopify_export
B022-211,chillgen.com,personalized-album-cover-rug-abb1eeca32,15919775449457,80920089723249,GALLERY_PUBLIC_CDN,4,,https://cdn.shopify.com/s/files/1/1023/0068/0561/files/e91142624cf8c9f30b2446ed69f1f06a336b6f95764d2b4624932ebf16085b73.jpg?v=1784523725,UNKNOWN_WITHOUT_SHOPIFY_EXPORT,PUBLIC_JSON_MATCHED_TO_HANDLE,,VIEWED_CONTACT_SHEET_AND_LOCAL_FILE,2026-09-07T03:23:24+07:00,non-slip backing panel for pink album rug,,non-slip backing panel for pink album rug,SET,NEEDS_REVIEW,1,,,,,seo_runs/chillgen.com/chillgen_20260907_01/evidence/images/B022/personalized-album-cover-rug-abb1eeca32__img_04.jpg,alt_current_empty_in_public_json; media_export_url_unknown_without_shopify_export
B022-211,chillgen.com,personalized-album-cover-rug-abb1eeca32,15919775449457,80920089756017,GALLERY_PUBLIC_CDN,5,,https://cdn.shopify.com/s/files/1/1023/0068/0561/files/077c55ff3a8fc7be6eb6e49318bb5fe0a6498fd3509c136302e357b7549d445c.jpg?v=1784523726,UNKNOWN_WITHOUT_SHOPIFY_EXPORT,PUBLIC_JSON_MATCHED_TO_HANDLE,,VIEWED_CONTACT_SHEET_AND_LOCAL_FILE,2026-09-07T03:23:24+07:00,woman sitting near pink music rug,,woman sitting near pink music rug,SET,NEEDS_REVIEW,1,,,,,seo_runs/chillgen.com/chillgen_20260907_01/evidence/images/B022/personalized-album-cover-rug-abb1eeca32__img_05.jpg,alt_current_empty_in_public_json; media_export_url_unknown_without_shopify_export
B022-211,chillgen.com,personalized-album-cover-rug-abb1eeca32,15919775449457,80920089788785,GALLERY_PUBLIC_CDN,6,,https://cdn.shopify.com/s/files/1/1023/0068/0561/files/9d9657f31bee2fa17d0cdd2308b1db07c7b3652f9635ebe0807d4ce3f07d2162.jpg?v=1784523726,UNKNOWN_WITHOUT_SHOPIFY_EXPORT,PUBLIC_JSON_MATCHED_TO_HANDLE,,VIEWED_CONTACT_SHEET_AND_LOCAL_FILE,2026-09-07T03:23:24+07:00,pink album rug at entryway,,pink album rug at entryway,SET,NEEDS_REVIEW,1,,,,,seo_runs/chillgen.com/chillgen_20260907_01/evidence/images/B022/personalized-album-cover-rug-abb1eeca32__img_06.jpg,alt_current_empty_in_public_json; media_export_url_unknown_without_shopify_export
B022-211,chillgen.com,personalized-album-cover-rug-abb1eeca32,15919775449457,80920089821553,GALLERY_PUBLIC_CDN,7,,https://cdn.shopify.com/s/files/1/1023/0068/0561/files/424bf52eb842169bc90c04f9b12f051f89c5b5abd5c725a25b63093fc61d4735.jpg?v=1784523726,UNKNOWN_WITHOUT_SHOPIFY_EXPORT,PUBLIC_JSON_MATCHED_TO_HANDLE,,VIEWED_CONTACT_SHEET_AND_LOCAL_FILE,2026-09-07T03:23:24+07:00,pink album cover rug beside sofa,,pink album cover rug beside sofa,SET,NEEDS_REVIEW,1,,,,,seo_runs/chillgen.com/chillgen_20260907_01/evidence/images/B022/personalized-album-cover-rug-abb1eeca32__img_07.jpg,alt_current_empty_in_public_json; media_export_url_unknown_without_shopify_export
B022-211,chillgen.com,personalized-album-cover-rug-abb1eeca32,15919775449457,80920089854321,GALLERY_PUBLIC_CDN,8,,https://cdn.shopify.com/s/files/1/1023/0068/0561/files/e1e97a807139f16e6f146a54beea015a89fbc3fa9cd9f61d87c9b83b4cbdf34b.jpg?v=1784523726,UNKNOWN_WITHOUT_SHOPIFY_EXPORT,PUBLIC_JSON_MATCHED_TO_HANDLE,,VIEWED_CONTACT_SHEET_AND_LOCAL_FILE,2026-09-07T03:23:24+07:00,size guide for pink album cover rug,,size guide for pink album cover rug,SET,NEEDS_REVIEW,1,,,,,seo_runs/chillgen.com/chillgen_20260907_01/evidence/images/B022/personalized-album-cover-rug-abb1eeca32__img_08.jpg,alt_current_empty_in_public_json; media_export_url_unknown_without_shopify_export
B022-212,chillgen.com,custom-road-map-door-mat-town-design-e3598e955a-e3598e955a,15912091287921,80869947146609,GALLERY_PUBLIC_CDN,1,,https://cdn.shopify.com/s/files/1/1023/0068/0561/files/57ed3acef4d9092bb742d085aab10f6e4ac8ec3244d47b45ac8274ac59feca9d.jpg?v=1784373381,UNKNOWN_WITHOUT_SHOPIFY_EXPORT,PUBLIC_JSON_MATCHED_TO_HANDLE,,VIEWED_CONTACT_SHEET_AND_LOCAL_FILE,2026-09-07T03:23:24+07:00,personalized town road map rug in classroom,,personalized town road map rug in classroom,SET,NEEDS_REVIEW,1,,,,,seo_runs/chillgen.com/chillgen_20260907_01/evidence/images/B022/custom-road-map-door-mat-town-design-e3598e955a-e3598e955a__img_01.jpg,alt_current_empty_in_public_json; media_export_url_unknown_without_shopify_export
B022-212,chillgen.com,custom-road-map-door-mat-town-design-e3598e955a-e3598e955a,15912091287921,80869947212145,GALLERY_PUBLIC_CDN,2,,https://cdn.shopify.com/s/files/1/1023/0068/0561/files/2822ad3bb7f8e908d0de3d423d0c5d677e6ae29f9bc691272a46296f23a0b1c3.jpg?v=1784373380,UNKNOWN_WITHOUT_SHOPIFY_EXPORT,PUBLIC_JSON_MATCHED_TO_HANDLE,,VIEWED_CONTACT_SHEET_AND_LOCAL_FILE,2026-09-07T03:23:24+07:00,size options for custom road map rug,,size options for custom road map rug,SET,NEEDS_REVIEW,1,,,,,seo_runs/chillgen.com/chillgen_20260907_01/evidence/images/B022/custom-road-map-door-mat-town-design-e3598e955a-e3598e955a__img_02.jpg,alt_current_empty_in_public_json; media_export_url_unknown_without_shopify_export
B022-212,chillgen.com,custom-road-map-door-mat-town-design-e3598e955a-e3598e955a,15912091287921,80869947244913,GALLERY_PUBLIC_CDN,3,,https://cdn.shopify.com/s/files/1/1023/0068/0561/files/026a55ea2a7fc3a908d6543daf9e22362bae6fdc6713aa7ecdac979c2770882a.jpg?v=1784373387,UNKNOWN_WITHOUT_SHOPIFY_EXPORT,PUBLIC_JSON_MATCHED_TO_HANDLE,,VIEWED_CONTACT_SHEET_AND_LOCAL_FILE,2026-09-07T03:23:24+07:00,town road map play rug in kids room,,town road map play rug in kids room,SET,NEEDS_REVIEW,1,,,,,seo_runs/chillgen.com/chillgen_20260907_01/evidence/images/B022/custom-road-map-door-mat-town-design-e3598e955a-e3598e955a__img_03.jpg,alt_current_empty_in_public_json; media_export_url_unknown_without_shopify_export
B022-212,chillgen.com,custom-road-map-door-mat-town-design-e3598e955a-e3598e955a,15912091287921,80869947277681,GALLERY_PUBLIC_CDN,4,,https://cdn.shopify.com/s/files/1/1023/0068/0561/files/fe8029d9d2e6a3d0a326dbee654ffc90aae2b61e2e8fb05f059615a700b01803.jpg?v=1784373386,UNKNOWN_WITHOUT_SHOPIFY_EXPORT,PUBLIC_JSON_MATCHED_TO_HANDLE,,VIEWED_CONTACT_SHEET_AND_LOCAL_FILE,2026-09-07T03:23:24+07:00,children using personalized road map rug,,children using personalized road map rug,SET,NEEDS_REVIEW,1,,,,,seo_runs/chillgen.com/chillgen_20260907_01/evidence/images/B022/custom-road-map-door-mat-town-design-e3598e955a-e3598e955a__img_04.jpg,alt_current_empty_in_public_json; media_export_url_unknown_without_shopify_export
B022-212,chillgen.com,custom-road-map-door-mat-town-design-e3598e955a-e3598e955a,15912091287921,80869947310449,GALLERY_PUBLIC_CDN,5,,https://cdn.shopify.com/s/files/1/1023/0068/0561/files/097867253c769ccabe1101d131983dab7f7509a5e6b21c108d5c8572b9f0104c.jpg?v=1784373392,UNKNOWN_WITHOUT_SHOPIFY_EXPORT,PUBLIC_JSON_MATCHED_TO_HANDLE,,VIEWED_CONTACT_SHEET_AND_LOCAL_FILE,2026-09-07T03:23:24+07:00,machine washable visual for road map rug,,machine washable visual for road map rug,SET,NEEDS_REVIEW,1,,,,,seo_runs/chillgen.com/chillgen_20260907_01/evidence/images/B022/custom-road-map-door-mat-town-design-e3598e955a-e3598e955a__img_05.jpg,alt_current_empty_in_public_json; media_export_url_unknown_without_shopify_export
B022-212,chillgen.com,custom-road-map-door-mat-town-design-e3598e955a-e3598e955a,15912091287921,80869947343217,GALLERY_PUBLIC_CDN,6,,https://cdn.shopify.com/s/files/1/1023/0068/0561/files/ddf18fde004d192cc7e1da81900058716cb03c2bfec0be02e9e27e61be07b5c4.jpg?v=1784373392,UNKNOWN_WITHOUT_SHOPIFY_EXPORT,PUBLIC_JSON_MATCHED_TO_HANDLE,,VIEWED_CONTACT_SHEET_AND_LOCAL_FILE,2026-09-07T03:23:24+07:00,road map rug in playroom corner,,road map rug in playroom corner,SET,NEEDS_REVIEW,1,,,,,seo_runs/chillgen.com/chillgen_20260907_01/evidence/images/B022/custom-road-map-door-mat-town-design-e3598e955a-e3598e955a__img_06.jpg,alt_current_empty_in_public_json; media_export_url_unknown_without_shopify_export
B022-212,chillgen.com,custom-road-map-door-mat-town-design-e3598e955a-e3598e955a,15912091287921,80869947375985,GALLERY_PUBLIC_CDN,7,,https://cdn.shopify.com/s/files/1/1023/0068/0561/files/ffaec8d5452ba1019f1bbadf244bbd243321279717193b48d5f4d9f308eec54e.jpg?v=1784373397,UNKNOWN_WITHOUT_SHOPIFY_EXPORT,PUBLIC_JSON_MATCHED_TO_HANDLE,,VIEWED_CONTACT_SHEET_AND_LOCAL_FILE,2026-09-07T03:23:24+07:00,material details for custom city rug,,material details for custom city rug,SET,NEEDS_REVIEW,1,,,,,seo_runs/chillgen.com/chillgen_20260907_01/evidence/images/B022/custom-road-map-door-mat-town-design-e3598e955a-e3598e955a__img_07.jpg,alt_current_empty_in_public_json; media_export_url_unknown_without_shopify_export
B022-212,chillgen.com,custom-road-map-door-mat-town-design-e3598e955a-e3598e955a,15912091287921,80869947408753,GALLERY_PUBLIC_CDN,8,,https://cdn.shopify.com/s/files/1/1023/0068/0561/files/2c822fb3be6c21aa3e2dad6f1d4c693aeb209117487be9184dcc551ecc55f604.jpg?v=1784373398,UNKNOWN_WITHOUT_SHOPIFY_EXPORT,PUBLIC_JSON_MATCHED_TO_HANDLE,,VIEWED_CONTACT_SHEET_AND_LOCAL_FILE,2026-09-07T03:23:24+07:00,road map rug in classroom aisle,,road map rug in classroom aisle,SET,NEEDS_REVIEW,1,,,,,seo_runs/chillgen.com/chillgen_20260907_01/evidence/images/B022/custom-road-map-door-mat-town-design-e3598e955a-e3598e955a__img_08.jpg,alt_current_empty_in_public_json; media_export_url_unknown_without_shopify_export
B022-212,chillgen.com,custom-road-map-door-mat-town-design-e3598e955a-e3598e955a,15912091287921,80878931509617,GALLERY_PUBLIC_CDN,9,,https://cdn.shopify.com/s/files/1/1023/0068/0561/files/d13ba2f6345d0b688cb71cecea9352d220ec8abd59c94ffcf900f19fe9bc8302.jpg?v=1784373402,UNKNOWN_WITHOUT_SHOPIFY_EXPORT,PUBLIC_JSON_MATCHED_TO_HANDLE,,VIEWED_CONTACT_SHEET_AND_LOCAL_FILE,2026-09-07T03:23:24+07:00,personalized town road map rug overhead view,,personalized town road map rug overhead view,SET,NEEDS_REVIEW,1,,,,,seo_runs/chillgen.com/chillgen_20260907_01/evidence/images/B022/custom-road-map-door-mat-town-design-e3598e955a-e3598e955a__img_09.jpg,alt_current_empty_in_public_json; media_export_url_unknown_without_shopify_export
B022-212,chillgen.com,custom-road-map-door-mat-town-design-e3598e955a-e3598e955a,15912091287921,80878931542385,GALLERY_PUBLIC_CDN,10,,https://cdn.shopify.com/s/files/1/1023/0068/0561/files/f468af827a05b37f666df5ca4db63fab2b3447ea19eb805653caed081b3f02b2.jpg?v=1784370967,UNKNOWN_WITHOUT_SHOPIFY_EXPORT,PUBLIC_JSON_MATCHED_TO_HANDLE,,VIEWED_CONTACT_SHEET_AND_LOCAL_FILE,2026-09-07T03:23:24+07:00,size chart for town road map rug,,size chart for town road map rug,SET,NEEDS_REVIEW,1,,,,,seo_runs/chillgen.com/chillgen_20260907_01/evidence/images/B022/custom-road-map-door-mat-town-design-e3598e955a-e3598e955a__img_10.jpg,alt_current_empty_in_public_json; media_export_url_unknown_without_shopify_export
B022-212,chillgen.com,custom-road-map-door-mat-town-design-e3598e955a-e3598e955a,15912091287921,80878931575153,GALLERY_PUBLIC_CDN,11,,https://cdn.shopify.com/s/files/1/1023/0068/0561/files/507e0d835b39671683a28025e941a77586b828cc6a4896aec86a14c513e1f25e.jpg?v=1784370972,UNKNOWN_WITHOUT_SHOPIFY_EXPORT,PUBLIC_JSON_MATCHED_TO_HANDLE,,VIEWED_CONTACT_SHEET_AND_LOCAL_FILE,2026-09-07T03:23:24+07:00,angled road map play rug room view,,angled road map play rug room view,SET,NEEDS_REVIEW,1,,,,,seo_runs/chillgen.com/chillgen_20260907_01/evidence/images/B022/custom-road-map-door-mat-town-design-e3598e955a-e3598e955a__img_11.jpg,alt_current_empty_in_public_json; media_export_url_unknown_without_shopify_export
B022-212,chillgen.com,custom-road-map-door-mat-town-design-e3598e955a-e3598e955a,15912091287921,80878931607921,GALLERY_PUBLIC_CDN,12,,https://cdn.shopify.com/s/files/1/1023/0068/0561/files/9310b5f56f8100fc731ca6494d42a4290a7b9df051d5c039014587fc6b4e6a90.jpg?v=1784370972,UNKNOWN_WITHOUT_SHOPIFY_EXPORT,PUBLIC_JSON_MATCHED_TO_HANDLE,,VIEWED_CONTACT_SHEET_AND_LOCAL_FILE,2026-09-07T03:23:24+07:00,group play on custom road map rug,,group play on custom road map rug,SET,NEEDS_REVIEW,1,,,,,seo_runs/chillgen.com/chillgen_20260907_01/evidence/images/B022/custom-road-map-door-mat-town-design-e3598e955a-e3598e955a__img_12.jpg,alt_current_empty_in_public_json; media_export_url_unknown_without_shopify_export
B022-212,chillgen.com,custom-road-map-door-mat-town-design-e3598e955a-e3598e955a,15912091287921,80878931640689,GALLERY_PUBLIC_CDN,13,,https://cdn.shopify.com/s/files/1/1023/0068/0561/files/18c7c57dee2fa5410a63b325b0c00e0555413d96b3eb1b19df3c4d3a522b90bc.jpg?v=1784370977,UNKNOWN_WITHOUT_SHOPIFY_EXPORT,PUBLIC_JSON_MATCHED_TO_HANDLE,,VIEWED_CONTACT_SHEET_AND_LOCAL_FILE,2026-09-07T03:23:24+07:00,washable care visual for road map rug,,washable care visual for road map rug,SET,NEEDS_REVIEW,1,,,,,seo_runs/chillgen.com/chillgen_20260907_01/evidence/images/B022/custom-road-map-door-mat-town-design-e3598e955a-e3598e955a__img_13.jpg,alt_current_empty_in_public_json; media_export_url_unknown_without_shopify_export
B022-212,chillgen.com,custom-road-map-door-mat-town-design-e3598e955a-e3598e955a,15912091287921,80878931673457,GALLERY_PUBLIC_CDN,14,,https://cdn.shopify.com/s/files/1/1023/0068/0561/files/14e54d59365d74b91c164ba6b5ebfcbedbffd315e0d6c82b242c3ce8121291f0.jpg?v=1784370978,UNKNOWN_WITHOUT_SHOPIFY_EXPORT,PUBLIC_JSON_MATCHED_TO_HANDLE,,VIEWED_CONTACT_SHEET_AND_LOCAL_FILE,2026-09-07T03:23:24+07:00,personalized city rug in reading room,,personalized city rug in reading room,SET,NEEDS_REVIEW,1,,,,,seo_runs/chillgen.com/chillgen_20260907_01/evidence/images/B022/custom-road-map-door-mat-town-design-e3598e955a-e3598e955a__img_14.jpg,alt_current_empty_in_public_json; media_export_url_unknown_without_shopify_export
B022-212,chillgen.com,custom-road-map-door-mat-town-design-e3598e955a-e3598e955a,15912091287921,80878931706225,GALLERY_PUBLIC_CDN,15,,https://cdn.shopify.com/s/files/1/1023/0068/0561/files/b7628f53748bd30a2e55104d62eb72bb84cb0d3f37ab6ef4acd59f00bfc1a8a0.jpg?v=1784370983,UNKNOWN_WITHOUT_SHOPIFY_EXPORT,PUBLIC_JSON_MATCHED_TO_HANDLE,,VIEWED_CONTACT_SHEET_AND_LOCAL_FILE,2026-09-07T03:23:24+07:00,non-slip backing detail for road map mat,,non-slip backing detail for road map mat,SET,NEEDS_REVIEW,1,,,,,seo_runs/chillgen.com/chillgen_20260907_01/evidence/images/B022/custom-road-map-door-mat-town-design-e3598e955a-e3598e955a__img_15.jpg,alt_current_empty_in_public_json; media_export_url_unknown_without_shopify_export
B022-212,chillgen.com,custom-road-map-door-mat-town-design-e3598e955a-e3598e955a,15912091287921,80878931738993,GALLERY_PUBLIC_CDN,16,,https://cdn.shopify.com/s/files/1/1023/0068/0561/files/5f103a32cf89ff802bdeb5b77d9672b1ac8d2ef5a92c3cb81b23ef4c6436e666.jpg?v=1784370983,UNKNOWN_WITHOUT_SHOPIFY_EXPORT,PUBLIC_JSON_MATCHED_TO_HANDLE,,VIEWED_CONTACT_SHEET_AND_LOCAL_FILE,2026-09-07T03:23:24+07:00,road map rug in classroom floor layout,,road map rug in classroom floor layout,SET,NEEDS_REVIEW,1,,,,,seo_runs/chillgen.com/chillgen_20260907_01/evidence/images/B022/custom-road-map-door-mat-town-design-e3598e955a-e3598e955a__img_16.jpg,alt_current_empty_in_public_json; media_export_url_unknown_without_shopify_export
B022-213,chillgen.com,custom-road-map-area-rug-8262be4ef1-8262be4ef1,15912093155697,80869958517105,GALLERY_PUBLIC_CDN,1,,https://cdn.shopify.com/s/files/1/1023/0068/0561/files/293521f77fb72f181f91c6b0a01e73ec8ac95a712f7522928569cf295983baa4.jpg?v=1784373316,UNKNOWN_WITHOUT_SHOPIFY_EXPORT,PUBLIC_JSON_MATCHED_TO_HANDLE,,VIEWED_CONTACT_SHEET_AND_LOCAL_FILE,2026-09-07T03:23:24+07:00,alphabet road map play rug overhead view,,alphabet road map play rug overhead view,SET,NEEDS_REVIEW,1,,,,,seo_runs/chillgen.com/chillgen_20260907_01/evidence/images/B022/custom-road-map-area-rug-8262be4ef1-8262be4ef1__img_01.jpg,alt_current_empty_in_public_json; media_export_url_unknown_without_shopify_export
B022-213,chillgen.com,custom-road-map-area-rug-8262be4ef1-8262be4ef1,15912093155697,80869958582641,GALLERY_PUBLIC_CDN,2,,https://cdn.shopify.com/s/files/1/1023/0068/0561/files/52b1ffdec5ee89eea8673ccbdd7a2d4d917f5cb6287a86e1ec27f99767ed91db.jpg?v=1784373316,UNKNOWN_WITHOUT_SHOPIFY_EXPORT,PUBLIC_JSON_MATCHED_TO_HANDLE,,VIEWED_CONTACT_SHEET_AND_LOCAL_FILE,2026-09-07T03:23:24+07:00,size guide for ABC road map rug,,size guide for ABC road map rug,SET,NEEDS_REVIEW,1,,,,,seo_runs/chillgen.com/chillgen_20260907_01/evidence/images/B022/custom-road-map-area-rug-8262be4ef1-8262be4ef1__img_02.jpg,alt_current_empty_in_public_json; media_export_url_unknown_without_shopify_export
B022-213,chillgen.com,custom-road-map-area-rug-8262be4ef1-8262be4ef1,15912093155697,80869958615409,GALLERY_PUBLIC_CDN,3,,https://cdn.shopify.com/s/files/1/1023/0068/0561/files/576a1fab9c3e2128c597dc8e94bb1e472f054f1a9214572ef4d7ce10c62591fd.jpg?v=1784373322,UNKNOWN_WITHOUT_SHOPIFY_EXPORT,PUBLIC_JSON_MATCHED_TO_HANDLE,,VIEWED_CONTACT_SHEET_AND_LOCAL_FILE,2026-09-07T03:23:24+07:00,angled alphabet road play rug in room,,angled alphabet road play rug in room,SET,NEEDS_REVIEW,1,,,,,seo_runs/chillgen.com/chillgen_20260907_01/evidence/images/B022/custom-road-map-area-rug-8262be4ef1-8262be4ef1__img_03.jpg,alt_current_empty_in_public_json; media_export_url_unknown_without_shopify_export
B022-213,chillgen.com,custom-road-map-area-rug-8262be4ef1-8262be4ef1,15912093155697,80869958648177,GALLERY_PUBLIC_CDN,4,,https://cdn.shopify.com/s/files/1/1023/0068/0561/files/e573bc5ddd083c8e9a17119c2352a2436af04e35d835f27256f8aa1162aa2a4b.jpg?v=1784373322,UNKNOWN_WITHOUT_SHOPIFY_EXPORT,PUBLIC_JSON_MATCHED_TO_HANDLE,,VIEWED_CONTACT_SHEET_AND_LOCAL_FILE,2026-09-07T03:23:24+07:00,ABC road rug in classroom,,ABC road rug in classroom,SET,NEEDS_REVIEW,1,,,,,seo_runs/chillgen.com/chillgen_20260907_01/evidence/images/B022/custom-road-map-area-rug-8262be4ef1-8262be4ef1__img_04.jpg,alt_current_empty_in_public_json; media_export_url_unknown_without_shopify_export
B022-213,chillgen.com,custom-road-map-area-rug-8262be4ef1-8262be4ef1,15912093155697,80869958680945,GALLERY_PUBLIC_CDN,5,,https://cdn.shopify.com/s/files/1/1023/0068/0561/files/4d148a233b9ec674ff5c5674d3a659816b781868703caf495b00d0363990f33f.jpg?v=1784373327,UNKNOWN_WITHOUT_SHOPIFY_EXPORT,PUBLIC_JSON_MATCHED_TO_HANDLE,,VIEWED_CONTACT_SHEET_AND_LOCAL_FILE,2026-09-07T03:23:24+07:00,alphabet road map rug in playroom,,alphabet road map rug in playroom,SET,NEEDS_REVIEW,1,,,,,seo_runs/chillgen.com/chillgen_20260907_01/evidence/images/B022/custom-road-map-area-rug-8262be4ef1-8262be4ef1__img_05.jpg,alt_current_empty_in_public_json; media_export_url_unknown_without_shopify_export
B022-213,chillgen.com,custom-road-map-area-rug-8262be4ef1-8262be4ef1,15912093155697,80869958713713,GALLERY_PUBLIC_CDN,6,,https://cdn.shopify.com/s/files/1/1023/0068/0561/files/edf077d25eb21fa309e50b066174fc721387501ad93a6f390e10a91b0fa55965.jpg?v=1784373328,UNKNOWN_WITHOUT_SHOPIFY_EXPORT,PUBLIC_JSON_MATCHED_TO_HANDLE,,VIEWED_CONTACT_SHEET_AND_LOCAL_FILE,2026-09-07T03:23:24+07:00,children using ABC road map rug,,children using ABC road map rug,SET,NEEDS_REVIEW,1,,,,,seo_runs/chillgen.com/chillgen_20260907_01/evidence/images/B022/custom-road-map-area-rug-8262be4ef1-8262be4ef1__img_06.jpg,alt_current_empty_in_public_json; media_export_url_unknown_without_shopify_export
B022-213,chillgen.com,custom-road-map-area-rug-8262be4ef1-8262be4ef1,15912093155697,80869958746481,GALLERY_PUBLIC_CDN,7,,https://cdn.shopify.com/s/files/1/1023/0068/0561/files/99ef063d6a9b59f583431653dd4941f3c6cb7791c4e1fa1969a42049aeeff90d.jpg?v=1784373333,UNKNOWN_WITHOUT_SHOPIFY_EXPORT,PUBLIC_JSON_MATCHED_TO_HANDLE,,VIEWED_CONTACT_SHEET_AND_LOCAL_FILE,2026-09-07T03:23:24+07:00,machine washable visual for alphabet rug,,machine washable visual for alphabet rug,SET,NEEDS_REVIEW,1,,,,,seo_runs/chillgen.com/chillgen_20260907_01/evidence/images/B022/custom-road-map-area-rug-8262be4ef1-8262be4ef1__img_07.jpg,alt_current_empty_in_public_json; media_export_url_unknown_without_shopify_export
B022-213,chillgen.com,custom-road-map-area-rug-8262be4ef1-8262be4ef1,15912093155697,80869958779249,GALLERY_PUBLIC_CDN,8,,https://cdn.shopify.com/s/files/1/1023/0068/0561/files/d5bb7368208b6c54dd4563719d294cd9f6c95af8b1b78507dba1524ce89eda5f.jpg?v=1784373334,UNKNOWN_WITHOUT_SHOPIFY_EXPORT,PUBLIC_JSON_MATCHED_TO_HANDLE,,VIEWED_CONTACT_SHEET_AND_LOCAL_FILE,2026-09-07T03:23:24+07:00,material detail panel for ABC road rug,,material detail panel for ABC road rug,SET,NEEDS_REVIEW,1,,,,,seo_runs/chillgen.com/chillgen_20260907_01/evidence/images/B022/custom-road-map-area-rug-8262be4ef1-8262be4ef1__img_08.jpg,alt_current_empty_in_public_json; media_export_url_unknown_without_shopify_export
B022-213,chillgen.com,custom-road-map-area-rug-8262be4ef1-8262be4ef1,15912093155697,80869958812017,GALLERY_PUBLIC_CDN,9,,https://cdn.shopify.com/s/files/1/1023/0068/0561/files/e893fc6bb34f788b8a0ee67d515a41f27fd7f3c633af0c2c5364c682e994f7cb.jpg?v=1784373339,UNKNOWN_WITHOUT_SHOPIFY_EXPORT,PUBLIC_JSON_MATCHED_TO_HANDLE,,VIEWED_CONTACT_SHEET_AND_LOCAL_FILE,2026-09-07T03:23:24+07:00,alphabet road map rug in classroom aisle,,alphabet road map rug in classroom aisle,SET,NEEDS_REVIEW,1,,,,,seo_runs/chillgen.com/chillgen_20260907_01/evidence/images/B022/custom-road-map-area-rug-8262be4ef1-8262be4ef1__img_09.jpg,alt_current_empty_in_public_json; media_export_url_unknown_without_shopify_export
B022-213,chillgen.com,custom-road-map-area-rug-8262be4ef1-8262be4ef1,15912093155697,80878929707377,GALLERY_PUBLIC_CDN,10,,https://cdn.shopify.com/s/files/1/1023/0068/0561/files/3eaf084385c7249c789b99b19e5098ed68a7d2e7337e0f920591936449fc7b46.jpg?v=1784370793,UNKNOWN_WITHOUT_SHOPIFY_EXPORT,PUBLIC_JSON_MATCHED_TO_HANDLE,,VIEWED_CONTACT_SHEET_AND_LOCAL_FILE,2026-09-07T03:23:24+07:00,personalized ABC town rug overhead view,,personalized ABC town rug overhead view,SET,NEEDS_REVIEW,1,,,,,seo_runs/chillgen.com/chillgen_20260907_01/evidence/images/B022/custom-road-map-area-rug-8262be4ef1-8262be4ef1__img_10.jpg,alt_current_empty_in_public_json; media_export_url_unknown_without_shopify_export
B022-213,chillgen.com,custom-road-map-area-rug-8262be4ef1-8262be4ef1,15912093155697,80878929740145,GALLERY_PUBLIC_CDN,11,,https://cdn.shopify.com/s/files/1/1023/0068/0561/files/1ce4185386643dce733dff474a535330d7bca934964841c948f4c00db8e1ce74.jpg?v=1784370795,UNKNOWN_WITHOUT_SHOPIFY_EXPORT,PUBLIC_JSON_MATCHED_TO_HANDLE,,VIEWED_CONTACT_SHEET_AND_LOCAL_FILE,2026-09-07T03:23:24+07:00,size chart for alphabet road rug,,size chart for alphabet road rug,SET,NEEDS_REVIEW,1,,,,,seo_runs/chillgen.com/chillgen_20260907_01/evidence/images/B022/custom-road-map-area-rug-8262be4ef1-8262be4ef1__img_11.jpg,alt_current_empty_in_public_json; media_export_url_unknown_without_shopify_export
B022-213,chillgen.com,custom-road-map-area-rug-8262be4ef1-8262be4ef1,15912093155697,80878929772913,GALLERY_PUBLIC_CDN,12,,https://cdn.shopify.com/s/files/1/1023/0068/0561/files/605d6023823467954e5f5196ce0318e797f65d1b6f725ffaea98d937c52707a2.jpg?v=1784370799,UNKNOWN_WITHOUT_SHOPIFY_EXPORT,PUBLIC_JSON_MATCHED_TO_HANDLE,,VIEWED_CONTACT_SHEET_AND_LOCAL_FILE,2026-09-07T03:23:24+07:00,angled ABC road map play rug,,angled ABC road map play rug,SET,NEEDS_REVIEW,1,,,,,seo_runs/chillgen.com/chillgen_20260907_01/evidence/images/B022/custom-road-map-area-rug-8262be4ef1-8262be4ef1__img_12.jpg,alt_current_empty_in_public_json; media_export_url_unknown_without_shopify_export
B022-213,chillgen.com,custom-road-map-area-rug-8262be4ef1-8262be4ef1,15912093155697,80878929805681,GALLERY_PUBLIC_CDN,13,,https://cdn.shopify.com/s/files/1/1023/0068/0561/files/779fccae0686f6808311e4448422eecc6fb2b8b6c9fb46bea1422314cb05c2de.jpg?v=1784370801,UNKNOWN_WITHOUT_SHOPIFY_EXPORT,PUBLIC_JSON_MATCHED_TO_HANDLE,,VIEWED_CONTACT_SHEET_AND_LOCAL_FILE,2026-09-07T03:23:24+07:00,classroom view of alphabet road rug,,classroom view of alphabet road rug,SET,NEEDS_REVIEW,1,,,,,seo_runs/chillgen.com/chillgen_20260907_01/evidence/images/B022/custom-road-map-area-rug-8262be4ef1-8262be4ef1__img_13.jpg,alt_current_empty_in_public_json; media_export_url_unknown_without_shopify_export
B022-213,chillgen.com,custom-road-map-area-rug-8262be4ef1-8262be4ef1,15912093155697,80878929838449,GALLERY_PUBLIC_CDN,14,,https://cdn.shopify.com/s/files/1/1023/0068/0561/files/e4b46b7fb74a6a7d1dcbc68547b81087f381e181662eee6d8b5666691b21b08a.jpg?v=1784370805,UNKNOWN_WITHOUT_SHOPIFY_EXPORT,PUBLIC_JSON_MATCHED_TO_HANDLE,,VIEWED_CONTACT_SHEET_AND_LOCAL_FILE,2026-09-07T03:23:24+07:00,playroom view of ABC road rug,,playroom view of ABC road rug,SET,NEEDS_REVIEW,1,,,,,seo_runs/chillgen.com/chillgen_20260907_01/evidence/images/B022/custom-road-map-area-rug-8262be4ef1-8262be4ef1__img_14.jpg,alt_current_empty_in_public_json; media_export_url_unknown_without_shopify_export
B022-213,chillgen.com,custom-road-map-area-rug-8262be4ef1-8262be4ef1,15912093155697,80878929871217,GALLERY_PUBLIC_CDN,15,,https://cdn.shopify.com/s/files/1/1023/0068/0561/files/3076200bb188e38ea4728285dd83276490ad809f1d1f47b8982d5b5352b81434.jpg?v=1784370807,UNKNOWN_WITHOUT_SHOPIFY_EXPORT,PUBLIC_JSON_MATCHED_TO_HANDLE,,VIEWED_CONTACT_SHEET_AND_LOCAL_FILE,2026-09-07T03:23:24+07:00,group play on alphabet road map rug,,group play on alphabet road map rug,SET,NEEDS_REVIEW,1,,,,,seo_runs/chillgen.com/chillgen_20260907_01/evidence/images/B022/custom-road-map-area-rug-8262be4ef1-8262be4ef1__img_15.jpg,alt_current_empty_in_public_json; media_export_url_unknown_without_shopify_export
B022-213,chillgen.com,custom-road-map-area-rug-8262be4ef1-8262be4ef1,15912093155697,80878929903985,GALLERY_PUBLIC_CDN,16,,https://cdn.shopify.com/s/files/1/1023/0068/0561/files/1235f46ac25eca03b8c80c13cf035c328d175d1db6d1d839cbfe31d1d3b48f7d.jpg?v=1784370810,UNKNOWN_WITHOUT_SHOPIFY_EXPORT,PUBLIC_JSON_MATCHED_TO_HANDLE,,VIEWED_CONTACT_SHEET_AND_LOCAL_FILE,2026-09-07T03:23:24+07:00,washable care visual for ABC road rug,,washable care visual for ABC road rug,SET,NEEDS_REVIEW,1,,,,,seo_runs/chillgen.com/chillgen_20260907_01/evidence/images/B022/custom-road-map-area-rug-8262be4ef1-8262be4ef1__img_16.jpg,alt_current_empty_in_public_json; media_export_url_unknown_without_shopify_export
B022-213,chillgen.com,custom-road-map-area-rug-8262be4ef1-8262be4ef1,15912093155697,80878929936753,GALLERY_PUBLIC_CDN,17,,https://cdn.shopify.com/s/files/1/1023/0068/0561/files/a8b81a1b6de69d7a8d5749c106a5d41942ce225682208efbfee4b2524b3b9b4e.jpg?v=1784370813,UNKNOWN_WITHOUT_SHOPIFY_EXPORT,PUBLIC_JSON_MATCHED_TO_HANDLE,,VIEWED_CONTACT_SHEET_AND_LOCAL_FILE,2026-09-07T03:23:24+07:00,non-slip backing detail for alphabet road rug,,non-slip backing detail for alphabet road rug,SET,NEEDS_REVIEW,1,,,,,seo_runs/chillgen.com/chillgen_20260907_01/evidence/images/B022/custom-road-map-area-rug-8262be4ef1-8262be4ef1__img_17.jpg,alt_current_empty_in_public_json; media_export_url_unknown_without_shopify_export
B022-213,chillgen.com,custom-road-map-area-rug-8262be4ef1-8262be4ef1,15912093155697,80878929969521,GALLERY_PUBLIC_CDN,18,,https://cdn.shopify.com/s/files/1/1023/0068/0561/files/98bae990e7540a5fee1733fedc7521a6eba0af8310cbe3471252e26fdd902769.jpg?v=1784370816,UNKNOWN_WITHOUT_SHOPIFY_EXPORT,PUBLIC_JSON_MATCHED_TO_HANDLE,,VIEWED_CONTACT_SHEET_AND_LOCAL_FILE,2026-09-07T03:23:24+07:00,ABC road rug in classroom floor layout,,ABC road rug in classroom floor layout,SET,NEEDS_REVIEW,1,,,,,seo_runs/chillgen.com/chillgen_20260907_01/evidence/images/B022/custom-road-map-area-rug-8262be4ef1-8262be4ef1__img_18.jpg,alt_current_empty_in_public_json; media_export_url_unknown_without_shopify_export
B022-214,chillgen.com,custom-road-map-area-rug-town-play-mat-587b1148b8-587b1148b8,15912094597489,80869962908017,GALLERY_PUBLIC_CDN,1,,https://cdn.shopify.com/s/files/1/1023/0068/0561/files/f7dd48324c4fd2ad557cbae275e17ddd35a0a4954ff1936048f259b103064ad1.jpg?v=1784371742,UNKNOWN_WITHOUT_SHOPIFY_EXPORT,PUBLIC_JSON_MATCHED_TO_HANDLE,,VIEWED_CONTACT_SHEET_AND_LOCAL_FILE,2026-09-07T03:23:24+07:00,blue town road map rug overhead view,,blue town road map rug overhead view,SET,NEEDS_REVIEW,1,,,,,seo_runs/chillgen.com/chillgen_20260907_01/evidence/images/B022/custom-road-map-area-rug-town-play-mat-587b1148b8-587b1148b8__img_01.jpg,alt_current_empty_in_public_json; media_export_url_unknown_without_shopify_export
B022-214,chillgen.com,custom-road-map-area-rug-town-play-mat-587b1148b8-587b1148b8,15912094597489,80869962973553,GALLERY_PUBLIC_CDN,2,,https://cdn.shopify.com/s/files/1/1023/0068/0561/files/14c937b0e223ce7674811dc4ddcbd08d28f07b121f2fa8131120a621f30415ae.jpg?v=1784371742,UNKNOWN_WITHOUT_SHOPIFY_EXPORT,PUBLIC_JSON_MATCHED_TO_HANDLE,,VIEWED_CONTACT_SHEET_AND_LOCAL_FILE,2026-09-07T03:23:24+07:00,size guide for blue road map rug,,size guide for blue road map rug,SET,NEEDS_REVIEW,1,,,,,seo_runs/chillgen.com/chillgen_20260907_01/evidence/images/B022/custom-road-map-area-rug-town-play-mat-587b1148b8-587b1148b8__img_02.jpg,alt_current_empty_in_public_json; media_export_url_unknown_without_shopify_export
B022-214,chillgen.com,custom-road-map-area-rug-town-play-mat-587b1148b8-587b1148b8,15912094597489,80869963006321,GALLERY_PUBLIC_CDN,3,,https://cdn.shopify.com/s/files/1/1023/0068/0561/files/282baad9c9a54373f096917202ebb76b1dad5cffb92000460e1d7b77f518834f.jpg?v=1784371748,UNKNOWN_WITHOUT_SHOPIFY_EXPORT,PUBLIC_JSON_MATCHED_TO_HANDLE,,VIEWED_CONTACT_SHEET_AND_LOCAL_FILE,2026-09-07T03:23:24+07:00,blue city street rug in classroom,,blue city street rug in classroom,SET,NEEDS_REVIEW,1,,,,,seo_runs/chillgen.com/chillgen_20260907_01/evidence/images/B022/custom-road-map-area-rug-town-play-mat-587b1148b8-587b1148b8__img_03.jpg,alt_current_empty_in_public_json; media_export_url_unknown_without_shopify_export
B022-214,chillgen.com,custom-road-map-area-rug-town-play-mat-587b1148b8-587b1148b8,15912094597489,80869963039089,GALLERY_PUBLIC_CDN,4,,https://cdn.shopify.com/s/files/1/1023/0068/0561/files/2cf18fa25cc52be333290789d0ec311b7d339d407ede0823c0ad2a2a4d561c76.jpg?v=1784371748,UNKNOWN_WITHOUT_SHOPIFY_EXPORT,PUBLIC_JSON_MATCHED_TO_HANDLE,,VIEWED_CONTACT_SHEET_AND_LOCAL_FILE,2026-09-07T03:23:24+07:00,children using blue road map rug,,children using blue road map rug,SET,NEEDS_REVIEW,1,,,,,seo_runs/chillgen.com/chillgen_20260907_01/evidence/images/B022/custom-road-map-area-rug-town-play-mat-587b1148b8-587b1148b8__img_04.jpg,alt_current_empty_in_public_json; media_export_url_unknown_without_shopify_export
B022-214,chillgen.com,custom-road-map-area-rug-town-play-mat-587b1148b8-587b1148b8,15912094597489,80869963071857,GALLERY_PUBLIC_CDN,5,,https://cdn.shopify.com/s/files/1/1023/0068/0561/files/f5df5b1d90272904869706c5d9b12d63880e5484eb68c8d3d98e66e3fb304a5d.jpg?v=1784371753,UNKNOWN_WITHOUT_SHOPIFY_EXPORT,PUBLIC_JSON_MATCHED_TO_HANDLE,,VIEWED_CONTACT_SHEET_AND_LOCAL_FILE,2026-09-07T03:23:24+07:00,blue road play rug in toy room,,blue road play rug in toy room,SET,NEEDS_REVIEW,1,,,,,seo_runs/chillgen.com/chillgen_20260907_01/evidence/images/B022/custom-road-map-area-rug-town-play-mat-587b1148b8-587b1148b8__img_05.jpg,alt_current_empty_in_public_json; media_export_url_unknown_without_shopify_export
B022-214,chillgen.com,custom-road-map-area-rug-town-play-mat-587b1148b8-587b1148b8,15912094597489,80869963104625,GALLERY_PUBLIC_CDN,6,,https://cdn.shopify.com/s/files/1/1023/0068/0561/files/c9d3d1214de424ab2047719452ed97075f74c079ea2aa8ff2c1dec7eee7a9ef1.jpg?v=1784371753,UNKNOWN_WITHOUT_SHOPIFY_EXPORT,PUBLIC_JSON_MATCHED_TO_HANDLE,,VIEWED_CONTACT_SHEET_AND_LOCAL_FILE,2026-09-07T03:23:24+07:00,blue road rug in playroom corner,,blue road rug in playroom corner,SET,NEEDS_REVIEW,1,,,,,seo_runs/chillgen.com/chillgen_20260907_01/evidence/images/B022/custom-road-map-area-rug-town-play-mat-587b1148b8-587b1148b8__img_06.jpg,alt_current_empty_in_public_json; media_export_url_unknown_without_shopify_export
B022-214,chillgen.com,custom-road-map-area-rug-town-play-mat-587b1148b8-587b1148b8,15912094597489,80869963137393,GALLERY_PUBLIC_CDN,7,,https://cdn.shopify.com/s/files/1/1023/0068/0561/files/51449df5f752af75288c156fa6a5414a4f5c87dd788b6fa6c7682b1f5a2f1a77.jpg?v=1784371759,UNKNOWN_WITHOUT_SHOPIFY_EXPORT,PUBLIC_JSON_MATCHED_TO_HANDLE,,VIEWED_CONTACT_SHEET_AND_LOCAL_FILE,2026-09-07T03:23:24+07:00,machine washable visual for blue road rug,,machine washable visual for blue road rug,SET,NEEDS_REVIEW,1,,,,,seo_runs/chillgen.com/chillgen_20260907_01/evidence/images/B022/custom-road-map-area-rug-town-play-mat-587b1148b8-587b1148b8__img_07.jpg,alt_current_empty_in_public_json; media_export_url_unknown_without_shopify_export
B022-214,chillgen.com,custom-road-map-area-rug-town-play-mat-587b1148b8-587b1148b8,15912094597489,80869963170161,GALLERY_PUBLIC_CDN,8,,https://cdn.shopify.com/s/files/1/1023/0068/0561/files/f31ae095e8b106f2832f6f7c5cd434efd34b0a3960b2da5d2ae2415e54aa2357.jpg?v=1784371758,UNKNOWN_WITHOUT_SHOPIFY_EXPORT,PUBLIC_JSON_MATCHED_TO_HANDLE,,VIEWED_CONTACT_SHEET_AND_LOCAL_FILE,2026-09-07T03:23:24+07:00,material details for blue road map rug,,material details for blue road map rug,SET,NEEDS_REVIEW,1,,,,,seo_runs/chillgen.com/chillgen_20260907_01/evidence/images/B022/custom-road-map-area-rug-town-play-mat-587b1148b8-587b1148b8__img_08.jpg,alt_current_empty_in_public_json; media_export_url_unknown_without_shopify_export
B022-214,chillgen.com,custom-road-map-area-rug-town-play-mat-587b1148b8-587b1148b8,15912094597489,80869963202929,GALLERY_PUBLIC_CDN,9,,https://cdn.shopify.com/s/files/1/1023/0068/0561/files/7c8208585cbb90eea4b9759b3fb047d6eaf65167455a84a9a0cc0b0733c0506c.jpg?v=1784371764,UNKNOWN_WITHOUT_SHOPIFY_EXPORT,PUBLIC_JSON_MATCHED_TO_HANDLE,,VIEWED_CONTACT_SHEET_AND_LOCAL_FILE,2026-09-07T03:23:24+07:00,blue road map rug in classroom aisle,,blue road map rug in classroom aisle,SET,NEEDS_REVIEW,1,,,,,seo_runs/chillgen.com/chillgen_20260907_01/evidence/images/B022/custom-road-map-area-rug-town-play-mat-587b1148b8-587b1148b8__img_09.jpg,alt_current_empty_in_public_json; media_export_url_unknown_without_shopify_export
B022-214,chillgen.com,custom-road-map-area-rug-town-play-mat-587b1148b8-587b1148b8,15912094597489,80878928986481,GALLERY_PUBLIC_CDN,10,,https://cdn.shopify.com/s/files/1/1023/0068/0561/files/c4056f6ca4cef7ceda6520c508bf23a370b85d318ee052791930a05dd9bd5a4f.jpg?v=1784370579,UNKNOWN_WITHOUT_SHOPIFY_EXPORT,PUBLIC_JSON_MATCHED_TO_HANDLE,,VIEWED_CONTACT_SHEET_AND_LOCAL_FILE,2026-09-07T03:23:24+07:00,personalized blue town rug overhead view,,personalized blue town rug overhead view,SET,NEEDS_REVIEW,1,,,,,seo_runs/chillgen.com/chillgen_20260907_01/evidence/images/B022/custom-road-map-area-rug-town-play-mat-587b1148b8-587b1148b8__img_10.jpg,alt_current_empty_in_public_json; media_export_url_unknown_without_shopify_export
B022-214,chillgen.com,custom-road-map-area-rug-town-play-mat-587b1148b8-587b1148b8,15912094597489,80878929019249,GALLERY_PUBLIC_CDN,11,,https://cdn.shopify.com/s/files/1/1023/0068/0561/files/4a9d251b2b9256669f439df59d8dfef426f479513210233b7fdeee1edaa50ba6.jpg?v=1784370582,UNKNOWN_WITHOUT_SHOPIFY_EXPORT,PUBLIC_JSON_MATCHED_TO_HANDLE,,VIEWED_CONTACT_SHEET_AND_LOCAL_FILE,2026-09-07T03:23:24+07:00,size chart for blue road map rug,,size chart for blue road map rug,SET,NEEDS_REVIEW,1,,,,,seo_runs/chillgen.com/chillgen_20260907_01/evidence/images/B022/custom-road-map-area-rug-town-play-mat-587b1148b8-587b1148b8__img_11.jpg,alt_current_empty_in_public_json; media_export_url_unknown_without_shopify_export
B022-214,chillgen.com,custom-road-map-area-rug-town-play-mat-587b1148b8-587b1148b8,15912094597489,80878929052017,GALLERY_PUBLIC_CDN,12,,https://cdn.shopify.com/s/files/1/1023/0068/0561/files/145685fa935dff83a46b12ed67e61a44692ab1ca17415a93f7fb4b341853e8bd.jpg?v=1784370585,UNKNOWN_WITHOUT_SHOPIFY_EXPORT,PUBLIC_JSON_MATCHED_TO_HANDLE,,VIEWED_CONTACT_SHEET_AND_LOCAL_FILE,2026-09-07T03:23:24+07:00,blue road map rug room view,,blue road map rug room view,SET,NEEDS_REVIEW,1,,,,,seo_runs/chillgen.com/chillgen_20260907_01/evidence/images/B022/custom-road-map-area-rug-town-play-mat-587b1148b8-587b1148b8__img_12.jpg,alt_current_empty_in_public_json; media_export_url_unknown_without_shopify_export
B022-214,chillgen.com,custom-road-map-area-rug-town-play-mat-587b1148b8-587b1148b8,15912094597489,80878929084785,GALLERY_PUBLIC_CDN,13,,https://cdn.shopify.com/s/files/1/1023/0068/0561/files/f5d7f0b9ed196af229248b03a06591814cf817cc2f82ebb36d0ea8cf19d43f5e.jpg?v=1784370588,UNKNOWN_WITHOUT_SHOPIFY_EXPORT,PUBLIC_JSON_MATCHED_TO_HANDLE,,VIEWED_CONTACT_SHEET_AND_LOCAL_FILE,2026-09-07T03:23:24+07:00,group play on blue town rug,,group play on blue town rug,SET,NEEDS_REVIEW,1,,,,,seo_runs/chillgen.com/chillgen_20260907_01/evidence/images/B022/custom-road-map-area-rug-town-play-mat-587b1148b8-587b1148b8__img_13.jpg,alt_current_empty_in_public_json; media_export_url_unknown_without_shopify_export
B022-214,chillgen.com,custom-road-map-area-rug-town-play-mat-587b1148b8-587b1148b8,15912094597489,80878929117553,GALLERY_PUBLIC_CDN,14,,https://cdn.shopify.com/s/files/1/1023/0068/0561/files/ca17a29abeeffc6e9f223bf2cfcfc5ae0d2a304b33045ac29e2d0bb3b44370ed.jpg?v=1784370590,UNKNOWN_WITHOUT_SHOPIFY_EXPORT,PUBLIC_JSON_MATCHED_TO_HANDLE,,VIEWED_CONTACT_SHEET_AND_LOCAL_FILE,2026-09-07T03:23:24+07:00,angled blue city play rug,,angled blue city play rug,SET,NEEDS_REVIEW,1,,,,,seo_runs/chillgen.com/chillgen_20260907_01/evidence/images/B022/custom-road-map-area-rug-town-play-mat-587b1148b8-587b1148b8__img_14.jpg,alt_current_empty_in_public_json; media_export_url_unknown_without_shopify_export
B022-214,chillgen.com,custom-road-map-area-rug-town-play-mat-587b1148b8-587b1148b8,15912094597489,80878929150321,GALLERY_PUBLIC_CDN,15,,https://cdn.shopify.com/s/files/1/1023/0068/0561/files/850ee70d4b343be772a60c78f0bd31e4c95515e0ddb607f91440864248bbaec1.jpg?v=1784370593,UNKNOWN_WITHOUT_SHOPIFY_EXPORT,PUBLIC_JSON_MATCHED_TO_HANDLE,,VIEWED_CONTACT_SHEET_AND_LOCAL_FILE,2026-09-07T03:23:24+07:00,blue road map rug in reading corner,,blue road map rug in reading corner,SET,NEEDS_REVIEW,1,,,,,seo_runs/chillgen.com/chillgen_20260907_01/evidence/images/B022/custom-road-map-area-rug-town-play-mat-587b1148b8-587b1148b8__img_15.jpg,alt_current_empty_in_public_json; media_export_url_unknown_without_shopify_export
B022-214,chillgen.com,custom-road-map-area-rug-town-play-mat-587b1148b8-587b1148b8,15912094597489,80878929183089,GALLERY_PUBLIC_CDN,16,,https://cdn.shopify.com/s/files/1/1023/0068/0561/files/57e817b020f9e05aca12a3946066c57b9ea493bde88112fabc993bd173147873.jpg?v=1784370596,UNKNOWN_WITHOUT_SHOPIFY_EXPORT,PUBLIC_JSON_MATCHED_TO_HANDLE,,VIEWED_CONTACT_SHEET_AND_LOCAL_FILE,2026-09-07T03:23:24+07:00,washable care visual for blue road rug,,washable care visual for blue road rug,SET,NEEDS_REVIEW,1,,,,,seo_runs/chillgen.com/chillgen_20260907_01/evidence/images/B022/custom-road-map-area-rug-town-play-mat-587b1148b8-587b1148b8__img_16.jpg,alt_current_empty_in_public_json; media_export_url_unknown_without_shopify_export
B022-214,chillgen.com,custom-road-map-area-rug-town-play-mat-587b1148b8-587b1148b8,15912094597489,80878929215857,GALLERY_PUBLIC_CDN,17,,https://cdn.shopify.com/s/files/1/1023/0068/0561/files/e3902ead1732c3bf751ea7b751487c673cce6054e55d0cdac59a3efabf3ecb0f.jpg?v=1784370599,UNKNOWN_WITHOUT_SHOPIFY_EXPORT,PUBLIC_JSON_MATCHED_TO_HANDLE,,VIEWED_CONTACT_SHEET_AND_LOCAL_FILE,2026-09-07T03:23:24+07:00,non-slip backing detail for blue road rug,,non-slip backing detail for blue road rug,SET,NEEDS_REVIEW,1,,,,,seo_runs/chillgen.com/chillgen_20260907_01/evidence/images/B022/custom-road-map-area-rug-town-play-mat-587b1148b8-587b1148b8__img_17.jpg,alt_current_empty_in_public_json; media_export_url_unknown_without_shopify_export
B022-214,chillgen.com,custom-road-map-area-rug-town-play-mat-587b1148b8-587b1148b8,15912094597489,80878929248625,GALLERY_PUBLIC_CDN,18,,https://cdn.shopify.com/s/files/1/1023/0068/0561/files/99a3c58798dfdac3bfe139aa0acc51ae6e5e1cd328c50110ed620dcd48a718f1.jpg?v=1784370601,UNKNOWN_WITHOUT_SHOPIFY_EXPORT,PUBLIC_JSON_MATCHED_TO_HANDLE,,VIEWED_CONTACT_SHEET_AND_LOCAL_FILE,2026-09-07T03:23:24+07:00,blue road rug in classroom floor layout,,blue road rug in classroom floor layout,SET,NEEDS_REVIEW,1,,,,,seo_runs/chillgen.com/chillgen_20260907_01/evidence/images/B022/custom-road-map-area-rug-town-play-mat-587b1148b8-587b1148b8__img_18.jpg,alt_current_empty_in_public_json; media_export_url_unknown_without_shopify_export
B022-215,chillgen.com,custom-road-map-area-rug-e4dbf01f05,15912094925169,80869964710257,GALLERY_PUBLIC_CDN,1,,https://cdn.shopify.com/s/files/1/1023/0068/0561/files/ce2435b4a9ec7ad5a3a51204031d709ea7379a532432a7a4795c50b5a9a3a27f.jpg?v=1784373052,UNKNOWN_WITHOUT_SHOPIFY_EXPORT,PUBLIC_JSON_MATCHED_TO_HANDLE,,VIEWED_CONTACT_SHEET_AND_LOCAL_FILE,2026-09-07T03:23:24+07:00,pastel city road map rug in classroom,,pastel city road map rug in classroom,SET,NEEDS_REVIEW,1,,,,,seo_runs/chillgen.com/chillgen_20260907_01/evidence/images/B022/custom-road-map-area-rug-e4dbf01f05__img_01.jpg,alt_current_empty_in_public_json; media_export_url_unknown_without_shopify_export
B022-215,chillgen.com,custom-road-map-area-rug-e4dbf01f05,15912094925169,80869964775793,GALLERY_PUBLIC_CDN,2,,https://cdn.shopify.com/s/files/1/1023/0068/0561/files/87e7ae210393a4ae8d4a74e3d038ab5dbcef89710952f9f82cd6e085b573c405.jpg?v=1784373053,UNKNOWN_WITHOUT_SHOPIFY_EXPORT,PUBLIC_JSON_MATCHED_TO_HANDLE,,VIEWED_CONTACT_SHEET_AND_LOCAL_FILE,2026-09-07T03:23:24+07:00,size guide for pastel road map rug,,size guide for pastel road map rug,SET,NEEDS_REVIEW,1,,,,,seo_runs/chillgen.com/chillgen_20260907_01/evidence/images/B022/custom-road-map-area-rug-e4dbf01f05__img_02.jpg,alt_current_empty_in_public_json; media_export_url_unknown_without_shopify_export
B022-215,chillgen.com,custom-road-map-area-rug-e4dbf01f05,15912094925169,80869964808561,GALLERY_PUBLIC_CDN,3,,https://cdn.shopify.com/s/files/1/1023/0068/0561/files/a91ffc8be91ede3811644c11ea4d840454c2c0e48aa28970c8276b2e6be0f120.jpg?v=1784373058,UNKNOWN_WITHOUT_SHOPIFY_EXPORT,PUBLIC_JSON_MATCHED_TO_HANDLE,,VIEWED_CONTACT_SHEET_AND_LOCAL_FILE,2026-09-07T03:23:24+07:00,pastel city play rug room view,,pastel city play rug room view,SET,NEEDS_REVIEW,1,,,,,seo_runs/chillgen.com/chillgen_20260907_01/evidence/images/B022/custom-road-map-area-rug-e4dbf01f05__img_03.jpg,alt_current_empty_in_public_json; media_export_url_unknown_without_shopify_export
B022-215,chillgen.com,custom-road-map-area-rug-e4dbf01f05,15912094925169,80869964841329,GALLERY_PUBLIC_CDN,4,,https://cdn.shopify.com/s/files/1/1023/0068/0561/files/e2ffd9e100e11ccb7ea0d06f789476e99201aff5ff7a75297a9c6ed6f88fb65c.jpg?v=1784373059,UNKNOWN_WITHOUT_SHOPIFY_EXPORT,PUBLIC_JSON_MATCHED_TO_HANDLE,,VIEWED_CONTACT_SHEET_AND_LOCAL_FILE,2026-09-07T03:23:24+07:00,pastel road map rug in classroom aisle,,pastel road map rug in classroom aisle,SET,NEEDS_REVIEW,1,,,,,seo_runs/chillgen.com/chillgen_20260907_01/evidence/images/B022/custom-road-map-area-rug-e4dbf01f05__img_04.jpg,alt_current_empty_in_public_json; media_export_url_unknown_without_shopify_export
B022-215,chillgen.com,custom-road-map-area-rug-e4dbf01f05,15912094925169,80869964874097,GALLERY_PUBLIC_CDN,5,,https://cdn.shopify.com/s/files/1/1023/0068/0561/files/7f8fd8c26cfef60d8a6730ee1496ed079f31af39cbc78e71c6fb51d287e67909.jpg?v=1784373064,UNKNOWN_WITHOUT_SHOPIFY_EXPORT,PUBLIC_JSON_MATCHED_TO_HANDLE,,VIEWED_CONTACT_SHEET_AND_LOCAL_FILE,2026-09-07T03:23:24+07:00,children using pastel city rug,,children using pastel city rug,SET,NEEDS_REVIEW,1,,,,,seo_runs/chillgen.com/chillgen_20260907_01/evidence/images/B022/custom-road-map-area-rug-e4dbf01f05__img_05.jpg,alt_current_empty_in_public_json; media_export_url_unknown_without_shopify_export
B022-215,chillgen.com,custom-road-map-area-rug-e4dbf01f05,15912094925169,80869964906865,GALLERY_PUBLIC_CDN,6,,https://cdn.shopify.com/s/files/1/1023/0068/0561/files/3d08d9398bd84d4c6878b168dc8f95be9794a09bb218dac46d3856eb3619b3a5.jpg?v=1784373064,UNKNOWN_WITHOUT_SHOPIFY_EXPORT,PUBLIC_JSON_MATCHED_TO_HANDLE,,VIEWED_CONTACT_SHEET_AND_LOCAL_FILE,2026-09-07T03:23:24+07:00,large pastel city road map rug,,large pastel city road map rug,SET,NEEDS_REVIEW,1,,,,,seo_runs/chillgen.com/chillgen_20260907_01/evidence/images/B022/custom-road-map-area-rug-e4dbf01f05__img_06.jpg,alt_current_empty_in_public_json; media_export_url_unknown_without_shopify_export
B022-215,chillgen.com,custom-road-map-area-rug-e4dbf01f05,15912094925169,80869964939633,GALLERY_PUBLIC_CDN,7,,https://cdn.shopify.com/s/files/1/1023/0068/0561/files/92fc8b9226fb0df5374c20404015948471375b73abbd9dfd766084b0cd9efa2a.jpg?v=1784373069,UNKNOWN_WITHOUT_SHOPIFY_EXPORT,PUBLIC_JSON_MATCHED_TO_HANDLE,,VIEWED_CONTACT_SHEET_AND_LOCAL_FILE,2026-09-07T03:23:24+07:00,pastel road rug in playroom corner,,pastel road rug in playroom corner,SET,NEEDS_REVIEW,1,,,,,seo_runs/chillgen.com/chillgen_20260907_01/evidence/images/B022/custom-road-map-area-rug-e4dbf01f05__img_07.jpg,alt_current_empty_in_public_json; media_export_url_unknown_without_shopify_export
B022-215,chillgen.com,custom-road-map-area-rug-e4dbf01f05,15912094925169,80869964972401,GALLERY_PUBLIC_CDN,8,,https://cdn.shopify.com/s/files/1/1023/0068/0561/files/8b60416174dec069c39ed43514ee091f58fb6e18728985dd7daa016767525cbe.jpg?v=1784373070,UNKNOWN_WITHOUT_SHOPIFY_EXPORT,PUBLIC_JSON_MATCHED_TO_HANDLE,,VIEWED_CONTACT_SHEET_AND_LOCAL_FILE,2026-09-07T03:23:24+07:00,machine washable visual for pastel road rug,,machine washable visual for pastel road rug,SET,NEEDS_REVIEW,1,,,,,seo_runs/chillgen.com/chillgen_20260907_01/evidence/images/B022/custom-road-map-area-rug-e4dbf01f05__img_08.jpg,alt_current_empty_in_public_json; media_export_url_unknown_without_shopify_export
B022-215,chillgen.com,custom-road-map-area-rug-e4dbf01f05,15912094925169,80869965005169,GALLERY_PUBLIC_CDN,9,,https://cdn.shopify.com/s/files/1/1023/0068/0561/files/5c65fed47117f20022daac9a94c799bd0936acee1bd8b723b132a7e573f1d6d1.jpg?v=1784373075,UNKNOWN_WITHOUT_SHOPIFY_EXPORT,PUBLIC_JSON_MATCHED_TO_HANDLE,,VIEWED_CONTACT_SHEET_AND_LOCAL_FILE,2026-09-07T03:23:24+07:00,material detail panel for pastel city rug,,material detail panel for pastel city rug,SET,NEEDS_REVIEW,1,,,,,seo_runs/chillgen.com/chillgen_20260907_01/evidence/images/B022/custom-road-map-area-rug-e4dbf01f05__img_09.jpg,alt_current_empty_in_public_json; media_export_url_unknown_without_shopify_export
B022-215,chillgen.com,custom-road-map-area-rug-e4dbf01f05,15912094925169,80878928101745,GALLERY_PUBLIC_CDN,10,,https://cdn.shopify.com/s/files/1/1023/0068/0561/files/7af9c85a5f948660ed5cc1cd421e90ae5c0b397a255f09e7eb51b30bcaed4587.jpg?v=1784371012,UNKNOWN_WITHOUT_SHOPIFY_EXPORT,PUBLIC_JSON_MATCHED_TO_HANDLE,,VIEWED_CONTACT_SHEET_AND_LOCAL_FILE,2026-09-07T03:23:24+07:00,pastel city rug overhead view,,pastel city rug overhead view,SET,NEEDS_REVIEW,1,,,,,seo_runs/chillgen.com/chillgen_20260907_01/evidence/images/B022/custom-road-map-area-rug-e4dbf01f05__img_10.jpg,alt_current_empty_in_public_json; media_export_url_unknown_without_shopify_export
B022-215,chillgen.com,custom-road-map-area-rug-e4dbf01f05,15912094925169,80878928134513,GALLERY_PUBLIC_CDN,11,,https://cdn.shopify.com/s/files/1/1023/0068/0561/files/eec061c8243637e5af7cb60b1fee380958dc0981774ea0a0aedc3ef7dd163882.jpg?v=1784370484,UNKNOWN_WITHOUT_SHOPIFY_EXPORT,PUBLIC_JSON_MATCHED_TO_HANDLE,,VIEWED_CONTACT_SHEET_AND_LOCAL_FILE,2026-09-07T03:23:24+07:00,size chart for pastel road map rug,,size chart for pastel road map rug,SET,NEEDS_REVIEW,1,,,,,seo_runs/chillgen.com/chillgen_20260907_01/evidence/images/B022/custom-road-map-area-rug-e4dbf01f05__img_11.jpg,alt_current_empty_in_public_json; media_export_url_unknown_without_shopify_export
B022-215,chillgen.com,custom-road-map-area-rug-e4dbf01f05,15912094925169,80878928167281,GALLERY_PUBLIC_CDN,12,,https://cdn.shopify.com/s/files/1/1023/0068/0561/files/c56fc487e7a7242cb734583a9b5cda715262aae9ff425eb7e36e536f3b92015d.jpg?v=1784370486,UNKNOWN_WITHOUT_SHOPIFY_EXPORT,PUBLIC_JSON_MATCHED_TO_HANDLE,,VIEWED_CONTACT_SHEET_AND_LOCAL_FILE,2026-09-07T03:23:24+07:00,angled pastel city play rug,,angled pastel city play rug,SET,NEEDS_REVIEW,1,,,,,seo_runs/chillgen.com/chillgen_20260907_01/evidence/images/B022/custom-road-map-area-rug-e4dbf01f05__img_12.jpg,alt_current_empty_in_public_json; media_export_url_unknown_without_shopify_export
B022-215,chillgen.com,custom-road-map-area-rug-e4dbf01f05,15912094925169,80878928200049,GALLERY_PUBLIC_CDN,13,,https://cdn.shopify.com/s/files/1/1023/0068/0561/files/6ce70cd7ee5bb938d173a68dce38b541acea018b5e8abc579382a6158548041b.jpg?v=1784370489,UNKNOWN_WITHOUT_SHOPIFY_EXPORT,PUBLIC_JSON_MATCHED_TO_HANDLE,,VIEWED_CONTACT_SHEET_AND_LOCAL_FILE,2026-09-07T03:23:24+07:00,pastel road rug in classroom aisle,,pastel road rug in classroom aisle,SET,NEEDS_REVIEW,1,,,,,seo_runs/chillgen.com/chillgen_20260907_01/evidence/images/B022/custom-road-map-area-rug-e4dbf01f05__img_13.jpg,alt_current_empty_in_public_json; media_export_url_unknown_without_shopify_export
B022-215,chillgen.com,custom-road-map-area-rug-e4dbf01f05,15912094925169,80878928232817,GALLERY_PUBLIC_CDN,14,,https://cdn.shopify.com/s/files/1/1023/0068/0561/files/5940bdc9583d5422490095022e3bf382227e250088d53757a869a3fea5c02b5a.jpg?v=1784370492,UNKNOWN_WITHOUT_SHOPIFY_EXPORT,PUBLIC_JSON_MATCHED_TO_HANDLE,,VIEWED_CONTACT_SHEET_AND_LOCAL_FILE,2026-09-07T03:23:24+07:00,group play on pastel city rug,,group play on pastel city rug,SET,NEEDS_REVIEW,1,,,,,seo_runs/chillgen.com/chillgen_20260907_01/evidence/images/B022/custom-road-map-area-rug-e4dbf01f05__img_14.jpg,alt_current_empty_in_public_json; media_export_url_unknown_without_shopify_export
B022-215,chillgen.com,custom-road-map-area-rug-e4dbf01f05,15912094925169,80878928265585,GALLERY_PUBLIC_CDN,15,,https://cdn.shopify.com/s/files/1/1023/0068/0561/files/74bc32d513d21e71e5fb37d5709bc655321e3fea6fdbbb02da1a97c94b12ee2e.jpg?v=1784370495,UNKNOWN_WITHOUT_SHOPIFY_EXPORT,PUBLIC_JSON_MATCHED_TO_HANDLE,,VIEWED_CONTACT_SHEET_AND_LOCAL_FILE,2026-09-07T03:23:24+07:00,pastel city rug in classroom layout,,pastel city rug in classroom layout,SET,NEEDS_REVIEW,1,,,,,seo_runs/chillgen.com/chillgen_20260907_01/evidence/images/B022/custom-road-map-area-rug-e4dbf01f05__img_15.jpg,alt_current_empty_in_public_json; media_export_url_unknown_without_shopify_export
B022-215,chillgen.com,custom-road-map-area-rug-e4dbf01f05,15912094925169,80878928298353,GALLERY_PUBLIC_CDN,16,,https://cdn.shopify.com/s/files/1/1023/0068/0561/files/61fb4b22bc4b908e9662d9a4fd0e4c4bb4be64da2b02879e2f4429e2a770c554.jpg?v=1784370498,UNKNOWN_WITHOUT_SHOPIFY_EXPORT,PUBLIC_JSON_MATCHED_TO_HANDLE,,VIEWED_CONTACT_SHEET_AND_LOCAL_FILE,2026-09-07T03:23:24+07:00,playroom corner with pastel road rug,,playroom corner with pastel road rug,SET,NEEDS_REVIEW,1,,,,,seo_runs/chillgen.com/chillgen_20260907_01/evidence/images/B022/custom-road-map-area-rug-e4dbf01f05__img_16.jpg,alt_current_empty_in_public_json; media_export_url_unknown_without_shopify_export
B022-215,chillgen.com,custom-road-map-area-rug-e4dbf01f05,15912094925169,80878928331121,GALLERY_PUBLIC_CDN,17,,https://cdn.shopify.com/s/files/1/1023/0068/0561/files/870ae2c29e0840017ffea2b29c935fc07769441a52cdacdfdbaac514baeb07a5.jpg?v=1784370500,UNKNOWN_WITHOUT_SHOPIFY_EXPORT,PUBLIC_JSON_MATCHED_TO_HANDLE,,VIEWED_CONTACT_SHEET_AND_LOCAL_FILE,2026-09-07T03:23:24+07:00,washable care visual for pastel road rug,,washable care visual for pastel road rug,SET,NEEDS_REVIEW,1,,,,,seo_runs/chillgen.com/chillgen_20260907_01/evidence/images/B022/custom-road-map-area-rug-e4dbf01f05__img_17.jpg,alt_current_empty_in_public_json; media_export_url_unknown_without_shopify_export
B022-215,chillgen.com,custom-road-map-area-rug-e4dbf01f05,15912094925169,80878928363889,GALLERY_PUBLIC_CDN,18,,https://cdn.shopify.com/s/files/1/1023/0068/0561/files/94210a75f5f7f7ed37b7db228de70808ed8b7d7abcd06fe3b53ff845e6c68bce.jpg?v=1784370503,UNKNOWN_WITHOUT_SHOPIFY_EXPORT,PUBLIC_JSON_MATCHED_TO_HANDLE,,VIEWED_CONTACT_SHEET_AND_LOCAL_FILE,2026-09-07T03:23:24+07:00,non-slip backing detail for pastel rug,,non-slip backing detail for pastel rug,SET,NEEDS_REVIEW,1,,,,,seo_runs/chillgen.com/chillgen_20260907_01/evidence/images/B022/custom-road-map-area-rug-e4dbf01f05__img_18.jpg,alt_current_empty_in_public_json; media_export_url_unknown_without_shopify_export
B022-216,chillgen.com,custom-road-map-welcome-mat-708eca28bb,15912095777137,80869967069553,GALLERY_PUBLIC_CDN,1,,https://cdn.shopify.com/s/files/1/1023/0068/0561/files/edee78755ba1375bebad0d4deecb2b9d304e0a5ae09c2a75a54ca13aa5e911db.jpg?v=1784373076,UNKNOWN_WITHOUT_SHOPIFY_EXPORT,PUBLIC_JSON_MATCHED_TO_HANDLE,,VIEWED_CONTACT_SHEET_AND_LOCAL_FILE,2026-09-07T03:23:24+07:00,personalized city street rug overhead view,,personalized city street rug overhead view,SET,NEEDS_REVIEW,1,,,,,seo_runs/chillgen.com/chillgen_20260907_01/evidence/images/B022/custom-road-map-welcome-mat-708eca28bb__img_01.jpg,alt_current_empty_in_public_json; media_export_url_unknown_without_shopify_export
B022-216,chillgen.com,custom-road-map-welcome-mat-708eca28bb,15912095777137,80869967135089,GALLERY_PUBLIC_CDN,2,,https://cdn.shopify.com/s/files/1/1023/0068/0561/files/997ae9da5a9b44fbf0257fa8223e6764260d55964ba9c4c0ba00c43f227f9f36.jpg?v=1784373080,UNKNOWN_WITHOUT_SHOPIFY_EXPORT,PUBLIC_JSON_MATCHED_TO_HANDLE,,VIEWED_CONTACT_SHEET_AND_LOCAL_FILE,2026-09-07T03:23:24+07:00,size guide for city street rug,,size guide for city street rug,SET,NEEDS_REVIEW,1,,,,,seo_runs/chillgen.com/chillgen_20260907_01/evidence/images/B022/custom-road-map-welcome-mat-708eca28bb__img_02.jpg,alt_current_empty_in_public_json; media_export_url_unknown_without_shopify_export
B022-216,chillgen.com,custom-road-map-welcome-mat-708eca28bb,15912095777137,80869967167857,GALLERY_PUBLIC_CDN,3,,https://cdn.shopify.com/s/files/1/1023/0068/0561/files/364c9ffba611554a0e22d6dadfe25dea88c7db4f086e04817728c5938dac7ba7.jpg?v=1784373081,UNKNOWN_WITHOUT_SHOPIFY_EXPORT,PUBLIC_JSON_MATCHED_TO_HANDLE,,VIEWED_CONTACT_SHEET_AND_LOCAL_FILE,2026-09-07T03:23:24+07:00,custom city street rug in classroom,,custom city street rug in classroom,SET,NEEDS_REVIEW,1,,,,,seo_runs/chillgen.com/chillgen_20260907_01/evidence/images/B022/custom-road-map-welcome-mat-708eca28bb__img_03.jpg,alt_current_empty_in_public_json; media_export_url_unknown_without_shopify_export
B022-216,chillgen.com,custom-road-map-welcome-mat-708eca28bb,15912095777137,80869967200625,GALLERY_PUBLIC_CDN,4,,https://cdn.shopify.com/s/files/1/1023/0068/0561/files/5cc5fcad63f13955a72634cecd23e738fee17c115ca043907b0cefd3cd51b1f2.jpg?v=1784373086,UNKNOWN_WITHOUT_SHOPIFY_EXPORT,PUBLIC_JSON_MATCHED_TO_HANDLE,,VIEWED_CONTACT_SHEET_AND_LOCAL_FILE,2026-09-07T03:23:24+07:00,city road map rug in classroom aisle,,city road map rug in classroom aisle,SET,NEEDS_REVIEW,1,,,,,seo_runs/chillgen.com/chillgen_20260907_01/evidence/images/B022/custom-road-map-welcome-mat-708eca28bb__img_04.jpg,alt_current_empty_in_public_json; media_export_url_unknown_without_shopify_export
B022-216,chillgen.com,custom-road-map-welcome-mat-708eca28bb,15912095777137,80869967233393,GALLERY_PUBLIC_CDN,5,,https://cdn.shopify.com/s/files/1/1023/0068/0561/files/b52ddb0a74bdc2d3d724cd33c21b2e855182dbe22aa1c12773aff748cffa7918.jpg?v=1784373087,UNKNOWN_WITHOUT_SHOPIFY_EXPORT,PUBLIC_JSON_MATCHED_TO_HANDLE,,VIEWED_CONTACT_SHEET_AND_LOCAL_FILE,2026-09-07T03:23:24+07:00,large city street rug in classroom,,large city street rug in classroom,SET,NEEDS_REVIEW,1,,,,,seo_runs/chillgen.com/chillgen_20260907_01/evidence/images/B022/custom-road-map-welcome-mat-708eca28bb__img_05.jpg,alt_current_empty_in_public_json; media_export_url_unknown_without_shopify_export
B022-216,chillgen.com,custom-road-map-welcome-mat-708eca28bb,15912095777137,80869967266161,GALLERY_PUBLIC_CDN,6,,https://cdn.shopify.com/s/files/1/1023/0068/0561/files/f88664b9283bb108fe6fd06182ce2d31577c291f3ebaa696a83f31a71e8f43c8.jpg?v=1784373092,UNKNOWN_WITHOUT_SHOPIFY_EXPORT,PUBLIC_JSON_MATCHED_TO_HANDLE,,VIEWED_CONTACT_SHEET_AND_LOCAL_FILE,2026-09-07T03:23:24+07:00,city street rug in playroom corner,,city street rug in playroom corner,SET,NEEDS_REVIEW,1,,,,,seo_runs/chillgen.com/chillgen_20260907_01/evidence/images/B022/custom-road-map-welcome-mat-708eca28bb__img_06.jpg,alt_current_empty_in_public_json; media_export_url_unknown_without_shopify_export
B022-216,chillgen.com,custom-road-map-welcome-mat-708eca28bb,15912095777137,80869967298929,GALLERY_PUBLIC_CDN,7,,https://cdn.shopify.com/s/files/1/1023/0068/0561/files/f93bbd131902b3633bf8ba6f75073f0faeaa7349a0b3d76b38c1855f2c87e5a9.jpg?v=1784373093,UNKNOWN_WITHOUT_SHOPIFY_EXPORT,PUBLIC_JSON_MATCHED_TO_HANDLE,,VIEWED_CONTACT_SHEET_AND_LOCAL_FILE,2026-09-07T03:23:24+07:00,children using city street rug,,children using city street rug,SET,NEEDS_REVIEW,1,,,,,seo_runs/chillgen.com/chillgen_20260907_01/evidence/images/B022/custom-road-map-welcome-mat-708eca28bb__img_07.jpg,alt_current_empty_in_public_json; media_export_url_unknown_without_shopify_export
B022-216,chillgen.com,custom-road-map-welcome-mat-708eca28bb,15912095777137,80869967331697,GALLERY_PUBLIC_CDN,8,,https://cdn.shopify.com/s/files/1/1023/0068/0561/files/2ff045821255f0aa7cfa1ab23540a528b67fe38130bd458e413e849748e4c10d.jpg?v=1784373097,UNKNOWN_WITHOUT_SHOPIFY_EXPORT,PUBLIC_JSON_MATCHED_TO_HANDLE,,VIEWED_CONTACT_SHEET_AND_LOCAL_FILE,2026-09-07T03:23:24+07:00,machine washable visual for city road rug,,machine washable visual for city road rug,SET,NEEDS_REVIEW,1,,,,,seo_runs/chillgen.com/chillgen_20260907_01/evidence/images/B022/custom-road-map-welcome-mat-708eca28bb__img_08.jpg,alt_current_empty_in_public_json; media_export_url_unknown_without_shopify_export
B022-216,chillgen.com,custom-road-map-welcome-mat-708eca28bb,15912095777137,80869967364465,GALLERY_PUBLIC_CDN,9,,https://cdn.shopify.com/s/files/1/1023/0068/0561/files/c6f826b792b63b3716a7519a7883930b22ee9eb01c480612d4f3371482d603f1.jpg?v=1784373097,UNKNOWN_WITHOUT_SHOPIFY_EXPORT,PUBLIC_JSON_MATCHED_TO_HANDLE,,VIEWED_CONTACT_SHEET_AND_LOCAL_FILE,2026-09-07T03:23:24+07:00,material detail panel for city street rug,,material detail panel for city street rug,SET,NEEDS_REVIEW,1,,,,,seo_runs/chillgen.com/chillgen_20260907_01/evidence/images/B022/custom-road-map-welcome-mat-708eca28bb__img_09.jpg,alt_current_empty_in_public_json; media_export_url_unknown_without_shopify_export
B022-216,chillgen.com,custom-road-map-welcome-mat-708eca28bb,15912095777137,80878926987633,GALLERY_PUBLIC_CDN,10,,https://cdn.shopify.com/s/files/1/1023/0068/0561/files/4ee63d02b1af8e73f5713d01334a35ba8b6bde89b0475dc4a1757795b285c5d0.jpg?v=1784370458,UNKNOWN_WITHOUT_SHOPIFY_EXPORT,PUBLIC_JSON_MATCHED_TO_HANDLE,,VIEWED_CONTACT_SHEET_AND_LOCAL_FILE,2026-09-07T03:23:24+07:00,personalized city street rug product view,,personalized city street rug product view,SET,NEEDS_REVIEW,1,,,,,seo_runs/chillgen.com/chillgen_20260907_01/evidence/images/B022/custom-road-map-welcome-mat-708eca28bb__img_10.jpg,alt_current_empty_in_public_json; media_export_url_unknown_without_shopify_export
B022-216,chillgen.com,custom-road-map-welcome-mat-708eca28bb,15912095777137,80878927020401,GALLERY_PUBLIC_CDN,11,,https://cdn.shopify.com/s/files/1/1023/0068/0561/files/2b668ceedebc9671975c5bbf59529f5d6c6dc71a41daff9b84a68f484f3bc1fa.jpg?v=1784370462,UNKNOWN_WITHOUT_SHOPIFY_EXPORT,PUBLIC_JSON_MATCHED_TO_HANDLE,,VIEWED_CONTACT_SHEET_AND_LOCAL_FILE,2026-09-07T03:23:24+07:00,size chart for city road rug,,size chart for city road rug,SET,NEEDS_REVIEW,1,,,,,seo_runs/chillgen.com/chillgen_20260907_01/evidence/images/B022/custom-road-map-welcome-mat-708eca28bb__img_11.jpg,alt_current_empty_in_public_json; media_export_url_unknown_without_shopify_export
B022-216,chillgen.com,custom-road-map-welcome-mat-708eca28bb,15912095777137,80878927053169,GALLERY_PUBLIC_CDN,12,,https://cdn.shopify.com/s/files/1/1023/0068/0561/files/f68e973a08b8fc9c7c5a60e09f21c54239726d097e8cc94b3d9fddf18662e3b3.jpg?v=1784370464,UNKNOWN_WITHOUT_SHOPIFY_EXPORT,PUBLIC_JSON_MATCHED_TO_HANDLE,,VIEWED_CONTACT_SHEET_AND_LOCAL_FILE,2026-09-07T03:23:24+07:00,angled city street play rug,,angled city street play rug,SET,NEEDS_REVIEW,1,,,,,seo_runs/chillgen.com/chillgen_20260907_01/evidence/images/B022/custom-road-map-welcome-mat-708eca28bb__img_12.jpg,alt_current_empty_in_public_json; media_export_url_unknown_without_shopify_export
B022-216,chillgen.com,custom-road-map-welcome-mat-708eca28bb,15912095777137,80878927085937,GALLERY_PUBLIC_CDN,13,,https://cdn.shopify.com/s/files/1/1023/0068/0561/files/08554f7becfc999e31ee4ebd671638e14acfa3b3570d28bf57a91d13bc603c72.jpg?v=1784370467,UNKNOWN_WITHOUT_SHOPIFY_EXPORT,PUBLIC_JSON_MATCHED_TO_HANDLE,,VIEWED_CONTACT_SHEET_AND_LOCAL_FILE,2026-09-07T03:23:24+07:00,city road rug in classroom aisle,,city road rug in classroom aisle,SET,NEEDS_REVIEW,1,,,,,seo_runs/chillgen.com/chillgen_20260907_01/evidence/images/B022/custom-road-map-welcome-mat-708eca28bb__img_13.jpg,alt_current_empty_in_public_json; media_export_url_unknown_without_shopify_export
B022-216,chillgen.com,custom-road-map-welcome-mat-708eca28bb,15912095777137,80878927118705,GALLERY_PUBLIC_CDN,14,,https://cdn.shopify.com/s/files/1/1023/0068/0561/files/1601e0e798c0d7b729d8749c02e3961431dccba22ee1266386e4da5c89b149b0.jpg?v=1784370469,UNKNOWN_WITHOUT_SHOPIFY_EXPORT,PUBLIC_JSON_MATCHED_TO_HANDLE,,VIEWED_CONTACT_SHEET_AND_LOCAL_FILE,2026-09-07T03:23:24+07:00,city street rug in classroom layout,,city street rug in classroom layout,SET,NEEDS_REVIEW,1,,,,,seo_runs/chillgen.com/chillgen_20260907_01/evidence/images/B022/custom-road-map-welcome-mat-708eca28bb__img_14.jpg,alt_current_empty_in_public_json; media_export_url_unknown_without_shopify_export
B022-216,chillgen.com,custom-road-map-welcome-mat-708eca28bb,15912095777137,80878927151473,GALLERY_PUBLIC_CDN,15,,https://cdn.shopify.com/s/files/1/1023/0068/0561/files/7fa7950557f36b4ccfda8b2a0e3f4265ef41180f01039b549013c6a74cdf5205.jpg?v=1784370473,UNKNOWN_WITHOUT_SHOPIFY_EXPORT,PUBLIC_JSON_MATCHED_TO_HANDLE,,VIEWED_CONTACT_SHEET_AND_LOCAL_FILE,2026-09-07T03:23:24+07:00,playroom corner with city street rug,,playroom corner with city street rug,SET,NEEDS_REVIEW,1,,,,,seo_runs/chillgen.com/chillgen_20260907_01/evidence/images/B022/custom-road-map-welcome-mat-708eca28bb__img_15.jpg,alt_current_empty_in_public_json; media_export_url_unknown_without_shopify_export
B022-216,chillgen.com,custom-road-map-welcome-mat-708eca28bb,15912095777137,80878927184241,GALLERY_PUBLIC_CDN,16,,https://cdn.shopify.com/s/files/1/1023/0068/0561/files/21ec95eb616f7bab373ffe58fa4d53e82233c4f0dd6fd3c1ff0fc7fe5f360b5b.jpg?v=1784370475,UNKNOWN_WITHOUT_SHOPIFY_EXPORT,PUBLIC_JSON_MATCHED_TO_HANDLE,,VIEWED_CONTACT_SHEET_AND_LOCAL_FILE,2026-09-07T03:23:24+07:00,group play on personalized city rug,,group play on personalized city rug,SET,NEEDS_REVIEW,1,,,,,seo_runs/chillgen.com/chillgen_20260907_01/evidence/images/B022/custom-road-map-welcome-mat-708eca28bb__img_16.jpg,alt_current_empty_in_public_json; media_export_url_unknown_without_shopify_export
B022-216,chillgen.com,custom-road-map-welcome-mat-708eca28bb,15912095777137,80878927217009,GALLERY_PUBLIC_CDN,17,,https://cdn.shopify.com/s/files/1/1023/0068/0561/files/f6d4d932901e45739632d51c9db52daf35f5380f7eef5b0b8f02c5105e082844.jpg?v=1784370478,UNKNOWN_WITHOUT_SHOPIFY_EXPORT,PUBLIC_JSON_MATCHED_TO_HANDLE,,VIEWED_CONTACT_SHEET_AND_LOCAL_FILE,2026-09-07T03:23:24+07:00,washable care visual for city rug,,washable care visual for city rug,SET,NEEDS_REVIEW,1,,,,,seo_runs/chillgen.com/chillgen_20260907_01/evidence/images/B022/custom-road-map-welcome-mat-708eca28bb__img_17.jpg,alt_current_empty_in_public_json; media_export_url_unknown_without_shopify_export
B022-216,chillgen.com,custom-road-map-welcome-mat-708eca28bb,15912095777137,80878927249777,GALLERY_PUBLIC_CDN,18,,https://cdn.shopify.com/s/files/1/1023/0068/0561/files/6ed53d52f28a25bf4bf23ca9c4b7eb2b5c8962a8349e81ec56a2be3839df99df.jpg?v=1784370480,UNKNOWN_WITHOUT_SHOPIFY_EXPORT,PUBLIC_JSON_MATCHED_TO_HANDLE,,VIEWED_CONTACT_SHEET_AND_LOCAL_FILE,2026-09-07T03:23:24+07:00,non-slip backing detail for city street rug,,non-slip backing detail for city street rug,SET,NEEDS_REVIEW,1,,,,,seo_runs/chillgen.com/chillgen_20260907_01/evidence/images/B022/custom-road-map-welcome-mat-708eca28bb__img_18.jpg,alt_current_empty_in_public_json; media_export_url_unknown_without_shopify_export
B022-217,chillgen.com,custom-road-map-doormat-city-street-play-mat-0e3ba7dda0-0e3ba7dda0,15912096203121,80869968511345,GALLERY_PUBLIC_CDN,1,,https://cdn.shopify.com/s/files/1/1023/0068/0561/files/fb8c4d9612b06d4c332fab1396d7716d84f3b0ff07069941cfbbc29ee34b5dfb.jpg?v=1784372795,UNKNOWN_WITHOUT_SHOPIFY_EXPORT,PUBLIC_JSON_MATCHED_TO_HANDLE,,VIEWED_CONTACT_SHEET_AND_LOCAL_FILE,2026-09-07T03:23:24+07:00,work zone road map rug in classroom,,work zone road map rug in classroom,SET,NEEDS_REVIEW,1,,,,,seo_runs/chillgen.com/chillgen_20260907_01/evidence/images/B022/custom-road-map-doormat-city-street-play-mat-0e3ba7dda0-0e3ba7dda0__img_01.jpg,alt_current_empty_in_public_json; media_export_url_unknown_without_shopify_export
B022-217,chillgen.com,custom-road-map-doormat-city-street-play-mat-0e3ba7dda0-0e3ba7dda0,15912096203121,80869968576881,GALLERY_PUBLIC_CDN,2,,https://cdn.shopify.com/s/files/1/1023/0068/0561/files/153829bba733cdb105b206dfd4261a6192b62973ab1c06f142c0640ad4578efb.jpg?v=1784372795,UNKNOWN_WITHOUT_SHOPIFY_EXPORT,PUBLIC_JSON_MATCHED_TO_HANDLE,,VIEWED_CONTACT_SHEET_AND_LOCAL_FILE,2026-09-07T03:23:24+07:00,size guide for work zone road rug,,size guide for work zone road rug,SET,NEEDS_REVIEW,1,,,,,seo_runs/chillgen.com/chillgen_20260907_01/evidence/images/B022/custom-road-map-doormat-city-street-play-mat-0e3ba7dda0-0e3ba7dda0__img_02.jpg,alt_current_empty_in_public_json; media_export_url_unknown_without_shopify_export
B022-217,chillgen.com,custom-road-map-doormat-city-street-play-mat-0e3ba7dda0-0e3ba7dda0,15912096203121,80869968609649,GALLERY_PUBLIC_CDN,3,,https://cdn.shopify.com/s/files/1/1023/0068/0561/files/0bf5c388a8108c2f3dae2967d7068120a11d377c931651e57980fbb1bbc9533f.jpg?v=1784372801,UNKNOWN_WITHOUT_SHOPIFY_EXPORT,PUBLIC_JSON_MATCHED_TO_HANDLE,,VIEWED_CONTACT_SHEET_AND_LOCAL_FILE,2026-09-07T03:23:24+07:00,construction road rug in classroom,,construction road rug in classroom,SET,NEEDS_REVIEW,1,,,,,seo_runs/chillgen.com/chillgen_20260907_01/evidence/images/B022/custom-road-map-doormat-city-street-play-mat-0e3ba7dda0-0e3ba7dda0__img_03.jpg,alt_current_empty_in_public_json; media_export_url_unknown_without_shopify_export
B022-217,chillgen.com,custom-road-map-doormat-city-street-play-mat-0e3ba7dda0-0e3ba7dda0,15912096203121,80869968642417,GALLERY_PUBLIC_CDN,4,,https://cdn.shopify.com/s/files/1/1023/0068/0561/files/f2ee07cd7645c6d5206d3cfe519ddc9f94b763bdb49ff5ffcbf4ab36ccefcf94.jpg?v=1784372801,UNKNOWN_WITHOUT_SHOPIFY_EXPORT,PUBLIC_JSON_MATCHED_TO_HANDLE,,VIEWED_CONTACT_SHEET_AND_LOCAL_FILE,2026-09-07T03:23:24+07:00,work zone rug in classroom aisle,,work zone rug in classroom aisle,SET,NEEDS_REVIEW,1,,,,,seo_runs/chillgen.com/chillgen_20260907_01/evidence/images/B022/custom-road-map-doormat-city-street-play-mat-0e3ba7dda0-0e3ba7dda0__img_04.jpg,alt_current_empty_in_public_json; media_export_url_unknown_without_shopify_export
B022-217,chillgen.com,custom-road-map-doormat-city-street-play-mat-0e3ba7dda0-0e3ba7dda0,15912096203121,80869968675185,GALLERY_PUBLIC_CDN,5,,https://cdn.shopify.com/s/files/1/1023/0068/0561/files/e5934e6a2ccea589b26fcb7d9e8b9fa2b876e7ad88d05191643fcb1f663d591d.jpg?v=1784372806,UNKNOWN_WITHOUT_SHOPIFY_EXPORT,PUBLIC_JSON_MATCHED_TO_HANDLE,,VIEWED_CONTACT_SHEET_AND_LOCAL_FILE,2026-09-07T03:23:24+07:00,angled construction road map rug,,angled construction road map rug,SET,NEEDS_REVIEW,1,,,,,seo_runs/chillgen.com/chillgen_20260907_01/evidence/images/B022/custom-road-map-doormat-city-street-play-mat-0e3ba7dda0-0e3ba7dda0__img_05.jpg,alt_current_empty_in_public_json; media_export_url_unknown_without_shopify_export
B022-217,chillgen.com,custom-road-map-doormat-city-street-play-mat-0e3ba7dda0-0e3ba7dda0,15912096203121,80869968707953,GALLERY_PUBLIC_CDN,6,,https://cdn.shopify.com/s/files/1/1023/0068/0561/files/f9ca601f70bb9a4057c0e9c3f63ea8e239d20dfb0348a37f25aafbbf027d39f1.jpg?v=1784372806,UNKNOWN_WITHOUT_SHOPIFY_EXPORT,PUBLIC_JSON_MATCHED_TO_HANDLE,,VIEWED_CONTACT_SHEET_AND_LOCAL_FILE,2026-09-07T03:23:24+07:00,work zone road rug in playroom corner,,work zone road rug in playroom corner,SET,NEEDS_REVIEW,1,,,,,seo_runs/chillgen.com/chillgen_20260907_01/evidence/images/B022/custom-road-map-doormat-city-street-play-mat-0e3ba7dda0-0e3ba7dda0__img_06.jpg,alt_current_empty_in_public_json; media_export_url_unknown_without_shopify_export
B022-217,chillgen.com,custom-road-map-doormat-city-street-play-mat-0e3ba7dda0-0e3ba7dda0,15912096203121,80869968740721,GALLERY_PUBLIC_CDN,7,,https://cdn.shopify.com/s/files/1/1023/0068/0561/files/29180571e06127b192362dc6cc62c5ff8c8397069b50094d8fcd5fb052a54654.jpg?v=1784372811,UNKNOWN_WITHOUT_SHOPIFY_EXPORT,PUBLIC_JSON_MATCHED_TO_HANDLE,,VIEWED_CONTACT_SHEET_AND_LOCAL_FILE,2026-09-07T03:23:24+07:00,children using work zone rug,,children using work zone rug,SET,NEEDS_REVIEW,1,,,,,seo_runs/chillgen.com/chillgen_20260907_01/evidence/images/B022/custom-road-map-doormat-city-street-play-mat-0e3ba7dda0-0e3ba7dda0__img_07.jpg,alt_current_empty_in_public_json; media_export_url_unknown_without_shopify_export
B022-217,chillgen.com,custom-road-map-doormat-city-street-play-mat-0e3ba7dda0-0e3ba7dda0,15912096203121,80869968773489,GALLERY_PUBLIC_CDN,8,,https://cdn.shopify.com/s/files/1/1023/0068/0561/files/dcbe75a662a4c326b69444981a92fb048e51b4890e15aac03e7ebcc29bd88610.jpg?v=1784372812,UNKNOWN_WITHOUT_SHOPIFY_EXPORT,PUBLIC_JSON_MATCHED_TO_HANDLE,,VIEWED_CONTACT_SHEET_AND_LOCAL_FILE,2026-09-07T03:23:24+07:00,material details for construction road rug,,material details for construction road rug,SET,NEEDS_REVIEW,1,,,,,seo_runs/chillgen.com/chillgen_20260907_01/evidence/images/B022/custom-road-map-doormat-city-street-play-mat-0e3ba7dda0-0e3ba7dda0__img_08.jpg,alt_current_empty_in_public_json; media_export_url_unknown_without_shopify_export
B022-217,chillgen.com,custom-road-map-doormat-city-street-play-mat-0e3ba7dda0-0e3ba7dda0,15912096203121,80869968806257,GALLERY_PUBLIC_CDN,9,,https://cdn.shopify.com/s/files/1/1023/0068/0561/files/1076604a292f687de03acefc377bb215d372e47dd37fa075f1f38d1dae6e2a18.jpg?v=1784372819,UNKNOWN_WITHOUT_SHOPIFY_EXPORT,PUBLIC_JSON_MATCHED_TO_HANDLE,,VIEWED_CONTACT_SHEET_AND_LOCAL_FILE,2026-09-07T03:23:24+07:00,machine washable visual for work zone rug,,machine washable visual for work zone rug,SET,NEEDS_REVIEW,1,,,,,seo_runs/chillgen.com/chillgen_20260907_01/evidence/images/B022/custom-road-map-doormat-city-street-play-mat-0e3ba7dda0-0e3ba7dda0__img_09.jpg,alt_current_empty_in_public_json; media_export_url_unknown_without_shopify_export
B022-217,chillgen.com,custom-road-map-doormat-city-street-play-mat-0e3ba7dda0-0e3ba7dda0,15912096203121,80878926004593,GALLERY_PUBLIC_CDN,10,,https://cdn.shopify.com/s/files/1/1023/0068/0561/files/4f164b9b7ec83ebc5e3b9cf1415b8e35349aa4866c78b00814436c2291045207.jpg?v=1784370424,UNKNOWN_WITHOUT_SHOPIFY_EXPORT,PUBLIC_JSON_MATCHED_TO_HANDLE,,VIEWED_CONTACT_SHEET_AND_LOCAL_FILE,2026-09-07T03:23:24+07:00,work zone road map rug overhead view,,work zone road map rug overhead view,SET,NEEDS_REVIEW,1,,,,,seo_runs/chillgen.com/chillgen_20260907_01/evidence/images/B022/custom-road-map-doormat-city-street-play-mat-0e3ba7dda0-0e3ba7dda0__img_10.jpg,alt_current_empty_in_public_json; media_export_url_unknown_without_shopify_export
B022-217,chillgen.com,custom-road-map-doormat-city-street-play-mat-0e3ba7dda0-0e3ba7dda0,15912096203121,80878926037361,GALLERY_PUBLIC_CDN,11,,https://cdn.shopify.com/s/files/1/1023/0068/0561/files/37a04370b9156ba63c19bd6263dd7641f258d32c60d403417826b4f800a70490.jpg?v=1784370430,UNKNOWN_WITHOUT_SHOPIFY_EXPORT,PUBLIC_JSON_MATCHED_TO_HANDLE,,VIEWED_CONTACT_SHEET_AND_LOCAL_FILE,2026-09-07T03:23:24+07:00,size chart for construction road rug,,size chart for construction road rug,SET,NEEDS_REVIEW,1,,,,,seo_runs/chillgen.com/chillgen_20260907_01/evidence/images/B022/custom-road-map-doormat-city-street-play-mat-0e3ba7dda0-0e3ba7dda0__img_11.jpg,alt_current_empty_in_public_json; media_export_url_unknown_without_shopify_export
B022-217,chillgen.com,custom-road-map-doormat-city-street-play-mat-0e3ba7dda0-0e3ba7dda0,15912096203121,80878926070129,GALLERY_PUBLIC_CDN,12,,https://cdn.shopify.com/s/files/1/1023/0068/0561/files/d54558cd36956372db850cb93735c9b8363f4b7874472966a850f6eeb7f26cfd.jpg?v=1784370433,UNKNOWN_WITHOUT_SHOPIFY_EXPORT,PUBLIC_JSON_MATCHED_TO_HANDLE,,VIEWED_CONTACT_SHEET_AND_LOCAL_FILE,2026-09-07T03:23:24+07:00,construction road rug room view,,construction road rug room view,SET,NEEDS_REVIEW,1,,,,,seo_runs/chillgen.com/chillgen_20260907_01/evidence/images/B022/custom-road-map-doormat-city-street-play-mat-0e3ba7dda0-0e3ba7dda0__img_12.jpg,alt_current_empty_in_public_json; media_export_url_unknown_without_shopify_export
B022-217,chillgen.com,custom-road-map-doormat-city-street-play-mat-0e3ba7dda0-0e3ba7dda0,15912096203121,80878926102897,GALLERY_PUBLIC_CDN,13,,https://cdn.shopify.com/s/files/1/1023/0068/0561/files/11487449f0eaa35372508f699266d8d524679a94d4a3d79490816df6b99509a5.jpg?v=1784370435,UNKNOWN_WITHOUT_SHOPIFY_EXPORT,PUBLIC_JSON_MATCHED_TO_HANDLE,,VIEWED_CONTACT_SHEET_AND_LOCAL_FILE,2026-09-07T03:23:24+07:00,work zone rug in classroom aisle,,work zone rug in classroom aisle,SET,NEEDS_REVIEW,1,,,,,seo_runs/chillgen.com/chillgen_20260907_01/evidence/images/B022/custom-road-map-doormat-city-street-play-mat-0e3ba7dda0-0e3ba7dda0__img_13.jpg,alt_current_empty_in_public_json; media_export_url_unknown_without_shopify_export
B022-217,chillgen.com,custom-road-map-doormat-city-street-play-mat-0e3ba7dda0-0e3ba7dda0,15912096203121,80878926135665,GALLERY_PUBLIC_CDN,14,,https://cdn.shopify.com/s/files/1/1023/0068/0561/files/cf190bf347e1afe5acc86cf63ffa3aaaff997a1167535ae577ad45c7a3b3319f.jpg?v=1784370439,UNKNOWN_WITHOUT_SHOPIFY_EXPORT,PUBLIC_JSON_MATCHED_TO_HANDLE,,VIEWED_CONTACT_SHEET_AND_LOCAL_FILE,2026-09-07T03:23:24+07:00,angled construction play rug,,angled construction play rug,SET,NEEDS_REVIEW,1,,,,,seo_runs/chillgen.com/chillgen_20260907_01/evidence/images/B022/custom-road-map-doormat-city-street-play-mat-0e3ba7dda0-0e3ba7dda0__img_14.jpg,alt_current_empty_in_public_json; media_export_url_unknown_without_shopify_export
B022-217,chillgen.com,custom-road-map-doormat-city-street-play-mat-0e3ba7dda0-0e3ba7dda0,15912096203121,80878926168433,GALLERY_PUBLIC_CDN,15,,https://cdn.shopify.com/s/files/1/1023/0068/0561/files/d995217cffc59cc1b01862f69f364ec547ed3d1b30df5a1634f2b9244747569e.jpg?v=1784370441,UNKNOWN_WITHOUT_SHOPIFY_EXPORT,PUBLIC_JSON_MATCHED_TO_HANDLE,,VIEWED_CONTACT_SHEET_AND_LOCAL_FILE,2026-09-07T03:23:24+07:00,playroom corner with work zone rug,,playroom corner with work zone rug,SET,NEEDS_REVIEW,1,,,,,seo_runs/chillgen.com/chillgen_20260907_01/evidence/images/B022/custom-road-map-doormat-city-street-play-mat-0e3ba7dda0-0e3ba7dda0__img_15.jpg,alt_current_empty_in_public_json; media_export_url_unknown_without_shopify_export
B022-217,chillgen.com,custom-road-map-doormat-city-street-play-mat-0e3ba7dda0-0e3ba7dda0,15912096203121,80878926201201,GALLERY_PUBLIC_CDN,16,,https://cdn.shopify.com/s/files/1/1023/0068/0561/files/379fe10a6f1a13969981ce8d1a5dfd9f753ce8a8116e7265b12b6355e17c4d41.jpg?v=1784370445,UNKNOWN_WITHOUT_SHOPIFY_EXPORT,PUBLIC_JSON_MATCHED_TO_HANDLE,,VIEWED_CONTACT_SHEET_AND_LOCAL_FILE,2026-09-07T03:23:24+07:00,group play on work zone road rug,,group play on work zone road rug,SET,NEEDS_REVIEW,1,,,,,seo_runs/chillgen.com/chillgen_20260907_01/evidence/images/B022/custom-road-map-doormat-city-street-play-mat-0e3ba7dda0-0e3ba7dda0__img_16.jpg,alt_current_empty_in_public_json; media_export_url_unknown_without_shopify_export
B022-217,chillgen.com,custom-road-map-doormat-city-street-play-mat-0e3ba7dda0-0e3ba7dda0,15912096203121,80878926233969,GALLERY_PUBLIC_CDN,17,,https://cdn.shopify.com/s/files/1/1023/0068/0561/files/96d7097bdf696e6b640fc4def76e239599cf7fa0227f7b2f223c7fbc359d8071.jpg?v=1784370447,UNKNOWN_WITHOUT_SHOPIFY_EXPORT,PUBLIC_JSON_MATCHED_TO_HANDLE,,VIEWED_CONTACT_SHEET_AND_LOCAL_FILE,2026-09-07T03:23:24+07:00,non-slip backing detail for construction rug,,non-slip backing detail for construction rug,SET,NEEDS_REVIEW,1,,,,,seo_runs/chillgen.com/chillgen_20260907_01/evidence/images/B022/custom-road-map-doormat-city-street-play-mat-0e3ba7dda0-0e3ba7dda0__img_17.jpg,alt_current_empty_in_public_json; media_export_url_unknown_without_shopify_export
B022-217,chillgen.com,custom-road-map-doormat-city-street-play-mat-0e3ba7dda0-0e3ba7dda0,15912096203121,80878926266737,GALLERY_PUBLIC_CDN,18,,https://cdn.shopify.com/s/files/1/1023/0068/0561/files/513daf7a6a879b7119789d0228ecd8a253cc9e8fa09dd3acd3d5e9f15a23b72b.jpg?v=1784370450,UNKNOWN_WITHOUT_SHOPIFY_EXPORT,PUBLIC_JSON_MATCHED_TO_HANDLE,,VIEWED_CONTACT_SHEET_AND_LOCAL_FILE,2026-09-07T03:23:24+07:00,washable care visual for work zone rug,,washable care visual for work zone rug,SET,NEEDS_REVIEW,1,,,,,seo_runs/chillgen.com/chillgen_20260907_01/evidence/images/B022/custom-road-map-doormat-city-street-play-mat-0e3ba7dda0-0e3ba7dda0__img_18.jpg,alt_current_empty_in_public_json; media_export_url_unknown_without_shopify_export
B022-218,chillgen.com,custom-road-map-area-rug-town-play-mat-a27d8ff428,15912097218929,80869972312433,GALLERY_PUBLIC_CDN,1,,https://cdn.shopify.com/s/files/1/1023/0068/0561/files/9e6f140c49affce8f4704553ee68f370affa43d86e19be8328576aa5d7f84621.jpg?v=1784372634,UNKNOWN_WITHOUT_SHOPIFY_EXPORT,PUBLIC_JSON_MATCHED_TO_HANDLE,,VIEWED_CONTACT_SHEET_AND_LOCAL_FILE,2026-09-07T03:23:24+07:00,gray construction road map rug overhead view,,gray construction road map rug overhead view,SET,NEEDS_REVIEW,1,,,,,seo_runs/chillgen.com/chillgen_20260907_01/evidence/images/B022/custom-road-map-area-rug-town-play-mat-a27d8ff428__img_01.jpg,alt_current_empty_in_public_json; media_export_url_unknown_without_shopify_export
B022-218,chillgen.com,custom-road-map-area-rug-town-play-mat-a27d8ff428,15912097218929,80869972377969,GALLERY_PUBLIC_CDN,2,,https://cdn.shopify.com/s/files/1/1023/0068/0561/files/893b315fe8d7e3afb9ee64d761156cd7902ab5b0bef5b0de4bb5a5bd1835a519.jpg?v=1784372634,UNKNOWN_WITHOUT_SHOPIFY_EXPORT,PUBLIC_JSON_MATCHED_TO_HANDLE,,VIEWED_CONTACT_SHEET_AND_LOCAL_FILE,2026-09-07T03:23:24+07:00,size guide for construction road rug,,size guide for construction road rug,SET,NEEDS_REVIEW,1,,,,,seo_runs/chillgen.com/chillgen_20260907_01/evidence/images/B022/custom-road-map-area-rug-town-play-mat-a27d8ff428__img_02.jpg,alt_current_empty_in_public_json; media_export_url_unknown_without_shopify_export
B022-218,chillgen.com,custom-road-map-area-rug-town-play-mat-a27d8ff428,15912097218929,80869972410737,GALLERY_PUBLIC_CDN,3,,https://cdn.shopify.com/s/files/1/1023/0068/0561/files/490a585871ed94489f61aaa95d730808970961525657d85f913ac3c615ea18b2.jpg?v=1784372639,UNKNOWN_WITHOUT_SHOPIFY_EXPORT,PUBLIC_JSON_MATCHED_TO_HANDLE,,VIEWED_CONTACT_SHEET_AND_LOCAL_FILE,2026-09-07T03:23:24+07:00,gray truck play rug in classroom,,gray truck play rug in classroom,SET,NEEDS_REVIEW,1,,,,,seo_runs/chillgen.com/chillgen_20260907_01/evidence/images/B022/custom-road-map-area-rug-town-play-mat-a27d8ff428__img_03.jpg,alt_current_empty_in_public_json; media_export_url_unknown_without_shopify_export
B022-218,chillgen.com,custom-road-map-area-rug-town-play-mat-a27d8ff428,15912097218929,80869972443505,GALLERY_PUBLIC_CDN,4,,https://cdn.shopify.com/s/files/1/1023/0068/0561/files/c5d48053d9d11781b685e14cebb034eaa44a8ebe960963b5c0f2d45ceb6d8a2e.jpg?v=1784372639,UNKNOWN_WITHOUT_SHOPIFY_EXPORT,PUBLIC_JSON_MATCHED_TO_HANDLE,,VIEWED_CONTACT_SHEET_AND_LOCAL_FILE,2026-09-07T03:23:24+07:00,angled construction road rug in playroom,,angled construction road rug in playroom,SET,NEEDS_REVIEW,1,,,,,seo_runs/chillgen.com/chillgen_20260907_01/evidence/images/B022/custom-road-map-area-rug-town-play-mat-a27d8ff428__img_04.jpg,alt_current_empty_in_public_json; media_export_url_unknown_without_shopify_export
B022-218,chillgen.com,custom-road-map-area-rug-town-play-mat-a27d8ff428,15912097218929,80869972476273,GALLERY_PUBLIC_CDN,5,,https://cdn.shopify.com/s/files/1/1023/0068/0561/files/53550bc0314ae7344edceb96029a210e13b9af2afbc9a812917627c77906fe05.jpg?v=1784372645,UNKNOWN_WITHOUT_SHOPIFY_EXPORT,PUBLIC_JSON_MATCHED_TO_HANDLE,,VIEWED_CONTACT_SHEET_AND_LOCAL_FILE,2026-09-07T03:23:24+07:00,construction rug in playroom corner,,construction rug in playroom corner,SET,NEEDS_REVIEW,1,,,,,seo_runs/chillgen.com/chillgen_20260907_01/evidence/images/B022/custom-road-map-area-rug-town-play-mat-a27d8ff428__img_05.jpg,alt_current_empty_in_public_json; media_export_url_unknown_without_shopify_export
B022-218,chillgen.com,custom-road-map-area-rug-town-play-mat-a27d8ff428,15912097218929,80869972509041,GALLERY_PUBLIC_CDN,6,,https://cdn.shopify.com/s/files/1/1023/0068/0561/files/26615158997c379847e7f6d6fdd7c73cecb20bed3bb4a109363fdf190f941312.jpg?v=1784372646,UNKNOWN_WITHOUT_SHOPIFY_EXPORT,PUBLIC_JSON_MATCHED_TO_HANDLE,,VIEWED_CONTACT_SHEET_AND_LOCAL_FILE,2026-09-07T03:23:24+07:00,children using gray construction rug,,children using gray construction rug,SET,NEEDS_REVIEW,1,,,,,seo_runs/chillgen.com/chillgen_20260907_01/evidence/images/B022/custom-road-map-area-rug-town-play-mat-a27d8ff428__img_06.jpg,alt_current_empty_in_public_json; media_export_url_unknown_without_shopify_export
B022-218,chillgen.com,custom-road-map-area-rug-town-play-mat-a27d8ff428,15912097218929,80869972541809,GALLERY_PUBLIC_CDN,7,,https://cdn.shopify.com/s/files/1/1023/0068/0561/files/c2ad247d4c8b037a12fc781535a171567f393a39393a1893e32f1649b80dd67b.jpg?v=1784372651,UNKNOWN_WITHOUT_SHOPIFY_EXPORT,PUBLIC_JSON_MATCHED_TO_HANDLE,,VIEWED_CONTACT_SHEET_AND_LOCAL_FILE,2026-09-07T03:23:24+07:00,gray construction rug in classroom aisle,,gray construction rug in classroom aisle,SET,NEEDS_REVIEW,1,,,,,seo_runs/chillgen.com/chillgen_20260907_01/evidence/images/B022/custom-road-map-area-rug-town-play-mat-a27d8ff428__img_07.jpg,alt_current_empty_in_public_json; media_export_url_unknown_without_shopify_export
B022-218,chillgen.com,custom-road-map-area-rug-town-play-mat-a27d8ff428,15912097218929,80869972574577,GALLERY_PUBLIC_CDN,8,,https://cdn.shopify.com/s/files/1/1023/0068/0561/files/0e282316d07dd71c1f80e31f819a6e0f8f9d6ad87aa859872bf192babf388e18.jpg?v=1784372652,UNKNOWN_WITHOUT_SHOPIFY_EXPORT,PUBLIC_JSON_MATCHED_TO_HANDLE,,VIEWED_CONTACT_SHEET_AND_LOCAL_FILE,2026-09-07T03:23:24+07:00,material details for construction rug,,material details for construction rug,SET,NEEDS_REVIEW,1,,,,,seo_runs/chillgen.com/chillgen_20260907_01/evidence/images/B022/custom-road-map-area-rug-town-play-mat-a27d8ff428__img_08.jpg,alt_current_empty_in_public_json; media_export_url_unknown_without_shopify_export
B022-218,chillgen.com,custom-road-map-area-rug-town-play-mat-a27d8ff428,15912097218929,80869972607345,GALLERY_PUBLIC_CDN,9,,https://cdn.shopify.com/s/files/1/1023/0068/0561/files/4d17eee07c3460ecbe33b2b64e1ce8f23bdc4407ee296f6bae977b5f29d7c395.jpg?v=1784372656,UNKNOWN_WITHOUT_SHOPIFY_EXPORT,PUBLIC_JSON_MATCHED_TO_HANDLE,,VIEWED_CONTACT_SHEET_AND_LOCAL_FILE,2026-09-07T03:23:24+07:00,machine washable visual for construction rug,,machine washable visual for construction rug,SET,NEEDS_REVIEW,1,,,,,seo_runs/chillgen.com/chillgen_20260907_01/evidence/images/B022/custom-road-map-area-rug-town-play-mat-a27d8ff428__img_09.jpg,alt_current_empty_in_public_json; media_export_url_unknown_without_shopify_export
B022-218,chillgen.com,custom-road-map-area-rug-town-play-mat-a27d8ff428,15912097218929,80878924857713,GALLERY_PUBLIC_CDN,10,,https://cdn.shopify.com/s/files/1/1023/0068/0561/files/531719a56209a5be445cf6e247bfacbde63efdc2c1263125a340408aa705254d.jpg?v=1784370402,UNKNOWN_WITHOUT_SHOPIFY_EXPORT,PUBLIC_JSON_MATCHED_TO_HANDLE,,VIEWED_CONTACT_SHEET_AND_LOCAL_FILE,2026-09-07T03:23:24+07:00,personalized gray construction rug overhead,,personalized gray construction rug overhead,SET,NEEDS_REVIEW,1,,,,,seo_runs/chillgen.com/chillgen_20260907_01/evidence/images/B022/custom-road-map-area-rug-town-play-mat-a27d8ff428__img_10.jpg,alt_current_empty_in_public_json; media_export_url_unknown_without_shopify_export
B022-218,chillgen.com,custom-road-map-area-rug-town-play-mat-a27d8ff428,15912097218929,80878924890481,GALLERY_PUBLIC_CDN,11,,https://cdn.shopify.com/s/files/1/1023/0068/0561/files/36ac645bd8b633f91dacd6d23374cfbcf64a68c9a260e3393859b8759a9ea998.jpg?v=1784370403,UNKNOWN_WITHOUT_SHOPIFY_EXPORT,PUBLIC_JSON_MATCHED_TO_HANDLE,,VIEWED_CONTACT_SHEET_AND_LOCAL_FILE,2026-09-07T03:23:24+07:00,size chart for gray construction rug,,size chart for gray construction rug,SET,NEEDS_REVIEW,1,,,,,seo_runs/chillgen.com/chillgen_20260907_01/evidence/images/B022/custom-road-map-area-rug-town-play-mat-a27d8ff428__img_11.jpg,alt_current_empty_in_public_json; media_export_url_unknown_without_shopify_export
B022-218,chillgen.com,custom-road-map-area-rug-town-play-mat-a27d8ff428,15912097218929,80878924923249,GALLERY_PUBLIC_CDN,12,,https://cdn.shopify.com/s/files/1/1023/0068/0561/files/d36c46343d4532af0c67443fe1a65d675f8a4f3e2c962cdaf88276c3781e9f96.jpg?v=1784370408,UNKNOWN_WITHOUT_SHOPIFY_EXPORT,PUBLIC_JSON_MATCHED_TO_HANDLE,,VIEWED_CONTACT_SHEET_AND_LOCAL_FILE,2026-09-07T03:23:24+07:00,gray truck rug in classroom room view,,gray truck rug in classroom room view,SET,NEEDS_REVIEW,1,,,,,seo_runs/chillgen.com/chillgen_20260907_01/evidence/images/B022/custom-road-map-area-rug-town-play-mat-a27d8ff428__img_12.jpg,alt_current_empty_in_public_json; media_export_url_unknown_without_shopify_export
B022-218,chillgen.com,custom-road-map-area-rug-town-play-mat-a27d8ff428,15912097218929,80878924956017,GALLERY_PUBLIC_CDN,13,,https://cdn.shopify.com/s/files/1/1023/0068/0561/files/c6b89c03074d6c23b1c8bcaa0636c923e1fa255153fd2901ea8b59f5c21f1385.jpg?v=1784370408,UNKNOWN_WITHOUT_SHOPIFY_EXPORT,PUBLIC_JSON_MATCHED_TO_HANDLE,,VIEWED_CONTACT_SHEET_AND_LOCAL_FILE,2026-09-07T03:23:24+07:00,angled construction rug in kids room,,angled construction rug in kids room,SET,NEEDS_REVIEW,1,,,,,seo_runs/chillgen.com/chillgen_20260907_01/evidence/images/B022/custom-road-map-area-rug-town-play-mat-a27d8ff428__img_13.jpg,alt_current_empty_in_public_json; media_export_url_unknown_without_shopify_export
B022-218,chillgen.com,custom-road-map-area-rug-town-play-mat-a27d8ff428,15912097218929,80878924988785,GALLERY_PUBLIC_CDN,14,,https://cdn.shopify.com/s/files/1/1023/0068/0561/files/fe9a8669e13788a911347f1d9caf316d6c024ba22d477012f9c5c0a31f26cf15.jpg?v=1784370414,UNKNOWN_WITHOUT_SHOPIFY_EXPORT,PUBLIC_JSON_MATCHED_TO_HANDLE,,VIEWED_CONTACT_SHEET_AND_LOCAL_FILE,2026-09-07T03:23:24+07:00,gray construction rug in playroom corner,,gray construction rug in playroom corner,SET,NEEDS_REVIEW,1,,,,,seo_runs/chillgen.com/chillgen_20260907_01/evidence/images/B022/custom-road-map-area-rug-town-play-mat-a27d8ff428__img_14.jpg,alt_current_empty_in_public_json; media_export_url_unknown_without_shopify_export
B022-218,chillgen.com,custom-road-map-area-rug-town-play-mat-a27d8ff428,15912097218929,80878925021553,GALLERY_PUBLIC_CDN,15,,https://cdn.shopify.com/s/files/1/1023/0068/0561/files/364bbe46e07a888aa9905bd370ebdecee7f2dc933b4581f28f5ce35fc0cf2887.jpg?v=1784370413,UNKNOWN_WITHOUT_SHOPIFY_EXPORT,PUBLIC_JSON_MATCHED_TO_HANDLE,,VIEWED_CONTACT_SHEET_AND_LOCAL_FILE,2026-09-07T03:23:24+07:00,group play on construction road rug,,group play on construction road rug,SET,NEEDS_REVIEW,1,,,,,seo_runs/chillgen.com/chillgen_20260907_01/evidence/images/B022/custom-road-map-area-rug-town-play-mat-a27d8ff428__img_15.jpg,alt_current_empty_in_public_json; media_export_url_unknown_without_shopify_export
B022-218,chillgen.com,custom-road-map-area-rug-town-play-mat-a27d8ff428,15912097218929,80878925054321,GALLERY_PUBLIC_CDN,16,,https://cdn.shopify.com/s/files/1/1023/0068/0561/files/877e9300442e8e39c01cffa914403432af8011a3e3e4d8439b543614eb450fe8.jpg?v=1784370419,UNKNOWN_WITHOUT_SHOPIFY_EXPORT,PUBLIC_JSON_MATCHED_TO_HANDLE,,VIEWED_CONTACT_SHEET_AND_LOCAL_FILE,2026-09-07T03:23:24+07:00,classroom aisle view of construction rug,,classroom aisle view of construction rug,SET,NEEDS_REVIEW,1,,,,,seo_runs/chillgen.com/chillgen_20260907_01/evidence/images/B022/custom-road-map-area-rug-town-play-mat-a27d8ff428__img_16.jpg,alt_current_empty_in_public_json; media_export_url_unknown_without_shopify_export
B022-218,chillgen.com,custom-road-map-area-rug-town-play-mat-a27d8ff428,15912097218929,80878925087089,GALLERY_PUBLIC_CDN,17,,https://cdn.shopify.com/s/files/1/1023/0068/0561/files/5d80c707ab14451ae8b84fd80e4cbc964b2e11e4b25b5110add4c4ae73aa66f3.jpg?v=1784370419,UNKNOWN_WITHOUT_SHOPIFY_EXPORT,PUBLIC_JSON_MATCHED_TO_HANDLE,,VIEWED_CONTACT_SHEET_AND_LOCAL_FILE,2026-09-07T03:23:24+07:00,non-slip backing detail for construction rug,,non-slip backing detail for construction rug,SET,NEEDS_REVIEW,1,,,,,seo_runs/chillgen.com/chillgen_20260907_01/evidence/images/B022/custom-road-map-area-rug-town-play-mat-a27d8ff428__img_17.jpg,alt_current_empty_in_public_json; media_export_url_unknown_without_shopify_export
B022-218,chillgen.com,custom-road-map-area-rug-town-play-mat-a27d8ff428,15912097218929,80878925119857,GALLERY_PUBLIC_CDN,18,,https://cdn.shopify.com/s/files/1/1023/0068/0561/files/84481a2384dbe1753c9d669ae68e12de562d586a02abd2b65faa7fde85e75905.jpg?v=1784370428,UNKNOWN_WITHOUT_SHOPIFY_EXPORT,PUBLIC_JSON_MATCHED_TO_HANDLE,,VIEWED_CONTACT_SHEET_AND_LOCAL_FILE,2026-09-07T03:23:24+07:00,washable care visual for gray road rug,,washable care visual for gray road rug,SET,NEEDS_REVIEW,1,,,,,seo_runs/chillgen.com/chillgen_20260907_01/evidence/images/B022/custom-road-map-area-rug-town-play-mat-a27d8ff428__img_18.jpg,alt_current_empty_in_public_json; media_export_url_unknown_without_shopify_export
B022-219,chillgen.com,custom-road-map-area-rug-d39d38a4a8,15912097350001,80869972902257,GALLERY_PUBLIC_CDN,1,,https://cdn.shopify.com/s/files/1/1023/0068/0561/files/702d82f750b1d0ce61d9154fca0815141686876802cb71ef0a01f358d98fea4b.jpg?v=1784371764,UNKNOWN_WITHOUT_SHOPIFY_EXPORT,PUBLIC_JSON_MATCHED_TO_HANDLE,,VIEWED_CONTACT_SHEET_AND_LOCAL_FILE,2026-09-07T03:23:24+07:00,soft city road play rug overhead view,,soft city road play rug overhead view,SET,NEEDS_REVIEW,1,,,,,seo_runs/chillgen.com/chillgen_20260907_01/evidence/images/B022/custom-road-map-area-rug-d39d38a4a8__img_01.jpg,alt_current_empty_in_public_json; media_export_url_unknown_without_shopify_export
B022-219,chillgen.com,custom-road-map-area-rug-d39d38a4a8,15912097350001,80869972967793,GALLERY_PUBLIC_CDN,2,,https://cdn.shopify.com/s/files/1/1023/0068/0561/files/ea6a954c89ea27ee220a255c1761756e860409bc4e010c73f0b01ebc0f2e13ad.jpg?v=1784371770,UNKNOWN_WITHOUT_SHOPIFY_EXPORT,PUBLIC_JSON_MATCHED_TO_HANDLE,,VIEWED_CONTACT_SHEET_AND_LOCAL_FILE,2026-09-07T03:23:24+07:00,size guide for soft city road rug,,size guide for soft city road rug,SET,NEEDS_REVIEW,1,,,,,seo_runs/chillgen.com/chillgen_20260907_01/evidence/images/B022/custom-road-map-area-rug-d39d38a4a8__img_02.jpg,alt_current_empty_in_public_json; media_export_url_unknown_without_shopify_export
B022-219,chillgen.com,custom-road-map-area-rug-d39d38a4a8,15912097350001,80869973000561,GALLERY_PUBLIC_CDN,3,,https://cdn.shopify.com/s/files/1/1023/0068/0561/files/b0e7a7d435c6d9c1d4a2e256aac3aeb83da4d6a0a13e40ed46388e9de6e7faaa.jpg?v=1784371770,UNKNOWN_WITHOUT_SHOPIFY_EXPORT,PUBLIC_JSON_MATCHED_TO_HANDLE,,VIEWED_CONTACT_SHEET_AND_LOCAL_FILE,2026-09-07T03:23:24+07:00,angled city road play rug,,angled city road play rug,SET,NEEDS_REVIEW,1,,,,,seo_runs/chillgen.com/chillgen_20260907_01/evidence/images/B022/custom-road-map-area-rug-d39d38a4a8__img_03.jpg,alt_current_empty_in_public_json; media_export_url_unknown_without_shopify_export
B022-219,chillgen.com,custom-road-map-area-rug-d39d38a4a8,15912097350001,80869973033329,GALLERY_PUBLIC_CDN,4,,https://cdn.shopify.com/s/files/1/1023/0068/0561/files/27fd8d897313935ff87a90d6a826eed86102e2f53fd87159191afe220c1e407c.jpg?v=1784371775,UNKNOWN_WITHOUT_SHOPIFY_EXPORT,PUBLIC_JSON_MATCHED_TO_HANDLE,,VIEWED_CONTACT_SHEET_AND_LOCAL_FILE,2026-09-07T03:23:24+07:00,city road rug in classroom,,city road rug in classroom,SET,NEEDS_REVIEW,1,,,,,seo_runs/chillgen.com/chillgen_20260907_01/evidence/images/B022/custom-road-map-area-rug-d39d38a4a8__img_04.jpg,alt_current_empty_in_public_json; media_export_url_unknown_without_shopify_export
B022-219,chillgen.com,custom-road-map-area-rug-d39d38a4a8,15912097350001,80869973066097,GALLERY_PUBLIC_CDN,5,,https://cdn.shopify.com/s/files/1/1023/0068/0561/files/cbd6c8d00b5cc5cb64af5f6e24ae7fae79bd795be4a20b6ac95ad476d8ffaa72.jpg?v=1784371776,UNKNOWN_WITHOUT_SHOPIFY_EXPORT,PUBLIC_JSON_MATCHED_TO_HANDLE,,VIEWED_CONTACT_SHEET_AND_LOCAL_FILE,2026-09-07T03:23:24+07:00,city play rug in reading corner,,city play rug in reading corner,SET,NEEDS_REVIEW,1,,,,,seo_runs/chillgen.com/chillgen_20260907_01/evidence/images/B022/custom-road-map-area-rug-d39d38a4a8__img_05.jpg,alt_current_empty_in_public_json; media_export_url_unknown_without_shopify_export
B022-219,chillgen.com,custom-road-map-area-rug-d39d38a4a8,15912097350001,80869973098865,GALLERY_PUBLIC_CDN,6,,https://cdn.shopify.com/s/files/1/1023/0068/0561/files/be9b1c7dcc2c7206085875077e47d70d5c6aaac2957a541b31485d2fe2d85b4b.jpg?v=1784371781,UNKNOWN_WITHOUT_SHOPIFY_EXPORT,PUBLIC_JSON_MATCHED_TO_HANDLE,,VIEWED_CONTACT_SHEET_AND_LOCAL_FILE,2026-09-07T03:23:24+07:00,children using city road rug,,children using city road rug,SET,NEEDS_REVIEW,1,,,,,seo_runs/chillgen.com/chillgen_20260907_01/evidence/images/B022/custom-road-map-area-rug-d39d38a4a8__img_06.jpg,alt_current_empty_in_public_json; media_export_url_unknown_without_shopify_export
B022-219,chillgen.com,custom-road-map-area-rug-d39d38a4a8,15912097350001,80869973131633,GALLERY_PUBLIC_CDN,7,,https://cdn.shopify.com/s/files/1/1023/0068/0561/files/9a4948eba59694736fb31445ff23030e8f706e5b1f21846f6072acdb580dce61.jpg?v=1784371781,UNKNOWN_WITHOUT_SHOPIFY_EXPORT,PUBLIC_JSON_MATCHED_TO_HANDLE,,VIEWED_CONTACT_SHEET_AND_LOCAL_FILE,2026-09-07T03:23:24+07:00,material details for city road rug,,material details for city road rug,SET,NEEDS_REVIEW,1,,,,,seo_runs/chillgen.com/chillgen_20260907_01/evidence/images/B022/custom-road-map-area-rug-d39d38a4a8__img_07.jpg,alt_current_empty_in_public_json; media_export_url_unknown_without_shopify_export
B022-219,chillgen.com,custom-road-map-area-rug-d39d38a4a8,15912097350001,80869973164401,GALLERY_PUBLIC_CDN,8,,https://cdn.shopify.com/s/files/1/1023/0068/0561/files/2a95ffe8c6abe5cbb9e43006bcecb20eac235b6dd9abe0c6f5103fe5266c668c.jpg?v=1784371786,UNKNOWN_WITHOUT_SHOPIFY_EXPORT,PUBLIC_JSON_MATCHED_TO_HANDLE,,VIEWED_CONTACT_SHEET_AND_LOCAL_FILE,2026-09-07T03:23:24+07:00,soft road map rug in classroom aisle,,soft road map rug in classroom aisle,SET,NEEDS_REVIEW,1,,,,,seo_runs/chillgen.com/chillgen_20260907_01/evidence/images/B022/custom-road-map-area-rug-d39d38a4a8__img_08.jpg,alt_current_empty_in_public_json; media_export_url_unknown_without_shopify_export
B022-219,chillgen.com,custom-road-map-area-rug-d39d38a4a8,15912097350001,80869973197169,GALLERY_PUBLIC_CDN,9,,https://cdn.shopify.com/s/files/1/1023/0068/0561/files/a0583269bc8bf280de6e94d111d1a07931398d6047d1f253be09dff99ce441f0.jpg?v=1784371786,UNKNOWN_WITHOUT_SHOPIFY_EXPORT,PUBLIC_JSON_MATCHED_TO_HANDLE,,VIEWED_CONTACT_SHEET_AND_LOCAL_FILE,2026-09-07T03:23:24+07:00,machine washable visual for road map rug,,machine washable visual for road map rug,SET,NEEDS_REVIEW,1,,,,,seo_runs/chillgen.com/chillgen_20260907_01/evidence/images/B022/custom-road-map-area-rug-d39d38a4a8__img_09.jpg,alt_current_empty_in_public_json; media_export_url_unknown_without_shopify_export
B022-219,chillgen.com,custom-road-map-area-rug-d39d38a4a8,15912097350001,80878924071281,GALLERY_PUBLIC_CDN,10,,https://cdn.shopify.com/s/files/1/1023/0068/0561/files/0826859420b91df09d0283cff9cdaca8073608e2e221bd6da0d0fd0204f878ca.jpg?v=1784370374,UNKNOWN_WITHOUT_SHOPIFY_EXPORT,PUBLIC_JSON_MATCHED_TO_HANDLE,,VIEWED_CONTACT_SHEET_AND_LOCAL_FILE,2026-09-07T03:23:24+07:00,personalized town road rug overhead,,personalized town road rug overhead,SET,NEEDS_REVIEW,1,,,,,seo_runs/chillgen.com/chillgen_20260907_01/evidence/images/B022/custom-road-map-area-rug-d39d38a4a8__img_10.jpg,alt_current_empty_in_public_json; media_export_url_unknown_without_shopify_export
B022-219,chillgen.com,custom-road-map-area-rug-d39d38a4a8,15912097350001,80878924104049,GALLERY_PUBLIC_CDN,11,,https://cdn.shopify.com/s/files/1/1023/0068/0561/files/65a181acede8a95c5f4e739c09e1e9250995a917ca8134cc784571746fa66b17.jpg?v=1784370380,UNKNOWN_WITHOUT_SHOPIFY_EXPORT,PUBLIC_JSON_MATCHED_TO_HANDLE,,VIEWED_CONTACT_SHEET_AND_LOCAL_FILE,2026-09-07T03:23:24+07:00,size chart for soft city rug,,size chart for soft city rug,SET,NEEDS_REVIEW,1,,,,,seo_runs/chillgen.com/chillgen_20260907_01/evidence/images/B022/custom-road-map-area-rug-d39d38a4a8__img_11.jpg,alt_current_empty_in_public_json; media_export_url_unknown_without_shopify_export
B022-219,chillgen.com,custom-road-map-area-rug-d39d38a4a8,15912097350001,80878924136817,GALLERY_PUBLIC_CDN,12,,https://cdn.shopify.com/s/files/1/1023/0068/0561/files/48f5f47fd14113d3c7f30dc762eee9e456abdbe78ca26879adb03e4fd718f5bb.jpg?v=1784370379,UNKNOWN_WITHOUT_SHOPIFY_EXPORT,PUBLIC_JSON_MATCHED_TO_HANDLE,,VIEWED_CONTACT_SHEET_AND_LOCAL_FILE,2026-09-07T03:23:24+07:00,angled soft city play rug,,angled soft city play rug,SET,NEEDS_REVIEW,1,,,,,seo_runs/chillgen.com/chillgen_20260907_01/evidence/images/B022/custom-road-map-area-rug-d39d38a4a8__img_12.jpg,alt_current_empty_in_public_json; media_export_url_unknown_without_shopify_export
B022-219,chillgen.com,custom-road-map-area-rug-d39d38a4a8,15912097350001,80878924169585,GALLERY_PUBLIC_CDN,13,,https://cdn.shopify.com/s/files/1/1023/0068/0561/files/ceb20902a9433e5ac82b3fbe5ad673ea7515e1290fc1ec5aafb99824d01e4e9b.jpg?v=1784370385,UNKNOWN_WITHOUT_SHOPIFY_EXPORT,PUBLIC_JSON_MATCHED_TO_HANDLE,,VIEWED_CONTACT_SHEET_AND_LOCAL_FILE,2026-09-07T03:23:24+07:00,soft road rug in classroom layout,,soft road rug in classroom layout,SET,NEEDS_REVIEW,1,,,,,seo_runs/chillgen.com/chillgen_20260907_01/evidence/images/B022/custom-road-map-area-rug-d39d38a4a8__img_13.jpg,alt_current_empty_in_public_json; media_export_url_unknown_without_shopify_export
B022-219,chillgen.com,custom-road-map-area-rug-d39d38a4a8,15912097350001,80878924202353,GALLERY_PUBLIC_CDN,14,,https://cdn.shopify.com/s/files/1/1023/0068/0561/files/03ac08d958f42199073a3b573ae42097a97755c3d48d09d3128f6efbba54314d.jpg?v=1784370385,UNKNOWN_WITHOUT_SHOPIFY_EXPORT,PUBLIC_JSON_MATCHED_TO_HANDLE,,VIEWED_CONTACT_SHEET_AND_LOCAL_FILE,2026-09-07T03:23:24+07:00,playroom corner with city road rug,,playroom corner with city road rug,SET,NEEDS_REVIEW,1,,,,,seo_runs/chillgen.com/chillgen_20260907_01/evidence/images/B022/custom-road-map-area-rug-d39d38a4a8__img_14.jpg,alt_current_empty_in_public_json; media_export_url_unknown_without_shopify_export
B022-219,chillgen.com,custom-road-map-area-rug-d39d38a4a8,15912097350001,80878924235121,GALLERY_PUBLIC_CDN,15,,https://cdn.shopify.com/s/files/1/1023/0068/0561/files/38cacfe835336e2380e0d3a34c49dfbf3ad0a4092ad23021ae65da5004ddf1f4.jpg?v=1784370391,UNKNOWN_WITHOUT_SHOPIFY_EXPORT,PUBLIC_JSON_MATCHED_TO_HANDLE,,VIEWED_CONTACT_SHEET_AND_LOCAL_FILE,2026-09-07T03:23:24+07:00,group play on city road mat,,group play on city road mat,SET,NEEDS_REVIEW,1,,,,,seo_runs/chillgen.com/chillgen_20260907_01/evidence/images/B022/custom-road-map-area-rug-d39d38a4a8__img_15.jpg,alt_current_empty_in_public_json; media_export_url_unknown_without_shopify_export
B022-219,chillgen.com,custom-road-map-area-rug-d39d38a4a8,15912097350001,80878924267889,GALLERY_PUBLIC_CDN,16,,https://cdn.shopify.com/s/files/1/1023/0068/0561/files/5a44e30ae174afd0715ba70a31a903b56989e7ab70772adb629cf1435a961879.jpg?v=1784370391,UNKNOWN_WITHOUT_SHOPIFY_EXPORT,PUBLIC_JSON_MATCHED_TO_HANDLE,,VIEWED_CONTACT_SHEET_AND_LOCAL_FILE,2026-09-07T03:23:24+07:00,non-slip backing detail for soft road rug,,non-slip backing detail for soft road rug,SET,NEEDS_REVIEW,1,,,,,seo_runs/chillgen.com/chillgen_20260907_01/evidence/images/B022/custom-road-map-area-rug-d39d38a4a8__img_16.jpg,alt_current_empty_in_public_json; media_export_url_unknown_without_shopify_export
B022-219,chillgen.com,custom-road-map-area-rug-d39d38a4a8,15912097350001,80878924300657,GALLERY_PUBLIC_CDN,17,,https://cdn.shopify.com/s/files/1/1023/0068/0561/files/6b04363e26ea522fc4adbb82054ff9f5dae7369cc117fbf6238cbbebb2b8bb1a.jpg?v=1784370396,UNKNOWN_WITHOUT_SHOPIFY_EXPORT,PUBLIC_JSON_MATCHED_TO_HANDLE,,VIEWED_CONTACT_SHEET_AND_LOCAL_FILE,2026-09-07T03:23:24+07:00,city road rug in classroom aisle,,city road rug in classroom aisle,SET,NEEDS_REVIEW,1,,,,,seo_runs/chillgen.com/chillgen_20260907_01/evidence/images/B022/custom-road-map-area-rug-d39d38a4a8__img_17.jpg,alt_current_empty_in_public_json; media_export_url_unknown_without_shopify_export
B022-219,chillgen.com,custom-road-map-area-rug-d39d38a4a8,15912097350001,80878924333425,GALLERY_PUBLIC_CDN,18,,https://cdn.shopify.com/s/files/1/1023/0068/0561/files/105c11af05e82b4bee675a020dee14db153008418df7f6e760da036d7b025b71.jpg?v=1784370397,UNKNOWN_WITHOUT_SHOPIFY_EXPORT,PUBLIC_JSON_MATCHED_TO_HANDLE,,VIEWED_CONTACT_SHEET_AND_LOCAL_FILE,2026-09-07T03:23:24+07:00,washable care visual for city road rug,,washable care visual for city road rug,SET,NEEDS_REVIEW,1,,,,,seo_runs/chillgen.com/chillgen_20260907_01/evidence/images/B022/custom-road-map-area-rug-d39d38a4a8__img_18.jpg,alt_current_empty_in_public_json; media_export_url_unknown_without_shopify_export
B022-220,chillgen.com,custom-road-map-area-rug-60aa327740,15912097448305,80869973688689,GALLERY_PUBLIC_CDN,1,,https://cdn.shopify.com/s/files/1/1023/0068/0561/files/d0667e751877af38c833fb97bf5511408d9be55971f53d0e6322202e8f8dbf32.jpg?v=1784371792,UNKNOWN_WITHOUT_SHOPIFY_EXPORT,PUBLIC_JSON_MATCHED_TO_HANDLE,,VIEWED_CONTACT_SHEET_AND_LOCAL_FILE,2026-09-07T03:23:24+07:00,ABC town road map rug overhead view,,ABC town road map rug overhead view,SET,NEEDS_REVIEW,1,,,,,seo_runs/chillgen.com/chillgen_20260907_01/evidence/images/B022/custom-road-map-area-rug-60aa327740__img_01.jpg,alt_current_empty_in_public_json; media_export_url_unknown_without_shopify_export
B022-220,chillgen.com,custom-road-map-area-rug-60aa327740,15912097448305,80869973754225,GALLERY_PUBLIC_CDN,2,,https://cdn.shopify.com/s/files/1/1023/0068/0561/files/c59a5d09c7d2e7465371082434ba152bf70ae018f153bd4eb05670b8149f8a40.jpg?v=1784371792,UNKNOWN_WITHOUT_SHOPIFY_EXPORT,PUBLIC_JSON_MATCHED_TO_HANDLE,,VIEWED_CONTACT_SHEET_AND_LOCAL_FILE,2026-09-07T03:23:24+07:00,size guide for ABC town road rug,,size guide for ABC town road rug,SET,NEEDS_REVIEW,1,,,,,seo_runs/chillgen.com/chillgen_20260907_01/evidence/images/B022/custom-road-map-area-rug-60aa327740__img_02.jpg,alt_current_empty_in_public_json; media_export_url_unknown_without_shopify_export
B022-220,chillgen.com,custom-road-map-area-rug-60aa327740,15912097448305,80869973786993,GALLERY_PUBLIC_CDN,3,,https://cdn.shopify.com/s/files/1/1023/0068/0561/files/1f53c77c9763577564b0c793d80dcf5869c5142638c62d8fa7cbc6678e0eb3fc.jpg?v=1784371798,UNKNOWN_WITHOUT_SHOPIFY_EXPORT,PUBLIC_JSON_MATCHED_TO_HANDLE,,VIEWED_CONTACT_SHEET_AND_LOCAL_FILE,2026-09-07T03:23:24+07:00,angled ABC road map rug in room,,angled ABC road map rug in room,SET,NEEDS_REVIEW,1,,,,,seo_runs/chillgen.com/chillgen_20260907_01/evidence/images/B022/custom-road-map-area-rug-60aa327740__img_03.jpg,alt_current_empty_in_public_json; media_export_url_unknown_without_shopify_export
B022-220,chillgen.com,custom-road-map-area-rug-60aa327740,15912097448305,80869973819761,GALLERY_PUBLIC_CDN,4,,https://cdn.shopify.com/s/files/1/1023/0068/0561/files/b2b99cf87170ded5463b59db1b505d7077cbb00d6ed5cc755dc74d3d623aada9.jpg?v=1784371798,UNKNOWN_WITHOUT_SHOPIFY_EXPORT,PUBLIC_JSON_MATCHED_TO_HANDLE,,VIEWED_CONTACT_SHEET_AND_LOCAL_FILE,2026-09-07T03:23:24+07:00,children using ABC town rug,,children using ABC town rug,SET,NEEDS_REVIEW,1,,,,,seo_runs/chillgen.com/chillgen_20260907_01/evidence/images/B022/custom-road-map-area-rug-60aa327740__img_04.jpg,alt_current_empty_in_public_json; media_export_url_unknown_without_shopify_export
B022-220,chillgen.com,custom-road-map-area-rug-60aa327740,15912097448305,80869973852529,GALLERY_PUBLIC_CDN,5,,https://cdn.shopify.com/s/files/1/1023/0068/0561/files/42cba8a9a5376c60bde8760efd7327a37e0960f3c1e10ddcb5801c6633c0329a.jpg?v=1784371803,UNKNOWN_WITHOUT_SHOPIFY_EXPORT,PUBLIC_JSON_MATCHED_TO_HANDLE,,VIEWED_CONTACT_SHEET_AND_LOCAL_FILE,2026-09-07T03:23:24+07:00,ABC town rug in classroom aisle,,ABC town rug in classroom aisle,SET,NEEDS_REVIEW,1,,,,,seo_runs/chillgen.com/chillgen_20260907_01/evidence/images/B022/custom-road-map-area-rug-60aa327740__img_05.jpg,alt_current_empty_in_public_json; media_export_url_unknown_without_shopify_export
B022-220,chillgen.com,custom-road-map-area-rug-60aa327740,15912097448305,80869973885297,GALLERY_PUBLIC_CDN,6,,https://cdn.shopify.com/s/files/1/1023/0068/0561/files/ee006cb94f061c5fc1d9ff35f3790be4d78f59ba832bd6561d9f4179153edaa2.jpg?v=1784371803,UNKNOWN_WITHOUT_SHOPIFY_EXPORT,PUBLIC_JSON_MATCHED_TO_HANDLE,,VIEWED_CONTACT_SHEET_AND_LOCAL_FILE,2026-09-07T03:23:24+07:00,ABC road rug in classroom room view,,ABC road rug in classroom room view,SET,NEEDS_REVIEW,1,,,,,seo_runs/chillgen.com/chillgen_20260907_01/evidence/images/B022/custom-road-map-area-rug-60aa327740__img_06.jpg,alt_current_empty_in_public_json; media_export_url_unknown_without_shopify_export
B022-220,chillgen.com,custom-road-map-area-rug-60aa327740,15912097448305,80869973918065,GALLERY_PUBLIC_CDN,7,,https://cdn.shopify.com/s/files/1/1023/0068/0561/files/8f82c61fa29ce4039ea1792c98b0873256e6403e2f0192a6a1e1cbe552636b16.jpg?v=1784371809,UNKNOWN_WITHOUT_SHOPIFY_EXPORT,PUBLIC_JSON_MATCHED_TO_HANDLE,,VIEWED_CONTACT_SHEET_AND_LOCAL_FILE,2026-09-07T03:23:24+07:00,ABC road map rug in playroom corner,,ABC road map rug in playroom corner,SET,NEEDS_REVIEW,1,,,,,seo_runs/chillgen.com/chillgen_20260907_01/evidence/images/B022/custom-road-map-area-rug-60aa327740__img_07.jpg,alt_current_empty_in_public_json; media_export_url_unknown_without_shopify_export
B022-220,chillgen.com,custom-road-map-area-rug-60aa327740,15912097448305,80869973950833,GALLERY_PUBLIC_CDN,8,,https://cdn.shopify.com/s/files/1/1023/0068/0561/files/c2aae7d8100d6edb1db342ddf00d1c5dd6ea78ae77815a42800705b620740040.jpg?v=1784371809,UNKNOWN_WITHOUT_SHOPIFY_EXPORT,PUBLIC_JSON_MATCHED_TO_HANDLE,,VIEWED_CONTACT_SHEET_AND_LOCAL_FILE,2026-09-07T03:23:24+07:00,material details for ABC road rug,,material details for ABC road rug,SET,NEEDS_REVIEW,1,,,,,seo_runs/chillgen.com/chillgen_20260907_01/evidence/images/B022/custom-road-map-area-rug-60aa327740__img_08.jpg,alt_current_empty_in_public_json; media_export_url_unknown_without_shopify_export
B022-220,chillgen.com,custom-road-map-area-rug-60aa327740,15912097448305,80869973983601,GALLERY_PUBLIC_CDN,9,,https://cdn.shopify.com/s/files/1/1023/0068/0561/files/2a413ac428cc3f64e30cb17a0eceb104cda9e5fe28f78366e4bcace3d2744d5d.jpg?v=1784371814,UNKNOWN_WITHOUT_SHOPIFY_EXPORT,PUBLIC_JSON_MATCHED_TO_HANDLE,,VIEWED_CONTACT_SHEET_AND_LOCAL_FILE,2026-09-07T03:23:24+07:00,machine washable visual for ABC road rug,,machine washable visual for ABC road rug,SET,NEEDS_REVIEW,1,,,,,seo_runs/chillgen.com/chillgen_20260907_01/evidence/images/B022/custom-road-map-area-rug-60aa327740__img_09.jpg,alt_current_empty_in_public_json; media_export_url_unknown_without_shopify_export
B022-220,chillgen.com,custom-road-map-area-rug-60aa327740,15912097448305,80878923088241,GALLERY_PUBLIC_CDN,10,,https://cdn.shopify.com/s/files/1/1023/0068/0561/files/3dcf94861cacd6fe76b623813fa2e8e504c2371eeda9ea35955bb9cc577d85a5.jpg?v=1784370351,UNKNOWN_WITHOUT_SHOPIFY_EXPORT,PUBLIC_JSON_MATCHED_TO_HANDLE,,VIEWED_CONTACT_SHEET_AND_LOCAL_FILE,2026-09-07T03:23:24+07:00,personalized ABC town rug product view,,personalized ABC town rug product view,SET,NEEDS_REVIEW,1,,,,,seo_runs/chillgen.com/chillgen_20260907_01/evidence/images/B022/custom-road-map-area-rug-60aa327740__img_10.jpg,alt_current_empty_in_public_json; media_export_url_unknown_without_shopify_export
B022-220,chillgen.com,custom-road-map-area-rug-60aa327740,15912097448305,80878923121009,GALLERY_PUBLIC_CDN,11,,https://cdn.shopify.com/s/files/1/1023/0068/0561/files/b586fc73c5a970774b06bdad4ce8ff0a4e6b3735a1823cd662f8a66d3325f14d.jpg?v=1784370351,UNKNOWN_WITHOUT_SHOPIFY_EXPORT,PUBLIC_JSON_MATCHED_TO_HANDLE,,VIEWED_CONTACT_SHEET_AND_LOCAL_FILE,2026-09-07T03:23:24+07:00,size chart for ABC road map rug,,size chart for ABC road map rug,SET,NEEDS_REVIEW,1,,,,,seo_runs/chillgen.com/chillgen_20260907_01/evidence/images/B022/custom-road-map-area-rug-60aa327740__img_11.jpg,alt_current_empty_in_public_json; media_export_url_unknown_without_shopify_export
B022-220,chillgen.com,custom-road-map-area-rug-60aa327740,15912097448305,80878923153777,GALLERY_PUBLIC_CDN,12,,https://cdn.shopify.com/s/files/1/1023/0068/0561/files/3f60ce8f3055f38154549fcafe05e0f530f0d5e371bd40ad74e9a4532f4f5c72.jpg?v=1784370357,UNKNOWN_WITHOUT_SHOPIFY_EXPORT,PUBLIC_JSON_MATCHED_TO_HANDLE,,VIEWED_CONTACT_SHEET_AND_LOCAL_FILE,2026-09-07T03:23:24+07:00,angled ABC town play rug,,angled ABC town play rug,SET,NEEDS_REVIEW,1,,,,,seo_runs/chillgen.com/chillgen_20260907_01/evidence/images/B022/custom-road-map-area-rug-60aa327740__img_12.jpg,alt_current_empty_in_public_json; media_export_url_unknown_without_shopify_export
B022-220,chillgen.com,custom-road-map-area-rug-60aa327740,15912097448305,80878923186545,GALLERY_PUBLIC_CDN,13,,https://cdn.shopify.com/s/files/1/1023/0068/0561/files/b1a792ad798eef6cbacb61006a058059473580b8d907105d4252ddfbaf2683d6.jpg?v=1784370357,UNKNOWN_WITHOUT_SHOPIFY_EXPORT,PUBLIC_JSON_MATCHED_TO_HANDLE,,VIEWED_CONTACT_SHEET_AND_LOCAL_FILE,2026-09-07T03:23:24+07:00,group play on ABC town rug,,group play on ABC town rug,SET,NEEDS_REVIEW,1,,,,,seo_runs/chillgen.com/chillgen_20260907_01/evidence/images/B022/custom-road-map-area-rug-60aa327740__img_13.jpg,alt_current_empty_in_public_json; media_export_url_unknown_without_shopify_export
B022-220,chillgen.com,custom-road-map-area-rug-60aa327740,15912097448305,80878923219313,GALLERY_PUBLIC_CDN,14,,https://cdn.shopify.com/s/files/1/1023/0068/0561/files/461b2782808e31fd800e85ca90217c49a11093ea80831c3a0a07449bc9b8189d.jpg?v=1784370363,UNKNOWN_WITHOUT_SHOPIFY_EXPORT,PUBLIC_JSON_MATCHED_TO_HANDLE,,VIEWED_CONTACT_SHEET_AND_LOCAL_FILE,2026-09-07T03:23:24+07:00,ABC road rug in classroom aisle,,ABC road rug in classroom aisle,SET,NEEDS_REVIEW,1,,,,,seo_runs/chillgen.com/chillgen_20260907_01/evidence/images/B022/custom-road-map-area-rug-60aa327740__img_14.jpg,alt_current_empty_in_public_json; media_export_url_unknown_without_shopify_export
B022-220,chillgen.com,custom-road-map-area-rug-60aa327740,15912097448305,80878923252081,GALLERY_PUBLIC_CDN,15,,https://cdn.shopify.com/s/files/1/1023/0068/0561/files/173ccd9a104ae2582c4670077469b5f4f5fbb888ceff23abff263bac774fd798.jpg?v=1784370363,UNKNOWN_WITHOUT_SHOPIFY_EXPORT,PUBLIC_JSON_MATCHED_TO_HANDLE,,VIEWED_CONTACT_SHEET_AND_LOCAL_FILE,2026-09-07T03:23:24+07:00,ABC town rug in classroom layout,,ABC town rug in classroom layout,SET,NEEDS_REVIEW,1,,,,,seo_runs/chillgen.com/chillgen_20260907_01/evidence/images/B022/custom-road-map-area-rug-60aa327740__img_15.jpg,alt_current_empty_in_public_json; media_export_url_unknown_without_shopify_export
B022-220,chillgen.com,custom-road-map-area-rug-60aa327740,15912097448305,80878923284849,GALLERY_PUBLIC_CDN,16,,https://cdn.shopify.com/s/files/1/1023/0068/0561/files/8fafa7497cf7cc3162e24b76e4a10a7198a61684611f0472b1b8d2aeb379063b.jpg?v=1784370368,UNKNOWN_WITHOUT_SHOPIFY_EXPORT,PUBLIC_JSON_MATCHED_TO_HANDLE,,VIEWED_CONTACT_SHEET_AND_LOCAL_FILE,2026-09-07T03:23:24+07:00,playroom corner with ABC town rug,,playroom corner with ABC town rug,SET,NEEDS_REVIEW,1,,,,,seo_runs/chillgen.com/chillgen_20260907_01/evidence/images/B022/custom-road-map-area-rug-60aa327740__img_16.jpg,alt_current_empty_in_public_json; media_export_url_unknown_without_shopify_export
B022-220,chillgen.com,custom-road-map-area-rug-60aa327740,15912097448305,80878923317617,GALLERY_PUBLIC_CDN,17,,https://cdn.shopify.com/s/files/1/1023/0068/0561/files/90a3aef43685b7522d37c000e35ac8d5c5a18ffa06085dab9f7e224d21cca86b.jpg?v=1784370368,UNKNOWN_WITHOUT_SHOPIFY_EXPORT,PUBLIC_JSON_MATCHED_TO_HANDLE,,VIEWED_CONTACT_SHEET_AND_LOCAL_FILE,2026-09-07T03:23:24+07:00,non-slip backing detail for ABC road rug,,non-slip backing detail for ABC road rug,SET,NEEDS_REVIEW,1,,,,,seo_runs/chillgen.com/chillgen_20260907_01/evidence/images/B022/custom-road-map-area-rug-60aa327740__img_17.jpg,alt_current_empty_in_public_json; media_export_url_unknown_without_shopify_export
B022-220,chillgen.com,custom-road-map-area-rug-60aa327740,15912097448305,80878923350385,GALLERY_PUBLIC_CDN,18,,https://cdn.shopify.com/s/files/1/1023/0068/0561/files/0e8c5608a858d785690374e4645f2e6ea8dff61509633507a15abd4c4a9b5435.jpg?v=1784370374,UNKNOWN_WITHOUT_SHOPIFY_EXPORT,PUBLIC_JSON_MATCHED_TO_HANDLE,,VIEWED_CONTACT_SHEET_AND_LOCAL_FILE,2026-09-07T03:23:24+07:00,washable care visual for ABC town rug,,washable care visual for ABC town rug,SET,NEEDS_REVIEW,1,,,,,seo_runs/chillgen.com/chillgen_20260907_01/evidence/images/B022/custom-road-map-area-rug-60aa327740__img_18.jpg,alt_current_empty_in_public_json; media_export_url_unknown_without_shopify_export
