evidence_id,shop_domain,Handle,product_id,media_id,image_location,image_number,variant,image_url,image_url_export,identity_status,shared_media_references,viewed_status,viewed_at,observed_visual_details,alt_current,alt_proposed,alt_action,review_status,revision,approved_by,approved_at,approved_fields,approved_revision,evidence_file_or_reference,issues
B023-221,chillgen.com,custom-road-map-area-rug-play-mat-9aed6a6ee9-9aed6a6ee9,15912097710449,80869974671729,GALLERY_PUBLIC_CDN,1,,https://cdn.shopify.com/s/files/1/1023/0068/0561/files/0553e05f91c327679dade962a6d3a8ba3d322ecb296506a457fb55dbc44dc1fe.jpg?v=1784371557,UNKNOWN_WITHOUT_SHOPIFY_EXPORT,PUBLIC_JSON_MATCHED_TO_HANDLE,,VIEWED_CONTACT_SHEET_AND_LOCAL_FILE,2026-09-07T03:29:10+07:00,adventure town road map rug overhead view,,adventure town road map rug overhead view,SET,NEEDS_REVIEW,1,,,,,seo_runs/chillgen.com/chillgen_20260907_01/evidence/images/B023/custom-road-map-area-rug-play-mat-9aed6a6ee9-9aed6a6ee9__img_01.jpg,alt_current_empty_in_public_json; media_export_url_unknown_without_shopify_export
B023-221,chillgen.com,custom-road-map-area-rug-play-mat-9aed6a6ee9-9aed6a6ee9,15912097710449,80869974737265,GALLERY_PUBLIC_CDN,2,,https://cdn.shopify.com/s/files/1/1023/0068/0561/files/1a3ef2a60ecb8d9b9ff05fbc9bc36ff2ade2970aca531102d09ae07f219e0585.jpg?v=1784371557,UNKNOWN_WITHOUT_SHOPIFY_EXPORT,PUBLIC_JSON_MATCHED_TO_HANDLE,,VIEWED_CONTACT_SHEET_AND_LOCAL_FILE,2026-09-07T03:29:10+07:00,size options for adventure road map rug,,size options for adventure road map rug,SET,NEEDS_REVIEW,1,,,,,seo_runs/chillgen.com/chillgen_20260907_01/evidence/images/B023/custom-road-map-area-rug-play-mat-9aed6a6ee9-9aed6a6ee9__img_02.jpg,alt_current_empty_in_public_json; media_export_url_unknown_without_shopify_export
B023-221,chillgen.com,custom-road-map-area-rug-play-mat-9aed6a6ee9-9aed6a6ee9,15912097710449,80869974770033,GALLERY_PUBLIC_CDN,3,,https://cdn.shopify.com/s/files/1/1023/0068/0561/files/67cd6edfa5ab3cb70d36cf0569a5da382966d3ea86a4e1a297d4d1bf4c606969.jpg?v=1784371563,UNKNOWN_WITHOUT_SHOPIFY_EXPORT,PUBLIC_JSON_MATCHED_TO_HANDLE,,VIEWED_CONTACT_SHEET_AND_LOCAL_FILE,2026-09-07T03:29:10+07:00,green road map play rug in classroom,,green road map play rug in classroom,SET,NEEDS_REVIEW,1,,,,,seo_runs/chillgen.com/chillgen_20260907_01/evidence/images/B023/custom-road-map-area-rug-play-mat-9aed6a6ee9-9aed6a6ee9__img_03.jpg,alt_current_empty_in_public_json; media_export_url_unknown_without_shopify_export
B023-221,chillgen.com,custom-road-map-area-rug-play-mat-9aed6a6ee9-9aed6a6ee9,15912097710449,80869974802801,GALLERY_PUBLIC_CDN,4,,https://cdn.shopify.com/s/files/1/1023/0068/0561/files/313f2704d266bc5ff15eea9eec0da1c6b8e4c5c1f43d564a226964bb63a244e3.jpg?v=1784371563,UNKNOWN_WITHOUT_SHOPIFY_EXPORT,PUBLIC_JSON_MATCHED_TO_HANDLE,,VIEWED_CONTACT_SHEET_AND_LOCAL_FILE,2026-09-07T03:29:10+07:00,angled adventure town rug in playroom,,angled adventure town rug in playroom,SET,NEEDS_REVIEW,1,,,,,seo_runs/chillgen.com/chillgen_20260907_01/evidence/images/B023/custom-road-map-area-rug-play-mat-9aed6a6ee9-9aed6a6ee9__img_04.jpg,alt_current_empty_in_public_json; media_export_url_unknown_without_shopify_export
B023-221,chillgen.com,custom-road-map-area-rug-play-mat-9aed6a6ee9-9aed6a6ee9,15912097710449,80869974835569,GALLERY_PUBLIC_CDN,5,,https://cdn.shopify.com/s/files/1/1023/0068/0561/files/4279d9b092634761b54896700af9fbb042f4dda027287b2e079cb2a965117931.jpg?v=1784371568,UNKNOWN_WITHOUT_SHOPIFY_EXPORT,PUBLIC_JSON_MATCHED_TO_HANDLE,,VIEWED_CONTACT_SHEET_AND_LOCAL_FILE,2026-09-07T03:29:10+07:00,children using adventure road map rug,,children using adventure road map rug,SET,NEEDS_REVIEW,1,,,,,seo_runs/chillgen.com/chillgen_20260907_01/evidence/images/B023/custom-road-map-area-rug-play-mat-9aed6a6ee9-9aed6a6ee9__img_05.jpg,alt_current_empty_in_public_json; media_export_url_unknown_without_shopify_export
B023-221,chillgen.com,custom-road-map-area-rug-play-mat-9aed6a6ee9-9aed6a6ee9,15912097710449,80869974868337,GALLERY_PUBLIC_CDN,6,,https://cdn.shopify.com/s/files/1/1023/0068/0561/files/de7abdf923ea1619e000bc1263715b3750c82204f39aea24da2edc55bbe5e677.jpg?v=1784371569,UNKNOWN_WITHOUT_SHOPIFY_EXPORT,PUBLIC_JSON_MATCHED_TO_HANDLE,,VIEWED_CONTACT_SHEET_AND_LOCAL_FILE,2026-09-07T03:29:10+07:00,road map rug in classroom aisle,,road map rug in classroom aisle,SET,NEEDS_REVIEW,1,,,,,seo_runs/chillgen.com/chillgen_20260907_01/evidence/images/B023/custom-road-map-area-rug-play-mat-9aed6a6ee9-9aed6a6ee9__img_06.jpg,alt_current_empty_in_public_json; media_export_url_unknown_without_shopify_export
B023-221,chillgen.com,custom-road-map-area-rug-play-mat-9aed6a6ee9-9aed6a6ee9,15912097710449,80869974901105,GALLERY_PUBLIC_CDN,7,,https://cdn.shopify.com/s/files/1/1023/0068/0561/files/7607f46be0d074a69d19e0b5c84bb994f4ed0291c9ccb4d5324f653b54d91833.jpg?v=1784371574,UNKNOWN_WITHOUT_SHOPIFY_EXPORT,PUBLIC_JSON_MATCHED_TO_HANDLE,,VIEWED_CONTACT_SHEET_AND_LOCAL_FILE,2026-09-07T03:29:10+07:00,material details for green road map rug,,material details for green road map rug,SET,NEEDS_REVIEW,1,,,,,seo_runs/chillgen.com/chillgen_20260907_01/evidence/images/B023/custom-road-map-area-rug-play-mat-9aed6a6ee9-9aed6a6ee9__img_07.jpg,alt_current_empty_in_public_json; media_export_url_unknown_without_shopify_export
B023-221,chillgen.com,custom-road-map-area-rug-play-mat-9aed6a6ee9-9aed6a6ee9,15912097710449,80869974933873,GALLERY_PUBLIC_CDN,8,,https://cdn.shopify.com/s/files/1/1023/0068/0561/files/80f64367c3d5139c5dc166ca0f34f46210df4711c52384a77ac88de36cc17e13.jpg?v=1784371575,UNKNOWN_WITHOUT_SHOPIFY_EXPORT,PUBLIC_JSON_MATCHED_TO_HANDLE,,VIEWED_CONTACT_SHEET_AND_LOCAL_FILE,2026-09-07T03:29:10+07:00,machine washable visual for road map rug,,machine washable visual for road map rug,SET,NEEDS_REVIEW,1,,,,,seo_runs/chillgen.com/chillgen_20260907_01/evidence/images/B023/custom-road-map-area-rug-play-mat-9aed6a6ee9-9aed6a6ee9__img_08.jpg,alt_current_empty_in_public_json; media_export_url_unknown_without_shopify_export
B023-221,chillgen.com,custom-road-map-area-rug-play-mat-9aed6a6ee9-9aed6a6ee9,15912097710449,80869974966641,GALLERY_PUBLIC_CDN,9,,https://cdn.shopify.com/s/files/1/1023/0068/0561/files/5158ea09259ab14d3af27072aa56f401ee118bd4a54f6731ee0c8472c5deabc1.jpg?v=1784371580,UNKNOWN_WITHOUT_SHOPIFY_EXPORT,PUBLIC_JSON_MATCHED_TO_HANDLE,,VIEWED_CONTACT_SHEET_AND_LOCAL_FILE,2026-09-07T03:29:10+07:00,adventure town rug in playroom corner,,adventure town rug in playroom corner,SET,NEEDS_REVIEW,1,,,,,seo_runs/chillgen.com/chillgen_20260907_01/evidence/images/B023/custom-road-map-area-rug-play-mat-9aed6a6ee9-9aed6a6ee9__img_09.jpg,alt_current_empty_in_public_json; media_export_url_unknown_without_shopify_export
B023-221,chillgen.com,custom-road-map-area-rug-play-mat-9aed6a6ee9-9aed6a6ee9,15912097710449,80878920925553,GALLERY_PUBLIC_CDN,10,,https://cdn.shopify.com/s/files/1/1023/0068/0561/files/1e2dbb4ebb91d8b7b6ff3a60ab5d87a1579059e84546abf144cad958164b997f.jpg?v=1784370989,UNKNOWN_WITHOUT_SHOPIFY_EXPORT,PUBLIC_JSON_MATCHED_TO_HANDLE,,VIEWED_CONTACT_SHEET_AND_LOCAL_FILE,2026-09-07T03:29:10+07:00,personalized adventure road map product view,,personalized adventure road map product view,SET,NEEDS_REVIEW,1,,,,,seo_runs/chillgen.com/chillgen_20260907_01/evidence/images/B023/custom-road-map-area-rug-play-mat-9aed6a6ee9-9aed6a6ee9__img_10.jpg,alt_current_empty_in_public_json; media_export_url_unknown_without_shopify_export
B023-221,chillgen.com,custom-road-map-area-rug-play-mat-9aed6a6ee9-9aed6a6ee9,15912097710449,80878920958321,GALLERY_PUBLIC_CDN,11,,https://cdn.shopify.com/s/files/1/1023/0068/0561/files/a6fd917ccd48480b6399a10a2c315524edbfd57af04286e48d56a0b34b965202.jpg?v=1784370989,UNKNOWN_WITHOUT_SHOPIFY_EXPORT,PUBLIC_JSON_MATCHED_TO_HANDLE,,VIEWED_CONTACT_SHEET_AND_LOCAL_FILE,2026-09-07T03:29:10+07:00,size chart for town road map rug,,size chart for town road map rug,SET,NEEDS_REVIEW,1,,,,,seo_runs/chillgen.com/chillgen_20260907_01/evidence/images/B023/custom-road-map-area-rug-play-mat-9aed6a6ee9-9aed6a6ee9__img_11.jpg,alt_current_empty_in_public_json; media_export_url_unknown_without_shopify_export
B023-221,chillgen.com,custom-road-map-area-rug-play-mat-9aed6a6ee9-9aed6a6ee9,15912097710449,80878920991089,GALLERY_PUBLIC_CDN,12,,https://cdn.shopify.com/s/files/1/1023/0068/0561/files/0abedbecba493c27749ec70abebb5842507d00b2261debfd4fd09bc86bcaf3ff.jpg?v=1784370994,UNKNOWN_WITHOUT_SHOPIFY_EXPORT,PUBLIC_JSON_MATCHED_TO_HANDLE,,VIEWED_CONTACT_SHEET_AND_LOCAL_FILE,2026-09-07T03:29:10+07:00,large green city play rug room view,,large green city play rug room view,SET,NEEDS_REVIEW,1,,,,,seo_runs/chillgen.com/chillgen_20260907_01/evidence/images/B023/custom-road-map-area-rug-play-mat-9aed6a6ee9-9aed6a6ee9__img_12.jpg,alt_current_empty_in_public_json; media_export_url_unknown_without_shopify_export
B023-221,chillgen.com,custom-road-map-area-rug-play-mat-9aed6a6ee9-9aed6a6ee9,15912097710449,80878921023857,GALLERY_PUBLIC_CDN,13,,https://cdn.shopify.com/s/files/1/1023/0068/0561/files/446108dc388d1a237f7cdc4a5231fe15c7470720327fe84ec386e47f1474256f.jpg?v=1784370995,UNKNOWN_WITHOUT_SHOPIFY_EXPORT,PUBLIC_JSON_MATCHED_TO_HANDLE,,VIEWED_CONTACT_SHEET_AND_LOCAL_FILE,2026-09-07T03:29:10+07:00,angled road map rug with pirate pond,,angled road map rug with pirate pond,SET,NEEDS_REVIEW,1,,,,,seo_runs/chillgen.com/chillgen_20260907_01/evidence/images/B023/custom-road-map-area-rug-play-mat-9aed6a6ee9-9aed6a6ee9__img_13.jpg,alt_current_empty_in_public_json; media_export_url_unknown_without_shopify_export
B023-221,chillgen.com,custom-road-map-area-rug-play-mat-9aed6a6ee9-9aed6a6ee9,15912097710449,80878921056625,GALLERY_PUBLIC_CDN,14,,https://cdn.shopify.com/s/files/1/1023/0068/0561/files/0cf97869514123882c0e13ba0c81527300924e86aac61757e977ba870a7ce97b.jpg?v=1784371000,UNKNOWN_WITHOUT_SHOPIFY_EXPORT,PUBLIC_JSON_MATCHED_TO_HANDLE,,VIEWED_CONTACT_SHEET_AND_LOCAL_FILE,2026-09-07T03:29:10+07:00,group play on road map rug,,group play on road map rug,SET,NEEDS_REVIEW,1,,,,,seo_runs/chillgen.com/chillgen_20260907_01/evidence/images/B023/custom-road-map-area-rug-play-mat-9aed6a6ee9-9aed6a6ee9__img_14.jpg,alt_current_empty_in_public_json; media_export_url_unknown_without_shopify_export
B023-221,chillgen.com,custom-road-map-area-rug-play-mat-9aed6a6ee9-9aed6a6ee9,15912097710449,80878921089393,GALLERY_PUBLIC_CDN,15,,https://cdn.shopify.com/s/files/1/1023/0068/0561/files/5a544245bab1a67500e50a75bfb83295533e6da09759d60c57a4e60ac62c1ada.jpg?v=1784371001,UNKNOWN_WITHOUT_SHOPIFY_EXPORT,PUBLIC_JSON_MATCHED_TO_HANDLE,,VIEWED_CONTACT_SHEET_AND_LOCAL_FILE,2026-09-07T03:29:10+07:00,classroom aisle view of road map rug,,classroom aisle view of road map rug,SET,NEEDS_REVIEW,1,,,,,seo_runs/chillgen.com/chillgen_20260907_01/evidence/images/B023/custom-road-map-area-rug-play-mat-9aed6a6ee9-9aed6a6ee9__img_15.jpg,alt_current_empty_in_public_json; media_export_url_unknown_without_shopify_export
B023-221,chillgen.com,custom-road-map-area-rug-play-mat-9aed6a6ee9-9aed6a6ee9,15912097710449,80878921122161,GALLERY_PUBLIC_CDN,16,,https://cdn.shopify.com/s/files/1/1023/0068/0561/files/af21a2495722ac861d2d1e2fdca9deff5a3eda9132632b8619534700e748a3f6.jpg?v=1784371005,UNKNOWN_WITHOUT_SHOPIFY_EXPORT,PUBLIC_JSON_MATCHED_TO_HANDLE,,VIEWED_CONTACT_SHEET_AND_LOCAL_FILE,2026-09-07T03:29:10+07:00,non-slip backing detail for road rug,,non-slip backing detail for road rug,SET,NEEDS_REVIEW,1,,,,,seo_runs/chillgen.com/chillgen_20260907_01/evidence/images/B023/custom-road-map-area-rug-play-mat-9aed6a6ee9-9aed6a6ee9__img_16.jpg,alt_current_empty_in_public_json; media_export_url_unknown_without_shopify_export
B023-221,chillgen.com,custom-road-map-area-rug-play-mat-9aed6a6ee9-9aed6a6ee9,15912097710449,80878921154929,GALLERY_PUBLIC_CDN,17,,https://cdn.shopify.com/s/files/1/1023/0068/0561/files/7d2d843fbcbc680f71d0d3ca25e42a45762dc645d8e00ee3e8c1b157d13c0f1b.jpg?v=1784371006,UNKNOWN_WITHOUT_SHOPIFY_EXPORT,PUBLIC_JSON_MATCHED_TO_HANDLE,,VIEWED_CONTACT_SHEET_AND_LOCAL_FILE,2026-09-07T03:29:10+07:00,washable care visual for kids road rug,,washable care visual for kids road rug,SET,NEEDS_REVIEW,1,,,,,seo_runs/chillgen.com/chillgen_20260907_01/evidence/images/B023/custom-road-map-area-rug-play-mat-9aed6a6ee9-9aed6a6ee9__img_17.jpg,alt_current_empty_in_public_json; media_export_url_unknown_without_shopify_export
B023-221,chillgen.com,custom-road-map-area-rug-play-mat-9aed6a6ee9-9aed6a6ee9,15912097710449,80878921187697,GALLERY_PUBLIC_CDN,18,,https://cdn.shopify.com/s/files/1/1023/0068/0561/files/2bdfc26b42b98d34b70544b32dc9297e41189a9196dc2cf3a7ce005d6dc0a781.jpg?v=1784371012,UNKNOWN_WITHOUT_SHOPIFY_EXPORT,PUBLIC_JSON_MATCHED_TO_HANDLE,,VIEWED_CONTACT_SHEET_AND_LOCAL_FILE,2026-09-07T03:29:10+07:00,road map rug in bright playroom,,road map rug in bright playroom,SET,NEEDS_REVIEW,1,,,,,seo_runs/chillgen.com/chillgen_20260907_01/evidence/images/B023/custom-road-map-area-rug-play-mat-9aed6a6ee9-9aed6a6ee9__img_18.jpg,alt_current_empty_in_public_json; media_export_url_unknown_without_shopify_export
B023-222,chillgen.com,custom-road-map-area-rug-personalized-city-street-car-rug-6313a0fee7,15912097972593,80869976211825,GALLERY_PUBLIC_CDN,1,,https://cdn.shopify.com/s/files/1/1023/0068/0561/files/326039e7645c1357196151b2161f1a65d1baeac85cf9ef6ede8ca2ab44b327c3.jpg?v=1784370301,UNKNOWN_WITHOUT_SHOPIFY_EXPORT,PUBLIC_JSON_MATCHED_TO_HANDLE,,VIEWED_CONTACT_SHEET_AND_LOCAL_FILE,2026-09-07T03:29:10+07:00,construction city road map rug overhead view,,construction city road map rug overhead view,SET,NEEDS_REVIEW,1,,,,,seo_runs/chillgen.com/chillgen_20260907_01/evidence/images/B023/custom-road-map-area-rug-personalized-city-street-car-rug-6313a0fee7__img_01.jpg,alt_current_empty_in_public_json; media_export_url_unknown_without_shopify_export
B023-222,chillgen.com,custom-road-map-area-rug-personalized-city-street-car-rug-6313a0fee7,15912097972593,80869976277361,GALLERY_PUBLIC_CDN,2,,https://cdn.shopify.com/s/files/1/1023/0068/0561/files/1d3dbd2113d12aba38b1882c3a69a90fb05b5e01f7b57aa61a2d4cfef81f5f5a.jpg?v=1784370301,UNKNOWN_WITHOUT_SHOPIFY_EXPORT,PUBLIC_JSON_MATCHED_TO_HANDLE,,VIEWED_CONTACT_SHEET_AND_LOCAL_FILE,2026-09-07T03:29:10+07:00,size options for construction road rug,,size options for construction road rug,SET,NEEDS_REVIEW,1,,,,,seo_runs/chillgen.com/chillgen_20260907_01/evidence/images/B023/custom-road-map-area-rug-personalized-city-street-car-rug-6313a0fee7__img_02.jpg,alt_current_empty_in_public_json; media_export_url_unknown_without_shopify_export
B023-222,chillgen.com,custom-road-map-area-rug-personalized-city-street-car-rug-6313a0fee7,15912097972593,80869976310129,GALLERY_PUBLIC_CDN,3,,https://cdn.shopify.com/s/files/1/1023/0068/0561/files/77f4648763f1deee11e3958cf1b05643c8436abb997af8b59b8de20695c6c4c0.jpg?v=1784370307,UNKNOWN_WITHOUT_SHOPIFY_EXPORT,PUBLIC_JSON_MATCHED_TO_HANDLE,,VIEWED_CONTACT_SHEET_AND_LOCAL_FILE,2026-09-07T03:29:10+07:00,construction city rug in classroom,,construction city rug in classroom,SET,NEEDS_REVIEW,1,,,,,seo_runs/chillgen.com/chillgen_20260907_01/evidence/images/B023/custom-road-map-area-rug-personalized-city-street-car-rug-6313a0fee7__img_03.jpg,alt_current_empty_in_public_json; media_export_url_unknown_without_shopify_export
B023-222,chillgen.com,custom-road-map-area-rug-personalized-city-street-car-rug-6313a0fee7,15912097972593,80869976342897,GALLERY_PUBLIC_CDN,4,,https://cdn.shopify.com/s/files/1/1023/0068/0561/files/261630ed863ad5395172e3771c3df89b28e6b151f7f12074524641aedc7ad315.jpg?v=1784370307,UNKNOWN_WITHOUT_SHOPIFY_EXPORT,PUBLIC_JSON_MATCHED_TO_HANDLE,,VIEWED_CONTACT_SHEET_AND_LOCAL_FILE,2026-09-07T03:29:10+07:00,construction road rug in classroom aisle,,construction road rug in classroom aisle,SET,NEEDS_REVIEW,1,,,,,seo_runs/chillgen.com/chillgen_20260907_01/evidence/images/B023/custom-road-map-area-rug-personalized-city-street-car-rug-6313a0fee7__img_04.jpg,alt_current_empty_in_public_json; media_export_url_unknown_without_shopify_export
B023-222,chillgen.com,custom-road-map-area-rug-personalized-city-street-car-rug-6313a0fee7,15912097972593,80869976375665,GALLERY_PUBLIC_CDN,5,,https://cdn.shopify.com/s/files/1/1023/0068/0561/files/aac2dfc640418b7417b386ba463c50068485ccfa78ffa2baf08b00286378052a.jpg?v=1784370312,UNKNOWN_WITHOUT_SHOPIFY_EXPORT,PUBLIC_JSON_MATCHED_TO_HANDLE,,VIEWED_CONTACT_SHEET_AND_LOCAL_FILE,2026-09-07T03:29:10+07:00,playroom view of truck road rug,,playroom view of truck road rug,SET,NEEDS_REVIEW,1,,,,,seo_runs/chillgen.com/chillgen_20260907_01/evidence/images/B023/custom-road-map-area-rug-personalized-city-street-car-rug-6313a0fee7__img_05.jpg,alt_current_empty_in_public_json; media_export_url_unknown_without_shopify_export
B023-222,chillgen.com,custom-road-map-area-rug-personalized-city-street-car-rug-6313a0fee7,15912097972593,80869976408433,GALLERY_PUBLIC_CDN,6,,https://cdn.shopify.com/s/files/1/1023/0068/0561/files/610ced9b8488ce68526c59834ce1b5d8f76c595011883533eec104a1da1b0142.jpg?v=1784370312,UNKNOWN_WITHOUT_SHOPIFY_EXPORT,PUBLIC_JSON_MATCHED_TO_HANDLE,,VIEWED_CONTACT_SHEET_AND_LOCAL_FILE,2026-09-07T03:29:10+07:00,construction road map rug in bright room,,construction road map rug in bright room,SET,NEEDS_REVIEW,1,,,,,seo_runs/chillgen.com/chillgen_20260907_01/evidence/images/B023/custom-road-map-area-rug-personalized-city-street-car-rug-6313a0fee7__img_06.jpg,alt_current_empty_in_public_json; media_export_url_unknown_without_shopify_export
B023-222,chillgen.com,custom-road-map-area-rug-personalized-city-street-car-rug-6313a0fee7,15912097972593,80869976441201,GALLERY_PUBLIC_CDN,7,,https://cdn.shopify.com/s/files/1/1023/0068/0561/files/f42ea0eb5785805c0aedd4270374445a4d78632c036ef90adc0f53540159af3c.jpg?v=1784370318,UNKNOWN_WITHOUT_SHOPIFY_EXPORT,PUBLIC_JSON_MATCHED_TO_HANDLE,,VIEWED_CONTACT_SHEET_AND_LOCAL_FILE,2026-09-07T03:29:10+07:00,machine washable visual for construction rug,,machine washable visual for construction rug,SET,NEEDS_REVIEW,1,,,,,seo_runs/chillgen.com/chillgen_20260907_01/evidence/images/B023/custom-road-map-area-rug-personalized-city-street-car-rug-6313a0fee7__img_07.jpg,alt_current_empty_in_public_json; media_export_url_unknown_without_shopify_export
B023-222,chillgen.com,custom-road-map-area-rug-personalized-city-street-car-rug-6313a0fee7,15912097972593,80869976473969,GALLERY_PUBLIC_CDN,8,,https://cdn.shopify.com/s/files/1/1023/0068/0561/files/20a7ecab815fe1a6c7fc2b274aed5cdc8ad5a318dc942198a6fdd77a44d2ecee.jpg?v=1784370317,UNKNOWN_WITHOUT_SHOPIFY_EXPORT,PUBLIC_JSON_MATCHED_TO_HANDLE,,VIEWED_CONTACT_SHEET_AND_LOCAL_FILE,2026-09-07T03:29:10+07:00,material detail panel for truck road rug,,material detail panel for truck road rug,SET,NEEDS_REVIEW,1,,,,,seo_runs/chillgen.com/chillgen_20260907_01/evidence/images/B023/custom-road-map-area-rug-personalized-city-street-car-rug-6313a0fee7__img_08.jpg,alt_current_empty_in_public_json; media_export_url_unknown_without_shopify_export
B023-222,chillgen.com,custom-road-map-area-rug-personalized-city-street-car-rug-6313a0fee7,15912097972593,80869976506737,GALLERY_PUBLIC_CDN,9,,https://cdn.shopify.com/s/files/1/1023/0068/0561/files/e187acdd12675e53a16c80c4d5b1b640e666e46eec824764d0366bda9860e870.jpg?v=1784370323,UNKNOWN_WITHOUT_SHOPIFY_EXPORT,PUBLIC_JSON_MATCHED_TO_HANDLE,,VIEWED_CONTACT_SHEET_AND_LOCAL_FILE,2026-09-07T03:29:10+07:00,children using construction city rug,,children using construction city rug,SET,NEEDS_REVIEW,1,,,,,seo_runs/chillgen.com/chillgen_20260907_01/evidence/images/B023/custom-road-map-area-rug-personalized-city-street-car-rug-6313a0fee7__img_09.jpg,alt_current_empty_in_public_json; media_export_url_unknown_without_shopify_export
B023-222,chillgen.com,custom-road-map-area-rug-personalized-city-street-car-rug-6313a0fee7,15912097972593,80878919287153,GALLERY_PUBLIC_CDN,10,,https://cdn.shopify.com/s/files/1/1023/0068/0561/files/eb41fa1b2ecba5560ecc303d975225884b63ae5d82083f38d5d1f1061c4d2412.jpg?v=1784370323,UNKNOWN_WITHOUT_SHOPIFY_EXPORT,PUBLIC_JSON_MATCHED_TO_HANDLE,,VIEWED_CONTACT_SHEET_AND_LOCAL_FILE,2026-09-07T03:29:10+07:00,personalized construction road rug product view,,personalized construction road rug product view,SET,NEEDS_REVIEW,1,,,,,seo_runs/chillgen.com/chillgen_20260907_01/evidence/images/B023/custom-road-map-area-rug-personalized-city-street-car-rug-6313a0fee7__img_10.jpg,alt_current_empty_in_public_json; media_export_url_unknown_without_shopify_export
B023-222,chillgen.com,custom-road-map-area-rug-personalized-city-street-car-rug-6313a0fee7,15912097972593,80878919319921,GALLERY_PUBLIC_CDN,11,,https://cdn.shopify.com/s/files/1/1023/0068/0561/files/b8812b65c628462a3e26743d47215eb4bcae7a5440b494436962d98198c7dbd1.jpg?v=1784370328,UNKNOWN_WITHOUT_SHOPIFY_EXPORT,PUBLIC_JSON_MATCHED_TO_HANDLE,,VIEWED_CONTACT_SHEET_AND_LOCAL_FILE,2026-09-07T03:29:10+07:00,size chart for truck play rug,,size chart for truck play rug,SET,NEEDS_REVIEW,1,,,,,seo_runs/chillgen.com/chillgen_20260907_01/evidence/images/B023/custom-road-map-area-rug-personalized-city-street-car-rug-6313a0fee7__img_11.jpg,alt_current_empty_in_public_json; media_export_url_unknown_without_shopify_export
B023-222,chillgen.com,custom-road-map-area-rug-personalized-city-street-car-rug-6313a0fee7,15912097972593,80878919352689,GALLERY_PUBLIC_CDN,12,,https://cdn.shopify.com/s/files/1/1023/0068/0561/files/6922134fba6ea4f7ed9d777b07a07de06730fdf34da91efcf4a3099f77db21f4.jpg?v=1784370329,UNKNOWN_WITHOUT_SHOPIFY_EXPORT,PUBLIC_JSON_MATCHED_TO_HANDLE,,VIEWED_CONTACT_SHEET_AND_LOCAL_FILE,2026-09-07T03:29:10+07:00,angled construction road rug,,angled construction road rug,SET,NEEDS_REVIEW,1,,,,,seo_runs/chillgen.com/chillgen_20260907_01/evidence/images/B023/custom-road-map-area-rug-personalized-city-street-car-rug-6313a0fee7__img_12.jpg,alt_current_empty_in_public_json; media_export_url_unknown_without_shopify_export
B023-222,chillgen.com,custom-road-map-area-rug-personalized-city-street-car-rug-6313a0fee7,15912097972593,80878919385457,GALLERY_PUBLIC_CDN,13,,https://cdn.shopify.com/s/files/1/1023/0068/0561/files/ec16588a3989d86f4d056f4f85f63dce0088de2556cb084a04fdf82d0194b949.jpg?v=1784370334,UNKNOWN_WITHOUT_SHOPIFY_EXPORT,PUBLIC_JSON_MATCHED_TO_HANDLE,,VIEWED_CONTACT_SHEET_AND_LOCAL_FILE,2026-09-07T03:29:10+07:00,large truck road rug in classroom,,large truck road rug in classroom,SET,NEEDS_REVIEW,1,,,,,seo_runs/chillgen.com/chillgen_20260907_01/evidence/images/B023/custom-road-map-area-rug-personalized-city-street-car-rug-6313a0fee7__img_13.jpg,alt_current_empty_in_public_json; media_export_url_unknown_without_shopify_export
B023-222,chillgen.com,custom-road-map-area-rug-personalized-city-street-car-rug-6313a0fee7,15912097972593,80878919418225,GALLERY_PUBLIC_CDN,14,,https://cdn.shopify.com/s/files/1/1023/0068/0561/files/d5d1d164a7bfff71fac5e81cbaad11cde5e47a9b15f7ee453856ed1f8ef386cb.jpg?v=1784370335,UNKNOWN_WITHOUT_SHOPIFY_EXPORT,PUBLIC_JSON_MATCHED_TO_HANDLE,,VIEWED_CONTACT_SHEET_AND_LOCAL_FILE,2026-09-07T03:29:10+07:00,construction road map rug in play area,,construction road map rug in play area,SET,NEEDS_REVIEW,1,,,,,seo_runs/chillgen.com/chillgen_20260907_01/evidence/images/B023/custom-road-map-area-rug-personalized-city-street-car-rug-6313a0fee7__img_14.jpg,alt_current_empty_in_public_json; media_export_url_unknown_without_shopify_export
B023-222,chillgen.com,custom-road-map-area-rug-personalized-city-street-car-rug-6313a0fee7,15912097972593,80878919450993,GALLERY_PUBLIC_CDN,15,,https://cdn.shopify.com/s/files/1/1023/0068/0561/files/c2035ec1197b718006a40a462b4b57440e25d14a5ab7575da0621fb6be1d8e02.jpg?v=1784370340,UNKNOWN_WITHOUT_SHOPIFY_EXPORT,PUBLIC_JSON_MATCHED_TO_HANDLE,,VIEWED_CONTACT_SHEET_AND_LOCAL_FILE,2026-09-07T03:29:10+07:00,kids room view of construction rug,,kids room view of construction rug,SET,NEEDS_REVIEW,1,,,,,seo_runs/chillgen.com/chillgen_20260907_01/evidence/images/B023/custom-road-map-area-rug-personalized-city-street-car-rug-6313a0fee7__img_15.jpg,alt_current_empty_in_public_json; media_export_url_unknown_without_shopify_export
B023-222,chillgen.com,custom-road-map-area-rug-personalized-city-street-car-rug-6313a0fee7,15912097972593,80878919483761,GALLERY_PUBLIC_CDN,16,,https://cdn.shopify.com/s/files/1/1023/0068/0561/files/f2cc9c9339d3392fd2e7639d86b137f3c0a69e64db28c1e593b7668411eb52bd.jpg?v=1784370340,UNKNOWN_WITHOUT_SHOPIFY_EXPORT,PUBLIC_JSON_MATCHED_TO_HANDLE,,VIEWED_CONTACT_SHEET_AND_LOCAL_FILE,2026-09-07T03:29:10+07:00,washable care visual for truck road rug,,washable care visual for truck road rug,SET,NEEDS_REVIEW,1,,,,,seo_runs/chillgen.com/chillgen_20260907_01/evidence/images/B023/custom-road-map-area-rug-personalized-city-street-car-rug-6313a0fee7__img_16.jpg,alt_current_empty_in_public_json; media_export_url_unknown_without_shopify_export
B023-222,chillgen.com,custom-road-map-area-rug-personalized-city-street-car-rug-6313a0fee7,15912097972593,80878919516529,GALLERY_PUBLIC_CDN,17,,https://cdn.shopify.com/s/files/1/1023/0068/0561/files/930d70c3f23ca8dc53c27553a98902e8940c4c26341ea24f5341cc656ba12de4.jpg?v=1784370345,UNKNOWN_WITHOUT_SHOPIFY_EXPORT,PUBLIC_JSON_MATCHED_TO_HANDLE,,VIEWED_CONTACT_SHEET_AND_LOCAL_FILE,2026-09-07T03:29:10+07:00,non-slip backing detail for construction rug,,non-slip backing detail for construction rug,SET,NEEDS_REVIEW,1,,,,,seo_runs/chillgen.com/chillgen_20260907_01/evidence/images/B023/custom-road-map-area-rug-personalized-city-street-car-rug-6313a0fee7__img_17.jpg,alt_current_empty_in_public_json; media_export_url_unknown_without_shopify_export
B023-222,chillgen.com,custom-road-map-area-rug-personalized-city-street-car-rug-6313a0fee7,15912097972593,80878919549297,GALLERY_PUBLIC_CDN,18,,https://cdn.shopify.com/s/files/1/1023/0068/0561/files/4e13c97d88c69de484812f1c99b1099b17b080beb1d20072ab056468bbc73743.jpg?v=1784370346,UNKNOWN_WITHOUT_SHOPIFY_EXPORT,PUBLIC_JSON_MATCHED_TO_HANDLE,,VIEWED_CONTACT_SHEET_AND_LOCAL_FILE,2026-09-07T03:29:10+07:00,group play on construction city rug,,group play on construction city rug,SET,NEEDS_REVIEW,1,,,,,seo_runs/chillgen.com/chillgen_20260907_01/evidence/images/B023/custom-road-map-area-rug-personalized-city-street-car-rug-6313a0fee7__img_18.jpg,alt_current_empty_in_public_json; media_export_url_unknown_without_shopify_export
B023-223,chillgen.com,personalized-christmas-doormat-custom-family-name-7358e56962-7358e56962,15912098169201,80869978145137,GALLERY_PUBLIC_CDN,1,,https://cdn.shopify.com/s/files/1/1023/0068/0561/files/11ddeeb4925bf661b09ec8d7d93c6b9da38235873f24a47d9dca5890ccbd640e.jpg?v=1784383076,UNKNOWN_WITHOUT_SHOPIFY_EXPORT,PUBLIC_JSON_MATCHED_TO_HANDLE,,VIEWED_CONTACT_SHEET_AND_LOCAL_FILE,2026-09-07T03:29:10+07:00,Santa stop here family doormat at door,,Santa stop here family doormat at door,SET,NEEDS_REVIEW,1,,,,,seo_runs/chillgen.com/chillgen_20260907_01/evidence/images/B023/personalized-christmas-doormat-custom-family-name-7358e56962-7358e56962__img_01.jpg,alt_current_empty_in_public_json; media_export_url_unknown_without_shopify_export
B023-223,chillgen.com,personalized-christmas-doormat-custom-family-name-7358e56962-7358e56962,15912098169201,80869978210673,GALLERY_PUBLIC_CDN,2,,https://cdn.shopify.com/s/files/1/1023/0068/0561/files/e9c288df4e785a7b8a536f5163fb357f17206f05f69ab1404a67d8923fe88ee4.jpg?v=1784383078,UNKNOWN_WITHOUT_SHOPIFY_EXPORT,PUBLIC_JSON_MATCHED_TO_HANDLE,,VIEWED_CONTACT_SHEET_AND_LOCAL_FILE,2026-09-07T03:29:10+07:00,person holding personalized Santa doormat,,person holding personalized Santa doormat,SET,NEEDS_REVIEW,1,,,,,seo_runs/chillgen.com/chillgen_20260907_01/evidence/images/B023/personalized-christmas-doormat-custom-family-name-7358e56962-7358e56962__img_02.jpg,alt_current_empty_in_public_json; media_export_url_unknown_without_shopify_export
B023-223,chillgen.com,personalized-christmas-doormat-custom-family-name-7358e56962-7358e56962,15912098169201,80869978243441,GALLERY_PUBLIC_CDN,3,,https://cdn.shopify.com/s/files/1/1023/0068/0561/files/cfe68114ced15e7f06bd02c90c3a5e1bc6d9dcc9c3a0a3d6a3e9d164422c0519.jpg?v=1784383082,UNKNOWN_WITHOUT_SHOPIFY_EXPORT,PUBLIC_JSON_MATCHED_TO_HANDLE,,VIEWED_CONTACT_SHEET_AND_LOCAL_FILE,2026-09-07T03:29:10+07:00,Santa boots Christmas doormat product image,,Santa boots Christmas doormat product image,SET,NEEDS_REVIEW,1,,,,,seo_runs/chillgen.com/chillgen_20260907_01/evidence/images/B023/personalized-christmas-doormat-custom-family-name-7358e56962-7358e56962__img_03.jpg,alt_current_empty_in_public_json; media_export_url_unknown_without_shopify_export
B023-223,chillgen.com,personalized-christmas-doormat-custom-family-name-7358e56962-7358e56962,15912098169201,80869978276209,GALLERY_PUBLIC_CDN,4,,https://cdn.shopify.com/s/files/1/1023/0068/0561/files/90e59f1d6a0b2bbd840d8594410449ab84224f8a3b36ac08b49a884c1fc008f6.jpg?v=1784383083,UNKNOWN_WITHOUT_SHOPIFY_EXPORT,PUBLIC_JSON_MATCHED_TO_HANDLE,,VIEWED_CONTACT_SHEET_AND_LOCAL_FILE,2026-09-07T03:29:10+07:00,non-skid backing detail for Santa mat,,non-skid backing detail for Santa mat,SET,NEEDS_REVIEW,1,,,,,seo_runs/chillgen.com/chillgen_20260907_01/evidence/images/B023/personalized-christmas-doormat-custom-family-name-7358e56962-7358e56962__img_04.jpg,alt_current_empty_in_public_json; media_export_url_unknown_without_shopify_export
B023-223,chillgen.com,personalized-christmas-doormat-custom-family-name-7358e56962-7358e56962,15912098169201,80869978308977,GALLERY_PUBLIC_CDN,5,,https://cdn.shopify.com/s/files/1/1023/0068/0561/files/3d31797ccb2ec49d2f6ec84ec8e100e0f404e8407901549df79c5974d76c8e7e.jpg?v=1784383087,UNKNOWN_WITHOUT_SHOPIFY_EXPORT,PUBLIC_JSON_MATCHED_TO_HANDLE,,VIEWED_CONTACT_SHEET_AND_LOCAL_FILE,2026-09-07T03:29:10+07:00,Santa stop here mat beside bed,,Santa stop here mat beside bed,SET,NEEDS_REVIEW,1,,,,,seo_runs/chillgen.com/chillgen_20260907_01/evidence/images/B023/personalized-christmas-doormat-custom-family-name-7358e56962-7358e56962__img_05.jpg,alt_current_empty_in_public_json; media_export_url_unknown_without_shopify_export
B023-223,chillgen.com,personalized-christmas-doormat-custom-family-name-7358e56962-7358e56962,15912098169201,80869978341745,GALLERY_PUBLIC_CDN,6,,https://cdn.shopify.com/s/files/1/1023/0068/0561/files/886e4b8f48cb0cd25a70bcd0abe09a775e27b2874eec2932ab7767d9417e702b.jpg?v=1784383089,UNKNOWN_WITHOUT_SHOPIFY_EXPORT,PUBLIC_JSON_MATCHED_TO_HANDLE,,VIEWED_CONTACT_SHEET_AND_LOCAL_FILE,2026-09-07T03:29:10+07:00,Christmas Santa doormat at white door,,Christmas Santa doormat at white door,SET,NEEDS_REVIEW,1,,,,,seo_runs/chillgen.com/chillgen_20260907_01/evidence/images/B023/personalized-christmas-doormat-custom-family-name-7358e56962-7358e56962__img_06.jpg,alt_current_empty_in_public_json; media_export_url_unknown_without_shopify_export
B023-223,chillgen.com,personalized-christmas-doormat-custom-family-name-7358e56962-7358e56962,15912098169201,80869978374513,GALLERY_PUBLIC_CDN,7,,https://cdn.shopify.com/s/files/1/1023/0068/0561/files/66003f7bdbe9a06ce8c8f7a95554e4be88f7b52e6d2a7c0a8e2622d23dc71dc7.jpg?v=1784383093,UNKNOWN_WITHOUT_SHOPIFY_EXPORT,PUBLIC_JSON_MATCHED_TO_HANDLE,,VIEWED_CONTACT_SHEET_AND_LOCAL_FILE,2026-09-07T03:29:10+07:00,family name Santa mat at front door,,family name Santa mat at front door,SET,NEEDS_REVIEW,1,,,,,seo_runs/chillgen.com/chillgen_20260907_01/evidence/images/B023/personalized-christmas-doormat-custom-family-name-7358e56962-7358e56962__img_07.jpg,alt_current_empty_in_public_json; media_export_url_unknown_without_shopify_export
B023-223,chillgen.com,personalized-christmas-doormat-custom-family-name-7358e56962-7358e56962,15912098169201,80869978407281,GALLERY_PUBLIC_CDN,8,,https://cdn.shopify.com/s/files/1/1023/0068/0561/files/cf26de2f5ae771fc92a6e67a3169d640204374dcf739125894bbf318a5de6e08.jpg?v=1784383094,UNKNOWN_WITHOUT_SHOPIFY_EXPORT,PUBLIC_JSON_MATCHED_TO_HANDLE,,VIEWED_CONTACT_SHEET_AND_LOCAL_FILE,2026-09-07T03:29:10+07:00,Santa stop here mat on white floor,,Santa stop here mat on white floor,SET,NEEDS_REVIEW,1,,,,,seo_runs/chillgen.com/chillgen_20260907_01/evidence/images/B023/personalized-christmas-doormat-custom-family-name-7358e56962-7358e56962__img_08.jpg,alt_current_empty_in_public_json; media_export_url_unknown_without_shopify_export
B023-223,chillgen.com,personalized-christmas-doormat-custom-family-name-7358e56962-7358e56962,15912098169201,80869978440049,GALLERY_PUBLIC_CDN,9,,https://cdn.shopify.com/s/files/1/1023/0068/0561/files/71c485ff5f623c6d08eaeed091ddaed30d656c22b1d911cf6bb51d5029c4a70b.jpg?v=1784383099,UNKNOWN_WITHOUT_SHOPIFY_EXPORT,PUBLIC_JSON_MATCHED_TO_HANDLE,,VIEWED_CONTACT_SHEET_AND_LOCAL_FILE,2026-09-07T03:29:10+07:00,Santa boots doormat at entry,,Santa boots doormat at entry,SET,NEEDS_REVIEW,1,,,,,seo_runs/chillgen.com/chillgen_20260907_01/evidence/images/B023/personalized-christmas-doormat-custom-family-name-7358e56962-7358e56962__img_09.jpg,alt_current_empty_in_public_json; media_export_url_unknown_without_shopify_export
B023-223,chillgen.com,personalized-christmas-doormat-custom-family-name-7358e56962-7358e56962,15912098169201,80878924595569,GALLERY_PUBLIC_CDN,10,,https://cdn.shopify.com/s/files/1/1023/0068/0561/files/61rIHaNFJ3L._SL1500.jpg?v=1784378178,UNKNOWN_WITHOUT_SHOPIFY_EXPORT,PUBLIC_JSON_MATCHED_TO_HANDLE,,VIEWED_CONTACT_SHEET_AND_LOCAL_FILE,2026-09-07T03:29:10+07:00,flat product image of Santa family mat,,flat product image of Santa family mat,SET,NEEDS_REVIEW,1,,,,,seo_runs/chillgen.com/chillgen_20260907_01/evidence/images/B023/personalized-christmas-doormat-custom-family-name-7358e56962-7358e56962__img_10.jpg,alt_current_empty_in_public_json; media_export_url_unknown_without_shopify_export
B023-223,chillgen.com,personalized-christmas-doormat-custom-family-name-7358e56962-7358e56962,15912098169201,80878924628337,GALLERY_PUBLIC_CDN,11,,https://cdn.shopify.com/s/files/1/1023/0068/0561/files/71NRRgk-apL._SL1500.jpg?v=1784378182,UNKNOWN_WITHOUT_SHOPIFY_EXPORT,PUBLIC_JSON_MATCHED_TO_HANDLE,,VIEWED_CONTACT_SHEET_AND_LOCAL_FILE,2026-09-07T03:29:10+07:00,backing and thickness detail for Santa doormat,,backing and thickness detail for Santa doormat,SET,NEEDS_REVIEW,1,,,,,seo_runs/chillgen.com/chillgen_20260907_01/evidence/images/B023/personalized-christmas-doormat-custom-family-name-7358e56962-7358e56962__img_11.jpg,alt_current_empty_in_public_json; media_export_url_unknown_without_shopify_export
B023-223,chillgen.com,personalized-christmas-doormat-custom-family-name-7358e56962-7358e56962,15912098169201,80878924661105,GALLERY_PUBLIC_CDN,12,,https://cdn.shopify.com/s/files/1/1023/0068/0561/files/71-ShuEKA2L._SL1500.jpg?v=1784378184,UNKNOWN_WITHOUT_SHOPIFY_EXPORT,PUBLIC_JSON_MATCHED_TO_HANDLE,,VIEWED_CONTACT_SHEET_AND_LOCAL_FILE,2026-09-07T03:29:10+07:00,Santa mat beside bed entry,,Santa mat beside bed entry,SET,NEEDS_REVIEW,1,,,,,seo_runs/chillgen.com/chillgen_20260907_01/evidence/images/B023/personalized-christmas-doormat-custom-family-name-7358e56962-7358e56962__img_12.jpg,alt_current_empty_in_public_json; media_export_url_unknown_without_shopify_export
B023-223,chillgen.com,personalized-christmas-doormat-custom-family-name-7358e56962-7358e56962,15912098169201,80878924693873,GALLERY_PUBLIC_CDN,13,,https://cdn.shopify.com/s/files/1/1023/0068/0561/files/71Z2BXzsI7L._SL1500.jpg?v=1784378188,UNKNOWN_WITHOUT_SHOPIFY_EXPORT,PUBLIC_JSON_MATCHED_TO_HANDLE,,VIEWED_CONTACT_SHEET_AND_LOCAL_FILE,2026-09-07T03:29:10+07:00,Santa mat by Christmas tree,,Santa mat by Christmas tree,SET,NEEDS_REVIEW,1,,,,,seo_runs/chillgen.com/chillgen_20260907_01/evidence/images/B023/personalized-christmas-doormat-custom-family-name-7358e56962-7358e56962__img_13.jpg,alt_current_empty_in_public_json; media_export_url_unknown_without_shopify_export
B023-223,chillgen.com,personalized-christmas-doormat-custom-family-name-7358e56962-7358e56962,15912098169201,80878924726641,GALLERY_PUBLIC_CDN,14,,https://cdn.shopify.com/s/files/1/1023/0068/0561/files/71zCS1Q3-yL._SL1500.jpg?v=1784378189,UNKNOWN_WITHOUT_SHOPIFY_EXPORT,PUBLIC_JSON_MATCHED_TO_HANDLE,,VIEWED_CONTACT_SHEET_AND_LOCAL_FILE,2026-09-07T03:29:10+07:00,Santa family doormat at front door,,Santa family doormat at front door,SET,NEEDS_REVIEW,1,,,,,seo_runs/chillgen.com/chillgen_20260907_01/evidence/images/B023/personalized-christmas-doormat-custom-family-name-7358e56962-7358e56962__img_14.jpg,alt_current_empty_in_public_json; media_export_url_unknown_without_shopify_export
B023-223,chillgen.com,personalized-christmas-doormat-custom-family-name-7358e56962-7358e56962,15912098169201,80878924759409,GALLERY_PUBLIC_CDN,15,,https://cdn.shopify.com/s/files/1/1023/0068/0561/files/61qfcx2vY4L._SL1500.jpg?v=1784378193,UNKNOWN_WITHOUT_SHOPIFY_EXPORT,PUBLIC_JSON_MATCHED_TO_HANDLE,,VIEWED_CONTACT_SHEET_AND_LOCAL_FILE,2026-09-07T03:29:10+07:00,Santa stop here mat by white door,,Santa stop here mat by white door,SET,NEEDS_REVIEW,1,,,,,seo_runs/chillgen.com/chillgen_20260907_01/evidence/images/B023/personalized-christmas-doormat-custom-family-name-7358e56962-7358e56962__img_15.jpg,alt_current_empty_in_public_json; media_export_url_unknown_without_shopify_export
B023-223,chillgen.com,personalized-christmas-doormat-custom-family-name-7358e56962-7358e56962,15912098169201,80878924792177,GALLERY_PUBLIC_CDN,16,,https://cdn.shopify.com/s/files/1/1023/0068/0561/files/715Tuj5rEvL._SL1500.jpg?v=1784378195,UNKNOWN_WITHOUT_SHOPIFY_EXPORT,PUBLIC_JSON_MATCHED_TO_HANDLE,,VIEWED_CONTACT_SHEET_AND_LOCAL_FILE,2026-09-07T03:29:10+07:00,Santa boots family name doormat overhead,,Santa boots family name doormat overhead,SET,NEEDS_REVIEW,1,,,,,seo_runs/chillgen.com/chillgen_20260907_01/evidence/images/B023/personalized-christmas-doormat-custom-family-name-7358e56962-7358e56962__img_16.jpg,alt_current_empty_in_public_json; media_export_url_unknown_without_shopify_export
B023-224,chillgen.com,personalized-christmas-doormat-80a01c19f6-80a01c19f6,15912098201969,80869978636657,GALLERY_PUBLIC_CDN,1,,https://cdn.shopify.com/s/files/1/1023/0068/0561/files/20595e8514849eed778724742be2505bfd8dbb51fb2e8cad4e7a8d1c356dc7f9.jpg?v=1784383050,UNKNOWN_WITHOUT_SHOPIFY_EXPORT,PUBLIC_JSON_MATCHED_TO_HANDLE,,VIEWED_CONTACT_SHEET_AND_LOCAL_FILE,2026-09-07T03:29:10+07:00,pet stocking Christmas doormat at door,,pet stocking Christmas doormat at door,SET,NEEDS_REVIEW,1,,,,,seo_runs/chillgen.com/chillgen_20260907_01/evidence/images/B023/personalized-christmas-doormat-80a01c19f6-80a01c19f6__img_01.jpg,alt_current_empty_in_public_json; media_export_url_unknown_without_shopify_export
B023-224,chillgen.com,personalized-christmas-doormat-80a01c19f6-80a01c19f6,15912098201969,80869978702193,GALLERY_PUBLIC_CDN,2,,https://cdn.shopify.com/s/files/1/1023/0068/0561/files/3f2ec1ab04935eba588f9a011177f78c61a8e756ad543a28bc35ae7ee954855d.jpg?v=1784383055,UNKNOWN_WITHOUT_SHOPIFY_EXPORT,PUBLIC_JSON_MATCHED_TO_HANDLE,,VIEWED_CONTACT_SHEET_AND_LOCAL_FILE,2026-09-07T03:29:10+07:00,dog stocking Christmas mat beside white door,,dog stocking Christmas mat beside white door,SET,NEEDS_REVIEW,1,,,,,seo_runs/chillgen.com/chillgen_20260907_01/evidence/images/B023/personalized-christmas-doormat-80a01c19f6-80a01c19f6__img_02.jpg,alt_current_empty_in_public_json; media_export_url_unknown_without_shopify_export
B023-224,chillgen.com,personalized-christmas-doormat-80a01c19f6-80a01c19f6,15912098201969,80869978734961,GALLERY_PUBLIC_CDN,3,,https://cdn.shopify.com/s/files/1/1023/0068/0561/files/5440ee624800f943242b37e1dd05767dd941f33c26393b05f42f837442d57d2d.jpg?v=1784383056,UNKNOWN_WITHOUT_SHOPIFY_EXPORT,PUBLIC_JSON_MATCHED_TO_HANDLE,,VIEWED_CONTACT_SHEET_AND_LOCAL_FILE,2026-09-07T03:29:10+07:00,pet names Merry Christmas doormat product image,,pet names Merry Christmas doormat product image,SET,NEEDS_REVIEW,1,,,,,seo_runs/chillgen.com/chillgen_20260907_01/evidence/images/B023/personalized-christmas-doormat-80a01c19f6-80a01c19f6__img_03.jpg,alt_current_empty_in_public_json; media_export_url_unknown_without_shopify_export
B023-224,chillgen.com,personalized-christmas-doormat-80a01c19f6-80a01c19f6,15912098201969,80869978767729,GALLERY_PUBLIC_CDN,4,,https://cdn.shopify.com/s/files/1/1023/0068/0561/files/f8eed95b06ca3b383d0025e9c1e6cb119bae6e11a2247294fa05f612805d3e1e.jpg?v=1784383060,UNKNOWN_WITHOUT_SHOPIFY_EXPORT,PUBLIC_JSON_MATCHED_TO_HANDLE,,VIEWED_CONTACT_SHEET_AND_LOCAL_FILE,2026-09-07T03:29:10+07:00,person holding personalized pet Christmas mat,,person holding personalized pet Christmas mat,SET,NEEDS_REVIEW,1,,,,,seo_runs/chillgen.com/chillgen_20260907_01/evidence/images/B023/personalized-christmas-doormat-80a01c19f6-80a01c19f6__img_04.jpg,alt_current_empty_in_public_json; media_export_url_unknown_without_shopify_export
B023-224,chillgen.com,personalized-christmas-doormat-80a01c19f6-80a01c19f6,15912098201969,80869978800497,GALLERY_PUBLIC_CDN,5,,https://cdn.shopify.com/s/files/1/1023/0068/0561/files/cc38fed26f97de9c7c7a9169f3b115df8a695a584b1958b135587d3ec8a6cdb8.jpg?v=1784383061,UNKNOWN_WITHOUT_SHOPIFY_EXPORT,PUBLIC_JSON_MATCHED_TO_HANDLE,,VIEWED_CONTACT_SHEET_AND_LOCAL_FILE,2026-09-07T03:29:10+07:00,non-skid backing detail for pet holiday mat,,non-skid backing detail for pet holiday mat,SET,NEEDS_REVIEW,1,,,,,seo_runs/chillgen.com/chillgen_20260907_01/evidence/images/B023/personalized-christmas-doormat-80a01c19f6-80a01c19f6__img_05.jpg,alt_current_empty_in_public_json; media_export_url_unknown_without_shopify_export
B023-224,chillgen.com,personalized-christmas-doormat-80a01c19f6-80a01c19f6,15912098201969,80869978833265,GALLERY_PUBLIC_CDN,6,,https://cdn.shopify.com/s/files/1/1023/0068/0561/files/897891c302681d70df7c2107d46eb09633f8852e8fdd38bda48c6d244f8587f4.jpg?v=1784383066,UNKNOWN_WITHOUT_SHOPIFY_EXPORT,PUBLIC_JSON_MATCHED_TO_HANDLE,,VIEWED_CONTACT_SHEET_AND_LOCAL_FILE,2026-09-07T03:29:10+07:00,dog Christmas doormat at front door,,dog Christmas doormat at front door,SET,NEEDS_REVIEW,1,,,,,seo_runs/chillgen.com/chillgen_20260907_01/evidence/images/B023/personalized-christmas-doormat-80a01c19f6-80a01c19f6__img_06.jpg,alt_current_empty_in_public_json; media_export_url_unknown_without_shopify_export
B023-224,chillgen.com,personalized-christmas-doormat-80a01c19f6-80a01c19f6,15912098201969,80869978866033,GALLERY_PUBLIC_CDN,7,,https://cdn.shopify.com/s/files/1/1023/0068/0561/files/9333beb9005e8cfba8bed01e74fff3ea932df41edc872dd5ef5cf757515c82e3.jpg?v=1784383067,UNKNOWN_WITHOUT_SHOPIFY_EXPORT,PUBLIC_JSON_MATCHED_TO_HANDLE,,VIEWED_CONTACT_SHEET_AND_LOCAL_FILE,2026-09-07T03:29:10+07:00,pet stocking mat overhead at entry,,pet stocking mat overhead at entry,SET,NEEDS_REVIEW,1,,,,,seo_runs/chillgen.com/chillgen_20260907_01/evidence/images/B023/personalized-christmas-doormat-80a01c19f6-80a01c19f6__img_07.jpg,alt_current_empty_in_public_json; media_export_url_unknown_without_shopify_export
B023-224,chillgen.com,personalized-christmas-doormat-80a01c19f6-80a01c19f6,15912098201969,80869978898801,GALLERY_PUBLIC_CDN,8,,https://cdn.shopify.com/s/files/1/1023/0068/0561/files/24f0ec7495882262e29b9ef2cd52ac88cab56aab1716b09d9c159d9ea8d6e4b1.jpg?v=1784383071,UNKNOWN_WITHOUT_SHOPIFY_EXPORT,PUBLIC_JSON_MATCHED_TO_HANDLE,,VIEWED_CONTACT_SHEET_AND_LOCAL_FILE,2026-09-07T03:29:10+07:00,black pet Christmas mat at white doorway,,black pet Christmas mat at white doorway,SET,NEEDS_REVIEW,1,,,,,seo_runs/chillgen.com/chillgen_20260907_01/evidence/images/B023/personalized-christmas-doormat-80a01c19f6-80a01c19f6__img_08.jpg,alt_current_empty_in_public_json; media_export_url_unknown_without_shopify_export
B023-224,chillgen.com,personalized-christmas-doormat-80a01c19f6-80a01c19f6,15912098201969,80869978931569,GALLERY_PUBLIC_CDN,9,,https://cdn.shopify.com/s/files/1/1023/0068/0561/files/5486b4ea3d4c9fde5a1da0ccf4cec9772a6c8aa1cdff37d03215407d65f5f88d.jpg?v=1784383072,UNKNOWN_WITHOUT_SHOPIFY_EXPORT,PUBLIC_JSON_MATCHED_TO_HANDLE,,VIEWED_CONTACT_SHEET_AND_LOCAL_FILE,2026-09-07T03:29:10+07:00,pet stocking mat beside bed,,pet stocking mat beside bed,SET,NEEDS_REVIEW,1,,,,,seo_runs/chillgen.com/chillgen_20260907_01/evidence/images/B023/personalized-christmas-doormat-80a01c19f6-80a01c19f6__img_09.jpg,alt_current_empty_in_public_json; media_export_url_unknown_without_shopify_export
B023-224,chillgen.com,personalized-christmas-doormat-80a01c19f6-80a01c19f6,15912098201969,80878923907441,GALLERY_PUBLIC_CDN,10,,https://cdn.shopify.com/s/files/1/1023/0068/0561/files/71_a5ijTiAL._SL1500.jpg?v=1784378168,UNKNOWN_WITHOUT_SHOPIFY_EXPORT,PUBLIC_JSON_MATCHED_TO_HANDLE,,VIEWED_CONTACT_SHEET_AND_LOCAL_FILE,2026-09-07T03:29:10+07:00,pet Christmas mat at dark front door,,pet Christmas mat at dark front door,SET,NEEDS_REVIEW,1,,,,,seo_runs/chillgen.com/chillgen_20260907_01/evidence/images/B023/personalized-christmas-doormat-80a01c19f6-80a01c19f6__img_10.jpg,alt_current_empty_in_public_json; media_export_url_unknown_without_shopify_export
B023-224,chillgen.com,personalized-christmas-doormat-80a01c19f6-80a01c19f6,15912098201969,80878923940209,GALLERY_PUBLIC_CDN,11,,https://cdn.shopify.com/s/files/1/1023/0068/0561/files/61FFKECa-UL._SL1500.jpg?v=1784378171,UNKNOWN_WITHOUT_SHOPIFY_EXPORT,PUBLIC_JSON_MATCHED_TO_HANDLE,,VIEWED_CONTACT_SHEET_AND_LOCAL_FILE,2026-09-07T03:29:10+07:00,overhead view of dog stocking doormat,,overhead view of dog stocking doormat,SET,NEEDS_REVIEW,1,,,,,seo_runs/chillgen.com/chillgen_20260907_01/evidence/images/B023/personalized-christmas-doormat-80a01c19f6-80a01c19f6__img_11.jpg,alt_current_empty_in_public_json; media_export_url_unknown_without_shopify_export
B023-224,chillgen.com,personalized-christmas-doormat-80a01c19f6-80a01c19f6,15912098201969,80878923972977,GALLERY_PUBLIC_CDN,12,,https://cdn.shopify.com/s/files/1/1023/0068/0561/files/61IYbyu_2OL._SL1500.jpg?v=1784378173,UNKNOWN_WITHOUT_SHOPIFY_EXPORT,PUBLIC_JSON_MATCHED_TO_HANDLE,,VIEWED_CONTACT_SHEET_AND_LOCAL_FILE,2026-09-07T03:29:10+07:00,pet family Christmas mat at doorway,,pet family Christmas mat at doorway,SET,NEEDS_REVIEW,1,,,,,seo_runs/chillgen.com/chillgen_20260907_01/evidence/images/B023/personalized-christmas-doormat-80a01c19f6-80a01c19f6__img_12.jpg,alt_current_empty_in_public_json; media_export_url_unknown_without_shopify_export
B023-224,chillgen.com,personalized-christmas-doormat-80a01c19f6-80a01c19f6,15912098201969,80878924005745,GALLERY_PUBLIC_CDN,13,,https://cdn.shopify.com/s/files/1/1023/0068/0561/files/71h9hPmnzVL._SL1500.jpg?v=1784378177,UNKNOWN_WITHOUT_SHOPIFY_EXPORT,PUBLIC_JSON_MATCHED_TO_HANDLE,,VIEWED_CONTACT_SHEET_AND_LOCAL_FILE,2026-09-07T03:29:10+07:00,pet stocking mat beside bed view,,pet stocking mat beside bed view,SET,NEEDS_REVIEW,1,,,,,seo_runs/chillgen.com/chillgen_20260907_01/evidence/images/B023/personalized-christmas-doormat-80a01c19f6-80a01c19f6__img_13.jpg,alt_current_empty_in_public_json; media_export_url_unknown_without_shopify_export
B023-225,chillgen.com,personalized-christmas-doormat-black-bear-family-e3c9d6a891-e3c9d6a891,15912098267505,80869979029873,GALLERY_PUBLIC_CDN,1,,https://cdn.shopify.com/s/files/1/1023/0068/0561/files/18011ca7a74a9f31116fa94f8b5959db7f768aff86faf8653219ecdc5fef4c99.jpg?v=1784383028,UNKNOWN_WITHOUT_SHOPIFY_EXPORT,PUBLIC_JSON_MATCHED_TO_HANDLE,,VIEWED_CONTACT_SHEET_AND_LOCAL_FILE,2026-09-07T03:29:10+07:00,black bear family Christmas doormat at door,,black bear family Christmas doormat at door,SET,NEEDS_REVIEW,1,,,,,seo_runs/chillgen.com/chillgen_20260907_01/evidence/images/B023/personalized-christmas-doormat-black-bear-family-e3c9d6a891-e3c9d6a891__img_01.jpg,alt_current_empty_in_public_json; media_export_url_unknown_without_shopify_export
B023-225,chillgen.com,personalized-christmas-doormat-black-bear-family-e3c9d6a891-e3c9d6a891,15912098267505,80869979095409,GALLERY_PUBLIC_CDN,2,,https://cdn.shopify.com/s/files/1/1023/0068/0561/files/9e1bbfcfd84980a43637e17d625335cb0bfb976112d7514419708afce423f047.jpg?v=1784383027,UNKNOWN_WITHOUT_SHOPIFY_EXPORT,PUBLIC_JSON_MATCHED_TO_HANDLE,,VIEWED_CONTACT_SHEET_AND_LOCAL_FILE,2026-09-07T03:29:10+07:00,bear family holiday mat beside white door,,bear family holiday mat beside white door,SET,NEEDS_REVIEW,1,,,,,seo_runs/chillgen.com/chillgen_20260907_01/evidence/images/B023/personalized-christmas-doormat-black-bear-family-e3c9d6a891-e3c9d6a891__img_02.jpg,alt_current_empty_in_public_json; media_export_url_unknown_without_shopify_export
B023-225,chillgen.com,personalized-christmas-doormat-black-bear-family-e3c9d6a891-e3c9d6a891,15912098267505,80869979128177,GALLERY_PUBLIC_CDN,3,,https://cdn.shopify.com/s/files/1/1023/0068/0561/files/d26d2cb3ac4e03c599e3ba07bb5c7047c12698adb2321254998433cf7f0cf80e.jpg?v=1784383032,UNKNOWN_WITHOUT_SHOPIFY_EXPORT,PUBLIC_JSON_MATCHED_TO_HANDLE,,VIEWED_CONTACT_SHEET_AND_LOCAL_FILE,2026-09-07T03:29:10+07:00,black bear family doormat product image,,black bear family doormat product image,SET,NEEDS_REVIEW,1,,,,,seo_runs/chillgen.com/chillgen_20260907_01/evidence/images/B023/personalized-christmas-doormat-black-bear-family-e3c9d6a891-e3c9d6a891__img_03.jpg,alt_current_empty_in_public_json; media_export_url_unknown_without_shopify_export
B023-225,chillgen.com,personalized-christmas-doormat-black-bear-family-e3c9d6a891-e3c9d6a891,15912098267505,80869979160945,GALLERY_PUBLIC_CDN,4,,https://cdn.shopify.com/s/files/1/1023/0068/0561/files/a5350e93bca0ddc4dd81d21a6203658c6f61c5d543c52bee26504c9bfc93b651.jpg?v=1784383033,UNKNOWN_WITHOUT_SHOPIFY_EXPORT,PUBLIC_JSON_MATCHED_TO_HANDLE,,VIEWED_CONTACT_SHEET_AND_LOCAL_FILE,2026-09-07T03:29:10+07:00,person holding bear family Christmas mat,,person holding bear family Christmas mat,SET,NEEDS_REVIEW,1,,,,,seo_runs/chillgen.com/chillgen_20260907_01/evidence/images/B023/personalized-christmas-doormat-black-bear-family-e3c9d6a891-e3c9d6a891__img_04.jpg,alt_current_empty_in_public_json; media_export_url_unknown_without_shopify_export
B023-225,chillgen.com,personalized-christmas-doormat-black-bear-family-e3c9d6a891-e3c9d6a891,15912098267505,80869979193713,GALLERY_PUBLIC_CDN,5,,https://cdn.shopify.com/s/files/1/1023/0068/0561/files/32f4b8826457979c61e230e9e7a2b29bde4e2f0a5734f36370f0b8a37216a6e3.jpg?v=1784383038,UNKNOWN_WITHOUT_SHOPIFY_EXPORT,PUBLIC_JSON_MATCHED_TO_HANDLE,,VIEWED_CONTACT_SHEET_AND_LOCAL_FILE,2026-09-07T03:29:10+07:00,non-skid backing detail for bear mat,,non-skid backing detail for bear mat,SET,NEEDS_REVIEW,1,,,,,seo_runs/chillgen.com/chillgen_20260907_01/evidence/images/B023/personalized-christmas-doormat-black-bear-family-e3c9d6a891-e3c9d6a891__img_05.jpg,alt_current_empty_in_public_json; media_export_url_unknown_without_shopify_export
B023-225,chillgen.com,personalized-christmas-doormat-black-bear-family-e3c9d6a891-e3c9d6a891,15912098267505,80869979226481,GALLERY_PUBLIC_CDN,6,,https://cdn.shopify.com/s/files/1/1023/0068/0561/files/3b51481adde3245776d8b104857eb196295da2a06b919afd58ca117d37fafadd.jpg?v=1784383040,UNKNOWN_WITHOUT_SHOPIFY_EXPORT,PUBLIC_JSON_MATCHED_TO_HANDLE,,VIEWED_CONTACT_SHEET_AND_LOCAL_FILE,2026-09-07T03:29:10+07:00,bear family mat at front door,,bear family mat at front door,SET,NEEDS_REVIEW,1,,,,,seo_runs/chillgen.com/chillgen_20260907_01/evidence/images/B023/personalized-christmas-doormat-black-bear-family-e3c9d6a891-e3c9d6a891__img_06.jpg,alt_current_empty_in_public_json; media_export_url_unknown_without_shopify_export
B023-225,chillgen.com,personalized-christmas-doormat-black-bear-family-e3c9d6a891-e3c9d6a891,15912098267505,80869979259249,GALLERY_PUBLIC_CDN,7,,https://cdn.shopify.com/s/files/1/1023/0068/0561/files/f41e413784a4d96d715f3815c5d970230654ccb628b5083862c1db3dddf3696a.jpg?v=1784383044,UNKNOWN_WITHOUT_SHOPIFY_EXPORT,PUBLIC_JSON_MATCHED_TO_HANDLE,,VIEWED_CONTACT_SHEET_AND_LOCAL_FILE,2026-09-07T03:29:10+07:00,overhead view of bear Christmas doormat,,overhead view of bear Christmas doormat,SET,NEEDS_REVIEW,1,,,,,seo_runs/chillgen.com/chillgen_20260907_01/evidence/images/B023/personalized-christmas-doormat-black-bear-family-e3c9d6a891-e3c9d6a891__img_07.jpg,alt_current_empty_in_public_json; media_export_url_unknown_without_shopify_export
B023-225,chillgen.com,personalized-christmas-doormat-black-bear-family-e3c9d6a891-e3c9d6a891,15912098267505,80869979292017,GALLERY_PUBLIC_CDN,8,,https://cdn.shopify.com/s/files/1/1023/0068/0561/files/3325cc590a038b3b95e12b2b143be0082bd097c5dde7b04f31d16ca04294700d.jpg?v=1784383045,UNKNOWN_WITHOUT_SHOPIFY_EXPORT,PUBLIC_JSON_MATCHED_TO_HANDLE,,VIEWED_CONTACT_SHEET_AND_LOCAL_FILE,2026-09-07T03:29:10+07:00,bear family mat at white doorway,,bear family mat at white doorway,SET,NEEDS_REVIEW,1,,,,,seo_runs/chillgen.com/chillgen_20260907_01/evidence/images/B023/personalized-christmas-doormat-black-bear-family-e3c9d6a891-e3c9d6a891__img_08.jpg,alt_current_empty_in_public_json; media_export_url_unknown_without_shopify_export
B023-225,chillgen.com,personalized-christmas-doormat-black-bear-family-e3c9d6a891-e3c9d6a891,15912098267505,80869979324785,GALLERY_PUBLIC_CDN,9,,https://cdn.shopify.com/s/files/1/1023/0068/0561/files/68cfece97ccc73bcf587668d0d5c4e0124ff325743f2b175d55ea73aefb3cad9.jpg?v=1784383049,UNKNOWN_WITHOUT_SHOPIFY_EXPORT,PUBLIC_JSON_MATCHED_TO_HANDLE,,VIEWED_CONTACT_SHEET_AND_LOCAL_FILE,2026-09-07T03:29:10+07:00,bear holiday doormat beside bed,,bear holiday doormat beside bed,SET,NEEDS_REVIEW,1,,,,,seo_runs/chillgen.com/chillgen_20260907_01/evidence/images/B023/personalized-christmas-doormat-black-bear-family-e3c9d6a891-e3c9d6a891__img_09.jpg,alt_current_empty_in_public_json; media_export_url_unknown_without_shopify_export
B023-225,chillgen.com,personalized-christmas-doormat-black-bear-family-e3c9d6a891-e3c9d6a891,15912098267505,80878922662257,GALLERY_PUBLIC_CDN,10,,https://cdn.shopify.com/s/files/1/1023/0068/0561/files/71UlDNVXaLL._SL1500.jpg?v=1784378148,UNKNOWN_WITHOUT_SHOPIFY_EXPORT,PUBLIC_JSON_MATCHED_TO_HANDLE,,VIEWED_CONTACT_SHEET_AND_LOCAL_FILE,2026-09-07T03:29:10+07:00,person holding custom bear mat,,person holding custom bear mat,SET,NEEDS_REVIEW,1,,,,,seo_runs/chillgen.com/chillgen_20260907_01/evidence/images/B023/personalized-christmas-doormat-black-bear-family-e3c9d6a891-e3c9d6a891__img_10.jpg,alt_current_empty_in_public_json; media_export_url_unknown_without_shopify_export
B023-225,chillgen.com,personalized-christmas-doormat-black-bear-family-e3c9d6a891-e3c9d6a891,15912098267505,80878922695025,GALLERY_PUBLIC_CDN,11,,https://cdn.shopify.com/s/files/1/1023/0068/0561/files/71awlBkX9wL._SL1500.jpg?v=1784378153,UNKNOWN_WITHOUT_SHOPIFY_EXPORT,PUBLIC_JSON_MATCHED_TO_HANDLE,,VIEWED_CONTACT_SHEET_AND_LOCAL_FILE,2026-09-07T03:29:10+07:00,backing and thickness detail for bear doormat,,backing and thickness detail for bear doormat,SET,NEEDS_REVIEW,1,,,,,seo_runs/chillgen.com/chillgen_20260907_01/evidence/images/B023/personalized-christmas-doormat-black-bear-family-e3c9d6a891-e3c9d6a891__img_11.jpg,alt_current_empty_in_public_json; media_export_url_unknown_without_shopify_export
B023-225,chillgen.com,personalized-christmas-doormat-black-bear-family-e3c9d6a891-e3c9d6a891,15912098267505,80878922727793,GALLERY_PUBLIC_CDN,12,,https://cdn.shopify.com/s/files/1/1023/0068/0561/files/71H0dUuOffL._SL1500.jpg?v=1784378154,UNKNOWN_WITHOUT_SHOPIFY_EXPORT,PUBLIC_JSON_MATCHED_TO_HANDLE,,VIEWED_CONTACT_SHEET_AND_LOCAL_FILE,2026-09-07T03:29:10+07:00,bear family Christmas doormat at dark door,,bear family Christmas doormat at dark door,SET,NEEDS_REVIEW,1,,,,,seo_runs/chillgen.com/chillgen_20260907_01/evidence/images/B023/personalized-christmas-doormat-black-bear-family-e3c9d6a891-e3c9d6a891__img_12.jpg,alt_current_empty_in_public_json; media_export_url_unknown_without_shopify_export
B023-225,chillgen.com,personalized-christmas-doormat-black-bear-family-e3c9d6a891-e3c9d6a891,15912098267505,80878922760561,GALLERY_PUBLIC_CDN,13,,https://cdn.shopify.com/s/files/1/1023/0068/0561/files/71R_P_olyZL._SL1500.jpg?v=1784378161,UNKNOWN_WITHOUT_SHOPIFY_EXPORT,PUBLIC_JSON_MATCHED_TO_HANDLE,,VIEWED_CONTACT_SHEET_AND_LOCAL_FILE,2026-09-07T03:29:10+07:00,overhead bear family mat,,overhead bear family mat,SET,NEEDS_REVIEW,1,,,,,seo_runs/chillgen.com/chillgen_20260907_01/evidence/images/B023/personalized-christmas-doormat-black-bear-family-e3c9d6a891-e3c9d6a891__img_13.jpg,alt_current_empty_in_public_json; media_export_url_unknown_without_shopify_export
B023-225,chillgen.com,personalized-christmas-doormat-black-bear-family-e3c9d6a891-e3c9d6a891,15912098267505,80878922793329,GALLERY_PUBLIC_CDN,14,,https://cdn.shopify.com/s/files/1/1023/0068/0561/files/715vqEXqe9L._SL1500.jpg?v=1784378162,UNKNOWN_WITHOUT_SHOPIFY_EXPORT,PUBLIC_JSON_MATCHED_TO_HANDLE,,VIEWED_CONTACT_SHEET_AND_LOCAL_FILE,2026-09-07T03:29:10+07:00,bear mat beside white door,,bear mat beside white door,SET,NEEDS_REVIEW,1,,,,,seo_runs/chillgen.com/chillgen_20260907_01/evidence/images/B023/personalized-christmas-doormat-black-bear-family-e3c9d6a891-e3c9d6a891__img_14.jpg,alt_current_empty_in_public_json; media_export_url_unknown_without_shopify_export
B023-225,chillgen.com,personalized-christmas-doormat-black-bear-family-e3c9d6a891-e3c9d6a891,15912098267505,80878922826097,GALLERY_PUBLIC_CDN,15,,https://cdn.shopify.com/s/files/1/1023/0068/0561/files/71elfBMPA8L._SL1500.jpg?v=1784378166,UNKNOWN_WITHOUT_SHOPIFY_EXPORT,PUBLIC_JSON_MATCHED_TO_HANDLE,,VIEWED_CONTACT_SHEET_AND_LOCAL_FILE,2026-09-07T03:29:10+07:00,bear family doormat beside bed,,bear family doormat beside bed,SET,NEEDS_REVIEW,1,,,,,seo_runs/chillgen.com/chillgen_20260907_01/evidence/images/B023/personalized-christmas-doormat-black-bear-family-e3c9d6a891-e3c9d6a891__img_15.jpg,alt_current_empty_in_public_json; media_export_url_unknown_without_shopify_export
B023-226,chillgen.com,personalized-christmas-doormat-family-name-5fb80e7372-5fb80e7372,15912099185009,80869981880689,GALLERY_PUBLIC_CDN,1,,https://cdn.shopify.com/s/files/1/1023/0068/0561/files/88f1164841d39e4e156b0335642fc352350486cac8645421a9b43eb9a3003403.jpg?v=1784383000,UNKNOWN_WITHOUT_SHOPIFY_EXPORT,PUBLIC_JSON_MATCHED_TO_HANDLE,,VIEWED_CONTACT_SHEET_AND_LOCAL_FILE,2026-09-07T03:29:10+07:00,red monogram Christmas doormat at door,,red monogram Christmas doormat at door,SET,NEEDS_REVIEW,1,,,,,seo_runs/chillgen.com/chillgen_20260907_01/evidence/images/B023/personalized-christmas-doormat-family-name-5fb80e7372-5fb80e7372__img_01.jpg,alt_current_empty_in_public_json; media_export_url_unknown_without_shopify_export
B023-226,chillgen.com,personalized-christmas-doormat-family-name-5fb80e7372-5fb80e7372,15912099185009,80869981946225,GALLERY_PUBLIC_CDN,2,,https://cdn.shopify.com/s/files/1/1023/0068/0561/files/e8e43d8ddeed3b3d672cbfa6aa0579ae8862f759c7bd8c4f8b9e0decc234df3b.jpg?v=1784383004,UNKNOWN_WITHOUT_SHOPIFY_EXPORT,PUBLIC_JSON_MATCHED_TO_HANDLE,,VIEWED_CONTACT_SHEET_AND_LOCAL_FILE,2026-09-07T03:29:10+07:00,red family name holiday mat product image,,red family name holiday mat product image,SET,NEEDS_REVIEW,1,,,,,seo_runs/chillgen.com/chillgen_20260907_01/evidence/images/B023/personalized-christmas-doormat-family-name-5fb80e7372-5fb80e7372__img_02.jpg,alt_current_empty_in_public_json; media_export_url_unknown_without_shopify_export
B023-226,chillgen.com,personalized-christmas-doormat-family-name-5fb80e7372-5fb80e7372,15912099185009,80869981978993,GALLERY_PUBLIC_CDN,3,,https://cdn.shopify.com/s/files/1/1023/0068/0561/files/2fd25e6a91313d3dccb5a6e43857105af0ec1a3b502547912ad2b47396815661.jpg?v=1784383007,UNKNOWN_WITHOUT_SHOPIFY_EXPORT,PUBLIC_JSON_MATCHED_TO_HANDLE,,VIEWED_CONTACT_SHEET_AND_LOCAL_FILE,2026-09-07T03:29:10+07:00,non-skid backing detail for red Christmas mat,,non-skid backing detail for red Christmas mat,SET,NEEDS_REVIEW,1,,,,,seo_runs/chillgen.com/chillgen_20260907_01/evidence/images/B023/personalized-christmas-doormat-family-name-5fb80e7372-5fb80e7372__img_03.jpg,alt_current_empty_in_public_json; media_export_url_unknown_without_shopify_export
B023-226,chillgen.com,personalized-christmas-doormat-family-name-5fb80e7372-5fb80e7372,15912099185009,80869982011761,GALLERY_PUBLIC_CDN,4,,https://cdn.shopify.com/s/files/1/1023/0068/0561/files/580bf8bdc20bdb5301fcc6d09d51f4afe9e172292de9099679cab7fec14c9d19.jpg?v=1784383010,UNKNOWN_WITHOUT_SHOPIFY_EXPORT,PUBLIC_JSON_MATCHED_TO_HANDLE,,VIEWED_CONTACT_SHEET_AND_LOCAL_FILE,2026-09-07T03:29:10+07:00,red monogram doormat near Christmas tree,,red monogram doormat near Christmas tree,SET,NEEDS_REVIEW,1,,,,,seo_runs/chillgen.com/chillgen_20260907_01/evidence/images/B023/personalized-christmas-doormat-family-name-5fb80e7372-5fb80e7372__img_04.jpg,alt_current_empty_in_public_json; media_export_url_unknown_without_shopify_export
B023-226,chillgen.com,personalized-christmas-doormat-family-name-5fb80e7372-5fb80e7372,15912099185009,80869982044529,GALLERY_PUBLIC_CDN,5,,https://cdn.shopify.com/s/files/1/1023/0068/0561/files/54bb1d48b3c25ea62f3873673cb8c29ec5c6bebdcbde264521446b9c53e1f3fc.jpg?v=1784383012,UNKNOWN_WITHOUT_SHOPIFY_EXPORT,PUBLIC_JSON_MATCHED_TO_HANDLE,,VIEWED_CONTACT_SHEET_AND_LOCAL_FILE,2026-09-07T03:29:10+07:00,person holding red family name mat,,person holding red family name mat,SET,NEEDS_REVIEW,1,,,,,seo_runs/chillgen.com/chillgen_20260907_01/evidence/images/B023/personalized-christmas-doormat-family-name-5fb80e7372-5fb80e7372__img_05.jpg,alt_current_empty_in_public_json; media_export_url_unknown_without_shopify_export
B023-226,chillgen.com,personalized-christmas-doormat-family-name-5fb80e7372-5fb80e7372,15912099185009,80869982077297,GALLERY_PUBLIC_CDN,6,,https://cdn.shopify.com/s/files/1/1023/0068/0561/files/f176127cd67ea1c1414a8cdd3a9c75dfc740be2860211bf0435f2552a73a7273.jpg?v=1784383015,UNKNOWN_WITHOUT_SHOPIFY_EXPORT,PUBLIC_JSON_MATCHED_TO_HANDLE,,VIEWED_CONTACT_SHEET_AND_LOCAL_FILE,2026-09-07T03:29:10+07:00,red Christmas mat at wooden door,,red Christmas mat at wooden door,SET,NEEDS_REVIEW,1,,,,,seo_runs/chillgen.com/chillgen_20260907_01/evidence/images/B023/personalized-christmas-doormat-family-name-5fb80e7372-5fb80e7372__img_06.jpg,alt_current_empty_in_public_json; media_export_url_unknown_without_shopify_export
B023-226,chillgen.com,personalized-christmas-doormat-family-name-5fb80e7372-5fb80e7372,15912099185009,80869982110065,GALLERY_PUBLIC_CDN,7,,https://cdn.shopify.com/s/files/1/1023/0068/0561/files/d7d073604affd6334b9482279e761247dc60df9f882399581f7ca223b85d910d.jpg?v=1784383017,UNKNOWN_WITHOUT_SHOPIFY_EXPORT,PUBLIC_JSON_MATCHED_TO_HANDLE,,VIEWED_CONTACT_SHEET_AND_LOCAL_FILE,2026-09-07T03:29:10+07:00,red holiday mat beside white door,,red holiday mat beside white door,SET,NEEDS_REVIEW,1,,,,,seo_runs/chillgen.com/chillgen_20260907_01/evidence/images/B023/personalized-christmas-doormat-family-name-5fb80e7372-5fb80e7372__img_07.jpg,alt_current_empty_in_public_json; media_export_url_unknown_without_shopify_export
B023-226,chillgen.com,personalized-christmas-doormat-family-name-5fb80e7372-5fb80e7372,15912099185009,80869982142833,GALLERY_PUBLIC_CDN,8,,https://cdn.shopify.com/s/files/1/1023/0068/0561/files/de11431ed3a210a633277a1f34e545d644c8f411ae989ede360802d828328f48.jpg?v=1784383021,UNKNOWN_WITHOUT_SHOPIFY_EXPORT,PUBLIC_JSON_MATCHED_TO_HANDLE,,VIEWED_CONTACT_SHEET_AND_LOCAL_FILE,2026-09-07T03:29:10+07:00,red monogram mat at dark front door,,red monogram mat at dark front door,SET,NEEDS_REVIEW,1,,,,,seo_runs/chillgen.com/chillgen_20260907_01/evidence/images/B023/personalized-christmas-doormat-family-name-5fb80e7372-5fb80e7372__img_08.jpg,alt_current_empty_in_public_json; media_export_url_unknown_without_shopify_export
B023-226,chillgen.com,personalized-christmas-doormat-family-name-5fb80e7372-5fb80e7372,15912099185009,80869982175601,GALLERY_PUBLIC_CDN,9,,https://cdn.shopify.com/s/files/1/1023/0068/0561/files/94c997c51b9e2685e3c523c613a7bdc287a1b1df7c22cfaef7f8d726609e76b7.jpg?v=1784383022,UNKNOWN_WITHOUT_SHOPIFY_EXPORT,PUBLIC_JSON_MATCHED_TO_HANDLE,,VIEWED_CONTACT_SHEET_AND_LOCAL_FILE,2026-09-07T03:29:10+07:00,overhead red Christmas mat,,overhead red Christmas mat,SET,NEEDS_REVIEW,1,,,,,seo_runs/chillgen.com/chillgen_20260907_01/evidence/images/B023/personalized-christmas-doormat-family-name-5fb80e7372-5fb80e7372__img_09.jpg,alt_current_empty_in_public_json; media_export_url_unknown_without_shopify_export
B023-226,chillgen.com,personalized-christmas-doormat-family-name-5fb80e7372-5fb80e7372,15912099185009,80878921679217,GALLERY_PUBLIC_CDN,10,,https://cdn.shopify.com/s/files/1/1023/0068/0561/files/614FD8fy-rL._SL1500.jpg?v=1784378133,UNKNOWN_WITHOUT_SHOPIFY_EXPORT,PUBLIC_JSON_MATCHED_TO_HANDLE,,VIEWED_CONTACT_SHEET_AND_LOCAL_FILE,2026-09-07T03:29:10+07:00,backing detail for family name mat,,backing detail for family name mat,SET,NEEDS_REVIEW,1,,,,,seo_runs/chillgen.com/chillgen_20260907_01/evidence/images/B023/personalized-christmas-doormat-family-name-5fb80e7372-5fb80e7372__img_10.jpg,alt_current_empty_in_public_json; media_export_url_unknown_without_shopify_export
B023-226,chillgen.com,personalized-christmas-doormat-family-name-5fb80e7372-5fb80e7372,15912099185009,80878921711985,GALLERY_PUBLIC_CDN,11,,https://cdn.shopify.com/s/files/1/1023/0068/0561/files/61AaHPLaSyL._SL1500.jpg?v=1784378133,UNKNOWN_WITHOUT_SHOPIFY_EXPORT,PUBLIC_JSON_MATCHED_TO_HANDLE,,VIEWED_CONTACT_SHEET_AND_LOCAL_FILE,2026-09-07T03:29:10+07:00,red holiday doormat at doorway,,red holiday doormat at doorway,SET,NEEDS_REVIEW,1,,,,,seo_runs/chillgen.com/chillgen_20260907_01/evidence/images/B023/personalized-christmas-doormat-family-name-5fb80e7372-5fb80e7372__img_11.jpg,alt_current_empty_in_public_json; media_export_url_unknown_without_shopify_export
B023-226,chillgen.com,personalized-christmas-doormat-family-name-5fb80e7372-5fb80e7372,15912099185009,80878921744753,GALLERY_PUBLIC_CDN,12,,https://cdn.shopify.com/s/files/1/1023/0068/0561/files/61eC4nbV48L._SL1500.jpg?v=1784378138,UNKNOWN_WITHOUT_SHOPIFY_EXPORT,PUBLIC_JSON_MATCHED_TO_HANDLE,,VIEWED_CONTACT_SHEET_AND_LOCAL_FILE,2026-09-07T03:29:10+07:00,person holding red monogram mat,,person holding red monogram mat,SET,NEEDS_REVIEW,1,,,,,seo_runs/chillgen.com/chillgen_20260907_01/evidence/images/B023/personalized-christmas-doormat-family-name-5fb80e7372-5fb80e7372__img_12.jpg,alt_current_empty_in_public_json; media_export_url_unknown_without_shopify_export
B023-226,chillgen.com,personalized-christmas-doormat-family-name-5fb80e7372-5fb80e7372,15912099185009,80878921777521,GALLERY_PUBLIC_CDN,13,,https://cdn.shopify.com/s/files/1/1023/0068/0561/files/61hXXD9-nzL._SL1500.jpg?v=1784378138,UNKNOWN_WITHOUT_SHOPIFY_EXPORT,PUBLIC_JSON_MATCHED_TO_HANDLE,,VIEWED_CONTACT_SHEET_AND_LOCAL_FILE,2026-09-07T03:29:10+07:00,red Christmas mat at wood entry,,red Christmas mat at wood entry,SET,NEEDS_REVIEW,1,,,,,seo_runs/chillgen.com/chillgen_20260907_01/evidence/images/B023/personalized-christmas-doormat-family-name-5fb80e7372-5fb80e7372__img_13.jpg,alt_current_empty_in_public_json; media_export_url_unknown_without_shopify_export
B023-226,chillgen.com,personalized-christmas-doormat-family-name-5fb80e7372-5fb80e7372,15912099185009,80878921810289,GALLERY_PUBLIC_CDN,14,,https://cdn.shopify.com/s/files/1/1023/0068/0561/files/616RyK2hy2L._SL1500.jpg?v=1784378143,UNKNOWN_WITHOUT_SHOPIFY_EXPORT,PUBLIC_JSON_MATCHED_TO_HANDLE,,VIEWED_CONTACT_SHEET_AND_LOCAL_FILE,2026-09-07T03:29:10+07:00,red holiday mat at white door,,red holiday mat at white door,SET,NEEDS_REVIEW,1,,,,,seo_runs/chillgen.com/chillgen_20260907_01/evidence/images/B023/personalized-christmas-doormat-family-name-5fb80e7372-5fb80e7372__img_14.jpg,alt_current_empty_in_public_json; media_export_url_unknown_without_shopify_export
B023-226,chillgen.com,personalized-christmas-doormat-family-name-5fb80e7372-5fb80e7372,15912099185009,80878921843057,GALLERY_PUBLIC_CDN,15,,https://cdn.shopify.com/s/files/1/1023/0068/0561/files/715YzxMJsPL._SL1500.jpg?v=1784378143,UNKNOWN_WITHOUT_SHOPIFY_EXPORT,PUBLIC_JSON_MATCHED_TO_HANDLE,,VIEWED_CONTACT_SHEET_AND_LOCAL_FILE,2026-09-07T03:29:10+07:00,red monogram doormat at front door,,red monogram doormat at front door,SET,NEEDS_REVIEW,1,,,,,seo_runs/chillgen.com/chillgen_20260907_01/evidence/images/B023/personalized-christmas-doormat-family-name-5fb80e7372-5fb80e7372__img_15.jpg,alt_current_empty_in_public_json; media_export_url_unknown_without_shopify_export
B023-226,chillgen.com,personalized-christmas-doormat-family-name-5fb80e7372-5fb80e7372,15912099185009,80878921875825,GALLERY_PUBLIC_CDN,16,,https://cdn.shopify.com/s/files/1/1023/0068/0561/files/610IQy53yDL._SL1500.jpg?v=1784378148,UNKNOWN_WITHOUT_SHOPIFY_EXPORT,PUBLIC_JSON_MATCHED_TO_HANDLE,,VIEWED_CONTACT_SHEET_AND_LOCAL_FILE,2026-09-07T03:29:10+07:00,overhead family-name holiday mat,,overhead family-name holiday mat,SET,NEEDS_REVIEW,1,,,,,seo_runs/chillgen.com/chillgen_20260907_01/evidence/images/B023/personalized-christmas-doormat-family-name-5fb80e7372-5fb80e7372__img_16.jpg,alt_current_empty_in_public_json; media_export_url_unknown_without_shopify_export
B023-227,chillgen.com,personalized-christmas-doormat-with-custom-family-name-83c3ea451f,15912099250545,80869982503281,GALLERY_PUBLIC_CDN,1,,https://cdn.shopify.com/s/files/1/1023/0068/0561/files/889daf86c9c8e079a85413c50003a2dd14cac7d99cfa26c1df43cf3e551d8004.jpg?v=1784383199,UNKNOWN_WITHOUT_SHOPIFY_EXPORT,PUBLIC_JSON_MATCHED_TO_HANDLE,,VIEWED_CONTACT_SHEET_AND_LOCAL_FILE,2026-09-07T03:29:10+07:00,family stocking Christmas doormat at door,,family stocking Christmas doormat at door,SET,NEEDS_REVIEW,1,,,,,seo_runs/chillgen.com/chillgen_20260907_01/evidence/images/B023/personalized-christmas-doormat-with-custom-family-name-83c3ea451f__img_01.jpg,alt_current_empty_in_public_json; media_export_url_unknown_without_shopify_export
B023-227,chillgen.com,personalized-christmas-doormat-with-custom-family-name-83c3ea451f,15912099250545,80878920401265,GALLERY_PUBLIC_CDN,2,,https://cdn.shopify.com/s/files/1/1023/0068/0561/files/71fbnc44vcL._SL1500.jpg?v=1784378107,UNKNOWN_WITHOUT_SHOPIFY_EXPORT,PUBLIC_JSON_MATCHED_TO_HANDLE,,VIEWED_CONTACT_SHEET_AND_LOCAL_FILE,2026-09-07T03:29:10+07:00,stocking family mat near Santa decor,,stocking family mat near Santa decor,SET,NEEDS_REVIEW,1,,,,,seo_runs/chillgen.com/chillgen_20260907_01/evidence/images/B023/personalized-christmas-doormat-with-custom-family-name-83c3ea451f__img_02.jpg,alt_current_empty_in_public_json; media_export_url_unknown_without_shopify_export
B023-227,chillgen.com,personalized-christmas-doormat-with-custom-family-name-83c3ea451f,15912099250545,80878920434033,GALLERY_PUBLIC_CDN,3,,https://cdn.shopify.com/s/files/1/1023/0068/0561/files/71qx9w_GQtL._SL1500.jpg?v=1784378111,UNKNOWN_WITHOUT_SHOPIFY_EXPORT,PUBLIC_JSON_MATCHED_TO_HANDLE,,VIEWED_CONTACT_SHEET_AND_LOCAL_FILE,2026-09-07T03:29:10+07:00,custom family name stocking doormat product image,,custom family name stocking doormat product image,SET,NEEDS_REVIEW,1,,,,,seo_runs/chillgen.com/chillgen_20260907_01/evidence/images/B023/personalized-christmas-doormat-with-custom-family-name-83c3ea451f__img_03.jpg,alt_current_empty_in_public_json; media_export_url_unknown_without_shopify_export
B023-227,chillgen.com,personalized-christmas-doormat-with-custom-family-name-83c3ea451f,15912099250545,80878920466801,GALLERY_PUBLIC_CDN,4,,https://cdn.shopify.com/s/files/1/1023/0068/0561/files/71Eb0PcsNNL._SL1500.jpg?v=1784378112,UNKNOWN_WITHOUT_SHOPIFY_EXPORT,PUBLIC_JSON_MATCHED_TO_HANDLE,,VIEWED_CONTACT_SHEET_AND_LOCAL_FILE,2026-09-07T03:29:10+07:00,family stocking mat at white door,,family stocking mat at white door,SET,NEEDS_REVIEW,1,,,,,seo_runs/chillgen.com/chillgen_20260907_01/evidence/images/B023/personalized-christmas-doormat-with-custom-family-name-83c3ea451f__img_04.jpg,alt_current_empty_in_public_json; media_export_url_unknown_without_shopify_export
B023-227,chillgen.com,personalized-christmas-doormat-with-custom-family-name-83c3ea451f,15912099250545,80878920499569,GALLERY_PUBLIC_CDN,5,,https://cdn.shopify.com/s/files/1/1023/0068/0561/files/71NtkypJ1ML._SL1500.jpg?v=1784378117,UNKNOWN_WITHOUT_SHOPIFY_EXPORT,PUBLIC_JSON_MATCHED_TO_HANDLE,,VIEWED_CONTACT_SHEET_AND_LOCAL_FILE,2026-09-07T03:29:10+07:00,Christmas elf character options,,Christmas elf character options,SET,NEEDS_REVIEW,1,,,,,seo_runs/chillgen.com/chillgen_20260907_01/evidence/images/B023/personalized-christmas-doormat-with-custom-family-name-83c3ea451f__img_05.jpg,alt_current_empty_in_public_json; media_export_url_unknown_without_shopify_export
B023-227,chillgen.com,personalized-christmas-doormat-with-custom-family-name-83c3ea451f,15912099250545,80878920532337,GALLERY_PUBLIC_CDN,6,,https://cdn.shopify.com/s/files/1/1023/0068/0561/files/71hAyKiRoAL._SL1500.jpg?v=1784378117,UNKNOWN_WITHOUT_SHOPIFY_EXPORT,PUBLIC_JSON_MATCHED_TO_HANDLE,,VIEWED_CONTACT_SHEET_AND_LOCAL_FILE,2026-09-07T03:29:10+07:00,cat options chart for Christmas doormat,,cat options chart for Christmas doormat,SET,NEEDS_REVIEW,1,,,,,seo_runs/chillgen.com/chillgen_20260907_01/evidence/images/B023/personalized-christmas-doormat-with-custom-family-name-83c3ea451f__img_06.jpg,alt_current_empty_in_public_json; media_export_url_unknown_without_shopify_export
B023-227,chillgen.com,personalized-christmas-doormat-with-custom-family-name-83c3ea451f,15912099250545,80878920565105,GALLERY_PUBLIC_CDN,7,,https://cdn.shopify.com/s/files/1/1023/0068/0561/files/71grTM5kjcL._SL1500.jpg?v=1784378122,UNKNOWN_WITHOUT_SHOPIFY_EXPORT,PUBLIC_JSON_MATCHED_TO_HANDLE,,VIEWED_CONTACT_SHEET_AND_LOCAL_FILE,2026-09-07T03:29:10+07:00,dog options chart for personalized mat,,dog options chart for personalized mat,SET,NEEDS_REVIEW,1,,,,,seo_runs/chillgen.com/chillgen_20260907_01/evidence/images/B023/personalized-christmas-doormat-with-custom-family-name-83c3ea451f__img_07.jpg,alt_current_empty_in_public_json; media_export_url_unknown_without_shopify_export
B023-227,chillgen.com,personalized-christmas-doormat-with-custom-family-name-83c3ea451f,15912099250545,80878920597873,GALLERY_PUBLIC_CDN,8,,https://cdn.shopify.com/s/files/1/1023/0068/0561/files/71OxYQBJg5L._SL1500.jpg?v=1784378122,UNKNOWN_WITHOUT_SHOPIFY_EXPORT,PUBLIC_JSON_MATCHED_TO_HANDLE,,VIEWED_CONTACT_SHEET_AND_LOCAL_FILE,2026-09-07T03:29:10+07:00,family stocking mat beside bed,,family stocking mat beside bed,SET,NEEDS_REVIEW,1,,,,,seo_runs/chillgen.com/chillgen_20260907_01/evidence/images/B023/personalized-christmas-doormat-with-custom-family-name-83c3ea451f__img_08.jpg,alt_current_empty_in_public_json; media_export_url_unknown_without_shopify_export
B023-227,chillgen.com,personalized-christmas-doormat-with-custom-family-name-83c3ea451f,15912099250545,80878920630641,GALLERY_PUBLIC_CDN,9,,https://cdn.shopify.com/s/files/1/1023/0068/0561/files/714-I8wKjTL._SL1500.jpg?v=1784378127,UNKNOWN_WITHOUT_SHOPIFY_EXPORT,PUBLIC_JSON_MATCHED_TO_HANDLE,,VIEWED_CONTACT_SHEET_AND_LOCAL_FILE,2026-09-07T03:29:10+07:00,family Christmas mat at front door,,family Christmas mat at front door,SET,NEEDS_REVIEW,1,,,,,seo_runs/chillgen.com/chillgen_20260907_01/evidence/images/B023/personalized-christmas-doormat-with-custom-family-name-83c3ea451f__img_09.jpg,alt_current_empty_in_public_json; media_export_url_unknown_without_shopify_export
B023-227,chillgen.com,personalized-christmas-doormat-with-custom-family-name-83c3ea451f,15912099250545,80878920663409,GALLERY_PUBLIC_CDN,10,,https://cdn.shopify.com/s/files/1/1023/0068/0561/files/71cK2YV8zoL._SL1500.jpg?v=1784378128,UNKNOWN_WITHOUT_SHOPIFY_EXPORT,PUBLIC_JSON_MATCHED_TO_HANDLE,,VIEWED_CONTACT_SHEET_AND_LOCAL_FILE,2026-09-07T03:29:10+07:00,stocking family doormat overhead,,stocking family doormat overhead,SET,NEEDS_REVIEW,1,,,,,seo_runs/chillgen.com/chillgen_20260907_01/evidence/images/B023/personalized-christmas-doormat-with-custom-family-name-83c3ea451f__img_10.jpg,alt_current_empty_in_public_json; media_export_url_unknown_without_shopify_export
B023-228,chillgen.com,personalized-christmas-doormat-with-custom-family-name-d66e920e14,15912099545457,80869982634353,GALLERY_PUBLIC_CDN,1,,https://cdn.shopify.com/s/files/1/1023/0068/0561/files/cbdfcc9d1a3f59f7c2116310e25a10c9bd93bc7cfab94c4bd8bf9e116d242702.jpg?v=1784382978,UNKNOWN_WITHOUT_SHOPIFY_EXPORT,PUBLIC_JSON_MATCHED_TO_HANDLE,,VIEWED_CONTACT_SHEET_AND_LOCAL_FILE,2026-09-07T03:29:10+07:00,3D snowman Christmas doormat product image,,3D snowman Christmas doormat product image,SET,NEEDS_REVIEW,1,,,,,seo_runs/chillgen.com/chillgen_20260907_01/evidence/images/B023/personalized-christmas-doormat-with-custom-family-name-d66e920e14__img_01.jpg,alt_current_empty_in_public_json; media_export_url_unknown_without_shopify_export
B023-228,chillgen.com,personalized-christmas-doormat-with-custom-family-name-d66e920e14,15912099545457,80869982699889,GALLERY_PUBLIC_CDN,2,,https://cdn.shopify.com/s/files/1/1023/0068/0561/files/adbe0b737bde7f094c2387b8ed93a9c578082b4c1400fe7ab391d195adcede88.jpg?v=1784382982,UNKNOWN_WITHOUT_SHOPIFY_EXPORT,PUBLIC_JSON_MATCHED_TO_HANDLE,,VIEWED_CONTACT_SHEET_AND_LOCAL_FILE,2026-09-07T03:29:10+07:00,snowman holiday mat at white door,,snowman holiday mat at white door,SET,NEEDS_REVIEW,1,,,,,seo_runs/chillgen.com/chillgen_20260907_01/evidence/images/B023/personalized-christmas-doormat-with-custom-family-name-d66e920e14__img_02.jpg,alt_current_empty_in_public_json; media_export_url_unknown_without_shopify_export
B023-228,chillgen.com,personalized-christmas-doormat-with-custom-family-name-d66e920e14,15912099545457,80869982732657,GALLERY_PUBLIC_CDN,3,,https://cdn.shopify.com/s/files/1/1023/0068/0561/files/292f45ee8a3f28f4611b7e21fde5f6603935da0e6ce652402e5403084d98a973.jpg?v=1784382987,UNKNOWN_WITHOUT_SHOPIFY_EXPORT,PUBLIC_JSON_MATCHED_TO_HANDLE,,VIEWED_CONTACT_SHEET_AND_LOCAL_FILE,2026-09-07T03:29:10+07:00,custom snowman mat product view,,custom snowman mat product view,SET,NEEDS_REVIEW,1,,,,,seo_runs/chillgen.com/chillgen_20260907_01/evidence/images/B023/personalized-christmas-doormat-with-custom-family-name-d66e920e14__img_03.jpg,alt_current_empty_in_public_json; media_export_url_unknown_without_shopify_export
B023-228,chillgen.com,personalized-christmas-doormat-with-custom-family-name-d66e920e14,15912099545457,80869982765425,GALLERY_PUBLIC_CDN,4,,https://cdn.shopify.com/s/files/1/1023/0068/0561/files/9b47a8d68c6851f6bcacf1c68b4949605345b5d4440877b48bad9e4caaa04ba7.jpg?v=1784382984,UNKNOWN_WITHOUT_SHOPIFY_EXPORT,PUBLIC_JSON_MATCHED_TO_HANDLE,,VIEWED_CONTACT_SHEET_AND_LOCAL_FILE,2026-09-07T03:29:10+07:00,person holding snowman Christmas mat,,person holding snowman Christmas mat,SET,NEEDS_REVIEW,1,,,,,seo_runs/chillgen.com/chillgen_20260907_01/evidence/images/B023/personalized-christmas-doormat-with-custom-family-name-d66e920e14__img_04.jpg,alt_current_empty_in_public_json; media_export_url_unknown_without_shopify_export
B023-228,chillgen.com,personalized-christmas-doormat-with-custom-family-name-d66e920e14,15912099545457,80869982798193,GALLERY_PUBLIC_CDN,5,,https://cdn.shopify.com/s/files/1/1023/0068/0561/files/e3090746b21697993559064648bff8a4b4ccc5ab58c27b65bbf807736532500f.jpg?v=1784382991,UNKNOWN_WITHOUT_SHOPIFY_EXPORT,PUBLIC_JSON_MATCHED_TO_HANDLE,,VIEWED_CONTACT_SHEET_AND_LOCAL_FILE,2026-09-07T03:29:10+07:00,non-skid backing detail for snowman mat,,non-skid backing detail for snowman mat,SET,NEEDS_REVIEW,1,,,,,seo_runs/chillgen.com/chillgen_20260907_01/evidence/images/B023/personalized-christmas-doormat-with-custom-family-name-d66e920e14__img_05.jpg,alt_current_empty_in_public_json; media_export_url_unknown_without_shopify_export
B023-228,chillgen.com,personalized-christmas-doormat-with-custom-family-name-d66e920e14,15912099545457,80869982830961,GALLERY_PUBLIC_CDN,6,,https://cdn.shopify.com/s/files/1/1023/0068/0561/files/676811459e183114145da71a77777788e2791a03cf3f064b7f08ee845f689871.jpg?v=1784382993,UNKNOWN_WITHOUT_SHOPIFY_EXPORT,PUBLIC_JSON_MATCHED_TO_HANDLE,,VIEWED_CONTACT_SHEET_AND_LOCAL_FILE,2026-09-07T03:29:10+07:00,snowman mat at dark front door,,snowman mat at dark front door,SET,NEEDS_REVIEW,1,,,,,seo_runs/chillgen.com/chillgen_20260907_01/evidence/images/B023/personalized-christmas-doormat-with-custom-family-name-d66e920e14__img_06.jpg,alt_current_empty_in_public_json; media_export_url_unknown_without_shopify_export
B023-228,chillgen.com,personalized-christmas-doormat-with-custom-family-name-d66e920e14,15912099545457,80869982863729,GALLERY_PUBLIC_CDN,7,,https://cdn.shopify.com/s/files/1/1023/0068/0561/files/bd15cd08dd27d19cd277a7eb043bfbdc56ccdba1f42193b93e49351e9f82fc3d.jpg?v=1784382995,UNKNOWN_WITHOUT_SHOPIFY_EXPORT,PUBLIC_JSON_MATCHED_TO_HANDLE,,VIEWED_CONTACT_SHEET_AND_LOCAL_FILE,2026-09-07T03:29:10+07:00,snowman Christmas mat overhead,,snowman Christmas mat overhead,SET,NEEDS_REVIEW,1,,,,,seo_runs/chillgen.com/chillgen_20260907_01/evidence/images/B023/personalized-christmas-doormat-with-custom-family-name-d66e920e14__img_07.jpg,alt_current_empty_in_public_json; media_export_url_unknown_without_shopify_export
B023-228,chillgen.com,personalized-christmas-doormat-with-custom-family-name-d66e920e14,15912099545457,80869982896497,GALLERY_PUBLIC_CDN,8,,https://cdn.shopify.com/s/files/1/1023/0068/0561/files/1ef687d32b96828989350a423e6826872e6c9916e54714108ef835179d2240fd.jpg?v=1784382999,UNKNOWN_WITHOUT_SHOPIFY_EXPORT,PUBLIC_JSON_MATCHED_TO_HANDLE,,VIEWED_CONTACT_SHEET_AND_LOCAL_FILE,2026-09-07T03:29:10+07:00,snowman doormat by Christmas tree,,snowman doormat by Christmas tree,SET,NEEDS_REVIEW,1,,,,,seo_runs/chillgen.com/chillgen_20260907_01/evidence/images/B023/personalized-christmas-doormat-with-custom-family-name-d66e920e14__img_08.jpg,alt_current_empty_in_public_json; media_export_url_unknown_without_shopify_export
B023-228,chillgen.com,personalized-christmas-doormat-with-custom-family-name-d66e920e14,15912099545457,80878919025009,GALLERY_PUBLIC_CDN,9,,https://cdn.shopify.com/s/files/1/1023/0068/0561/files/71umpLk-3iL._SL1500.jpg?v=1784378204,UNKNOWN_WITHOUT_SHOPIFY_EXPORT,PUBLIC_JSON_MATCHED_TO_HANDLE,,VIEWED_CONTACT_SHEET_AND_LOCAL_FILE,2026-09-07T03:29:10+07:00,snowman mat color variants,,snowman mat color variants,SET,NEEDS_REVIEW,1,,,,,seo_runs/chillgen.com/chillgen_20260907_01/evidence/images/B023/personalized-christmas-doormat-with-custom-family-name-d66e920e14__img_09.jpg,alt_current_empty_in_public_json; media_export_url_unknown_without_shopify_export
B023-228,chillgen.com,personalized-christmas-doormat-with-custom-family-name-d66e920e14,15912099545457,80878919057777,GALLERY_PUBLIC_CDN,10,,https://cdn.shopify.com/s/files/1/1023/0068/0561/files/71vhn4fT1FL._SL1500.jpg?v=1784378090,UNKNOWN_WITHOUT_SHOPIFY_EXPORT,PUBLIC_JSON_MATCHED_TO_HANDLE,,VIEWED_CONTACT_SHEET_AND_LOCAL_FILE,2026-09-07T03:29:10+07:00,snowman mat at entryway,,snowman mat at entryway,SET,NEEDS_REVIEW,1,,,,,seo_runs/chillgen.com/chillgen_20260907_01/evidence/images/B023/personalized-christmas-doormat-with-custom-family-name-d66e920e14__img_10.jpg,alt_current_empty_in_public_json; media_export_url_unknown_without_shopify_export
B023-228,chillgen.com,personalized-christmas-doormat-with-custom-family-name-d66e920e14,15912099545457,80878919090545,GALLERY_PUBLIC_CDN,11,,https://cdn.shopify.com/s/files/1/1023/0068/0561/files/71O2JevNQ_L._SL1500.jpg?v=1784378090,UNKNOWN_WITHOUT_SHOPIFY_EXPORT,PUBLIC_JSON_MATCHED_TO_HANDLE,,VIEWED_CONTACT_SHEET_AND_LOCAL_FILE,2026-09-07T03:29:10+07:00,flat snowman doormat product image,,flat snowman doormat product image,SET,NEEDS_REVIEW,1,,,,,seo_runs/chillgen.com/chillgen_20260907_01/evidence/images/B023/personalized-christmas-doormat-with-custom-family-name-d66e920e14__img_11.jpg,alt_current_empty_in_public_json; media_export_url_unknown_without_shopify_export
B023-228,chillgen.com,personalized-christmas-doormat-with-custom-family-name-d66e920e14,15912099545457,80878919123313,GALLERY_PUBLIC_CDN,12,,https://cdn.shopify.com/s/files/1/1023/0068/0561/files/71jwgQAV6RL._SL1500.jpg?v=1784378096,UNKNOWN_WITHOUT_SHOPIFY_EXPORT,PUBLIC_JSON_MATCHED_TO_HANDLE,,VIEWED_CONTACT_SHEET_AND_LOCAL_FILE,2026-09-07T03:29:10+07:00,person holding custom snowman mat,,person holding custom snowman mat,SET,NEEDS_REVIEW,1,,,,,seo_runs/chillgen.com/chillgen_20260907_01/evidence/images/B023/personalized-christmas-doormat-with-custom-family-name-d66e920e14__img_12.jpg,alt_current_empty_in_public_json; media_export_url_unknown_without_shopify_export
B023-228,chillgen.com,personalized-christmas-doormat-with-custom-family-name-d66e920e14,15912099545457,80878919156081,GALLERY_PUBLIC_CDN,13,,https://cdn.shopify.com/s/files/1/1023/0068/0561/files/71gRtc6tOrL._SL1500.jpg?v=1784378096,UNKNOWN_WITHOUT_SHOPIFY_EXPORT,PUBLIC_JSON_MATCHED_TO_HANDLE,,VIEWED_CONTACT_SHEET_AND_LOCAL_FILE,2026-09-07T03:29:10+07:00,backing and thickness detail for snowman doormat,,backing and thickness detail for snowman doormat,SET,NEEDS_REVIEW,1,,,,,seo_runs/chillgen.com/chillgen_20260907_01/evidence/images/B023/personalized-christmas-doormat-with-custom-family-name-d66e920e14__img_13.jpg,alt_current_empty_in_public_json; media_export_url_unknown_without_shopify_export
B023-228,chillgen.com,personalized-christmas-doormat-with-custom-family-name-d66e920e14,15912099545457,80878919188849,GALLERY_PUBLIC_CDN,14,,https://cdn.shopify.com/s/files/1/1023/0068/0561/files/71oeh5kA0GL._SL1500.jpg?v=1784378101,UNKNOWN_WITHOUT_SHOPIFY_EXPORT,PUBLIC_JSON_MATCHED_TO_HANDLE,,VIEWED_CONTACT_SHEET_AND_LOCAL_FILE,2026-09-07T03:29:10+07:00,snowman mat at front door,,snowman mat at front door,SET,NEEDS_REVIEW,1,,,,,seo_runs/chillgen.com/chillgen_20260907_01/evidence/images/B023/personalized-christmas-doormat-with-custom-family-name-d66e920e14__img_14.jpg,alt_current_empty_in_public_json; media_export_url_unknown_without_shopify_export
B023-228,chillgen.com,personalized-christmas-doormat-with-custom-family-name-d66e920e14,15912099545457,80878919221617,GALLERY_PUBLIC_CDN,15,,https://cdn.shopify.com/s/files/1/1023/0068/0561/files/71geOxQRqwL._SL1500.jpg?v=1784378101,UNKNOWN_WITHOUT_SHOPIFY_EXPORT,PUBLIC_JSON_MATCHED_TO_HANDLE,,VIEWED_CONTACT_SHEET_AND_LOCAL_FILE,2026-09-07T03:29:10+07:00,overhead snowman mat at doorway,,overhead snowman mat at doorway,SET,NEEDS_REVIEW,1,,,,,seo_runs/chillgen.com/chillgen_20260907_01/evidence/images/B023/personalized-christmas-doormat-with-custom-family-name-d66e920e14__img_15.jpg,alt_current_empty_in_public_json; media_export_url_unknown_without_shopify_export
B023-228,chillgen.com,personalized-christmas-doormat-with-custom-family-name-d66e920e14,15912099545457,80878919254385,GALLERY_PUBLIC_CDN,16,,https://cdn.shopify.com/s/files/1/1023/0068/0561/files/71MgG9xQ7uL._SL1500.jpg?v=1784378106,UNKNOWN_WITHOUT_SHOPIFY_EXPORT,PUBLIC_JSON_MATCHED_TO_HANDLE,,VIEWED_CONTACT_SHEET_AND_LOCAL_FILE,2026-09-07T03:29:10+07:00,snowman mat near Christmas decor,,snowman mat near Christmas decor,SET,NEEDS_REVIEW,1,,,,,seo_runs/chillgen.com/chillgen_20260907_01/evidence/images/B023/personalized-christmas-doormat-with-custom-family-name-d66e920e14__img_16.jpg,alt_current_empty_in_public_json; media_export_url_unknown_without_shopify_export
B023-229,chillgen.com,personalized-christmas-welcome-doormat-28640346cc,15912099807601,80869984698737,GALLERY_PUBLIC_CDN,1,,https://cdn.shopify.com/s/files/1/1023/0068/0561/files/18bcf7d687ba35820047d64299caed8a4cb0a15ccbabb682ceb5bc4c6c8a8dc7.jpg?v=1784382955,UNKNOWN_WITHOUT_SHOPIFY_EXPORT,PUBLIC_JSON_MATCHED_TO_HANDLE,,VIEWED_CONTACT_SHEET_AND_LOCAL_FILE,2026-09-07T03:29:10+07:00,pet family Christmas welcome mat at door,,pet family Christmas welcome mat at door,SET,NEEDS_REVIEW,1,,,,,seo_runs/chillgen.com/chillgen_20260907_01/evidence/images/B023/personalized-christmas-welcome-doormat-28640346cc__img_01.jpg,alt_current_empty_in_public_json; media_export_url_unknown_without_shopify_export
B023-229,chillgen.com,personalized-christmas-welcome-doormat-28640346cc,15912099807601,80869984764273,GALLERY_PUBLIC_CDN,2,,https://cdn.shopify.com/s/files/1/1023/0068/0561/files/66e6d599770bb9b08cf201a1933d67c07063ea0921e15e7767fbfdfe1120f3f7.jpg?v=1784382956,UNKNOWN_WITHOUT_SHOPIFY_EXPORT,PUBLIC_JSON_MATCHED_TO_HANDLE,,VIEWED_CONTACT_SHEET_AND_LOCAL_FILE,2026-09-07T03:29:10+07:00,pet Christmas mat beside white door,,pet Christmas mat beside white door,SET,NEEDS_REVIEW,1,,,,,seo_runs/chillgen.com/chillgen_20260907_01/evidence/images/B023/personalized-christmas-welcome-doormat-28640346cc__img_02.jpg,alt_current_empty_in_public_json; media_export_url_unknown_without_shopify_export
B023-229,chillgen.com,personalized-christmas-welcome-doormat-28640346cc,15912099807601,80869984797041,GALLERY_PUBLIC_CDN,3,,https://cdn.shopify.com/s/files/1/1023/0068/0561/files/a7bbb0f52f016ecfe28cc76f0d16dd296bf76831d8426a63980680821a661739.jpg?v=1784382960,UNKNOWN_WITHOUT_SHOPIFY_EXPORT,PUBLIC_JSON_MATCHED_TO_HANDLE,,VIEWED_CONTACT_SHEET_AND_LOCAL_FILE,2026-09-07T03:29:10+07:00,custom pet family mat product image,,custom pet family mat product image,SET,NEEDS_REVIEW,1,,,,,seo_runs/chillgen.com/chillgen_20260907_01/evidence/images/B023/personalized-christmas-welcome-doormat-28640346cc__img_03.jpg,alt_current_empty_in_public_json; media_export_url_unknown_without_shopify_export
B023-229,chillgen.com,personalized-christmas-welcome-doormat-28640346cc,15912099807601,80869984829809,GALLERY_PUBLIC_CDN,4,,https://cdn.shopify.com/s/files/1/1023/0068/0561/files/59f0cb81d5cf1998f1d0d54d27c32b6af1380bcd039ef70d5390a394d94907e6.jpg?v=1784382961,UNKNOWN_WITHOUT_SHOPIFY_EXPORT,PUBLIC_JSON_MATCHED_TO_HANDLE,,VIEWED_CONTACT_SHEET_AND_LOCAL_FILE,2026-09-07T03:29:10+07:00,cat choices for pet Christmas mat,,cat choices for pet Christmas mat,SET,NEEDS_REVIEW,1,,,,,seo_runs/chillgen.com/chillgen_20260907_01/evidence/images/B023/personalized-christmas-welcome-doormat-28640346cc__img_04.jpg,alt_current_empty_in_public_json; media_export_url_unknown_without_shopify_export
B023-229,chillgen.com,personalized-christmas-welcome-doormat-28640346cc,15912099807601,80869984862577,GALLERY_PUBLIC_CDN,5,,https://cdn.shopify.com/s/files/1/1023/0068/0561/files/fa0d939857eb61194020621fc071425f29f045e7ad9a0ed6fb2f71673cb06358.jpg?v=1784382967,UNKNOWN_WITHOUT_SHOPIFY_EXPORT,PUBLIC_JSON_MATCHED_TO_HANDLE,,VIEWED_CONTACT_SHEET_AND_LOCAL_FILE,2026-09-07T03:29:10+07:00,dog choices for pet Christmas mat,,dog choices for pet Christmas mat,SET,NEEDS_REVIEW,1,,,,,seo_runs/chillgen.com/chillgen_20260907_01/evidence/images/B023/personalized-christmas-welcome-doormat-28640346cc__img_05.jpg,alt_current_empty_in_public_json; media_export_url_unknown_without_shopify_export
B023-229,chillgen.com,personalized-christmas-welcome-doormat-28640346cc,15912099807601,80869984895345,GALLERY_PUBLIC_CDN,6,,https://cdn.shopify.com/s/files/1/1023/0068/0561/files/1ea66a65a7a15d02a12ee748acfa59d72bbce14c1249832ede1cfb795282174d.jpg?v=1784382965,UNKNOWN_WITHOUT_SHOPIFY_EXPORT,PUBLIC_JSON_MATCHED_TO_HANDLE,,VIEWED_CONTACT_SHEET_AND_LOCAL_FILE,2026-09-07T03:29:10+07:00,pet family mat at dark front door,,pet family mat at dark front door,SET,NEEDS_REVIEW,1,,,,,seo_runs/chillgen.com/chillgen_20260907_01/evidence/images/B023/personalized-christmas-welcome-doormat-28640346cc__img_06.jpg,alt_current_empty_in_public_json; media_export_url_unknown_without_shopify_export
B023-229,chillgen.com,personalized-christmas-welcome-doormat-28640346cc,15912099807601,80869984928113,GALLERY_PUBLIC_CDN,7,,https://cdn.shopify.com/s/files/1/1023/0068/0561/files/3aedcad0c1c29b75ce6685d44a14000133a184e22d6b66fc6da1101cc58fab34.jpg?v=1784382971,UNKNOWN_WITHOUT_SHOPIFY_EXPORT,PUBLIC_JSON_MATCHED_TO_HANDLE,,VIEWED_CONTACT_SHEET_AND_LOCAL_FILE,2026-09-07T03:29:10+07:00,overhead pet Christmas welcome mat,,overhead pet Christmas welcome mat,SET,NEEDS_REVIEW,1,,,,,seo_runs/chillgen.com/chillgen_20260907_01/evidence/images/B023/personalized-christmas-welcome-doormat-28640346cc__img_07.jpg,alt_current_empty_in_public_json; media_export_url_unknown_without_shopify_export
B023-229,chillgen.com,personalized-christmas-welcome-doormat-28640346cc,15912099807601,80869984960881,GALLERY_PUBLIC_CDN,8,,https://cdn.shopify.com/s/files/1/1023/0068/0561/files/b299e42863d455fadc28b9688908d326191d5a11f878e1e41fea5a7f870f8245.jpg?v=1784382973,UNKNOWN_WITHOUT_SHOPIFY_EXPORT,PUBLIC_JSON_MATCHED_TO_HANDLE,,VIEWED_CONTACT_SHEET_AND_LOCAL_FILE,2026-09-07T03:29:10+07:00,pet holiday mat near doorway,,pet holiday mat near doorway,SET,NEEDS_REVIEW,1,,,,,seo_runs/chillgen.com/chillgen_20260907_01/evidence/images/B023/personalized-christmas-welcome-doormat-28640346cc__img_08.jpg,alt_current_empty_in_public_json; media_export_url_unknown_without_shopify_export
B023-229,chillgen.com,personalized-christmas-welcome-doormat-28640346cc,15912099807601,80869984993649,GALLERY_PUBLIC_CDN,9,,https://cdn.shopify.com/s/files/1/1023/0068/0561/files/03b31ae57a07afed0c194657942fdda33aec2111914b8714a53b3065a9f34aed.jpg?v=1784382976,UNKNOWN_WITHOUT_SHOPIFY_EXPORT,PUBLIC_JSON_MATCHED_TO_HANDLE,,VIEWED_CONTACT_SHEET_AND_LOCAL_FILE,2026-09-07T03:29:10+07:00,pet family mat beside bed,,pet family mat beside bed,SET,NEEDS_REVIEW,1,,,,,seo_runs/chillgen.com/chillgen_20260907_01/evidence/images/B023/personalized-christmas-welcome-doormat-28640346cc__img_09.jpg,alt_current_empty_in_public_json; media_export_url_unknown_without_shopify_export
B023-229,chillgen.com,personalized-christmas-welcome-doormat-28640346cc,15912099807601,80878922072433,GALLERY_PUBLIC_CDN,10,,https://cdn.shopify.com/s/files/1/1023/0068/0561/files/6d0b57bd85061ecad8627abad40d0143a36a761ecc91352663c27d3a97af6333.jpg?v=1784378201,UNKNOWN_WITHOUT_SHOPIFY_EXPORT,PUBLIC_JSON_MATCHED_TO_HANDLE,,VIEWED_CONTACT_SHEET_AND_LOCAL_FILE,2026-09-07T03:29:10+07:00,pet Christmas welcome mat at entry,,pet Christmas welcome mat at entry,SET,NEEDS_REVIEW,1,,,,,seo_runs/chillgen.com/chillgen_20260907_01/evidence/images/B023/personalized-christmas-welcome-doormat-28640346cc__img_10.jpg,alt_current_empty_in_public_json; media_export_url_unknown_without_shopify_export
B023-229,chillgen.com,personalized-christmas-welcome-doormat-28640346cc,15912099807601,80878922105201,GALLERY_PUBLIC_CDN,11,,https://cdn.shopify.com/s/files/1/1023/0068/0561/files/cd2e52b90d716b3f3c13457c04d9e9e57ed6a7d2bffdc871c60dda69852297d7.jpg?v=1784378069,UNKNOWN_WITHOUT_SHOPIFY_EXPORT,PUBLIC_JSON_MATCHED_TO_HANDLE,,VIEWED_CONTACT_SHEET_AND_LOCAL_FILE,2026-09-07T03:29:10+07:00,angled pet family doormat,,angled pet family doormat,SET,NEEDS_REVIEW,1,,,,,seo_runs/chillgen.com/chillgen_20260907_01/evidence/images/B023/personalized-christmas-welcome-doormat-28640346cc__img_11.jpg,alt_current_empty_in_public_json; media_export_url_unknown_without_shopify_export
B023-229,chillgen.com,personalized-christmas-welcome-doormat-28640346cc,15912099807601,80878922137969,GALLERY_PUBLIC_CDN,12,,https://cdn.shopify.com/s/files/1/1023/0068/0561/files/f6e9deb9be86167188bc493f83213f8a6850f77b6e69f769a8697bebe19af5cc.jpg?v=1784378069,UNKNOWN_WITHOUT_SHOPIFY_EXPORT,PUBLIC_JSON_MATCHED_TO_HANDLE,,VIEWED_CONTACT_SHEET_AND_LOCAL_FILE,2026-09-07T03:29:10+07:00,flat pet family mat product image,,flat pet family mat product image,SET,NEEDS_REVIEW,1,,,,,seo_runs/chillgen.com/chillgen_20260907_01/evidence/images/B023/personalized-christmas-welcome-doormat-28640346cc__img_12.jpg,alt_current_empty_in_public_json; media_export_url_unknown_without_shopify_export
B023-229,chillgen.com,personalized-christmas-welcome-doormat-28640346cc,15912099807601,80878922170737,GALLERY_PUBLIC_CDN,13,,https://cdn.shopify.com/s/files/1/1023/0068/0561/files/03da6fad6aef134c78334dc1f05d1f007d32d5f0626e1fbf536a2729759d9375.jpg?v=1784378075,UNKNOWN_WITHOUT_SHOPIFY_EXPORT,PUBLIC_JSON_MATCHED_TO_HANDLE,,VIEWED_CONTACT_SHEET_AND_LOCAL_FILE,2026-09-07T03:29:10+07:00,cat options chart for holiday mat,,cat options chart for holiday mat,SET,NEEDS_REVIEW,1,,,,,seo_runs/chillgen.com/chillgen_20260907_01/evidence/images/B023/personalized-christmas-welcome-doormat-28640346cc__img_13.jpg,alt_current_empty_in_public_json; media_export_url_unknown_without_shopify_export
B023-229,chillgen.com,personalized-christmas-welcome-doormat-28640346cc,15912099807601,80878922203505,GALLERY_PUBLIC_CDN,14,,https://cdn.shopify.com/s/files/1/1023/0068/0561/files/d1f82795c52ef777b190daebe935c393f2ea11cf152a909abb65de77aa9623d7.jpg?v=1784378075,UNKNOWN_WITHOUT_SHOPIFY_EXPORT,PUBLIC_JSON_MATCHED_TO_HANDLE,,VIEWED_CONTACT_SHEET_AND_LOCAL_FILE,2026-09-07T03:29:10+07:00,dog options chart for holiday mat,,dog options chart for holiday mat,SET,NEEDS_REVIEW,1,,,,,seo_runs/chillgen.com/chillgen_20260907_01/evidence/images/B023/personalized-christmas-welcome-doormat-28640346cc__img_14.jpg,alt_current_empty_in_public_json; media_export_url_unknown_without_shopify_export
B023-229,chillgen.com,personalized-christmas-welcome-doormat-28640346cc,15912099807601,80878922236273,GALLERY_PUBLIC_CDN,15,,https://cdn.shopify.com/s/files/1/1023/0068/0561/files/df85c579e60f4babb0cde4c7c8f1d5ed55f79c96654c6f0a04078547a4610bd4.jpg?v=1784378080,UNKNOWN_WITHOUT_SHOPIFY_EXPORT,PUBLIC_JSON_MATCHED_TO_HANDLE,,VIEWED_CONTACT_SHEET_AND_LOCAL_FILE,2026-09-07T03:29:10+07:00,pet family mat at front door,,pet family mat at front door,SET,NEEDS_REVIEW,1,,,,,seo_runs/chillgen.com/chillgen_20260907_01/evidence/images/B023/personalized-christmas-welcome-doormat-28640346cc__img_15.jpg,alt_current_empty_in_public_json; media_export_url_unknown_without_shopify_export
B023-229,chillgen.com,personalized-christmas-welcome-doormat-28640346cc,15912099807601,80878922269041,GALLERY_PUBLIC_CDN,16,,https://cdn.shopify.com/s/files/1/1023/0068/0561/files/63ff1d0aacb95cc2081a5c6a091a04abce916f4a4f86f1ad19b8f88ce9371f45.jpg?v=1784378080,UNKNOWN_WITHOUT_SHOPIFY_EXPORT,PUBLIC_JSON_MATCHED_TO_HANDLE,,VIEWED_CONTACT_SHEET_AND_LOCAL_FILE,2026-09-07T03:29:10+07:00,overhead pet family welcome mat,,overhead pet family welcome mat,SET,NEEDS_REVIEW,1,,,,,seo_runs/chillgen.com/chillgen_20260907_01/evidence/images/B023/personalized-christmas-welcome-doormat-28640346cc__img_16.jpg,alt_current_empty_in_public_json; media_export_url_unknown_without_shopify_export
B023-229,chillgen.com,personalized-christmas-welcome-doormat-28640346cc,15912099807601,80878922301809,GALLERY_PUBLIC_CDN,17,,https://cdn.shopify.com/s/files/1/1023/0068/0561/files/7ca2993069bdb9702193101beab90d0d2dbbd15fcaa5cac4d1ff74e96db99855.jpg?v=1784378085,UNKNOWN_WITHOUT_SHOPIFY_EXPORT,PUBLIC_JSON_MATCHED_TO_HANDLE,,VIEWED_CONTACT_SHEET_AND_LOCAL_FILE,2026-09-07T03:29:10+07:00,pet Christmas mat at white doorway,,pet Christmas mat at white doorway,SET,NEEDS_REVIEW,1,,,,,seo_runs/chillgen.com/chillgen_20260907_01/evidence/images/B023/personalized-christmas-welcome-doormat-28640346cc__img_17.jpg,alt_current_empty_in_public_json; media_export_url_unknown_without_shopify_export
B023-229,chillgen.com,personalized-christmas-welcome-doormat-28640346cc,15912099807601,80878922334577,GALLERY_PUBLIC_CDN,18,,https://cdn.shopify.com/s/files/1/1023/0068/0561/files/eb7d5a7001a8e0fdb9761a6fa647a16cc335f9cb71ee2cbde397a1b6a3a14797.jpg?v=1784378085,UNKNOWN_WITHOUT_SHOPIFY_EXPORT,PUBLIC_JSON_MATCHED_TO_HANDLE,,VIEWED_CONTACT_SHEET_AND_LOCAL_FILE,2026-09-07T03:29:10+07:00,pet family doormat beside bed,,pet family doormat beside bed,SET,NEEDS_REVIEW,1,,,,,seo_runs/chillgen.com/chillgen_20260907_01/evidence/images/B023/personalized-christmas-welcome-doormat-28640346cc__img_18.jpg,alt_current_empty_in_public_json; media_export_url_unknown_without_shopify_export
B023-230,chillgen.com,personalized-christmas-doormat-1a037c0533,15912100299121,80869991580017,GALLERY_PUBLIC_CDN,1,,https://cdn.shopify.com/s/files/1/1023/0068/0561/files/ab6744b2c39ec1d87a234b350265799afd505412353d47e389104c683ecdfbf9.jpg?v=1784382932,UNKNOWN_WITHOUT_SHOPIFY_EXPORT,PUBLIC_JSON_MATCHED_TO_HANDLE,,VIEWED_CONTACT_SHEET_AND_LOCAL_FILE,2026-09-07T03:29:10+07:00,Santa letter Christmas doormat product image,,Santa letter Christmas doormat product image,SET,NEEDS_REVIEW,1,,,,,seo_runs/chillgen.com/chillgen_20260907_01/evidence/images/B023/personalized-christmas-doormat-1a037c0533__img_01.jpg,alt_current_empty_in_public_json; media_export_url_unknown_without_shopify_export
B023-230,chillgen.com,personalized-christmas-doormat-1a037c0533,15912100299121,80869991645553,GALLERY_PUBLIC_CDN,2,,https://cdn.shopify.com/s/files/1/1023/0068/0561/files/00170cd2c40fa7c75d86661d862cb96ed10cfaa624e56550fc29b47caf500146.jpg?v=1784382927,UNKNOWN_WITHOUT_SHOPIFY_EXPORT,PUBLIC_JSON_MATCHED_TO_HANDLE,,VIEWED_CONTACT_SHEET_AND_LOCAL_FILE,2026-09-07T03:29:10+07:00,Santa letter mat at holiday doorway,,Santa letter mat at holiday doorway,SET,NEEDS_REVIEW,1,,,,,seo_runs/chillgen.com/chillgen_20260907_01/evidence/images/B023/personalized-christmas-doormat-1a037c0533__img_02.jpg,alt_current_empty_in_public_json; media_export_url_unknown_without_shopify_export
B023-230,chillgen.com,personalized-christmas-doormat-1a037c0533,15912100299121,80869991678321,GALLERY_PUBLIC_CDN,3,,https://cdn.shopify.com/s/files/1/1023/0068/0561/files/54c30fb6357e7c569dc947d4bbfb9f5cc43f86d3cf3ad0c122ee75c62fd2e781.jpg?v=1784382934,UNKNOWN_WITHOUT_SHOPIFY_EXPORT,PUBLIC_JSON_MATCHED_TO_HANDLE,,VIEWED_CONTACT_SHEET_AND_LOCAL_FILE,2026-09-07T03:29:10+07:00,red Santa letter mat product view,,red Santa letter mat product view,SET,NEEDS_REVIEW,1,,,,,seo_runs/chillgen.com/chillgen_20260907_01/evidence/images/B023/personalized-christmas-doormat-1a037c0533__img_03.jpg,alt_current_empty_in_public_json; media_export_url_unknown_without_shopify_export
B023-230,chillgen.com,personalized-christmas-doormat-1a037c0533,15912100299121,80869991711089,GALLERY_PUBLIC_CDN,4,,https://cdn.shopify.com/s/files/1/1023/0068/0561/files/9dd5b2926a4220148db54a272204f574fad82125a35def402f497937017c2cec.jpg?v=1784382938,UNKNOWN_WITHOUT_SHOPIFY_EXPORT,PUBLIC_JSON_MATCHED_TO_HANDLE,,VIEWED_CONTACT_SHEET_AND_LOCAL_FILE,2026-09-07T03:29:10+07:00,person holding Santa letter Christmas mat,,person holding Santa letter Christmas mat,SET,NEEDS_REVIEW,1,,,,,seo_runs/chillgen.com/chillgen_20260907_01/evidence/images/B023/personalized-christmas-doormat-1a037c0533__img_04.jpg,alt_current_empty_in_public_json; media_export_url_unknown_without_shopify_export
B023-230,chillgen.com,personalized-christmas-doormat-1a037c0533,15912100299121,80869991743857,GALLERY_PUBLIC_CDN,5,,https://cdn.shopify.com/s/files/1/1023/0068/0561/files/0fea871079f3814fe2e4613d5320ec9cf123880a49edc296a8353aa2063b3bad.jpg?v=1784382944,UNKNOWN_WITHOUT_SHOPIFY_EXPORT,PUBLIC_JSON_MATCHED_TO_HANDLE,,VIEWED_CONTACT_SHEET_AND_LOCAL_FILE,2026-09-07T03:29:10+07:00,non-skid backing detail for Santa letter mat,,non-skid backing detail for Santa letter mat,SET,NEEDS_REVIEW,1,,,,,seo_runs/chillgen.com/chillgen_20260907_01/evidence/images/B023/personalized-christmas-doormat-1a037c0533__img_05.jpg,alt_current_empty_in_public_json; media_export_url_unknown_without_shopify_export
B023-230,chillgen.com,personalized-christmas-doormat-1a037c0533,15912100299121,80869991776625,GALLERY_PUBLIC_CDN,6,,https://cdn.shopify.com/s/files/1/1023/0068/0561/files/0ce8b9080b4e3462ecdfedac47e6acc6896fedf818f3cb412fe2fb5ad31f14dc.jpg?v=1784382940,UNKNOWN_WITHOUT_SHOPIFY_EXPORT,PUBLIC_JSON_MATCHED_TO_HANDLE,,VIEWED_CONTACT_SHEET_AND_LOCAL_FILE,2026-09-07T03:29:10+07:00,Santa letter mat at dark front door,,Santa letter mat at dark front door,SET,NEEDS_REVIEW,1,,,,,seo_runs/chillgen.com/chillgen_20260907_01/evidence/images/B023/personalized-christmas-doormat-1a037c0533__img_06.jpg,alt_current_empty_in_public_json; media_export_url_unknown_without_shopify_export
B023-230,chillgen.com,personalized-christmas-doormat-1a037c0533,15912100299121,80869991809393,GALLERY_PUBLIC_CDN,7,,https://cdn.shopify.com/s/files/1/1023/0068/0561/files/9051126fb6d5f26384e70c2c6fbeb31aabf7e5e7bade8102f0f982b55e8220ca.jpg?v=1784382945,UNKNOWN_WITHOUT_SHOPIFY_EXPORT,PUBLIC_JSON_MATCHED_TO_HANDLE,,VIEWED_CONTACT_SHEET_AND_LOCAL_FILE,2026-09-07T03:29:10+07:00,overhead Santa letter mat,,overhead Santa letter mat,SET,NEEDS_REVIEW,1,,,,,seo_runs/chillgen.com/chillgen_20260907_01/evidence/images/B023/personalized-christmas-doormat-1a037c0533__img_07.jpg,alt_current_empty_in_public_json; media_export_url_unknown_without_shopify_export
B023-230,chillgen.com,personalized-christmas-doormat-1a037c0533,15912100299121,80869991842161,GALLERY_PUBLIC_CDN,8,,https://cdn.shopify.com/s/files/1/1023/0068/0561/files/5bd632c88e713653da65627b676089429867374d77d067e77f6f1106e156bcc8.jpg?v=1784382949,UNKNOWN_WITHOUT_SHOPIFY_EXPORT,PUBLIC_JSON_MATCHED_TO_HANDLE,,VIEWED_CONTACT_SHEET_AND_LOCAL_FILE,2026-09-07T03:29:10+07:00,Santa letter doormat near Christmas tree,,Santa letter doormat near Christmas tree,SET,NEEDS_REVIEW,1,,,,,seo_runs/chillgen.com/chillgen_20260907_01/evidence/images/B023/personalized-christmas-doormat-1a037c0533__img_08.jpg,alt_current_empty_in_public_json; media_export_url_unknown_without_shopify_export
B023-230,chillgen.com,personalized-christmas-doormat-1a037c0533,15912100299121,80869991874929,GALLERY_PUBLIC_CDN,9,,https://cdn.shopify.com/s/files/1/1023/0068/0561/files/89db2512ce86158ac51dc9726bb7fcd1bb14a0e455f4a546bbd3f2efeb27f522.jpg?v=1784382950,UNKNOWN_WITHOUT_SHOPIFY_EXPORT,PUBLIC_JSON_MATCHED_TO_HANDLE,,VIEWED_CONTACT_SHEET_AND_LOCAL_FILE,2026-09-07T03:29:10+07:00,Santa letter mat at white door,,Santa letter mat at white door,SET,NEEDS_REVIEW,1,,,,,seo_runs/chillgen.com/chillgen_20260907_01/evidence/images/B023/personalized-christmas-doormat-1a037c0533__img_09.jpg,alt_current_empty_in_public_json; media_export_url_unknown_without_shopify_export
B023-230,chillgen.com,personalized-christmas-doormat-1a037c0533,15912100299121,80878921286001,GALLERY_PUBLIC_CDN,10,,https://cdn.shopify.com/s/files/1/1023/0068/0561/files/c6e4db2a9d2535616bf31bc0f8e961f82330d31bc35e0f0036a00439cc9b77ee.jpg?v=1784378043,UNKNOWN_WITHOUT_SHOPIFY_EXPORT,PUBLIC_JSON_MATCHED_TO_HANDLE,,VIEWED_CONTACT_SHEET_AND_LOCAL_FILE,2026-09-07T03:29:10+07:00,Santa letter color variants,,Santa letter color variants,SET,NEEDS_REVIEW,1,,,,,seo_runs/chillgen.com/chillgen_20260907_01/evidence/images/B023/personalized-christmas-doormat-1a037c0533__img_10.jpg,alt_current_empty_in_public_json; media_export_url_unknown_without_shopify_export
B023-230,chillgen.com,personalized-christmas-doormat-1a037c0533,15912100299121,80878921318769,GALLERY_PUBLIC_CDN,11,,https://cdn.shopify.com/s/files/1/1023/0068/0561/files/bc7996221184418c9cad58ef038a259792e326fc5dd088d8dc8f956bd30c6ea1.jpg?v=1784378048,UNKNOWN_WITHOUT_SHOPIFY_EXPORT,PUBLIC_JSON_MATCHED_TO_HANDLE,,VIEWED_CONTACT_SHEET_AND_LOCAL_FILE,2026-09-07T03:29:10+07:00,Santa letter mat at entryway,,Santa letter mat at entryway,SET,NEEDS_REVIEW,1,,,,,seo_runs/chillgen.com/chillgen_20260907_01/evidence/images/B023/personalized-christmas-doormat-1a037c0533__img_11.jpg,alt_current_empty_in_public_json; media_export_url_unknown_without_shopify_export
B023-230,chillgen.com,personalized-christmas-doormat-1a037c0533,15912100299121,80878921351537,GALLERY_PUBLIC_CDN,12,,https://cdn.shopify.com/s/files/1/1023/0068/0561/files/7a7efc136b71cb60502ad42925a01027174fbda6d108183c835edf9d71d9927f.jpg?v=1784378048,UNKNOWN_WITHOUT_SHOPIFY_EXPORT,PUBLIC_JSON_MATCHED_TO_HANDLE,,VIEWED_CONTACT_SHEET_AND_LOCAL_FILE,2026-09-07T03:29:10+07:00,flat Santa letter mat product image,,flat Santa letter mat product image,SET,NEEDS_REVIEW,1,,,,,seo_runs/chillgen.com/chillgen_20260907_01/evidence/images/B023/personalized-christmas-doormat-1a037c0533__img_12.jpg,alt_current_empty_in_public_json; media_export_url_unknown_without_shopify_export
B023-230,chillgen.com,personalized-christmas-doormat-1a037c0533,15912100299121,80878921384305,GALLERY_PUBLIC_CDN,13,,https://cdn.shopify.com/s/files/1/1023/0068/0561/files/0050acd424ffe25309bcfb41fb9789b246ededfa029d256d70b1acb94bb3c626.jpg?v=1784378053,UNKNOWN_WITHOUT_SHOPIFY_EXPORT,PUBLIC_JSON_MATCHED_TO_HANDLE,,VIEWED_CONTACT_SHEET_AND_LOCAL_FILE,2026-09-07T03:29:10+07:00,person holding custom Santa letter mat,,person holding custom Santa letter mat,SET,NEEDS_REVIEW,1,,,,,seo_runs/chillgen.com/chillgen_20260907_01/evidence/images/B023/personalized-christmas-doormat-1a037c0533__img_13.jpg,alt_current_empty_in_public_json; media_export_url_unknown_without_shopify_export
B023-230,chillgen.com,personalized-christmas-doormat-1a037c0533,15912100299121,80878921417073,GALLERY_PUBLIC_CDN,14,,https://cdn.shopify.com/s/files/1/1023/0068/0561/files/9f9e10caa15cd39a8c7252485b05dc1e69b6702ff86d0d97c26fff90114488bf.jpg?v=1784378053,UNKNOWN_WITHOUT_SHOPIFY_EXPORT,PUBLIC_JSON_MATCHED_TO_HANDLE,,VIEWED_CONTACT_SHEET_AND_LOCAL_FILE,2026-09-07T03:29:10+07:00,backing and thickness detail for Santa letter mat,,backing and thickness detail for Santa letter mat,SET,NEEDS_REVIEW,1,,,,,seo_runs/chillgen.com/chillgen_20260907_01/evidence/images/B023/personalized-christmas-doormat-1a037c0533__img_14.jpg,alt_current_empty_in_public_json; media_export_url_unknown_without_shopify_export
B023-230,chillgen.com,personalized-christmas-doormat-1a037c0533,15912100299121,80878921449841,GALLERY_PUBLIC_CDN,15,,https://cdn.shopify.com/s/files/1/1023/0068/0561/files/7002038e3b1281f37b7d42047ae837afab3827bf82e343ba656ba74c6e471d53.jpg?v=1784378059,UNKNOWN_WITHOUT_SHOPIFY_EXPORT,PUBLIC_JSON_MATCHED_TO_HANDLE,,VIEWED_CONTACT_SHEET_AND_LOCAL_FILE,2026-09-07T03:29:10+07:00,Santa letter mat at front door,,Santa letter mat at front door,SET,NEEDS_REVIEW,1,,,,,seo_runs/chillgen.com/chillgen_20260907_01/evidence/images/B023/personalized-christmas-doormat-1a037c0533__img_15.jpg,alt_current_empty_in_public_json; media_export_url_unknown_without_shopify_export
B023-230,chillgen.com,personalized-christmas-doormat-1a037c0533,15912100299121,80878921482609,GALLERY_PUBLIC_CDN,16,,https://cdn.shopify.com/s/files/1/1023/0068/0561/files/8c69356980174a7a4c1a9d790a5ca190283d3b896527b35eb8ad773055f698fc.jpg?v=1784378059,UNKNOWN_WITHOUT_SHOPIFY_EXPORT,PUBLIC_JSON_MATCHED_TO_HANDLE,,VIEWED_CONTACT_SHEET_AND_LOCAL_FILE,2026-09-07T03:29:10+07:00,overhead red Santa letter doormat,,overhead red Santa letter doormat,SET,NEEDS_REVIEW,1,,,,,seo_runs/chillgen.com/chillgen_20260907_01/evidence/images/B023/personalized-christmas-doormat-1a037c0533__img_16.jpg,alt_current_empty_in_public_json; media_export_url_unknown_without_shopify_export
B023-230,chillgen.com,personalized-christmas-doormat-1a037c0533,15912100299121,80878921515377,GALLERY_PUBLIC_CDN,17,,https://cdn.shopify.com/s/files/1/1023/0068/0561/files/e77ac6193af7586007bb873508f124f8f83c9b681c26fbe1c0432e81fe1fc53e.jpg?v=1784378065,UNKNOWN_WITHOUT_SHOPIFY_EXPORT,PUBLIC_JSON_MATCHED_TO_HANDLE,,VIEWED_CONTACT_SHEET_AND_LOCAL_FILE,2026-09-07T03:29:10+07:00,Santa letter mat by holiday decor,,Santa letter mat by holiday decor,SET,NEEDS_REVIEW,1,,,,,seo_runs/chillgen.com/chillgen_20260907_01/evidence/images/B023/personalized-christmas-doormat-1a037c0533__img_17.jpg,alt_current_empty_in_public_json; media_export_url_unknown_without_shopify_export
B023-230,chillgen.com,personalized-christmas-doormat-1a037c0533,15912100299121,80878921548145,GALLERY_PUBLIC_CDN,18,,https://cdn.shopify.com/s/files/1/1023/0068/0561/files/618412d264af6c1dcc807898bb8290782fafc1b0310b887c2d7e6edc52a264b0.jpg?v=1784378064,UNKNOWN_WITHOUT_SHOPIFY_EXPORT,PUBLIC_JSON_MATCHED_TO_HANDLE,,VIEWED_CONTACT_SHEET_AND_LOCAL_FILE,2026-09-07T03:29:10+07:00,Santa letter mat at white doorway,,Santa letter mat at white doorway,SET,NEEDS_REVIEW,1,,,,,seo_runs/chillgen.com/chillgen_20260907_01/evidence/images/B023/personalized-christmas-doormat-1a037c0533__img_18.jpg,alt_current_empty_in_public_json; media_export_url_unknown_without_shopify_export
