evidence_id,shop_domain,Handle,product_id,media_id,image_location,image_number,variant,image_url,image_url_export,identity_status,shared_media_references,viewed_status,viewed_at,observed_visual_details,alt_current,alt_proposed,alt_action,review_status,revision,approved_by,approved_at,approved_fields,approved_revision,evidence_file_or_reference,issues
B025-241,chillgen.com,custom-reading-tree-classroom-library-rug-983a65fb2e-983a65fb2e,15913278538097,80877936476529,GALLERY_PUBLIC_CDN,1,,https://cdn.shopify.com/s/files/1/1023/0068/0561/files/667ec944f6654ff20ca917ed51c8d59ff83f4cf98d1b4732481b3178b31afac5_dc9432d2-8ae1-4188-97e5-2b16cdf0f10d.jpg?v=1784365028,UNKNOWN_WITHOUT_SHOPIFY_EXPORT,PUBLIC_JSON_MATCHED_TO_HANDLE,,VIEWED_CONTACT_SHEET_AND_LOCAL_FILE,2026-09-07T03:40:19+07:00,reading tree rug in classroom nook,,reading tree rug in classroom nook,SET,NEEDS_REVIEW,1,,,,,seo_runs/chillgen.com/chillgen_20260907_01/evidence/images/B025/custom-reading-tree-classroom-library-rug-983a65fb2e-983a65fb2e__img_01.jpg,alt_current_empty_in_public_json; media_export_url_unknown_without_shopify_export
B025-241,chillgen.com,custom-reading-tree-classroom-library-rug-983a65fb2e-983a65fb2e,15913278538097,80877936509297,GALLERY_PUBLIC_CDN,2,,https://cdn.shopify.com/s/files/1/1023/0068/0561/files/baabb9739dc3b161dfc62e9979f9f3a280cb1bd00f6e1463c3b84d7641835eaf_11f67e9e-73fc-4dd1-bf8b-a845d7e43450.jpg?v=1784365030,UNKNOWN_WITHOUT_SHOPIFY_EXPORT,PUBLIC_JSON_MATCHED_TO_HANDLE,,VIEWED_CONTACT_SHEET_AND_LOCAL_FILE,2026-09-07T03:40:19+07:00,tree classroom reading rug flat view,,tree classroom reading rug flat view,SET,NEEDS_REVIEW,1,,,,,seo_runs/chillgen.com/chillgen_20260907_01/evidence/images/B025/custom-reading-tree-classroom-library-rug-983a65fb2e-983a65fb2e__img_02.jpg,alt_current_empty_in_public_json; media_export_url_unknown_without_shopify_export
B025-241,chillgen.com,custom-reading-tree-classroom-library-rug-983a65fb2e-983a65fb2e,15913278538097,80877936542065,GALLERY_PUBLIC_CDN,3,,https://cdn.shopify.com/s/files/1/1023/0068/0561/files/d340edce5418a415535f57b1d642fb9cef5c8aaf243cc254d2746ad53d548707_7ff019dc-a6d4-4044-84b6-c3f54912c32d.jpg?v=1784365033,UNKNOWN_WITHOUT_SHOPIFY_EXPORT,PUBLIC_JSON_MATCHED_TO_HANDLE,,VIEWED_CONTACT_SHEET_AND_LOCAL_FILE,2026-09-07T03:40:19+07:00,reading tree rug in playroom,,reading tree rug in playroom,SET,NEEDS_REVIEW,1,,,,,seo_runs/chillgen.com/chillgen_20260907_01/evidence/images/B025/custom-reading-tree-classroom-library-rug-983a65fb2e-983a65fb2e__img_03.jpg,alt_current_empty_in_public_json; media_export_url_unknown_without_shopify_export
B025-241,chillgen.com,custom-reading-tree-classroom-library-rug-983a65fb2e-983a65fb2e,15913278538097,80877936574833,GALLERY_PUBLIC_CDN,4,,https://cdn.shopify.com/s/files/1/1023/0068/0561/files/b239ae580e7b02948881a0a7d8f308d1a31c0a7b3397092dd58a7dd4975c939d_aa50ead7-1ad7-4aed-850d-5d99fecb6fe8.jpg?v=1784365035,UNKNOWN_WITHOUT_SHOPIFY_EXPORT,PUBLIC_JSON_MATCHED_TO_HANDLE,,VIEWED_CONTACT_SHEET_AND_LOCAL_FILE,2026-09-07T03:40:19+07:00,tree of books rug classroom mockup,,tree of books rug classroom mockup,SET,NEEDS_REVIEW,1,,,,,seo_runs/chillgen.com/chillgen_20260907_01/evidence/images/B025/custom-reading-tree-classroom-library-rug-983a65fb2e-983a65fb2e__img_04.jpg,alt_current_empty_in_public_json; media_export_url_unknown_without_shopify_export
B025-241,chillgen.com,custom-reading-tree-classroom-library-rug-983a65fb2e-983a65fb2e,15913278538097,80877936607601,GALLERY_PUBLIC_CDN,5,,https://cdn.shopify.com/s/files/1/1023/0068/0561/files/29faa8e45bab7364ca46ef7db84e14b38cb9680b9d51b3a9d3f0bbcef38f9e47_19a14c84-4f2b-4ef0-8971-1705991ff901.jpg?v=1784365038,UNKNOWN_WITHOUT_SHOPIFY_EXPORT,PUBLIC_JSON_MATCHED_TO_HANDLE,,VIEWED_CONTACT_SHEET_AND_LOCAL_FILE,2026-09-07T03:40:19+07:00,children gathered on reading tree rug,,children gathered on reading tree rug,SET,NEEDS_REVIEW,1,,,,,seo_runs/chillgen.com/chillgen_20260907_01/evidence/images/B025/custom-reading-tree-classroom-library-rug-983a65fb2e-983a65fb2e__img_05.jpg,alt_current_empty_in_public_json; media_export_url_unknown_without_shopify_export
B025-241,chillgen.com,custom-reading-tree-classroom-library-rug-983a65fb2e-983a65fb2e,15913278538097,80877936640369,GALLERY_PUBLIC_CDN,6,,https://cdn.shopify.com/s/files/1/1023/0068/0561/files/b080d977037a136994d492f94a4c6d212ee9e21c8e5d7891a1f1662ddb255e5c_de2115e4-4a75-40f8-911d-5dfaffcb0e9a.jpg?v=1784365040,UNKNOWN_WITHOUT_SHOPIFY_EXPORT,PUBLIC_JSON_MATCHED_TO_HANDLE,,VIEWED_CONTACT_SHEET_AND_LOCAL_FILE,2026-09-07T03:40:19+07:00,teacher reading on tree classroom rug,,teacher reading on tree classroom rug,SET,NEEDS_REVIEW,1,,,,,seo_runs/chillgen.com/chillgen_20260907_01/evidence/images/B025/custom-reading-tree-classroom-library-rug-983a65fb2e-983a65fb2e__img_06.jpg,alt_current_empty_in_public_json; media_export_url_unknown_without_shopify_export
B025-241,chillgen.com,custom-reading-tree-classroom-library-rug-983a65fb2e-983a65fb2e,15913278538097,80877936673137,GALLERY_PUBLIC_CDN,7,,https://cdn.shopify.com/s/files/1/1023/0068/0561/files/aca978466c694132ad2b8db78723d9421751b625f80a6f4c997f79e9d3a87f10_47452513-8cb3-4744-aa5d-b567ceb22269.jpg?v=1784365046,UNKNOWN_WITHOUT_SHOPIFY_EXPORT,PUBLIC_JSON_MATCHED_TO_HANDLE,,VIEWED_CONTACT_SHEET_AND_LOCAL_FILE,2026-09-07T03:40:19+07:00,reading tree rug detail panel,,reading tree rug detail panel,SET,NEEDS_REVIEW,1,,,,,seo_runs/chillgen.com/chillgen_20260907_01/evidence/images/B025/custom-reading-tree-classroom-library-rug-983a65fb2e-983a65fb2e__img_07.jpg,alt_current_empty_in_public_json; media_export_url_unknown_without_shopify_export
B025-241,chillgen.com,custom-reading-tree-classroom-library-rug-983a65fb2e-983a65fb2e,15913278538097,80877936705905,GALLERY_PUBLIC_CDN,8,,https://cdn.shopify.com/s/files/1/1023/0068/0561/files/85c1b0577a3172514e63eb713ef460632551515f52a2bc31f86fafade8409940_696cb23b-a9bf-4adc-bfa6-f15e36de14f2.jpg?v=1784365046,UNKNOWN_WITHOUT_SHOPIFY_EXPORT,PUBLIC_JSON_MATCHED_TO_HANDLE,,VIEWED_CONTACT_SHEET_AND_LOCAL_FILE,2026-09-07T03:40:19+07:00,microfiber cushion closeup for tree rug,,microfiber cushion closeup for tree rug,SET,NEEDS_REVIEW,1,,,,,seo_runs/chillgen.com/chillgen_20260907_01/evidence/images/B025/custom-reading-tree-classroom-library-rug-983a65fb2e-983a65fb2e__img_08.jpg,alt_current_empty_in_public_json; media_export_url_unknown_without_shopify_export
B025-241,chillgen.com,custom-reading-tree-classroom-library-rug-983a65fb2e-983a65fb2e,15913278538097,80877936738673,GALLERY_PUBLIC_CDN,9,,https://cdn.shopify.com/s/files/1/1023/0068/0561/files/5d7a1bc1b01487f31f09e113cd2823d4dc4e063ac8653a7a6f0ad66f09e98ef8_ee01fe43-8094-4d5f-a218-4b68071616fe.jpg?v=1784365050,UNKNOWN_WITHOUT_SHOPIFY_EXPORT,PUBLIC_JSON_MATCHED_TO_HANDLE,,VIEWED_CONTACT_SHEET_AND_LOCAL_FILE,2026-09-07T03:40:19+07:00,anti-slip backing detail for reading rug,,anti-slip backing detail for reading rug,SET,NEEDS_REVIEW,1,,,,,seo_runs/chillgen.com/chillgen_20260907_01/evidence/images/B025/custom-reading-tree-classroom-library-rug-983a65fb2e-983a65fb2e__img_09.jpg,alt_current_empty_in_public_json; media_export_url_unknown_without_shopify_export
B025-242,chillgen.com,custom-tree-of-knowledge-classroom-library-rug-5ea95ac966-5ea95ac966,15913279684977,80877943751025,GALLERY_PUBLIC_CDN,1,,https://cdn.shopify.com/s/files/1/1023/0068/0561/files/8a7d173f3edd3e2ea7fad3aec994e906176ed92a91802810900a59e2f52f6c09_1c8b0d27-04e9-4032-9ea4-e5e57914241b.jpg?v=1784364983,UNKNOWN_WITHOUT_SHOPIFY_EXPORT,PUBLIC_JSON_MATCHED_TO_HANDLE,,VIEWED_CONTACT_SHEET_AND_LOCAL_FILE,2026-09-07T03:40:19+07:00,tree of knowledge rug in living room,,tree of knowledge rug in living room,SET,NEEDS_REVIEW,1,,,,,seo_runs/chillgen.com/chillgen_20260907_01/evidence/images/B025/custom-tree-of-knowledge-classroom-library-rug-5ea95ac966-5ea95ac966__img_01.jpg,alt_current_empty_in_public_json; media_export_url_unknown_without_shopify_export
B025-242,chillgen.com,custom-tree-of-knowledge-classroom-library-rug-5ea95ac966-5ea95ac966,15913279684977,80877943783793,GALLERY_PUBLIC_CDN,2,,https://cdn.shopify.com/s/files/1/1023/0068/0561/files/2d959675c283140d1f8007eb7adf69a2b123f9b5f112da197fd54287bd5c59f4_96eb7f2d-273f-4b6e-bf00-05e03eeaa7d1.jpg?v=1784364986,UNKNOWN_WITHOUT_SHOPIFY_EXPORT,PUBLIC_JSON_MATCHED_TO_HANDLE,,VIEWED_CONTACT_SHEET_AND_LOCAL_FILE,2026-09-07T03:40:19+07:00,tree classroom rug in library room,,tree classroom rug in library room,SET,NEEDS_REVIEW,1,,,,,seo_runs/chillgen.com/chillgen_20260907_01/evidence/images/B025/custom-tree-of-knowledge-classroom-library-rug-5ea95ac966-5ea95ac966__img_02.jpg,alt_current_empty_in_public_json; media_export_url_unknown_without_shopify_export
B025-242,chillgen.com,custom-tree-of-knowledge-classroom-library-rug-5ea95ac966-5ea95ac966,15913279684977,80877943816561,GALLERY_PUBLIC_CDN,3,,https://cdn.shopify.com/s/files/1/1023/0068/0561/files/b6d15bd06810c7f71a96d6a7738d25b73e581835a425892592d704e52f11f3f9_f410d3fa-4b55-4fdc-9877-c78417856650.jpg?v=1784364989,UNKNOWN_WITHOUT_SHOPIFY_EXPORT,PUBLIC_JSON_MATCHED_TO_HANDLE,,VIEWED_CONTACT_SHEET_AND_LOCAL_FILE,2026-09-07T03:40:19+07:00,tree of knowledge rug detail panel,,tree of knowledge rug detail panel,SET,NEEDS_REVIEW,1,,,,,seo_runs/chillgen.com/chillgen_20260907_01/evidence/images/B025/custom-tree-of-knowledge-classroom-library-rug-5ea95ac966-5ea95ac966__img_03.jpg,alt_current_empty_in_public_json; media_export_url_unknown_without_shopify_export
B025-242,chillgen.com,custom-tree-of-knowledge-classroom-library-rug-5ea95ac966-5ea95ac966,15913279684977,80877943849329,GALLERY_PUBLIC_CDN,4,,https://cdn.shopify.com/s/files/1/1023/0068/0561/files/c2c70827e0dc6ad80550951752981b081dd69d83163915b6cdf90180c509ec80_35191872-e4c2-4a95-833f-100a802310e2.jpg?v=1784364991,UNKNOWN_WITHOUT_SHOPIFY_EXPORT,PUBLIC_JSON_MATCHED_TO_HANDLE,,VIEWED_CONTACT_SHEET_AND_LOCAL_FILE,2026-09-07T03:40:19+07:00,microfiber cushion closeup for tree rug,,microfiber cushion closeup for tree rug,SET,NEEDS_REVIEW,1,,,,,seo_runs/chillgen.com/chillgen_20260907_01/evidence/images/B025/custom-tree-of-knowledge-classroom-library-rug-5ea95ac966-5ea95ac966__img_04.jpg,alt_current_empty_in_public_json; media_export_url_unknown_without_shopify_export
B025-242,chillgen.com,custom-tree-of-knowledge-classroom-library-rug-5ea95ac966-5ea95ac966,15913279684977,80877943882097,GALLERY_PUBLIC_CDN,5,,https://cdn.shopify.com/s/files/1/1023/0068/0561/files/b8d78b7ec9427d9b843b53f1100f074480e4fff949ee5ac9e83e27031163b743_e2663b97-6edf-4526-a7f7-f9055275f93f.jpg?v=1784364994,UNKNOWN_WITHOUT_SHOPIFY_EXPORT,PUBLIC_JSON_MATCHED_TO_HANDLE,,VIEWED_CONTACT_SHEET_AND_LOCAL_FILE,2026-09-07T03:40:19+07:00,anti-slip backing panel for tree rug,,anti-slip backing panel for tree rug,SET,NEEDS_REVIEW,1,,,,,seo_runs/chillgen.com/chillgen_20260907_01/evidence/images/B025/custom-tree-of-knowledge-classroom-library-rug-5ea95ac966-5ea95ac966__img_05.jpg,alt_current_empty_in_public_json; media_export_url_unknown_without_shopify_export
B025-242,chillgen.com,custom-tree-of-knowledge-classroom-library-rug-5ea95ac966-5ea95ac966,15913279684977,80877943914865,GALLERY_PUBLIC_CDN,6,,https://cdn.shopify.com/s/files/1/1023/0068/0561/files/e94c75bb031b44b693fbc1ae28e4980293cac8895c8e8da7468bc01a2acd03ad_f3415d77-b7a9-4290-83c7-720d3a9ca6f5.jpg?v=1784364997,UNKNOWN_WITHOUT_SHOPIFY_EXPORT,PUBLIC_JSON_MATCHED_TO_HANDLE,,VIEWED_CONTACT_SHEET_AND_LOCAL_FILE,2026-09-07T03:40:19+07:00,tree of knowledge rug in playroom,,tree of knowledge rug in playroom,SET,NEEDS_REVIEW,1,,,,,seo_runs/chillgen.com/chillgen_20260907_01/evidence/images/B025/custom-tree-of-knowledge-classroom-library-rug-5ea95ac966-5ea95ac966__img_06.jpg,alt_current_empty_in_public_json; media_export_url_unknown_without_shopify_export
B025-242,chillgen.com,custom-tree-of-knowledge-classroom-library-rug-5ea95ac966-5ea95ac966,15913279684977,80877943947633,GALLERY_PUBLIC_CDN,7,,https://cdn.shopify.com/s/files/1/1023/0068/0561/files/4a70a9d988457392d7183fe330a533f8d9640eda9af70892e8158ae7e6f1901b_38884bda-06ab-465b-96cd-770894d89f6a.jpg?v=1784364999,UNKNOWN_WITHOUT_SHOPIFY_EXPORT,PUBLIC_JSON_MATCHED_TO_HANDLE,,VIEWED_CONTACT_SHEET_AND_LOCAL_FILE,2026-09-07T03:40:19+07:00,tree rug size chart,,tree rug size chart,SET,NEEDS_REVIEW,1,,,,,seo_runs/chillgen.com/chillgen_20260907_01/evidence/images/B025/custom-tree-of-knowledge-classroom-library-rug-5ea95ac966-5ea95ac966__img_07.jpg,alt_current_empty_in_public_json; media_export_url_unknown_without_shopify_export
B025-242,chillgen.com,custom-tree-of-knowledge-classroom-library-rug-5ea95ac966-5ea95ac966,15913279684977,80877943980401,GALLERY_PUBLIC_CDN,8,,https://cdn.shopify.com/s/files/1/1023/0068/0561/files/c5ebc82ce7ab2945443cdf5d0fd1995a2349fbac3517e4214b5eaebc06e2012f_1709db0e-6748-4d28-8151-f81c35730b89.jpg?v=1784365002,UNKNOWN_WITHOUT_SHOPIFY_EXPORT,PUBLIC_JSON_MATCHED_TO_HANDLE,,VIEWED_CONTACT_SHEET_AND_LOCAL_FILE,2026-09-07T03:40:19+07:00,teacher reading with kids on tree rug,,teacher reading with kids on tree rug,SET,NEEDS_REVIEW,1,,,,,seo_runs/chillgen.com/chillgen_20260907_01/evidence/images/B025/custom-tree-of-knowledge-classroom-library-rug-5ea95ac966-5ea95ac966__img_08.jpg,alt_current_empty_in_public_json; media_export_url_unknown_without_shopify_export
B025-243,chillgen.com,personalized-cool-kids-read-book-rug-classroom-library-b1f15827f5,15913280405873,80877951517041,GALLERY_PUBLIC_CDN,1,,https://cdn.shopify.com/s/files/1/1023/0068/0561/files/c1bed78905e9432ac1e7c8387c39e06e8f28084977728c3829a6365224668252_7812a71b-b74f-4b61-9fe6-cef5bb5eba29.jpg?v=1784364953,UNKNOWN_WITHOUT_SHOPIFY_EXPORT,PUBLIC_JSON_MATCHED_TO_HANDLE,,VIEWED_CONTACT_SHEET_AND_LOCAL_FILE,2026-09-07T03:40:19+07:00,Cool Kids Read Books rug overhead,,Cool Kids Read Books rug overhead,SET,NEEDS_REVIEW,1,,,,,seo_runs/chillgen.com/chillgen_20260907_01/evidence/images/B025/personalized-cool-kids-read-book-rug-classroom-library-b1f15827f5__img_01.jpg,alt_current_empty_in_public_json; media_export_url_unknown_without_shopify_export
B025-243,chillgen.com,personalized-cool-kids-read-book-rug-classroom-library-b1f15827f5,15913280405873,80877951549809,GALLERY_PUBLIC_CDN,2,,https://cdn.shopify.com/s/files/1/1023/0068/0561/files/b6423fa9cfb94c367eadc1c361a41476b4eff1d5afc56f2815753fb913ad3b06_a34803ab-ee28-4cd0-9062-613ed8a7ee39.jpg?v=1784364958,UNKNOWN_WITHOUT_SHOPIFY_EXPORT,PUBLIC_JSON_MATCHED_TO_HANDLE,,VIEWED_CONTACT_SHEET_AND_LOCAL_FILE,2026-09-07T03:40:19+07:00,book character reading rug flat view,,book character reading rug flat view,SET,NEEDS_REVIEW,1,,,,,seo_runs/chillgen.com/chillgen_20260907_01/evidence/images/B025/personalized-cool-kids-read-book-rug-classroom-library-b1f15827f5__img_02.jpg,alt_current_empty_in_public_json; media_export_url_unknown_without_shopify_export
B025-243,chillgen.com,personalized-cool-kids-read-book-rug-classroom-library-b1f15827f5,15913280405873,80877951582577,GALLERY_PUBLIC_CDN,3,,https://cdn.shopify.com/s/files/1/1023/0068/0561/files/f793b0e76356ab17fa9ac04f0ba38d29abf4681a35af67d641b5f50d76842601_ea77b484-ac36-4e8e-8672-5a05678c3104.jpg?v=1784364959,UNKNOWN_WITHOUT_SHOPIFY_EXPORT,PUBLIC_JSON_MATCHED_TO_HANDLE,,VIEWED_CONTACT_SHEET_AND_LOCAL_FILE,2026-09-07T03:40:19+07:00,backing detail for read books rug,,backing detail for read books rug,SET,NEEDS_REVIEW,1,,,,,seo_runs/chillgen.com/chillgen_20260907_01/evidence/images/B025/personalized-cool-kids-read-book-rug-classroom-library-b1f15827f5__img_03.jpg,alt_current_empty_in_public_json; media_export_url_unknown_without_shopify_export
B025-243,chillgen.com,personalized-cool-kids-read-book-rug-classroom-library-b1f15827f5,15913280405873,80877951615345,GALLERY_PUBLIC_CDN,4,,https://cdn.shopify.com/s/files/1/1023/0068/0561/files/d3b9450171c764fe604ec21c520c6f982bdf9b081147114ab0f63cc22757af49_98841003-c490-437a-9faf-c75453ba4944.jpg?v=1784364965,UNKNOWN_WITHOUT_SHOPIFY_EXPORT,PUBLIC_JSON_MATCHED_TO_HANDLE,,VIEWED_CONTACT_SHEET_AND_LOCAL_FILE,2026-09-07T03:40:19+07:00,microfiber cushion closeup for book rug,,microfiber cushion closeup for book rug,SET,NEEDS_REVIEW,1,,,,,seo_runs/chillgen.com/chillgen_20260907_01/evidence/images/B025/personalized-cool-kids-read-book-rug-classroom-library-b1f15827f5__img_04.jpg,alt_current_empty_in_public_json; media_export_url_unknown_without_shopify_export
B025-243,chillgen.com,personalized-cool-kids-read-book-rug-classroom-library-b1f15827f5,15913280405873,80877951648113,GALLERY_PUBLIC_CDN,5,,https://cdn.shopify.com/s/files/1/1023/0068/0561/files/c8c5b6d8eae444d5c04ee9a65c95b518c24193ba78338a5d805081f629cf360a_536c5c17-f813-4063-86ba-ea726c2949e8.jpg?v=1784364965,UNKNOWN_WITHOUT_SHOPIFY_EXPORT,PUBLIC_JSON_MATCHED_TO_HANDLE,,VIEWED_CONTACT_SHEET_AND_LOCAL_FILE,2026-09-07T03:40:19+07:00,cool kids book rug detail panel,,cool kids book rug detail panel,SET,NEEDS_REVIEW,1,,,,,seo_runs/chillgen.com/chillgen_20260907_01/evidence/images/B025/personalized-cool-kids-read-book-rug-classroom-library-b1f15827f5__img_05.jpg,alt_current_empty_in_public_json; media_export_url_unknown_without_shopify_export
B025-243,chillgen.com,personalized-cool-kids-read-book-rug-classroom-library-b1f15827f5,15913280405873,80877951680881,GALLERY_PUBLIC_CDN,6,,https://cdn.shopify.com/s/files/1/1023/0068/0561/files/e5683b4c5dbc170024cf87d4f32b97737a24d8e871d2722aa97fd6910bb6fe7f_83c4822d-2436-4e37-b587-6bc080fbd94b.jpg?v=1784364970,UNKNOWN_WITHOUT_SHOPIFY_EXPORT,PUBLIC_JSON_MATCHED_TO_HANDLE,,VIEWED_CONTACT_SHEET_AND_LOCAL_FILE,2026-09-07T03:40:19+07:00,read books rug in playroom,,read books rug in playroom,SET,NEEDS_REVIEW,1,,,,,seo_runs/chillgen.com/chillgen_20260907_01/evidence/images/B025/personalized-cool-kids-read-book-rug-classroom-library-b1f15827f5__img_06.jpg,alt_current_empty_in_public_json; media_export_url_unknown_without_shopify_export
B025-243,chillgen.com,personalized-cool-kids-read-book-rug-classroom-library-b1f15827f5,15913280405873,80877951713649,GALLERY_PUBLIC_CDN,7,,https://cdn.shopify.com/s/files/1/1023/0068/0561/files/70244edd8ec4be03fff13f9ee4cfcc17acb9895257ad5a418c279cc2c4156185_7c2cfe88-9d67-46e5-b2a5-03419e8dda39.jpg?v=1784364973,UNKNOWN_WITHOUT_SHOPIFY_EXPORT,PUBLIC_JSON_MATCHED_TO_HANDLE,,VIEWED_CONTACT_SHEET_AND_LOCAL_FILE,2026-09-07T03:40:19+07:00,children reading on book rug,,children reading on book rug,SET,NEEDS_REVIEW,1,,,,,seo_runs/chillgen.com/chillgen_20260907_01/evidence/images/B025/personalized-cool-kids-read-book-rug-classroom-library-b1f15827f5__img_07.jpg,alt_current_empty_in_public_json; media_export_url_unknown_without_shopify_export
B025-243,chillgen.com,personalized-cool-kids-read-book-rug-classroom-library-b1f15827f5,15913280405873,80877951746417,GALLERY_PUBLIC_CDN,8,,https://cdn.shopify.com/s/files/1/1023/0068/0561/files/49f7cc28786a77b6197c55db66e897fcfddf5c872daea4aaa0edbe577f20d54b_2e034d9e-8b0c-47b2-aca1-ab696a2410b0.jpg?v=1784364977,UNKNOWN_WITHOUT_SHOPIFY_EXPORT,PUBLIC_JSON_MATCHED_TO_HANDLE,,VIEWED_CONTACT_SHEET_AND_LOCAL_FILE,2026-09-07T03:40:19+07:00,classroom library book rug mockup,,classroom library book rug mockup,SET,NEEDS_REVIEW,1,,,,,seo_runs/chillgen.com/chillgen_20260907_01/evidence/images/B025/personalized-cool-kids-read-book-rug-classroom-library-b1f15827f5__img_08.jpg,alt_current_empty_in_public_json; media_export_url_unknown_without_shopify_export
B025-243,chillgen.com,personalized-cool-kids-read-book-rug-classroom-library-b1f15827f5,15913280405873,80877951779185,GALLERY_PUBLIC_CDN,9,,https://cdn.shopify.com/s/files/1/1023/0068/0561/files/c0c9fdd10d85a63d27163f50206e9457a17d125913a543d9ae04070dbdc9daac_aaf6bd04-16c3-4a1d-b9f0-975a5d571123.jpg?v=1784364979,UNKNOWN_WITHOUT_SHOPIFY_EXPORT,PUBLIC_JSON_MATCHED_TO_HANDLE,,VIEWED_CONTACT_SHEET_AND_LOCAL_FILE,2026-09-07T03:40:19+07:00,anti-slip backing panel for book rug,,anti-slip backing panel for book rug,SET,NEEDS_REVIEW,1,,,,,seo_runs/chillgen.com/chillgen_20260907_01/evidence/images/B025/personalized-cool-kids-read-book-rug-classroom-library-b1f15827f5__img_09.jpg,alt_current_empty_in_public_json; media_export_url_unknown_without_shopify_export
B025-244,chillgen.com,custom-good-day-read-book-classroom-rug-dc9ddbc5f6-dc9ddbc5f6,15913280536945,80877952631153,GALLERY_PUBLIC_CDN,1,,https://cdn.shopify.com/s/files/1/1023/0068/0561/files/2a9d3c4aff6e7aec14d7fda3b83c7c2b5fdd659df6d6179dc6a285cabab3ada9_2a5326dc-bd4b-4636-95d8-c74457f4179c.jpg?v=1784364934,UNKNOWN_WITHOUT_SHOPIFY_EXPORT,PUBLIC_JSON_MATCHED_TO_HANDLE,,VIEWED_CONTACT_SHEET_AND_LOCAL_FILE,2026-09-07T03:40:19+07:00,New Chapter classroom rug in reading nook,,New Chapter classroom rug in reading nook,SET,NEEDS_REVIEW,1,,,,,seo_runs/chillgen.com/chillgen_20260907_01/evidence/images/B025/custom-good-day-read-book-classroom-rug-dc9ddbc5f6-dc9ddbc5f6__img_01.jpg,alt_current_empty_in_public_json; media_export_url_unknown_without_shopify_export
B025-244,chillgen.com,custom-good-day-read-book-classroom-rug-dc9ddbc5f6-dc9ddbc5f6,15913280536945,80877952663921,GALLERY_PUBLIC_CDN,2,,https://cdn.shopify.com/s/files/1/1023/0068/0561/files/5198a6a0e347ae742626838593f10f9965b5561f89e426e3a6b1b9e2572fa44a_04f21b87-c1ba-4c10-9309-3103b7426179.jpg?v=1784364934,UNKNOWN_WITHOUT_SHOPIFY_EXPORT,PUBLIC_JSON_MATCHED_TO_HANDLE,,VIEWED_CONTACT_SHEET_AND_LOCAL_FILE,2026-09-07T03:40:19+07:00,New Chapter rug size options,,New Chapter rug size options,SET,NEEDS_REVIEW,1,,,,,seo_runs/chillgen.com/chillgen_20260907_01/evidence/images/B025/custom-good-day-read-book-classroom-rug-dc9ddbc5f6-dc9ddbc5f6__img_02.jpg,alt_current_empty_in_public_json; media_export_url_unknown_without_shopify_export
B025-244,chillgen.com,custom-good-day-read-book-classroom-rug-dc9ddbc5f6-dc9ddbc5f6,15913280536945,80877952696689,GALLERY_PUBLIC_CDN,3,,https://cdn.shopify.com/s/files/1/1023/0068/0561/files/f7e7992e7b95326b6c8c60d4ca1aeaba4b1c716f64c59bd16eb009588a6ad4f8_351d3783-06e8-4e85-8587-f1fc233e1883.jpg?v=1784364940,UNKNOWN_WITHOUT_SHOPIFY_EXPORT,PUBLIC_JSON_MATCHED_TO_HANDLE,,VIEWED_CONTACT_SHEET_AND_LOCAL_FILE,2026-09-07T03:40:19+07:00,welcome reading rug in classroom,,welcome reading rug in classroom,SET,NEEDS_REVIEW,1,,,,,seo_runs/chillgen.com/chillgen_20260907_01/evidence/images/B025/custom-good-day-read-book-classroom-rug-dc9ddbc5f6-dc9ddbc5f6__img_03.jpg,alt_current_empty_in_public_json; media_export_url_unknown_without_shopify_export
B025-244,chillgen.com,custom-good-day-read-book-classroom-rug-dc9ddbc5f6-dc9ddbc5f6,15913280536945,80877952729457,GALLERY_PUBLIC_CDN,4,,https://cdn.shopify.com/s/files/1/1023/0068/0561/files/2b401962d848f4a110bb86e09df747fedb43f84d6ab24b35c652ca1fc4f09834_7739fc2f-58bf-4114-a4df-42951a7fd46e.jpg?v=1784364941,UNKNOWN_WITHOUT_SHOPIFY_EXPORT,PUBLIC_JSON_MATCHED_TO_HANDLE,,VIEWED_CONTACT_SHEET_AND_LOCAL_FILE,2026-09-07T03:40:19+07:00,new chapter rug in library corner,,new chapter rug in library corner,SET,NEEDS_REVIEW,1,,,,,seo_runs/chillgen.com/chillgen_20260907_01/evidence/images/B025/custom-good-day-read-book-classroom-rug-dc9ddbc5f6-dc9ddbc5f6__img_04.jpg,alt_current_empty_in_public_json; media_export_url_unknown_without_shopify_export
B025-244,chillgen.com,custom-good-day-read-book-classroom-rug-dc9ddbc5f6-dc9ddbc5f6,15913280536945,80877952762225,GALLERY_PUBLIC_CDN,5,,https://cdn.shopify.com/s/files/1/1023/0068/0561/files/5d90a5ef6ef7c17abb93396c17dd2e1014842a47700cb90d9bbbba1861aaf17c_ca887211-64a6-4ff3-b29a-0535761a6deb.jpg?v=1784364946,UNKNOWN_WITHOUT_SHOPIFY_EXPORT,PUBLIC_JSON_MATCHED_TO_HANDLE,,VIEWED_CONTACT_SHEET_AND_LOCAL_FILE,2026-09-07T03:40:19+07:00,children seated on New Chapter rug,,children seated on New Chapter rug,SET,NEEDS_REVIEW,1,,,,,seo_runs/chillgen.com/chillgen_20260907_01/evidence/images/B025/custom-good-day-read-book-classroom-rug-dc9ddbc5f6-dc9ddbc5f6__img_05.jpg,alt_current_empty_in_public_json; media_export_url_unknown_without_shopify_export
B025-244,chillgen.com,custom-good-day-read-book-classroom-rug-dc9ddbc5f6-dc9ddbc5f6,15913280536945,80877952794993,GALLERY_PUBLIC_CDN,6,,https://cdn.shopify.com/s/files/1/1023/0068/0561/files/daf933a1bab97641ac2381ce654235111df0668bc2e4ca140f57c115acb8d4da_296e3ecc-a2a0-4d21-b4ee-a02398fc9a77.jpg?v=1784364947,UNKNOWN_WITHOUT_SHOPIFY_EXPORT,PUBLIC_JSON_MATCHED_TO_HANDLE,,VIEWED_CONTACT_SHEET_AND_LOCAL_FILE,2026-09-07T03:40:19+07:00,machine washable classroom rug visual,,machine washable classroom rug visual,SET,NEEDS_REVIEW,1,,,,,seo_runs/chillgen.com/chillgen_20260907_01/evidence/images/B025/custom-good-day-read-book-classroom-rug-dc9ddbc5f6-dc9ddbc5f6__img_06.jpg,alt_current_empty_in_public_json; media_export_url_unknown_without_shopify_export
B025-244,chillgen.com,custom-good-day-read-book-classroom-rug-dc9ddbc5f6-dc9ddbc5f6,15913280536945,80877952827761,GALLERY_PUBLIC_CDN,7,,https://cdn.shopify.com/s/files/1/1023/0068/0561/files/e65336c4c6b71bb699ba06f929cf5b060e7b8f82f9d5ae20ed42eb5ef57fdd35_63575e7d-499e-4781-87ba-0fa87d17c8ec.jpg?v=1784364952,UNKNOWN_WITHOUT_SHOPIFY_EXPORT,PUBLIC_JSON_MATCHED_TO_HANDLE,,VIEWED_CONTACT_SHEET_AND_LOCAL_FILE,2026-09-07T03:40:19+07:00,material details for New Chapter rug,,material details for New Chapter rug,SET,NEEDS_REVIEW,1,,,,,seo_runs/chillgen.com/chillgen_20260907_01/evidence/images/B025/custom-good-day-read-book-classroom-rug-dc9ddbc5f6-dc9ddbc5f6__img_07.jpg,alt_current_empty_in_public_json; media_export_url_unknown_without_shopify_export
B025-245,chillgen.com,colorful-handprints-kids-classroom-rug-e41ab46aac-e41ab46aac,15913299575153,80878165918065,GALLERY_PUBLIC_CDN,1,,https://cdn.shopify.com/s/files/1/1023/0068/0561/files/8135547681f02ff91665ec01d6fdc16d11e963563e0a733330172cdbd2916061.jpg?v=1784369287,UNKNOWN_WITHOUT_SHOPIFY_EXPORT,PUBLIC_JSON_MATCHED_TO_HANDLE,,VIEWED_CONTACT_SHEET_AND_LOCAL_FILE,2026-09-07T03:40:19+07:00,reading bloom teacher rug in room,,reading bloom teacher rug in room,SET,NEEDS_REVIEW,1,,,,,seo_runs/chillgen.com/chillgen_20260907_01/evidence/images/B025/colorful-handprints-kids-classroom-rug-e41ab46aac-e41ab46aac__img_01.jpg,alt_current_empty_in_public_json; media_export_url_unknown_without_shopify_export
B025-245,chillgen.com,colorful-handprints-kids-classroom-rug-e41ab46aac-e41ab46aac,15913299575153,80878165950833,GALLERY_PUBLIC_CDN,2,,https://cdn.shopify.com/s/files/1/1023/0068/0561/files/50cda7e1b29e5cbd2ab8a4c9d9ec98aa0b9fa4fa54b57fda88494ad2b585f574.jpg?v=1784369289,UNKNOWN_WITHOUT_SHOPIFY_EXPORT,PUBLIC_JSON_MATCHED_TO_HANDLE,,VIEWED_CONTACT_SHEET_AND_LOCAL_FILE,2026-09-07T03:40:19+07:00,personalized bloom classroom rug mockup,,personalized bloom classroom rug mockup,SET,NEEDS_REVIEW,1,,,,,seo_runs/chillgen.com/chillgen_20260907_01/evidence/images/B025/colorful-handprints-kids-classroom-rug-e41ab46aac-e41ab46aac__img_02.jpg,alt_current_empty_in_public_json; media_export_url_unknown_without_shopify_export
B025-245,chillgen.com,colorful-handprints-kids-classroom-rug-e41ab46aac-e41ab46aac,15913299575153,80878165983601,GALLERY_PUBLIC_CDN,3,,https://cdn.shopify.com/s/files/1/1023/0068/0561/files/a53f828907fc4d2c52d3f037c10859e888ff7c7050bf47515fbf58947fb92fd6.jpg?v=1784369292,UNKNOWN_WITHOUT_SHOPIFY_EXPORT,PUBLIC_JSON_MATCHED_TO_HANDLE,,VIEWED_CONTACT_SHEET_AND_LOCAL_FILE,2026-09-07T03:40:19+07:00,Reading Helps Your Mind Bloom rug overhead,,Reading Helps Your Mind Bloom rug overhead,SET,NEEDS_REVIEW,1,,,,,seo_runs/chillgen.com/chillgen_20260907_01/evidence/images/B025/colorful-handprints-kids-classroom-rug-e41ab46aac-e41ab46aac__img_03.jpg,alt_current_empty_in_public_json; media_export_url_unknown_without_shopify_export
B025-245,chillgen.com,colorful-handprints-kids-classroom-rug-e41ab46aac-e41ab46aac,15913299575153,80878166016369,GALLERY_PUBLIC_CDN,4,,https://cdn.shopify.com/s/files/1/1023/0068/0561/files/48d519fb465b3faacc29dc7dd3e85add1b4dbe76c26802fc0693f10cf495ce00.jpg?v=1784369294,UNKNOWN_WITHOUT_SHOPIFY_EXPORT,PUBLIC_JSON_MATCHED_TO_HANDLE,,VIEWED_CONTACT_SHEET_AND_LOCAL_FILE,2026-09-07T03:40:19+07:00,teacher reading on bloom classroom rug,,teacher reading on bloom classroom rug,SET,NEEDS_REVIEW,1,,,,,seo_runs/chillgen.com/chillgen_20260907_01/evidence/images/B025/colorful-handprints-kids-classroom-rug-e41ab46aac-e41ab46aac__img_04.jpg,alt_current_empty_in_public_json; media_export_url_unknown_without_shopify_export
B025-245,chillgen.com,colorful-handprints-kids-classroom-rug-e41ab46aac-e41ab46aac,15913299575153,80878166049137,GALLERY_PUBLIC_CDN,5,,https://cdn.shopify.com/s/files/1/1023/0068/0561/files/5ece40304407c99495f6f1cc8eaaa3c0f24ce95355db42b634a26aab8054b79e.jpg?v=1784369297,UNKNOWN_WITHOUT_SHOPIFY_EXPORT,PUBLIC_JSON_MATCHED_TO_HANDLE,,VIEWED_CONTACT_SHEET_AND_LOCAL_FILE,2026-09-07T03:40:19+07:00,bloom rug in playroom,,bloom rug in playroom,SET,NEEDS_REVIEW,1,,,,,seo_runs/chillgen.com/chillgen_20260907_01/evidence/images/B025/colorful-handprints-kids-classroom-rug-e41ab46aac-e41ab46aac__img_05.jpg,alt_current_empty_in_public_json; media_export_url_unknown_without_shopify_export
B025-245,chillgen.com,colorful-handprints-kids-classroom-rug-e41ab46aac-e41ab46aac,15913299575153,80878166081905,GALLERY_PUBLIC_CDN,6,,https://cdn.shopify.com/s/files/1/1023/0068/0561/files/ee590c4fd20c0f0584f2d04651c22324209b8c7434ddaaa7f8e5cb5fd6dedfe2.jpg?v=1784369299,UNKNOWN_WITHOUT_SHOPIFY_EXPORT,PUBLIC_JSON_MATCHED_TO_HANDLE,,VIEWED_CONTACT_SHEET_AND_LOCAL_FILE,2026-09-07T03:40:19+07:00,children gathered on floral classroom rug,,children gathered on floral classroom rug,SET,NEEDS_REVIEW,1,,,,,seo_runs/chillgen.com/chillgen_20260907_01/evidence/images/B025/colorful-handprints-kids-classroom-rug-e41ab46aac-e41ab46aac__img_06.jpg,alt_current_empty_in_public_json; media_export_url_unknown_without_shopify_export
B025-245,chillgen.com,colorful-handprints-kids-classroom-rug-e41ab46aac-e41ab46aac,15913299575153,80878166114673,GALLERY_PUBLIC_CDN,7,,https://cdn.shopify.com/s/files/1/1023/0068/0561/files/d416900153397665af0d115443da3445ac2234e145ee6e370b183b7afeb626da.jpg?v=1784369302,UNKNOWN_WITHOUT_SHOPIFY_EXPORT,PUBLIC_JSON_MATCHED_TO_HANDLE,,VIEWED_CONTACT_SHEET_AND_LOCAL_FILE,2026-09-07T03:40:19+07:00,reading bloom rug detail panel,,reading bloom rug detail panel,SET,NEEDS_REVIEW,1,,,,,seo_runs/chillgen.com/chillgen_20260907_01/evidence/images/B025/colorful-handprints-kids-classroom-rug-e41ab46aac-e41ab46aac__img_07.jpg,alt_current_empty_in_public_json; media_export_url_unknown_without_shopify_export
B025-245,chillgen.com,colorful-handprints-kids-classroom-rug-e41ab46aac-e41ab46aac,15913299575153,80878166147441,GALLERY_PUBLIC_CDN,8,,https://cdn.shopify.com/s/files/1/1023/0068/0561/files/a1a005981a7bfede9d7223351df60fe24840dd37c42800bdf03fb68b677da090.jpg?v=1784369304,UNKNOWN_WITHOUT_SHOPIFY_EXPORT,PUBLIC_JSON_MATCHED_TO_HANDLE,,VIEWED_CONTACT_SHEET_AND_LOCAL_FILE,2026-09-07T03:40:19+07:00,reading bloom rug size chart,,reading bloom rug size chart,SET,NEEDS_REVIEW,1,,,,,seo_runs/chillgen.com/chillgen_20260907_01/evidence/images/B025/colorful-handprints-kids-classroom-rug-e41ab46aac-e41ab46aac__img_08.jpg,alt_current_empty_in_public_json; media_export_url_unknown_without_shopify_export
B025-245,chillgen.com,colorful-handprints-kids-classroom-rug-e41ab46aac-e41ab46aac,15913299575153,80878166180209,GALLERY_PUBLIC_CDN,9,,https://cdn.shopify.com/s/files/1/1023/0068/0561/files/b46db90acf447bf5e912eeff131606ee37dc24c30d60e03a46f776f5a67257c0.jpg?v=1784369308,UNKNOWN_WITHOUT_SHOPIFY_EXPORT,PUBLIC_JSON_MATCHED_TO_HANDLE,,VIEWED_CONTACT_SHEET_AND_LOCAL_FILE,2026-09-07T03:40:19+07:00,microfiber cushion closeup for bloom rug,,microfiber cushion closeup for bloom rug,SET,NEEDS_REVIEW,1,,,,,seo_runs/chillgen.com/chillgen_20260907_01/evidence/images/B025/colorful-handprints-kids-classroom-rug-e41ab46aac-e41ab46aac__img_09.jpg,alt_current_empty_in_public_json; media_export_url_unknown_without_shopify_export
B025-245,chillgen.com,colorful-handprints-kids-classroom-rug-e41ab46aac-e41ab46aac,15913299575153,80878597898609,GALLERY_PUBLIC_CDN,10,,https://cdn.shopify.com/s/files/1/1023/0068/0561/files/8135547681f02ff91665ec01d6fdc16d11e963563e0a733330172cdbd2916061_fa493102-2e77-4f35-8bff-f9dc77922a6b.jpg?v=1784369310,UNKNOWN_WITHOUT_SHOPIFY_EXPORT,PUBLIC_JSON_MATCHED_TO_HANDLE,,VIEWED_CONTACT_SHEET_AND_LOCAL_FILE,2026-09-07T03:40:19+07:00,personalized reading bloom rug room view,,personalized reading bloom rug room view,SET,NEEDS_REVIEW,1,,,,,seo_runs/chillgen.com/chillgen_20260907_01/evidence/images/B025/colorful-handprints-kids-classroom-rug-e41ab46aac-e41ab46aac__img_10.jpg,alt_current_empty_in_public_json; media_export_url_unknown_without_shopify_export
B025-245,chillgen.com,colorful-handprints-kids-classroom-rug-e41ab46aac-e41ab46aac,15913299575153,80878597931377,GALLERY_PUBLIC_CDN,11,,https://cdn.shopify.com/s/files/1/1023/0068/0561/files/50cda7e1b29e5cbd2ab8a4c9d9ec98aa0b9fa4fa54b57fda88494ad2b585f574_aced99a2-7bfe-4778-a386-8ced08cf0afe.jpg?v=1784369313,UNKNOWN_WITHOUT_SHOPIFY_EXPORT,PUBLIC_JSON_MATCHED_TO_HANDLE,,VIEWED_CONTACT_SHEET_AND_LOCAL_FILE,2026-09-07T03:40:19+07:00,floral teacher rug classroom angle,,floral teacher rug classroom angle,SET,NEEDS_REVIEW,1,,,,,seo_runs/chillgen.com/chillgen_20260907_01/evidence/images/B025/colorful-handprints-kids-classroom-rug-e41ab46aac-e41ab46aac__img_11.jpg,alt_current_empty_in_public_json; media_export_url_unknown_without_shopify_export
B025-245,chillgen.com,colorful-handprints-kids-classroom-rug-e41ab46aac-e41ab46aac,15913299575153,80878597964145,GALLERY_PUBLIC_CDN,12,,https://cdn.shopify.com/s/files/1/1023/0068/0561/files/a53f828907fc4d2c52d3f037c10859e888ff7c7050bf47515fbf58947fb92fd6_da685ff0-6ba7-4025-99b9-4f368e3ffb1b.jpg?v=1784369315,UNKNOWN_WITHOUT_SHOPIFY_EXPORT,PUBLIC_JSON_MATCHED_TO_HANDLE,,VIEWED_CONTACT_SHEET_AND_LOCAL_FILE,2026-09-07T03:40:19+07:00,Reading Helps Your Mind Bloom flat view,,Reading Helps Your Mind Bloom flat view,SET,NEEDS_REVIEW,1,,,,,seo_runs/chillgen.com/chillgen_20260907_01/evidence/images/B025/colorful-handprints-kids-classroom-rug-e41ab46aac-e41ab46aac__img_12.jpg,alt_current_empty_in_public_json; media_export_url_unknown_without_shopify_export
B025-245,chillgen.com,colorful-handprints-kids-classroom-rug-e41ab46aac-e41ab46aac,15913299575153,80878597996913,GALLERY_PUBLIC_CDN,13,,https://cdn.shopify.com/s/files/1/1023/0068/0561/files/48d519fb465b3faacc29dc7dd3e85add1b4dbe76c26802fc0693f10cf495ce00_f1b2045e-77e0-4fcd-9556-44619a255099.jpg?v=1784369318,UNKNOWN_WITHOUT_SHOPIFY_EXPORT,PUBLIC_JSON_MATCHED_TO_HANDLE,,VIEWED_CONTACT_SHEET_AND_LOCAL_FILE,2026-09-07T03:40:19+07:00,reading group on bloom rug closeup,,reading group on bloom rug closeup,SET,NEEDS_REVIEW,1,,,,,seo_runs/chillgen.com/chillgen_20260907_01/evidence/images/B025/colorful-handprints-kids-classroom-rug-e41ab46aac-e41ab46aac__img_13.jpg,alt_current_empty_in_public_json; media_export_url_unknown_without_shopify_export
B025-245,chillgen.com,colorful-handprints-kids-classroom-rug-e41ab46aac-e41ab46aac,15913299575153,80878598029681,GALLERY_PUBLIC_CDN,14,,https://cdn.shopify.com/s/files/1/1023/0068/0561/files/5ece40304407c99495f6f1cc8eaaa3c0f24ce95355db42b634a26aab8054b79e_a3c458c0-568a-4fb8-b29b-d8bca6531251.jpg?v=1784369320,UNKNOWN_WITHOUT_SHOPIFY_EXPORT,PUBLIC_JSON_MATCHED_TO_HANDLE,,VIEWED_CONTACT_SHEET_AND_LOCAL_FILE,2026-09-07T03:40:19+07:00,floral classroom rug in playroom,,floral classroom rug in playroom,SET,NEEDS_REVIEW,1,,,,,seo_runs/chillgen.com/chillgen_20260907_01/evidence/images/B025/colorful-handprints-kids-classroom-rug-e41ab46aac-e41ab46aac__img_14.jpg,alt_current_empty_in_public_json; media_export_url_unknown_without_shopify_export
B025-245,chillgen.com,colorful-handprints-kids-classroom-rug-e41ab46aac-e41ab46aac,15913299575153,80878598062449,GALLERY_PUBLIC_CDN,15,,https://cdn.shopify.com/s/files/1/1023/0068/0561/files/ee590c4fd20c0f0584f2d04651c22324209b8c7434ddaaa7f8e5cb5fd6dedfe2_1cf68a9d-4498-4648-96c4-6429f79ffad9.jpg?v=1784369323,UNKNOWN_WITHOUT_SHOPIFY_EXPORT,PUBLIC_JSON_MATCHED_TO_HANDLE,,VIEWED_CONTACT_SHEET_AND_LOCAL_FILE,2026-09-07T03:40:19+07:00,children reading on personalized teacher rug,,children reading on personalized teacher rug,SET,NEEDS_REVIEW,1,,,,,seo_runs/chillgen.com/chillgen_20260907_01/evidence/images/B025/colorful-handprints-kids-classroom-rug-e41ab46aac-e41ab46aac__img_15.jpg,alt_current_empty_in_public_json; media_export_url_unknown_without_shopify_export
B025-245,chillgen.com,colorful-handprints-kids-classroom-rug-e41ab46aac-e41ab46aac,15913299575153,80878598095217,GALLERY_PUBLIC_CDN,16,,https://cdn.shopify.com/s/files/1/1023/0068/0561/files/d416900153397665af0d115443da3445ac2234e145ee6e370b183b7afeb626da_fdddaadc-a7c7-4316-8343-65d6fbfa17d9.jpg?v=1784369326,UNKNOWN_WITHOUT_SHOPIFY_EXPORT,PUBLIC_JSON_MATCHED_TO_HANDLE,,VIEWED_CONTACT_SHEET_AND_LOCAL_FILE,2026-09-07T03:40:19+07:00,bloom rug learning pattern detail,,bloom rug learning pattern detail,SET,NEEDS_REVIEW,1,,,,,seo_runs/chillgen.com/chillgen_20260907_01/evidence/images/B025/colorful-handprints-kids-classroom-rug-e41ab46aac-e41ab46aac__img_16.jpg,alt_current_empty_in_public_json; media_export_url_unknown_without_shopify_export
B025-245,chillgen.com,colorful-handprints-kids-classroom-rug-e41ab46aac-e41ab46aac,15913299575153,80878598127985,GALLERY_PUBLIC_CDN,17,,https://cdn.shopify.com/s/files/1/1023/0068/0561/files/a1a005981a7bfede9d7223351df60fe24840dd37c42800bdf03fb68b677da090_a50cecd7-39bf-4911-97c6-9037b2bbe947.jpg?v=1784369329,UNKNOWN_WITHOUT_SHOPIFY_EXPORT,PUBLIC_JSON_MATCHED_TO_HANDLE,,VIEWED_CONTACT_SHEET_AND_LOCAL_FILE,2026-09-07T03:40:19+07:00,size options for bloom classroom rug,,size options for bloom classroom rug,SET,NEEDS_REVIEW,1,,,,,seo_runs/chillgen.com/chillgen_20260907_01/evidence/images/B025/colorful-handprints-kids-classroom-rug-e41ab46aac-e41ab46aac__img_17.jpg,alt_current_empty_in_public_json; media_export_url_unknown_without_shopify_export
B025-245,chillgen.com,colorful-handprints-kids-classroom-rug-e41ab46aac-e41ab46aac,15913299575153,80878598160753,GALLERY_PUBLIC_CDN,18,,https://cdn.shopify.com/s/files/1/1023/0068/0561/files/b46db90acf447bf5e912eeff131606ee37dc24c30d60e03a46f776f5a67257c0_47b1dcce-bb16-4fac-8898-1559b066e214.jpg?v=1784369331,UNKNOWN_WITHOUT_SHOPIFY_EXPORT,PUBLIC_JSON_MATCHED_TO_HANDLE,,VIEWED_CONTACT_SHEET_AND_LOCAL_FILE,2026-09-07T03:40:19+07:00,soft surface closeup for bloom rug,,soft surface closeup for bloom rug,SET,NEEDS_REVIEW,1,,,,,seo_runs/chillgen.com/chillgen_20260907_01/evidence/images/B025/colorful-handprints-kids-classroom-rug-e41ab46aac-e41ab46aac__img_18.jpg,alt_current_empty_in_public_json; media_export_url_unknown_without_shopify_export
B025-246,chillgen.com,colorful-classroom-rug-for-kids-aaa73255b2-aaa73255b2,15913299870065,80878167785841,GALLERY_PUBLIC_CDN,1,,https://cdn.shopify.com/s/files/1/1023/0068/0561/files/9660cad2b262a2748b3f1b07b670491466afc1279118c4a4ffe04cf492bde745.jpg?v=1784369239,UNKNOWN_WITHOUT_SHOPIFY_EXPORT,PUBLIC_JSON_MATCHED_TO_HANDLE,,VIEWED_CONTACT_SHEET_AND_LOCAL_FILE,2026-09-07T03:40:19+07:00,BE values classroom rug in room,,BE values classroom rug in room,SET,NEEDS_REVIEW,1,,,,,seo_runs/chillgen.com/chillgen_20260907_01/evidence/images/B025/colorful-classroom-rug-for-kids-aaa73255b2-aaa73255b2__img_01.jpg,alt_current_empty_in_public_json; media_export_url_unknown_without_shopify_export
B025-246,chillgen.com,colorful-classroom-rug-for-kids-aaa73255b2-aaa73255b2,15913299870065,80878167818609,GALLERY_PUBLIC_CDN,2,,https://cdn.shopify.com/s/files/1/1023/0068/0561/files/cbd5dc61d6e8a11e81d4c7eb0dfcaeacfaae1f766a86c8809a21ccfe4daaee7e.jpg?v=1784369242,UNKNOWN_WITHOUT_SHOPIFY_EXPORT,PUBLIC_JSON_MATCHED_TO_HANDLE,,VIEWED_CONTACT_SHEET_AND_LOCAL_FILE,2026-09-07T03:40:19+07:00,personalized BE values rug classroom angle,,personalized BE values rug classroom angle,SET,NEEDS_REVIEW,1,,,,,seo_runs/chillgen.com/chillgen_20260907_01/evidence/images/B025/colorful-classroom-rug-for-kids-aaa73255b2-aaa73255b2__img_02.jpg,alt_current_empty_in_public_json; media_export_url_unknown_without_shopify_export
B025-246,chillgen.com,colorful-classroom-rug-for-kids-aaa73255b2-aaa73255b2,15913299870065,80878167851377,GALLERY_PUBLIC_CDN,3,,https://cdn.shopify.com/s/files/1/1023/0068/0561/files/5cdc51a4a6170c59869a4bd93c7ee0f49b58e3862abb5003a2ebe248302c4f89.jpg?v=1784369245,UNKNOWN_WITHOUT_SHOPIFY_EXPORT,PUBLIC_JSON_MATCHED_TO_HANDLE,,VIEWED_CONTACT_SHEET_AND_LOCAL_FILE,2026-09-07T03:40:19+07:00,Mrs Asher class BE rug overhead,,Mrs Asher class BE rug overhead,SET,NEEDS_REVIEW,1,,,,,seo_runs/chillgen.com/chillgen_20260907_01/evidence/images/B025/colorful-classroom-rug-for-kids-aaa73255b2-aaa73255b2__img_03.jpg,alt_current_empty_in_public_json; media_export_url_unknown_without_shopify_export
B025-246,chillgen.com,colorful-classroom-rug-for-kids-aaa73255b2-aaa73255b2,15913299870065,80878167884145,GALLERY_PUBLIC_CDN,4,,https://cdn.shopify.com/s/files/1/1023/0068/0561/files/492f4914dced2f4e611e18a07149df505bcfc927ddbc6e6c18b2bfc22ddb1922.jpg?v=1784369247,UNKNOWN_WITHOUT_SHOPIFY_EXPORT,PUBLIC_JSON_MATCHED_TO_HANDLE,,VIEWED_CONTACT_SHEET_AND_LOCAL_FILE,2026-09-07T03:40:19+07:00,teacher reading on BE values rug,,teacher reading on BE values rug,SET,NEEDS_REVIEW,1,,,,,seo_runs/chillgen.com/chillgen_20260907_01/evidence/images/B025/colorful-classroom-rug-for-kids-aaa73255b2-aaa73255b2__img_04.jpg,alt_current_empty_in_public_json; media_export_url_unknown_without_shopify_export
B025-246,chillgen.com,colorful-classroom-rug-for-kids-aaa73255b2-aaa73255b2,15913299870065,80878167916913,GALLERY_PUBLIC_CDN,5,,https://cdn.shopify.com/s/files/1/1023/0068/0561/files/9266ffac30a8b2d766db14d6afb1d7ac1568dbcd0861abe17ec39c6ebf3c2975.jpg?v=1784369250,UNKNOWN_WITHOUT_SHOPIFY_EXPORT,PUBLIC_JSON_MATCHED_TO_HANDLE,,VIEWED_CONTACT_SHEET_AND_LOCAL_FILE,2026-09-07T03:40:19+07:00,BE values rug in playroom,,BE values rug in playroom,SET,NEEDS_REVIEW,1,,,,,seo_runs/chillgen.com/chillgen_20260907_01/evidence/images/B025/colorful-classroom-rug-for-kids-aaa73255b2-aaa73255b2__img_05.jpg,alt_current_empty_in_public_json; media_export_url_unknown_without_shopify_export
B025-246,chillgen.com,colorful-classroom-rug-for-kids-aaa73255b2-aaa73255b2,15913299870065,80878167949681,GALLERY_PUBLIC_CDN,6,,https://cdn.shopify.com/s/files/1/1023/0068/0561/files/c81dc945b92b54a0277b93442a44513413efcd7cc00e8bf32b2528a2193f6d72.jpg?v=1784369252,UNKNOWN_WITHOUT_SHOPIFY_EXPORT,PUBLIC_JSON_MATCHED_TO_HANDLE,,VIEWED_CONTACT_SHEET_AND_LOCAL_FILE,2026-09-07T03:40:19+07:00,children sitting on classroom values rug,,children sitting on classroom values rug,SET,NEEDS_REVIEW,1,,,,,seo_runs/chillgen.com/chillgen_20260907_01/evidence/images/B025/colorful-classroom-rug-for-kids-aaa73255b2-aaa73255b2__img_06.jpg,alt_current_empty_in_public_json; media_export_url_unknown_without_shopify_export
B025-246,chillgen.com,colorful-classroom-rug-for-kids-aaa73255b2-aaa73255b2,15913299870065,80878167982449,GALLERY_PUBLIC_CDN,7,,https://cdn.shopify.com/s/files/1/1023/0068/0561/files/03a55dc45e4a47b401d5d47705c4b2226290ed04121ff5abcdf9488a27072874.jpg?v=1784369255,UNKNOWN_WITHOUT_SHOPIFY_EXPORT,PUBLIC_JSON_MATCHED_TO_HANDLE,,VIEWED_CONTACT_SHEET_AND_LOCAL_FILE,2026-09-07T03:40:19+07:00,BE values rug detail panel,,BE values rug detail panel,SET,NEEDS_REVIEW,1,,,,,seo_runs/chillgen.com/chillgen_20260907_01/evidence/images/B025/colorful-classroom-rug-for-kids-aaa73255b2-aaa73255b2__img_07.jpg,alt_current_empty_in_public_json; media_export_url_unknown_without_shopify_export
B025-246,chillgen.com,colorful-classroom-rug-for-kids-aaa73255b2-aaa73255b2,15913299870065,80878168015217,GALLERY_PUBLIC_CDN,8,,https://cdn.shopify.com/s/files/1/1023/0068/0561/files/5e2f0dd807d90f3eb708f5426baf767c0262e2d39f262fad004c93dbbaf02e84.jpg?v=1784369257,UNKNOWN_WITHOUT_SHOPIFY_EXPORT,PUBLIC_JSON_MATCHED_TO_HANDLE,,VIEWED_CONTACT_SHEET_AND_LOCAL_FILE,2026-09-07T03:40:19+07:00,BE classroom rug size chart,,BE classroom rug size chart,SET,NEEDS_REVIEW,1,,,,,seo_runs/chillgen.com/chillgen_20260907_01/evidence/images/B025/colorful-classroom-rug-for-kids-aaa73255b2-aaa73255b2__img_08.jpg,alt_current_empty_in_public_json; media_export_url_unknown_without_shopify_export
B025-246,chillgen.com,colorful-classroom-rug-for-kids-aaa73255b2-aaa73255b2,15913299870065,80878168047985,GALLERY_PUBLIC_CDN,9,,https://cdn.shopify.com/s/files/1/1023/0068/0561/files/79c70443694dd029f62b8cc379d1a562dfa68c9cb7de4207713ea99f9ac4893c.jpg?v=1784369260,UNKNOWN_WITHOUT_SHOPIFY_EXPORT,PUBLIC_JSON_MATCHED_TO_HANDLE,,VIEWED_CONTACT_SHEET_AND_LOCAL_FILE,2026-09-07T03:40:19+07:00,soft microfiber closeup for BE rug,,soft microfiber closeup for BE rug,SET,NEEDS_REVIEW,1,,,,,seo_runs/chillgen.com/chillgen_20260907_01/evidence/images/B025/colorful-classroom-rug-for-kids-aaa73255b2-aaa73255b2__img_09.jpg,alt_current_empty_in_public_json; media_export_url_unknown_without_shopify_export
B025-246,chillgen.com,colorful-classroom-rug-for-kids-aaa73255b2-aaa73255b2,15913299870065,80878615101809,GALLERY_PUBLIC_CDN,10,,https://cdn.shopify.com/s/files/1/1023/0068/0561/files/9660cad2b262a2748b3f1b07b670491466afc1279118c4a4ffe04cf492bde745_def7c1ca-0fa0-4927-b3a7-67ee3e87adc0.jpg?v=1784369263,UNKNOWN_WITHOUT_SHOPIFY_EXPORT,PUBLIC_JSON_MATCHED_TO_HANDLE,,VIEWED_CONTACT_SHEET_AND_LOCAL_FILE,2026-09-07T03:40:19+07:00,personalized BE values rug by sofa,,personalized BE values rug by sofa,SET,NEEDS_REVIEW,1,,,,,seo_runs/chillgen.com/chillgen_20260907_01/evidence/images/B025/colorful-classroom-rug-for-kids-aaa73255b2-aaa73255b2__img_10.jpg,alt_current_empty_in_public_json; media_export_url_unknown_without_shopify_export
B025-246,chillgen.com,colorful-classroom-rug-for-kids-aaa73255b2-aaa73255b2,15913299870065,80878615134577,GALLERY_PUBLIC_CDN,11,,https://cdn.shopify.com/s/files/1/1023/0068/0561/files/cbd5dc61d6e8a11e81d4c7eb0dfcaeacfaae1f766a86c8809a21ccfe4daaee7e_075e359e-3e5a-48f7-9dca-180d323ec3af.jpg?v=1784369265,UNKNOWN_WITHOUT_SHOPIFY_EXPORT,PUBLIC_JSON_MATCHED_TO_HANDLE,,VIEWED_CONTACT_SHEET_AND_LOCAL_FILE,2026-09-07T03:40:19+07:00,colorful arrows classroom rug angle,,colorful arrows classroom rug angle,SET,NEEDS_REVIEW,1,,,,,seo_runs/chillgen.com/chillgen_20260907_01/evidence/images/B025/colorful-classroom-rug-for-kids-aaa73255b2-aaa73255b2__img_11.jpg,alt_current_empty_in_public_json; media_export_url_unknown_without_shopify_export
B025-246,chillgen.com,colorful-classroom-rug-for-kids-aaa73255b2-aaa73255b2,15913299870065,80878615167345,GALLERY_PUBLIC_CDN,12,,https://cdn.shopify.com/s/files/1/1023/0068/0561/files/5cdc51a4a6170c59869a4bd93c7ee0f49b58e3862abb5003a2ebe248302c4f89_7f09d6b0-ea8e-4b77-9857-c0065f9c0a56.jpg?v=1784369268,UNKNOWN_WITHOUT_SHOPIFY_EXPORT,PUBLIC_JSON_MATCHED_TO_HANDLE,,VIEWED_CONTACT_SHEET_AND_LOCAL_FILE,2026-09-07T03:40:19+07:00,BE values rug flat view,,BE values rug flat view,SET,NEEDS_REVIEW,1,,,,,seo_runs/chillgen.com/chillgen_20260907_01/evidence/images/B025/colorful-classroom-rug-for-kids-aaa73255b2-aaa73255b2__img_12.jpg,alt_current_empty_in_public_json; media_export_url_unknown_without_shopify_export
B025-246,chillgen.com,colorful-classroom-rug-for-kids-aaa73255b2-aaa73255b2,15913299870065,80878615200113,GALLERY_PUBLIC_CDN,13,,https://cdn.shopify.com/s/files/1/1023/0068/0561/files/492f4914dced2f4e611e18a07149df505bcfc927ddbc6e6c18b2bfc22ddb1922_a13e9551-058a-47ee-a1eb-da353b172cc3.jpg?v=1784369271,UNKNOWN_WITHOUT_SHOPIFY_EXPORT,PUBLIC_JSON_MATCHED_TO_HANDLE,,VIEWED_CONTACT_SHEET_AND_LOCAL_FILE,2026-09-07T03:40:19+07:00,children reading on values rug,,children reading on values rug,SET,NEEDS_REVIEW,1,,,,,seo_runs/chillgen.com/chillgen_20260907_01/evidence/images/B025/colorful-classroom-rug-for-kids-aaa73255b2-aaa73255b2__img_13.jpg,alt_current_empty_in_public_json; media_export_url_unknown_without_shopify_export
B025-246,chillgen.com,colorful-classroom-rug-for-kids-aaa73255b2-aaa73255b2,15913299870065,80878615232881,GALLERY_PUBLIC_CDN,14,,https://cdn.shopify.com/s/files/1/1023/0068/0561/files/9266ffac30a8b2d766db14d6afb1d7ac1568dbcd0861abe17ec39c6ebf3c2975_62b4693a-d45b-41f4-a1bd-e0a4f0ab5534.jpg?v=1784369273,UNKNOWN_WITHOUT_SHOPIFY_EXPORT,PUBLIC_JSON_MATCHED_TO_HANDLE,,VIEWED_CONTACT_SHEET_AND_LOCAL_FILE,2026-09-07T03:40:19+07:00,BE classroom rug playroom scene,,BE classroom rug playroom scene,SET,NEEDS_REVIEW,1,,,,,seo_runs/chillgen.com/chillgen_20260907_01/evidence/images/B025/colorful-classroom-rug-for-kids-aaa73255b2-aaa73255b2__img_14.jpg,alt_current_empty_in_public_json; media_export_url_unknown_without_shopify_export
B025-246,chillgen.com,colorful-classroom-rug-for-kids-aaa73255b2-aaa73255b2,15913299870065,80878615265649,GALLERY_PUBLIC_CDN,15,,https://cdn.shopify.com/s/files/1/1023/0068/0561/files/c81dc945b92b54a0277b93442a44513413efcd7cc00e8bf32b2528a2193f6d72_70035449-d199-45fe-9058-85c8f0b79494.jpg?v=1784369276,UNKNOWN_WITHOUT_SHOPIFY_EXPORT,PUBLIC_JSON_MATCHED_TO_HANDLE,,VIEWED_CONTACT_SHEET_AND_LOCAL_FILE,2026-09-07T03:40:19+07:00,student gathering on BE values rug,,student gathering on BE values rug,SET,NEEDS_REVIEW,1,,,,,seo_runs/chillgen.com/chillgen_20260907_01/evidence/images/B025/colorful-classroom-rug-for-kids-aaa73255b2-aaa73255b2__img_15.jpg,alt_current_empty_in_public_json; media_export_url_unknown_without_shopify_export
B025-246,chillgen.com,colorful-classroom-rug-for-kids-aaa73255b2-aaa73255b2,15913299870065,80878615298417,GALLERY_PUBLIC_CDN,16,,https://cdn.shopify.com/s/files/1/1023/0068/0561/files/03a55dc45e4a47b401d5d47705c4b2226290ed04121ff5abcdf9488a27072874_5d42eaf6-fdb2-4e76-ade3-c774e6015f33.jpg?v=1784369279,UNKNOWN_WITHOUT_SHOPIFY_EXPORT,PUBLIC_JSON_MATCHED_TO_HANDLE,,VIEWED_CONTACT_SHEET_AND_LOCAL_FILE,2026-09-07T03:40:19+07:00,learning pattern detail for BE rug,,learning pattern detail for BE rug,SET,NEEDS_REVIEW,1,,,,,seo_runs/chillgen.com/chillgen_20260907_01/evidence/images/B025/colorful-classroom-rug-for-kids-aaa73255b2-aaa73255b2__img_16.jpg,alt_current_empty_in_public_json; media_export_url_unknown_without_shopify_export
B025-246,chillgen.com,colorful-classroom-rug-for-kids-aaa73255b2-aaa73255b2,15913299870065,80878615331185,GALLERY_PUBLIC_CDN,17,,https://cdn.shopify.com/s/files/1/1023/0068/0561/files/5e2f0dd807d90f3eb708f5426baf767c0262e2d39f262fad004c93dbbaf02e84_c2e11b4d-6ec7-41fb-afc6-a393a0fc61c6.jpg?v=1784369281,UNKNOWN_WITHOUT_SHOPIFY_EXPORT,PUBLIC_JSON_MATCHED_TO_HANDLE,,VIEWED_CONTACT_SHEET_AND_LOCAL_FILE,2026-09-07T03:40:19+07:00,size options for BE values rug,,size options for BE values rug,SET,NEEDS_REVIEW,1,,,,,seo_runs/chillgen.com/chillgen_20260907_01/evidence/images/B025/colorful-classroom-rug-for-kids-aaa73255b2-aaa73255b2__img_17.jpg,alt_current_empty_in_public_json; media_export_url_unknown_without_shopify_export
B025-246,chillgen.com,colorful-classroom-rug-for-kids-aaa73255b2-aaa73255b2,15913299870065,80878615363953,GALLERY_PUBLIC_CDN,18,,https://cdn.shopify.com/s/files/1/1023/0068/0561/files/79c70443694dd029f62b8cc379d1a562dfa68c9cb7de4207713ea99f9ac4893c_6eb43e65-da38-40bb-b210-71dd350a93ed.jpg?v=1784369283,UNKNOWN_WITHOUT_SHOPIFY_EXPORT,PUBLIC_JSON_MATCHED_TO_HANDLE,,VIEWED_CONTACT_SHEET_AND_LOCAL_FILE,2026-09-07T03:40:19+07:00,microfiber cushion closeup for BE rug,,microfiber cushion closeup for BE rug,SET,NEEDS_REVIEW,1,,,,,seo_runs/chillgen.com/chillgen_20260907_01/evidence/images/B025/colorful-classroom-rug-for-kids-aaa73255b2-aaa73255b2__img_18.jpg,alt_current_empty_in_public_json; media_export_url_unknown_without_shopify_export
B025-247,chillgen.com,colorful-classroom-rug-for-kids-877e4e6020-877e4e6020,15913300361585,80878172111217,GALLERY_PUBLIC_CDN,1,,https://cdn.shopify.com/s/files/1/1023/0068/0561/files/2dbaa3b3072d19509c5e742077a51f685d1e36b92a66c350efbbc52a14f5fca9.jpg?v=1784369190,UNKNOWN_WITHOUT_SHOPIFY_EXPORT,PUBLIC_JSON_MATCHED_TO_HANDLE,,VIEWED_CONTACT_SHEET_AND_LOCAL_FILE,2026-09-07T03:40:19+07:00,You Matter classroom rug flat view,,You Matter classroom rug flat view,SET,NEEDS_REVIEW,1,,,,,seo_runs/chillgen.com/chillgen_20260907_01/evidence/images/B025/colorful-classroom-rug-for-kids-877e4e6020-877e4e6020__img_01.jpg,alt_current_empty_in_public_json; media_export_url_unknown_without_shopify_export
B025-247,chillgen.com,colorful-classroom-rug-for-kids-877e4e6020-877e4e6020,15913300361585,80878172143985,GALLERY_PUBLIC_CDN,2,,https://cdn.shopify.com/s/files/1/1023/0068/0561/files/ec548c60e06b65ed9c3e2ec637838d37da33d668d64a4539e805a63c00aa2778.jpg?v=1784369193,UNKNOWN_WITHOUT_SHOPIFY_EXPORT,PUBLIC_JSON_MATCHED_TO_HANDLE,,VIEWED_CONTACT_SHEET_AND_LOCAL_FILE,2026-09-07T03:40:19+07:00,affirmation classroom rug in room,,affirmation classroom rug in room,SET,NEEDS_REVIEW,1,,,,,seo_runs/chillgen.com/chillgen_20260907_01/evidence/images/B025/colorful-classroom-rug-for-kids-877e4e6020-877e4e6020__img_02.jpg,alt_current_empty_in_public_json; media_export_url_unknown_without_shopify_export
B025-247,chillgen.com,colorful-classroom-rug-for-kids-877e4e6020-877e4e6020,15913300361585,80878172176753,GALLERY_PUBLIC_CDN,3,,https://cdn.shopify.com/s/files/1/1023/0068/0561/files/17895cf7a38c57ab09547083ce02e8649a117b0ada403fe646b284e7a9201273.jpg?v=1784369195,UNKNOWN_WITHOUT_SHOPIFY_EXPORT,PUBLIC_JSON_MATCHED_TO_HANDLE,,VIEWED_CONTACT_SHEET_AND_LOCAL_FILE,2026-09-07T03:40:19+07:00,You Matter rug in playroom,,You Matter rug in playroom,SET,NEEDS_REVIEW,1,,,,,seo_runs/chillgen.com/chillgen_20260907_01/evidence/images/B025/colorful-classroom-rug-for-kids-877e4e6020-877e4e6020__img_03.jpg,alt_current_empty_in_public_json; media_export_url_unknown_without_shopify_export
B025-247,chillgen.com,colorful-classroom-rug-for-kids-877e4e6020-877e4e6020,15913300361585,80878172209521,GALLERY_PUBLIC_CDN,4,,https://cdn.shopify.com/s/files/1/1023/0068/0561/files/cc06cb1a1b35917e4c7273723c3ebc200737f9fbbdcb236b26f2b8c8c3bd13a3.jpg?v=1784369199,UNKNOWN_WITHOUT_SHOPIFY_EXPORT,PUBLIC_JSON_MATCHED_TO_HANDLE,,VIEWED_CONTACT_SHEET_AND_LOCAL_FILE,2026-09-07T03:40:19+07:00,children seated on affirmation rug,,children seated on affirmation rug,SET,NEEDS_REVIEW,1,,,,,seo_runs/chillgen.com/chillgen_20260907_01/evidence/images/B025/colorful-classroom-rug-for-kids-877e4e6020-877e4e6020__img_04.jpg,alt_current_empty_in_public_json; media_export_url_unknown_without_shopify_export
B025-247,chillgen.com,colorful-classroom-rug-for-kids-877e4e6020-877e4e6020,15913300361585,80878172242289,GALLERY_PUBLIC_CDN,5,,https://cdn.shopify.com/s/files/1/1023/0068/0561/files/9039d3a74b010fab9d8704cd2421d5e2bb9378ba608916aae0d670d4c9f5fa18.jpg?v=1784369200,UNKNOWN_WITHOUT_SHOPIFY_EXPORT,PUBLIC_JSON_MATCHED_TO_HANDLE,,VIEWED_CONTACT_SHEET_AND_LOCAL_FILE,2026-09-07T03:40:19+07:00,You Matter rug detail panel,,You Matter rug detail panel,SET,NEEDS_REVIEW,1,,,,,seo_runs/chillgen.com/chillgen_20260907_01/evidence/images/B025/colorful-classroom-rug-for-kids-877e4e6020-877e4e6020__img_05.jpg,alt_current_empty_in_public_json; media_export_url_unknown_without_shopify_export
B025-247,chillgen.com,colorful-classroom-rug-for-kids-877e4e6020-877e4e6020,15913300361585,80878172275057,GALLERY_PUBLIC_CDN,6,,https://cdn.shopify.com/s/files/1/1023/0068/0561/files/a6bfe1eb87eec4eaa525e0232d4011129ce3350af7a377c7d8fa714d3c669065.jpg?v=1784369204,UNKNOWN_WITHOUT_SHOPIFY_EXPORT,PUBLIC_JSON_MATCHED_TO_HANDLE,,VIEWED_CONTACT_SHEET_AND_LOCAL_FILE,2026-09-07T03:40:19+07:00,microfiber cushion closeup for affirmation rug,,microfiber cushion closeup for affirmation rug,SET,NEEDS_REVIEW,1,,,,,seo_runs/chillgen.com/chillgen_20260907_01/evidence/images/B025/colorful-classroom-rug-for-kids-877e4e6020-877e4e6020__img_06.jpg,alt_current_empty_in_public_json; media_export_url_unknown_without_shopify_export
B025-247,chillgen.com,colorful-classroom-rug-for-kids-877e4e6020-877e4e6020,15913300361585,80878172307825,GALLERY_PUBLIC_CDN,7,,https://cdn.shopify.com/s/files/1/1023/0068/0561/files/7a5e923325758df4203f8cbdd4d5eab8edf1c08fcd1dca8770546577ebd0a4dc.jpg?v=1784369206,UNKNOWN_WITHOUT_SHOPIFY_EXPORT,PUBLIC_JSON_MATCHED_TO_HANDLE,,VIEWED_CONTACT_SHEET_AND_LOCAL_FILE,2026-09-07T03:40:19+07:00,anti-slip backing detail for classroom rug,,anti-slip backing detail for classroom rug,SET,NEEDS_REVIEW,1,,,,,seo_runs/chillgen.com/chillgen_20260907_01/evidence/images/B025/colorful-classroom-rug-for-kids-877e4e6020-877e4e6020__img_07.jpg,alt_current_empty_in_public_json; media_export_url_unknown_without_shopify_export
B025-247,chillgen.com,colorful-classroom-rug-for-kids-877e4e6020-877e4e6020,15913300361585,80878172340593,GALLERY_PUBLIC_CDN,8,,https://cdn.shopify.com/s/files/1/1023/0068/0561/files/0c75b640344fb3b4a8dcd38ca77122c85698b71e0b861e038b0725a9a4ca7643.jpg?v=1784369210,UNKNOWN_WITHOUT_SHOPIFY_EXPORT,PUBLIC_JSON_MATCHED_TO_HANDLE,,VIEWED_CONTACT_SHEET_AND_LOCAL_FILE,2026-09-07T03:40:19+07:00,You Matter rug overhead,,You Matter rug overhead,SET,NEEDS_REVIEW,1,,,,,seo_runs/chillgen.com/chillgen_20260907_01/evidence/images/B025/colorful-classroom-rug-for-kids-877e4e6020-877e4e6020__img_08.jpg,alt_current_empty_in_public_json; media_export_url_unknown_without_shopify_export
B025-247,chillgen.com,colorful-classroom-rug-for-kids-877e4e6020-877e4e6020,15913300361585,80878172373361,GALLERY_PUBLIC_CDN,9,,https://cdn.shopify.com/s/files/1/1023/0068/0561/files/4352c2cbf883f3b46b8c65878b42dc1a87fbebf4e05387e8c7c72ccca21b56c3.jpg?v=1784369212,UNKNOWN_WITHOUT_SHOPIFY_EXPORT,PUBLIC_JSON_MATCHED_TO_HANDLE,,VIEWED_CONTACT_SHEET_AND_LOCAL_FILE,2026-09-07T03:40:19+07:00,teacher reading on You Matter rug,,teacher reading on You Matter rug,SET,NEEDS_REVIEW,1,,,,,seo_runs/chillgen.com/chillgen_20260907_01/evidence/images/B025/colorful-classroom-rug-for-kids-877e4e6020-877e4e6020__img_09.jpg,alt_current_empty_in_public_json; media_export_url_unknown_without_shopify_export
B025-247,chillgen.com,colorful-classroom-rug-for-kids-877e4e6020-877e4e6020,15913300361585,80878593081713,GALLERY_PUBLIC_CDN,10,,https://cdn.shopify.com/s/files/1/1023/0068/0561/files/2dbaa3b3072d19509c5e742077a51f685d1e36b92a66c350efbbc52a14f5fca9_030a5410-a2e4-4b10-84b4-01481f93c641.jpg?v=1784369215,UNKNOWN_WITHOUT_SHOPIFY_EXPORT,PUBLIC_JSON_MATCHED_TO_HANDLE,,VIEWED_CONTACT_SHEET_AND_LOCAL_FILE,2026-09-07T03:40:19+07:00,rainbow affirmation classroom rug,,rainbow affirmation classroom rug,SET,NEEDS_REVIEW,1,,,,,seo_runs/chillgen.com/chillgen_20260907_01/evidence/images/B025/colorful-classroom-rug-for-kids-877e4e6020-877e4e6020__img_10.jpg,alt_current_empty_in_public_json; media_export_url_unknown_without_shopify_export
B025-247,chillgen.com,colorful-classroom-rug-for-kids-877e4e6020-877e4e6020,15913300361585,80878593114481,GALLERY_PUBLIC_CDN,11,,https://cdn.shopify.com/s/files/1/1023/0068/0561/files/ec548c60e06b65ed9c3e2ec637838d37da33d668d64a4539e805a63c00aa2778_3c320a23-7f26-4f52-9bce-81635642e346.jpg?v=1784369217,UNKNOWN_WITHOUT_SHOPIFY_EXPORT,PUBLIC_JSON_MATCHED_TO_HANDLE,,VIEWED_CONTACT_SHEET_AND_LOCAL_FILE,2026-09-07T03:40:19+07:00,You Matter classroom rug angle,,You Matter classroom rug angle,SET,NEEDS_REVIEW,1,,,,,seo_runs/chillgen.com/chillgen_20260907_01/evidence/images/B025/colorful-classroom-rug-for-kids-877e4e6020-877e4e6020__img_11.jpg,alt_current_empty_in_public_json; media_export_url_unknown_without_shopify_export
B025-247,chillgen.com,colorful-classroom-rug-for-kids-877e4e6020-877e4e6020,15913300361585,80878593147249,GALLERY_PUBLIC_CDN,12,,https://cdn.shopify.com/s/files/1/1023/0068/0561/files/17895cf7a38c57ab09547083ce02e8649a117b0ada403fe646b284e7a9201273_105e47d7-72e2-4b6e-86de-921be8520b95.jpg?v=1784369220,UNKNOWN_WITHOUT_SHOPIFY_EXPORT,PUBLIC_JSON_MATCHED_TO_HANDLE,,VIEWED_CONTACT_SHEET_AND_LOCAL_FILE,2026-09-07T03:40:19+07:00,affirmation rug playroom scene,,affirmation rug playroom scene,SET,NEEDS_REVIEW,1,,,,,seo_runs/chillgen.com/chillgen_20260907_01/evidence/images/B025/colorful-classroom-rug-for-kids-877e4e6020-877e4e6020__img_12.jpg,alt_current_empty_in_public_json; media_export_url_unknown_without_shopify_export
B025-247,chillgen.com,colorful-classroom-rug-for-kids-877e4e6020-877e4e6020,15913300361585,80878593180017,GALLERY_PUBLIC_CDN,13,,https://cdn.shopify.com/s/files/1/1023/0068/0561/files/cc06cb1a1b35917e4c7273723c3ebc200737f9fbbdcb236b26f2b8c8c3bd13a3_e130bf2d-9955-44a5-a1da-43c1176567c1.jpg?v=1784369223,UNKNOWN_WITHOUT_SHOPIFY_EXPORT,PUBLIC_JSON_MATCHED_TO_HANDLE,,VIEWED_CONTACT_SHEET_AND_LOCAL_FILE,2026-09-07T03:40:19+07:00,children gathered on classroom rug,,children gathered on classroom rug,SET,NEEDS_REVIEW,1,,,,,seo_runs/chillgen.com/chillgen_20260907_01/evidence/images/B025/colorful-classroom-rug-for-kids-877e4e6020-877e4e6020__img_13.jpg,alt_current_empty_in_public_json; media_export_url_unknown_without_shopify_export
B025-247,chillgen.com,colorful-classroom-rug-for-kids-877e4e6020-877e4e6020,15913300361585,80878593212785,GALLERY_PUBLIC_CDN,14,,https://cdn.shopify.com/s/files/1/1023/0068/0561/files/9039d3a74b010fab9d8704cd2421d5e2bb9378ba608916aae0d670d4c9f5fa18_aee8d821-d85d-4017-afc5-daafdc6f1aec.jpg?v=1784369226,UNKNOWN_WITHOUT_SHOPIFY_EXPORT,PUBLIC_JSON_MATCHED_TO_HANDLE,,VIEWED_CONTACT_SHEET_AND_LOCAL_FILE,2026-09-07T03:40:19+07:00,You Matter rug learning pattern details,,You Matter rug learning pattern details,SET,NEEDS_REVIEW,1,,,,,seo_runs/chillgen.com/chillgen_20260907_01/evidence/images/B025/colorful-classroom-rug-for-kids-877e4e6020-877e4e6020__img_14.jpg,alt_current_empty_in_public_json; media_export_url_unknown_without_shopify_export
B025-247,chillgen.com,colorful-classroom-rug-for-kids-877e4e6020-877e4e6020,15913300361585,80878593245553,GALLERY_PUBLIC_CDN,15,,https://cdn.shopify.com/s/files/1/1023/0068/0561/files/a6bfe1eb87eec4eaa525e0232d4011129ce3350af7a377c7d8fa714d3c669065_02bd8048-d1b3-4435-9b6e-e6b81c35de73.jpg?v=1784369228,UNKNOWN_WITHOUT_SHOPIFY_EXPORT,PUBLIC_JSON_MATCHED_TO_HANDLE,,VIEWED_CONTACT_SHEET_AND_LOCAL_FILE,2026-09-07T03:40:19+07:00,soft surface closeup for You Matter rug,,soft surface closeup for You Matter rug,SET,NEEDS_REVIEW,1,,,,,seo_runs/chillgen.com/chillgen_20260907_01/evidence/images/B025/colorful-classroom-rug-for-kids-877e4e6020-877e4e6020__img_15.jpg,alt_current_empty_in_public_json; media_export_url_unknown_without_shopify_export
B025-247,chillgen.com,colorful-classroom-rug-for-kids-877e4e6020-877e4e6020,15913300361585,80878593278321,GALLERY_PUBLIC_CDN,16,,https://cdn.shopify.com/s/files/1/1023/0068/0561/files/7a5e923325758df4203f8cbdd4d5eab8edf1c08fcd1dca8770546577ebd0a4dc_ef252644-e394-41b2-ab84-b88c1ddd0dc7.jpg?v=1784369231,UNKNOWN_WITHOUT_SHOPIFY_EXPORT,PUBLIC_JSON_MATCHED_TO_HANDLE,,VIEWED_CONTACT_SHEET_AND_LOCAL_FILE,2026-09-07T03:40:19+07:00,backing panel for affirmation rug,,backing panel for affirmation rug,SET,NEEDS_REVIEW,1,,,,,seo_runs/chillgen.com/chillgen_20260907_01/evidence/images/B025/colorful-classroom-rug-for-kids-877e4e6020-877e4e6020__img_16.jpg,alt_current_empty_in_public_json; media_export_url_unknown_without_shopify_export
B025-247,chillgen.com,colorful-classroom-rug-for-kids-877e4e6020-877e4e6020,15913300361585,80878593311089,GALLERY_PUBLIC_CDN,17,,https://cdn.shopify.com/s/files/1/1023/0068/0561/files/0c75b640344fb3b4a8dcd38ca77122c85698b71e0b861e038b0725a9a4ca7643_ffed3d4a-40ce-48c6-954c-fc014daba367.jpg?v=1784369234,UNKNOWN_WITHOUT_SHOPIFY_EXPORT,PUBLIC_JSON_MATCHED_TO_HANDLE,,VIEWED_CONTACT_SHEET_AND_LOCAL_FILE,2026-09-07T03:40:19+07:00,You Matter rug overhead room view,,You Matter rug overhead room view,SET,NEEDS_REVIEW,1,,,,,seo_runs/chillgen.com/chillgen_20260907_01/evidence/images/B025/colorful-classroom-rug-for-kids-877e4e6020-877e4e6020__img_17.jpg,alt_current_empty_in_public_json; media_export_url_unknown_without_shopify_export
B025-247,chillgen.com,colorful-classroom-rug-for-kids-877e4e6020-877e4e6020,15913300361585,80878593343857,GALLERY_PUBLIC_CDN,18,,https://cdn.shopify.com/s/files/1/1023/0068/0561/files/4352c2cbf883f3b46b8c65878b42dc1a87fbebf4e05387e8c7c72ccca21b56c3_7908cca7-655e-4359-aec6-358222d20498.jpg?v=1784369236,UNKNOWN_WITHOUT_SHOPIFY_EXPORT,PUBLIC_JSON_MATCHED_TO_HANDLE,,VIEWED_CONTACT_SHEET_AND_LOCAL_FILE,2026-09-07T03:40:19+07:00,teacher reading with children on affirmation rug,,teacher reading with children on affirmation rug,SET,NEEDS_REVIEW,1,,,,,seo_runs/chillgen.com/chillgen_20260907_01/evidence/images/B025/colorful-classroom-rug-for-kids-877e4e6020-877e4e6020__img_18.jpg,alt_current_empty_in_public_json; media_export_url_unknown_without_shopify_export
B025-248,chillgen.com,colorful-handprints-kids-classroom-rug-345ee4ca82-345ee4ca82,15913301999985,80878180237681,GALLERY_PUBLIC_CDN,1,,https://cdn.shopify.com/s/files/1/1023/0068/0561/files/89f33f6de53c4dfe1361c181a8826c798c4176d8df89b6b509f79c05d30d7fbc.jpg?v=1784369141,UNKNOWN_WITHOUT_SHOPIFY_EXPORT,PUBLIC_JSON_MATCHED_TO_HANDLE,,VIEWED_CONTACT_SHEET_AND_LOCAL_FILE,2026-09-07T03:40:19+07:00,Every Child Is An Artist rug classroom angle,,Every Child Is An Artist rug classroom angle,SET,NEEDS_REVIEW,1,,,,,seo_runs/chillgen.com/chillgen_20260907_01/evidence/images/B025/colorful-handprints-kids-classroom-rug-345ee4ca82-345ee4ca82__img_01.jpg,alt_current_empty_in_public_json; media_export_url_unknown_without_shopify_export
B025-248,chillgen.com,colorful-handprints-kids-classroom-rug-345ee4ca82-345ee4ca82,15913301999985,80878180270449,GALLERY_PUBLIC_CDN,2,,https://cdn.shopify.com/s/files/1/1023/0068/0561/files/a223a8475ed356f9b6ff000d07364856d0c6c86d72e2af07db265fd80f51ed0e.jpg?v=1784369144,UNKNOWN_WITHOUT_SHOPIFY_EXPORT,PUBLIC_JSON_MATCHED_TO_HANDLE,,VIEWED_CONTACT_SHEET_AND_LOCAL_FILE,2026-09-07T03:40:19+07:00,personalized artist classroom rug overhead,,personalized artist classroom rug overhead,SET,NEEDS_REVIEW,1,,,,,seo_runs/chillgen.com/chillgen_20260907_01/evidence/images/B025/colorful-handprints-kids-classroom-rug-345ee4ca82-345ee4ca82__img_02.jpg,alt_current_empty_in_public_json; media_export_url_unknown_without_shopify_export
B025-248,chillgen.com,colorful-handprints-kids-classroom-rug-345ee4ca82-345ee4ca82,15913301999985,80878180303217,GALLERY_PUBLIC_CDN,3,,https://cdn.shopify.com/s/files/1/1023/0068/0561/files/6a09afe18bee84a2ed34421b920dd831c2c26d422236d0ca166377148981d13c.jpg?v=1784369146,UNKNOWN_WITHOUT_SHOPIFY_EXPORT,PUBLIC_JSON_MATCHED_TO_HANDLE,,VIEWED_CONTACT_SHEET_AND_LOCAL_FILE,2026-09-07T03:40:19+07:00,artist classroom rug in playroom,,artist classroom rug in playroom,SET,NEEDS_REVIEW,1,,,,,seo_runs/chillgen.com/chillgen_20260907_01/evidence/images/B025/colorful-handprints-kids-classroom-rug-345ee4ca82-345ee4ca82__img_03.jpg,alt_current_empty_in_public_json; media_export_url_unknown_without_shopify_export
B025-248,chillgen.com,colorful-handprints-kids-classroom-rug-345ee4ca82-345ee4ca82,15913301999985,80878180335985,GALLERY_PUBLIC_CDN,4,,https://cdn.shopify.com/s/files/1/1023/0068/0561/files/eaa3a4980eac62c262145801d834e3243f4edd79cc1e85db29bfc28c2d9249fa.jpg?v=1784369150,UNKNOWN_WITHOUT_SHOPIFY_EXPORT,PUBLIC_JSON_MATCHED_TO_HANDLE,,VIEWED_CONTACT_SHEET_AND_LOCAL_FILE,2026-09-07T03:40:19+07:00,children reading on art classroom rug,,children reading on art classroom rug,SET,NEEDS_REVIEW,1,,,,,seo_runs/chillgen.com/chillgen_20260907_01/evidence/images/B025/colorful-handprints-kids-classroom-rug-345ee4ca82-345ee4ca82__img_04.jpg,alt_current_empty_in_public_json; media_export_url_unknown_without_shopify_export
B025-248,chillgen.com,colorful-handprints-kids-classroom-rug-345ee4ca82-345ee4ca82,15913301999985,80878180368753,GALLERY_PUBLIC_CDN,5,,https://cdn.shopify.com/s/files/1/1023/0068/0561/files/814799cb5582b87425eb827be5abb2560953a9f6c1fde35ff5c2c1b3fb4ad4f2.jpg?v=1784369152,UNKNOWN_WITHOUT_SHOPIFY_EXPORT,PUBLIC_JSON_MATCHED_TO_HANDLE,,VIEWED_CONTACT_SHEET_AND_LOCAL_FILE,2026-09-07T03:40:19+07:00,artist rug detail panel,,artist rug detail panel,SET,NEEDS_REVIEW,1,,,,,seo_runs/chillgen.com/chillgen_20260907_01/evidence/images/B025/colorful-handprints-kids-classroom-rug-345ee4ca82-345ee4ca82__img_05.jpg,alt_current_empty_in_public_json; media_export_url_unknown_without_shopify_export
B025-248,chillgen.com,colorful-handprints-kids-classroom-rug-345ee4ca82-345ee4ca82,15913301999985,80878180401521,GALLERY_PUBLIC_CDN,6,,https://cdn.shopify.com/s/files/1/1023/0068/0561/files/c5e53e20547073b218bc07eb3360f8e464d69fe4d41b61f843895edd77d261db.jpg?v=1784369155,UNKNOWN_WITHOUT_SHOPIFY_EXPORT,PUBLIC_JSON_MATCHED_TO_HANDLE,,VIEWED_CONTACT_SHEET_AND_LOCAL_FILE,2026-09-07T03:40:19+07:00,microfiber cushion closeup for artist rug,,microfiber cushion closeup for artist rug,SET,NEEDS_REVIEW,1,,,,,seo_runs/chillgen.com/chillgen_20260907_01/evidence/images/B025/colorful-handprints-kids-classroom-rug-345ee4ca82-345ee4ca82__img_06.jpg,alt_current_empty_in_public_json; media_export_url_unknown_without_shopify_export
B025-248,chillgen.com,colorful-handprints-kids-classroom-rug-345ee4ca82-345ee4ca82,15913301999985,80878180434289,GALLERY_PUBLIC_CDN,7,,https://cdn.shopify.com/s/files/1/1023/0068/0561/files/98ba4de727f7e9c35bf4f30b469cdab9e7ef1384cd6373c55c33ac953b789140.jpg?v=1784369157,UNKNOWN_WITHOUT_SHOPIFY_EXPORT,PUBLIC_JSON_MATCHED_TO_HANDLE,,VIEWED_CONTACT_SHEET_AND_LOCAL_FILE,2026-09-07T03:40:19+07:00,anti-slip backing detail for artist rug,,anti-slip backing detail for artist rug,SET,NEEDS_REVIEW,1,,,,,seo_runs/chillgen.com/chillgen_20260907_01/evidence/images/B025/colorful-handprints-kids-classroom-rug-345ee4ca82-345ee4ca82__img_07.jpg,alt_current_empty_in_public_json; media_export_url_unknown_without_shopify_export
B025-248,chillgen.com,colorful-handprints-kids-classroom-rug-345ee4ca82-345ee4ca82,15913301999985,80878180467057,GALLERY_PUBLIC_CDN,8,,https://cdn.shopify.com/s/files/1/1023/0068/0561/files/fd2fdc6385c69eb3c85d818429246ae0e97672dc3ec3d74c01ebdb5424d48ca8.jpg?v=1784369160,UNKNOWN_WITHOUT_SHOPIFY_EXPORT,PUBLIC_JSON_MATCHED_TO_HANDLE,,VIEWED_CONTACT_SHEET_AND_LOCAL_FILE,2026-09-07T03:40:19+07:00,teacher reading on personalized art rug,,teacher reading on personalized art rug,SET,NEEDS_REVIEW,1,,,,,seo_runs/chillgen.com/chillgen_20260907_01/evidence/images/B025/colorful-handprints-kids-classroom-rug-345ee4ca82-345ee4ca82__img_08.jpg,alt_current_empty_in_public_json; media_export_url_unknown_without_shopify_export
B025-248,chillgen.com,colorful-handprints-kids-classroom-rug-345ee4ca82-345ee4ca82,15913301999985,80878180499825,GALLERY_PUBLIC_CDN,9,,https://cdn.shopify.com/s/files/1/1023/0068/0561/files/27c4e16a75e2da285531ae004be46cb64af99d8911f64178d76d1244c4596ea6.jpg?v=1784369162,UNKNOWN_WITHOUT_SHOPIFY_EXPORT,PUBLIC_JSON_MATCHED_TO_HANDLE,,VIEWED_CONTACT_SHEET_AND_LOCAL_FILE,2026-09-07T03:40:19+07:00,Every Child Is An Artist rug flat view,,Every Child Is An Artist rug flat view,SET,NEEDS_REVIEW,1,,,,,seo_runs/chillgen.com/chillgen_20260907_01/evidence/images/B025/colorful-handprints-kids-classroom-rug-345ee4ca82-345ee4ca82__img_09.jpg,alt_current_empty_in_public_json; media_export_url_unknown_without_shopify_export
B025-248,chillgen.com,colorful-handprints-kids-classroom-rug-345ee4ca82-345ee4ca82,15913301999985,80878592262513,GALLERY_PUBLIC_CDN,10,,https://cdn.shopify.com/s/files/1/1023/0068/0561/files/89f33f6de53c4dfe1361c181a8826c798c4176d8df89b6b509f79c05d30d7fbc_a80e222a-6256-4217-a881-c3860334a801.jpg?v=1784369166,UNKNOWN_WITHOUT_SHOPIFY_EXPORT,PUBLIC_JSON_MATCHED_TO_HANDLE,,VIEWED_CONTACT_SHEET_AND_LOCAL_FILE,2026-09-07T03:40:19+07:00,artist classroom rug room mockup,,artist classroom rug room mockup,SET,NEEDS_REVIEW,1,,,,,seo_runs/chillgen.com/chillgen_20260907_01/evidence/images/B025/colorful-handprints-kids-classroom-rug-345ee4ca82-345ee4ca82__img_10.jpg,alt_current_empty_in_public_json; media_export_url_unknown_without_shopify_export
B025-248,chillgen.com,colorful-handprints-kids-classroom-rug-345ee4ca82-345ee4ca82,15913301999985,80878592295281,GALLERY_PUBLIC_CDN,11,,https://cdn.shopify.com/s/files/1/1023/0068/0561/files/a223a8475ed356f9b6ff000d07364856d0c6c86d72e2af07db265fd80f51ed0e_1c58f099-cc7d-4378-92bd-801a7e911929.jpg?v=1784369168,UNKNOWN_WITHOUT_SHOPIFY_EXPORT,PUBLIC_JSON_MATCHED_TO_HANDLE,,VIEWED_CONTACT_SHEET_AND_LOCAL_FILE,2026-09-07T03:40:19+07:00,Mrs Anderson artist rug overhead,,Mrs Anderson artist rug overhead,SET,NEEDS_REVIEW,1,,,,,seo_runs/chillgen.com/chillgen_20260907_01/evidence/images/B025/colorful-handprints-kids-classroom-rug-345ee4ca82-345ee4ca82__img_11.jpg,alt_current_empty_in_public_json; media_export_url_unknown_without_shopify_export
B025-248,chillgen.com,colorful-handprints-kids-classroom-rug-345ee4ca82-345ee4ca82,15913301999985,80878592328049,GALLERY_PUBLIC_CDN,12,,https://cdn.shopify.com/s/files/1/1023/0068/0561/files/6a09afe18bee84a2ed34421b920dd831c2c26d422236d0ca166377148981d13c_72785d85-8d8b-4686-ba33-ff8a0f86ddcf.jpg?v=1784369172,UNKNOWN_WITHOUT_SHOPIFY_EXPORT,PUBLIC_JSON_MATCHED_TO_HANDLE,,VIEWED_CONTACT_SHEET_AND_LOCAL_FILE,2026-09-07T03:40:19+07:00,art classroom rug playroom scene,,art classroom rug playroom scene,SET,NEEDS_REVIEW,1,,,,,seo_runs/chillgen.com/chillgen_20260907_01/evidence/images/B025/colorful-handprints-kids-classroom-rug-345ee4ca82-345ee4ca82__img_12.jpg,alt_current_empty_in_public_json; media_export_url_unknown_without_shopify_export
B025-248,chillgen.com,colorful-handprints-kids-classroom-rug-345ee4ca82-345ee4ca82,15913301999985,80878592360817,GALLERY_PUBLIC_CDN,13,,https://cdn.shopify.com/s/files/1/1023/0068/0561/files/eaa3a4980eac62c262145801d834e3243f4edd79cc1e85db29bfc28c2d9249fa_635a3d3e-e3be-4f67-9b90-aa292cc74db0.jpg?v=1784369173,UNKNOWN_WITHOUT_SHOPIFY_EXPORT,PUBLIC_JSON_MATCHED_TO_HANDLE,,VIEWED_CONTACT_SHEET_AND_LOCAL_FILE,2026-09-07T03:40:19+07:00,children gathered on artist rug,,children gathered on artist rug,SET,NEEDS_REVIEW,1,,,,,seo_runs/chillgen.com/chillgen_20260907_01/evidence/images/B025/colorful-handprints-kids-classroom-rug-345ee4ca82-345ee4ca82__img_13.jpg,alt_current_empty_in_public_json; media_export_url_unknown_without_shopify_export
B025-248,chillgen.com,colorful-handprints-kids-classroom-rug-345ee4ca82-345ee4ca82,15913301999985,80878592393585,GALLERY_PUBLIC_CDN,14,,https://cdn.shopify.com/s/files/1/1023/0068/0561/files/814799cb5582b87425eb827be5abb2560953a9f6c1fde35ff5c2c1b3fb4ad4f2_0aa68bc7-cfa0-43b0-b98f-9275db00fce2.jpg?v=1784369177,UNKNOWN_WITHOUT_SHOPIFY_EXPORT,PUBLIC_JSON_MATCHED_TO_HANDLE,,VIEWED_CONTACT_SHEET_AND_LOCAL_FILE,2026-09-07T03:40:19+07:00,art motifs detail panel,,art motifs detail panel,SET,NEEDS_REVIEW,1,,,,,seo_runs/chillgen.com/chillgen_20260907_01/evidence/images/B025/colorful-handprints-kids-classroom-rug-345ee4ca82-345ee4ca82__img_14.jpg,alt_current_empty_in_public_json; media_export_url_unknown_without_shopify_export
B025-248,chillgen.com,colorful-handprints-kids-classroom-rug-345ee4ca82-345ee4ca82,15913301999985,80878592426353,GALLERY_PUBLIC_CDN,15,,https://cdn.shopify.com/s/files/1/1023/0068/0561/files/c5e53e20547073b218bc07eb3360f8e464d69fe4d41b61f843895edd77d261db_f15a4a69-913e-4fe9-85f5-286d195a6909.jpg?v=1784369179,UNKNOWN_WITHOUT_SHOPIFY_EXPORT,PUBLIC_JSON_MATCHED_TO_HANDLE,,VIEWED_CONTACT_SHEET_AND_LOCAL_FILE,2026-09-07T03:40:19+07:00,soft surface closeup for artist rug,,soft surface closeup for artist rug,SET,NEEDS_REVIEW,1,,,,,seo_runs/chillgen.com/chillgen_20260907_01/evidence/images/B025/colorful-handprints-kids-classroom-rug-345ee4ca82-345ee4ca82__img_15.jpg,alt_current_empty_in_public_json; media_export_url_unknown_without_shopify_export
B025-248,chillgen.com,colorful-handprints-kids-classroom-rug-345ee4ca82-345ee4ca82,15913301999985,80878592459121,GALLERY_PUBLIC_CDN,16,,https://cdn.shopify.com/s/files/1/1023/0068/0561/files/98ba4de727f7e9c35bf4f30b469cdab9e7ef1384cd6373c55c33ac953b789140_1974e4f8-e73b-4bf7-8631-f3182f78f24e.jpg?v=1784369182,UNKNOWN_WITHOUT_SHOPIFY_EXPORT,PUBLIC_JSON_MATCHED_TO_HANDLE,,VIEWED_CONTACT_SHEET_AND_LOCAL_FILE,2026-09-07T03:40:19+07:00,backing panel for art classroom rug,,backing panel for art classroom rug,SET,NEEDS_REVIEW,1,,,,,seo_runs/chillgen.com/chillgen_20260907_01/evidence/images/B025/colorful-handprints-kids-classroom-rug-345ee4ca82-345ee4ca82__img_16.jpg,alt_current_empty_in_public_json; media_export_url_unknown_without_shopify_export
B025-248,chillgen.com,colorful-handprints-kids-classroom-rug-345ee4ca82-345ee4ca82,15913301999985,80878592491889,GALLERY_PUBLIC_CDN,17,,https://cdn.shopify.com/s/files/1/1023/0068/0561/files/fd2fdc6385c69eb3c85d818429246ae0e97672dc3ec3d74c01ebdb5424d48ca8_12a26e64-470d-4317-a75e-cfb7afc7f164.jpg?v=1784369185,UNKNOWN_WITHOUT_SHOPIFY_EXPORT,PUBLIC_JSON_MATCHED_TO_HANDLE,,VIEWED_CONTACT_SHEET_AND_LOCAL_FILE,2026-09-07T03:40:19+07:00,teacher reading with children on rug,,teacher reading with children on rug,SET,NEEDS_REVIEW,1,,,,,seo_runs/chillgen.com/chillgen_20260907_01/evidence/images/B025/colorful-handprints-kids-classroom-rug-345ee4ca82-345ee4ca82__img_17.jpg,alt_current_empty_in_public_json; media_export_url_unknown_without_shopify_export
B025-248,chillgen.com,colorful-handprints-kids-classroom-rug-345ee4ca82-345ee4ca82,15913301999985,80878592524657,GALLERY_PUBLIC_CDN,18,,https://cdn.shopify.com/s/files/1/1023/0068/0561/files/27c4e16a75e2da285531ae004be46cb64af99d8911f64178d76d1244c4596ea6_bcade4ab-1d32-44cb-baa0-a243858a917a.jpg?v=1784369188,UNKNOWN_WITHOUT_SHOPIFY_EXPORT,PUBLIC_JSON_MATCHED_TO_HANDLE,,VIEWED_CONTACT_SHEET_AND_LOCAL_FILE,2026-09-07T03:40:19+07:00,artist classroom rug product view,,artist classroom rug product view,SET,NEEDS_REVIEW,1,,,,,seo_runs/chillgen.com/chillgen_20260907_01/evidence/images/B025/colorful-handprints-kids-classroom-rug-345ee4ca82-345ee4ca82__img_18.jpg,alt_current_empty_in_public_json; media_export_url_unknown_without_shopify_export
B025-249,chillgen.com,colorful-handprints-classroom-kids-rug-51cf8ab902-51cf8ab902,15913302557041,80878184628593,GALLERY_PUBLIC_CDN,1,,https://cdn.shopify.com/s/files/1/1023/0068/0561/files/b1d5db79873f835a3a61a43df6fe67ec748ef77cf8d0aea4acbe931d7b3c3587.jpg?v=1784369090,UNKNOWN_WITHOUT_SHOPIFY_EXPORT,PUBLIC_JSON_MATCHED_TO_HANDLE,,VIEWED_CONTACT_SHEET_AND_LOCAL_FILE,2026-09-07T03:40:19+07:00,welcome classroom rug in room,,welcome classroom rug in room,SET,NEEDS_REVIEW,1,,,,,seo_runs/chillgen.com/chillgen_20260907_01/evidence/images/B025/colorful-handprints-classroom-kids-rug-51cf8ab902-51cf8ab902__img_01.jpg,alt_current_empty_in_public_json; media_export_url_unknown_without_shopify_export
B025-249,chillgen.com,colorful-handprints-classroom-kids-rug-51cf8ab902-51cf8ab902,15913302557041,80878184661361,GALLERY_PUBLIC_CDN,2,,https://cdn.shopify.com/s/files/1/1023/0068/0561/files/daa444bea032f8a995bd335b970be1cd2b0e1f6efb1a177337864c45bb9f130d.jpg?v=1784369094,UNKNOWN_WITHOUT_SHOPIFY_EXPORT,PUBLIC_JSON_MATCHED_TO_HANDLE,,VIEWED_CONTACT_SHEET_AND_LOCAL_FILE,2026-09-07T03:40:19+07:00,Mrs Smith classroom rug overhead,,Mrs Smith classroom rug overhead,SET,NEEDS_REVIEW,1,,,,,seo_runs/chillgen.com/chillgen_20260907_01/evidence/images/B025/colorful-handprints-classroom-kids-rug-51cf8ab902-51cf8ab902__img_02.jpg,alt_current_empty_in_public_json; media_export_url_unknown_without_shopify_export
B025-249,chillgen.com,colorful-handprints-classroom-kids-rug-51cf8ab902-51cf8ab902,15913302557041,80878184694129,GALLERY_PUBLIC_CDN,3,,https://cdn.shopify.com/s/files/1/1023/0068/0561/files/3e78db897454031e97e90041dce9a2559f7b9d81a50cdbe54c4af8d2669d012d.jpg?v=1784369096,UNKNOWN_WITHOUT_SHOPIFY_EXPORT,PUBLIC_JSON_MATCHED_TO_HANDLE,,VIEWED_CONTACT_SHEET_AND_LOCAL_FILE,2026-09-07T03:40:19+07:00,welcome teacher rug classroom angle,,welcome teacher rug classroom angle,SET,NEEDS_REVIEW,1,,,,,seo_runs/chillgen.com/chillgen_20260907_01/evidence/images/B025/colorful-handprints-classroom-kids-rug-51cf8ab902-51cf8ab902__img_03.jpg,alt_current_empty_in_public_json; media_export_url_unknown_without_shopify_export
B025-249,chillgen.com,colorful-handprints-classroom-kids-rug-51cf8ab902-51cf8ab902,15913302557041,80878184726897,GALLERY_PUBLIC_CDN,4,,https://cdn.shopify.com/s/files/1/1023/0068/0561/files/4de49c0518987d9a21bfdc3d80b2c3a4827b27c089438db7b4ffc50770eded5a.jpg?v=1784369100,UNKNOWN_WITHOUT_SHOPIFY_EXPORT,PUBLIC_JSON_MATCHED_TO_HANDLE,,VIEWED_CONTACT_SHEET_AND_LOCAL_FILE,2026-09-07T03:40:19+07:00,welcome classroom rug detail panel,,welcome classroom rug detail panel,SET,NEEDS_REVIEW,1,,,,,seo_runs/chillgen.com/chillgen_20260907_01/evidence/images/B025/colorful-handprints-classroom-kids-rug-51cf8ab902-51cf8ab902__img_04.jpg,alt_current_empty_in_public_json; media_export_url_unknown_without_shopify_export
B025-249,chillgen.com,colorful-handprints-classroom-kids-rug-51cf8ab902-51cf8ab902,15913302557041,80878184759665,GALLERY_PUBLIC_CDN,5,,https://cdn.shopify.com/s/files/1/1023/0068/0561/files/fab758c27ab74f127887c47f84e6d84ffe1bf6566f35dfaca4274af0ac6b7433.jpg?v=1784369102,UNKNOWN_WITHOUT_SHOPIFY_EXPORT,PUBLIC_JSON_MATCHED_TO_HANDLE,,VIEWED_CONTACT_SHEET_AND_LOCAL_FILE,2026-09-07T03:40:19+07:00,microfiber cushion closeup for welcome rug,,microfiber cushion closeup for welcome rug,SET,NEEDS_REVIEW,1,,,,,seo_runs/chillgen.com/chillgen_20260907_01/evidence/images/B025/colorful-handprints-classroom-kids-rug-51cf8ab902-51cf8ab902__img_05.jpg,alt_current_empty_in_public_json; media_export_url_unknown_without_shopify_export
B025-249,chillgen.com,colorful-handprints-classroom-kids-rug-51cf8ab902-51cf8ab902,15913302557041,80878184792433,GALLERY_PUBLIC_CDN,6,,https://cdn.shopify.com/s/files/1/1023/0068/0561/files/66701a818e95252fce2b99e62a9389076766f9b2a8098aabbf1bb919d2555df0.jpg?v=1784369105,UNKNOWN_WITHOUT_SHOPIFY_EXPORT,PUBLIC_JSON_MATCHED_TO_HANDLE,,VIEWED_CONTACT_SHEET_AND_LOCAL_FILE,2026-09-07T03:40:19+07:00,teacher reading on classroom welcome rug,,teacher reading on classroom welcome rug,SET,NEEDS_REVIEW,1,,,,,seo_runs/chillgen.com/chillgen_20260907_01/evidence/images/B025/colorful-handprints-classroom-kids-rug-51cf8ab902-51cf8ab902__img_06.jpg,alt_current_empty_in_public_json; media_export_url_unknown_without_shopify_export
B025-249,chillgen.com,colorful-handprints-classroom-kids-rug-51cf8ab902-51cf8ab902,15913302557041,80878184825201,GALLERY_PUBLIC_CDN,7,,https://cdn.shopify.com/s/files/1/1023/0068/0561/files/6ec9c594032aa861fd3ffb1f440a61c3c0fb5acf3437d36a1008f1ee79587115.jpg?v=1784369108,UNKNOWN_WITHOUT_SHOPIFY_EXPORT,PUBLIC_JSON_MATCHED_TO_HANDLE,,VIEWED_CONTACT_SHEET_AND_LOCAL_FILE,2026-09-07T03:40:19+07:00,personalized classroom welcome rug flat view,,personalized classroom welcome rug flat view,SET,NEEDS_REVIEW,1,,,,,seo_runs/chillgen.com/chillgen_20260907_01/evidence/images/B025/colorful-handprints-classroom-kids-rug-51cf8ab902-51cf8ab902__img_07.jpg,alt_current_empty_in_public_json; media_export_url_unknown_without_shopify_export
B025-249,chillgen.com,colorful-handprints-classroom-kids-rug-51cf8ab902-51cf8ab902,15913302557041,80878184857969,GALLERY_PUBLIC_CDN,8,,https://cdn.shopify.com/s/files/1/1023/0068/0561/files/29f11e900df51f5874f44fdd85ecadd9c569479d4483bae55cbf86bad683cdd2.jpg?v=1784369111,UNKNOWN_WITHOUT_SHOPIFY_EXPORT,PUBLIC_JSON_MATCHED_TO_HANDLE,,VIEWED_CONTACT_SHEET_AND_LOCAL_FILE,2026-09-07T03:40:19+07:00,welcome rug in playroom,,welcome rug in playroom,SET,NEEDS_REVIEW,1,,,,,seo_runs/chillgen.com/chillgen_20260907_01/evidence/images/B025/colorful-handprints-classroom-kids-rug-51cf8ab902-51cf8ab902__img_08.jpg,alt_current_empty_in_public_json; media_export_url_unknown_without_shopify_export
B025-249,chillgen.com,colorful-handprints-classroom-kids-rug-51cf8ab902-51cf8ab902,15913302557041,80878184890737,GALLERY_PUBLIC_CDN,9,,https://cdn.shopify.com/s/files/1/1023/0068/0561/files/19466152babc4dcfdf7180a3ef29d85694f75d7d9bb5fee457f9f86eecf0589f.jpg?v=1784369113,UNKNOWN_WITHOUT_SHOPIFY_EXPORT,PUBLIC_JSON_MATCHED_TO_HANDLE,,VIEWED_CONTACT_SHEET_AND_LOCAL_FILE,2026-09-07T03:40:19+07:00,anti-slip backing detail for welcome rug,,anti-slip backing detail for welcome rug,SET,NEEDS_REVIEW,1,,,,,seo_runs/chillgen.com/chillgen_20260907_01/evidence/images/B025/colorful-handprints-classroom-kids-rug-51cf8ab902-51cf8ab902__img_09.jpg,alt_current_empty_in_public_json; media_export_url_unknown_without_shopify_export
B025-249,chillgen.com,colorful-handprints-classroom-kids-rug-51cf8ab902-51cf8ab902,15913302557041,80878589116785,GALLERY_PUBLIC_CDN,10,,https://cdn.shopify.com/s/files/1/1023/0068/0561/files/b1d5db79873f835a3a61a43df6fe67ec748ef77cf8d0aea4acbe931d7b3c3587_774285e0-f498-4687-8f2f-4fb773fff624.jpg?v=1784369116,UNKNOWN_WITHOUT_SHOPIFY_EXPORT,PUBLIC_JSON_MATCHED_TO_HANDLE,,VIEWED_CONTACT_SHEET_AND_LOCAL_FILE,2026-09-07T03:40:19+07:00,welcome classroom rug by sofa,,welcome classroom rug by sofa,SET,NEEDS_REVIEW,1,,,,,seo_runs/chillgen.com/chillgen_20260907_01/evidence/images/B025/colorful-handprints-classroom-kids-rug-51cf8ab902-51cf8ab902__img_10.jpg,alt_current_empty_in_public_json; media_export_url_unknown_without_shopify_export
B025-249,chillgen.com,colorful-handprints-classroom-kids-rug-51cf8ab902-51cf8ab902,15913302557041,80878589149553,GALLERY_PUBLIC_CDN,11,,https://cdn.shopify.com/s/files/1/1023/0068/0561/files/daa444bea032f8a995bd335b970be1cd2b0e1f6efb1a177337864c45bb9f130d_d7b23287-a02e-43bb-93c7-d28cfc9d91fa.jpg?v=1784369119,UNKNOWN_WITHOUT_SHOPIFY_EXPORT,PUBLIC_JSON_MATCHED_TO_HANDLE,,VIEWED_CONTACT_SHEET_AND_LOCAL_FILE,2026-09-07T03:40:19+07:00,personalized Mrs Smith classroom rug,,personalized Mrs Smith classroom rug,SET,NEEDS_REVIEW,1,,,,,seo_runs/chillgen.com/chillgen_20260907_01/evidence/images/B025/colorful-handprints-classroom-kids-rug-51cf8ab902-51cf8ab902__img_11.jpg,alt_current_empty_in_public_json; media_export_url_unknown_without_shopify_export
B025-249,chillgen.com,colorful-handprints-classroom-kids-rug-51cf8ab902-51cf8ab902,15913302557041,80878589182321,GALLERY_PUBLIC_CDN,12,,https://cdn.shopify.com/s/files/1/1023/0068/0561/files/3e78db897454031e97e90041dce9a2559f7b9d81a50cdbe54c4af8d2669d012d_5c2c8621-7646-4fb9-85c1-ef84e9686984.jpg?v=1784369122,UNKNOWN_WITHOUT_SHOPIFY_EXPORT,PUBLIC_JSON_MATCHED_TO_HANDLE,,VIEWED_CONTACT_SHEET_AND_LOCAL_FILE,2026-09-07T03:40:19+07:00,colorful handprint welcome rug classroom,,colorful handprint welcome rug classroom,SET,NEEDS_REVIEW,1,,,,,seo_runs/chillgen.com/chillgen_20260907_01/evidence/images/B025/colorful-handprints-classroom-kids-rug-51cf8ab902-51cf8ab902__img_12.jpg,alt_current_empty_in_public_json; media_export_url_unknown_without_shopify_export
B025-249,chillgen.com,colorful-handprints-classroom-kids-rug-51cf8ab902-51cf8ab902,15913302557041,80878589215089,GALLERY_PUBLIC_CDN,13,,https://cdn.shopify.com/s/files/1/1023/0068/0561/files/4de49c0518987d9a21bfdc3d80b2c3a4827b27c089438db7b4ffc50770eded5a_5bec9e54-4c63-4a17-b113-84ed92bef71f.jpg?v=1784369124,UNKNOWN_WITHOUT_SHOPIFY_EXPORT,PUBLIC_JSON_MATCHED_TO_HANDLE,,VIEWED_CONTACT_SHEET_AND_LOCAL_FILE,2026-09-07T03:40:19+07:00,learning pattern detail for welcome rug,,learning pattern detail for welcome rug,SET,NEEDS_REVIEW,1,,,,,seo_runs/chillgen.com/chillgen_20260907_01/evidence/images/B025/colorful-handprints-classroom-kids-rug-51cf8ab902-51cf8ab902__img_13.jpg,alt_current_empty_in_public_json; media_export_url_unknown_without_shopify_export
B025-249,chillgen.com,colorful-handprints-classroom-kids-rug-51cf8ab902-51cf8ab902,15913302557041,80878589247857,GALLERY_PUBLIC_CDN,14,,https://cdn.shopify.com/s/files/1/1023/0068/0561/files/fab758c27ab74f127887c47f84e6d84ffe1bf6566f35dfaca4274af0ac6b7433_e8ba46c2-bc1c-4f2b-809a-93592f5b9746.jpg?v=1784369128,UNKNOWN_WITHOUT_SHOPIFY_EXPORT,PUBLIC_JSON_MATCHED_TO_HANDLE,,VIEWED_CONTACT_SHEET_AND_LOCAL_FILE,2026-09-07T03:40:19+07:00,soft surface closeup for welcome rug,,soft surface closeup for welcome rug,SET,NEEDS_REVIEW,1,,,,,seo_runs/chillgen.com/chillgen_20260907_01/evidence/images/B025/colorful-handprints-classroom-kids-rug-51cf8ab902-51cf8ab902__img_14.jpg,alt_current_empty_in_public_json; media_export_url_unknown_without_shopify_export
B025-249,chillgen.com,colorful-handprints-classroom-kids-rug-51cf8ab902-51cf8ab902,15913302557041,80878589280625,GALLERY_PUBLIC_CDN,15,,https://cdn.shopify.com/s/files/1/1023/0068/0561/files/66701a818e95252fce2b99e62a9389076766f9b2a8098aabbf1bb919d2555df0_e5f65f42-caad-4c84-a0f1-02b56958e05a.jpg?v=1784369130,UNKNOWN_WITHOUT_SHOPIFY_EXPORT,PUBLIC_JSON_MATCHED_TO_HANDLE,,VIEWED_CONTACT_SHEET_AND_LOCAL_FILE,2026-09-07T03:40:19+07:00,children reading on welcome classroom rug,,children reading on welcome classroom rug,SET,NEEDS_REVIEW,1,,,,,seo_runs/chillgen.com/chillgen_20260907_01/evidence/images/B025/colorful-handprints-classroom-kids-rug-51cf8ab902-51cf8ab902__img_15.jpg,alt_current_empty_in_public_json; media_export_url_unknown_without_shopify_export
B025-249,chillgen.com,colorful-handprints-classroom-kids-rug-51cf8ab902-51cf8ab902,15913302557041,80878589313393,GALLERY_PUBLIC_CDN,16,,https://cdn.shopify.com/s/files/1/1023/0068/0561/files/6ec9c594032aa861fd3ffb1f440a61c3c0fb5acf3437d36a1008f1ee79587115_419dde62-aec7-4a5c-b5a7-0bc3e5d7ed1c.jpg?v=1784369133,UNKNOWN_WITHOUT_SHOPIFY_EXPORT,PUBLIC_JSON_MATCHED_TO_HANDLE,,VIEWED_CONTACT_SHEET_AND_LOCAL_FILE,2026-09-07T03:40:19+07:00,flat view of handprint welcome rug,,flat view of handprint welcome rug,SET,NEEDS_REVIEW,1,,,,,seo_runs/chillgen.com/chillgen_20260907_01/evidence/images/B025/colorful-handprints-classroom-kids-rug-51cf8ab902-51cf8ab902__img_16.jpg,alt_current_empty_in_public_json; media_export_url_unknown_without_shopify_export
B025-249,chillgen.com,colorful-handprints-classroom-kids-rug-51cf8ab902-51cf8ab902,15913302557041,80878589346161,GALLERY_PUBLIC_CDN,17,,https://cdn.shopify.com/s/files/1/1023/0068/0561/files/29f11e900df51f5874f44fdd85ecadd9c569479d4483bae55cbf86bad683cdd2_c62db2de-0223-406b-89d5-264e1c085edb.jpg?v=1784369135,UNKNOWN_WITHOUT_SHOPIFY_EXPORT,PUBLIC_JSON_MATCHED_TO_HANDLE,,VIEWED_CONTACT_SHEET_AND_LOCAL_FILE,2026-09-07T03:40:19+07:00,welcome classroom rug in playroom,,welcome classroom rug in playroom,SET,NEEDS_REVIEW,1,,,,,seo_runs/chillgen.com/chillgen_20260907_01/evidence/images/B025/colorful-handprints-classroom-kids-rug-51cf8ab902-51cf8ab902__img_17.jpg,alt_current_empty_in_public_json; media_export_url_unknown_without_shopify_export
B025-249,chillgen.com,colorful-handprints-classroom-kids-rug-51cf8ab902-51cf8ab902,15913302557041,80878589378929,GALLERY_PUBLIC_CDN,18,,https://cdn.shopify.com/s/files/1/1023/0068/0561/files/19466152babc4dcfdf7180a3ef29d85694f75d7d9bb5fee457f9f86eecf0589f_409a7627-8837-4e95-8097-1791b1ba1823.jpg?v=1784369139,UNKNOWN_WITHOUT_SHOPIFY_EXPORT,PUBLIC_JSON_MATCHED_TO_HANDLE,,VIEWED_CONTACT_SHEET_AND_LOCAL_FILE,2026-09-07T03:40:19+07:00,backing panel for classroom welcome rug,,backing panel for classroom welcome rug,SET,NEEDS_REVIEW,1,,,,,seo_runs/chillgen.com/chillgen_20260907_01/evidence/images/B025/colorful-handprints-classroom-kids-rug-51cf8ab902-51cf8ab902__img_18.jpg,alt_current_empty_in_public_json; media_export_url_unknown_without_shopify_export
B025-250,chillgen.com,colorful-handprints-kids-classroom-rug-51f01db413-51f01db413,15913302950257,80878188888433,GALLERY_PUBLIC_CDN,1,,https://cdn.shopify.com/s/files/1/1023/0068/0561/files/d92c0eeb086f8f8176b598a6944b520cd14ef698d120d7d71cb877bc3455f0f0.jpg?v=1784369046,UNKNOWN_WITHOUT_SHOPIFY_EXPORT,PUBLIC_JSON_MATCHED_TO_HANDLE,,VIEWED_CONTACT_SHEET_AND_LOCAL_FILE,2026-09-07T03:40:19+07:00,Reading Everywhere classroom rug by sofa,,Reading Everywhere classroom rug by sofa,SET,NEEDS_REVIEW,1,,,,,seo_runs/chillgen.com/chillgen_20260907_01/evidence/images/B025/colorful-handprints-kids-classroom-rug-51f01db413-51f01db413__img_01.jpg,alt_current_empty_in_public_json; media_export_url_unknown_without_shopify_export
B025-250,chillgen.com,colorful-handprints-kids-classroom-rug-51f01db413-51f01db413,15913302950257,80878188921201,GALLERY_PUBLIC_CDN,2,,https://cdn.shopify.com/s/files/1/1023/0068/0561/files/489b3065a93172663d15f7162a90081ccb3cfe02e6f8c299d37959ca67c42c5d.jpg?v=1784369049,UNKNOWN_WITHOUT_SHOPIFY_EXPORT,PUBLIC_JSON_MATCHED_TO_HANDLE,,VIEWED_CONTACT_SHEET_AND_LOCAL_FILE,2026-09-07T03:40:19+07:00,open book reading rug overhead,,open book reading rug overhead,SET,NEEDS_REVIEW,1,,,,,seo_runs/chillgen.com/chillgen_20260907_01/evidence/images/B025/colorful-handprints-kids-classroom-rug-51f01db413-51f01db413__img_02.jpg,alt_current_empty_in_public_json; media_export_url_unknown_without_shopify_export
B025-250,chillgen.com,colorful-handprints-kids-classroom-rug-51f01db413-51f01db413,15913302950257,80878188953969,GALLERY_PUBLIC_CDN,3,,https://cdn.shopify.com/s/files/1/1023/0068/0561/files/b81d69041dbf68bd0e6c1b11d6c204ad5f46035cb97a6f34f6e65cdfa8ab8797.jpg?v=1784369051,UNKNOWN_WITHOUT_SHOPIFY_EXPORT,PUBLIC_JSON_MATCHED_TO_HANDLE,,VIEWED_CONTACT_SHEET_AND_LOCAL_FILE,2026-09-07T03:40:19+07:00,reading everywhere rug classroom angle,,reading everywhere rug classroom angle,SET,NEEDS_REVIEW,1,,,,,seo_runs/chillgen.com/chillgen_20260907_01/evidence/images/B025/colorful-handprints-kids-classroom-rug-51f01db413-51f01db413__img_03.jpg,alt_current_empty_in_public_json; media_export_url_unknown_without_shopify_export
B025-250,chillgen.com,colorful-handprints-kids-classroom-rug-51f01db413-51f01db413,15913302950257,80878188986737,GALLERY_PUBLIC_CDN,4,,https://cdn.shopify.com/s/files/1/1023/0068/0561/files/5a94081d6773494902ff1ad6067eefa800b2c71752acfd37c423514d7de70ae3.jpg?v=1784369054,UNKNOWN_WITHOUT_SHOPIFY_EXPORT,PUBLIC_JSON_MATCHED_TO_HANDLE,,VIEWED_CONTACT_SHEET_AND_LOCAL_FILE,2026-09-07T03:40:19+07:00,reading rug detail panel,,reading rug detail panel,SET,NEEDS_REVIEW,1,,,,,seo_runs/chillgen.com/chillgen_20260907_01/evidence/images/B025/colorful-handprints-kids-classroom-rug-51f01db413-51f01db413__img_04.jpg,alt_current_empty_in_public_json; media_export_url_unknown_without_shopify_export
B025-250,chillgen.com,colorful-handprints-kids-classroom-rug-51f01db413-51f01db413,15913302950257,80878189019505,GALLERY_PUBLIC_CDN,5,,https://cdn.shopify.com/s/files/1/1023/0068/0561/files/b482b835ce2867ee030f23b67a05084346354fb07f71148b656844cbe56cf5e7.jpg?v=1784369057,UNKNOWN_WITHOUT_SHOPIFY_EXPORT,PUBLIC_JSON_MATCHED_TO_HANDLE,,VIEWED_CONTACT_SHEET_AND_LOCAL_FILE,2026-09-07T03:40:19+07:00,microfiber cushion closeup for reading rug,,microfiber cushion closeup for reading rug,SET,NEEDS_REVIEW,1,,,,,seo_runs/chillgen.com/chillgen_20260907_01/evidence/images/B025/colorful-handprints-kids-classroom-rug-51f01db413-51f01db413__img_05.jpg,alt_current_empty_in_public_json; media_export_url_unknown_without_shopify_export
B025-250,chillgen.com,colorful-handprints-kids-classroom-rug-51f01db413-51f01db413,15913302950257,80878189052273,GALLERY_PUBLIC_CDN,6,,https://cdn.shopify.com/s/files/1/1023/0068/0561/files/eff31be1c25a84455420b232720151a1841f01400e5a52c2da1198aa2900ad8f.jpg?v=1784369060,UNKNOWN_WITHOUT_SHOPIFY_EXPORT,PUBLIC_JSON_MATCHED_TO_HANDLE,,VIEWED_CONTACT_SHEET_AND_LOCAL_FILE,2026-09-07T03:40:19+07:00,children gathered on Reading Everywhere rug,,children gathered on Reading Everywhere rug,SET,NEEDS_REVIEW,1,,,,,seo_runs/chillgen.com/chillgen_20260907_01/evidence/images/B025/colorful-handprints-kids-classroom-rug-51f01db413-51f01db413__img_06.jpg,alt_current_empty_in_public_json; media_export_url_unknown_without_shopify_export
B025-250,chillgen.com,colorful-handprints-kids-classroom-rug-51f01db413-51f01db413,15913302950257,80878189085041,GALLERY_PUBLIC_CDN,7,,https://cdn.shopify.com/s/files/1/1023/0068/0561/files/1ea010c989140acf70175cc3ab440ee50d8b1b0056c145354813a2b76507b1cb.jpg?v=1784369062,UNKNOWN_WITHOUT_SHOPIFY_EXPORT,PUBLIC_JSON_MATCHED_TO_HANDLE,,VIEWED_CONTACT_SHEET_AND_LOCAL_FILE,2026-09-07T03:40:19+07:00,reading rug in playroom,,reading rug in playroom,SET,NEEDS_REVIEW,1,,,,,seo_runs/chillgen.com/chillgen_20260907_01/evidence/images/B025/colorful-handprints-kids-classroom-rug-51f01db413-51f01db413__img_07.jpg,alt_current_empty_in_public_json; media_export_url_unknown_without_shopify_export
B025-250,chillgen.com,colorful-handprints-kids-classroom-rug-51f01db413-51f01db413,15913302950257,80878189117809,GALLERY_PUBLIC_CDN,8,,https://cdn.shopify.com/s/files/1/1023/0068/0561/files/47a050217e5c089cd7a566846a7a80e1c08a4448277f0045175b312ede255e8a.jpg?v=1784369065,UNKNOWN_WITHOUT_SHOPIFY_EXPORT,PUBLIC_JSON_MATCHED_TO_HANDLE,,VIEWED_CONTACT_SHEET_AND_LOCAL_FILE,2026-09-07T03:40:19+07:00,anti-slip backing detail for reading rug,,anti-slip backing detail for reading rug,SET,NEEDS_REVIEW,1,,,,,seo_runs/chillgen.com/chillgen_20260907_01/evidence/images/B025/colorful-handprints-kids-classroom-rug-51f01db413-51f01db413__img_08.jpg,alt_current_empty_in_public_json; media_export_url_unknown_without_shopify_export
B025-250,chillgen.com,colorful-handprints-kids-classroom-rug-51f01db413-51f01db413,15913302950257,80878585512305,GALLERY_PUBLIC_CDN,9,,https://cdn.shopify.com/s/files/1/1023/0068/0561/files/d92c0eeb086f8f8176b598a6944b520cd14ef698d120d7d71cb877bc3455f0f0_8984ffb8-b605-4bcd-b4e3-f7d1d3e34741.jpg?v=1784369068,UNKNOWN_WITHOUT_SHOPIFY_EXPORT,PUBLIC_JSON_MATCHED_TO_HANDLE,,VIEWED_CONTACT_SHEET_AND_LOCAL_FILE,2026-09-07T03:40:19+07:00,Reading Everywhere rug room view,,Reading Everywhere rug room view,SET,NEEDS_REVIEW,1,,,,,seo_runs/chillgen.com/chillgen_20260907_01/evidence/images/B025/colorful-handprints-kids-classroom-rug-51f01db413-51f01db413__img_09.jpg,alt_current_empty_in_public_json; media_export_url_unknown_without_shopify_export
B025-250,chillgen.com,colorful-handprints-kids-classroom-rug-51f01db413-51f01db413,15913302950257,80878585545073,GALLERY_PUBLIC_CDN,10,,https://cdn.shopify.com/s/files/1/1023/0068/0561/files/489b3065a93172663d15f7162a90081ccb3cfe02e6f8c299d37959ca67c42c5d_f84dcd70-e84a-4f1c-ace3-2b4a2952de19.jpg?v=1784369071,UNKNOWN_WITHOUT_SHOPIFY_EXPORT,PUBLIC_JSON_MATCHED_TO_HANDLE,,VIEWED_CONTACT_SHEET_AND_LOCAL_FILE,2026-09-07T03:40:19+07:00,open book classroom rug overhead,,open book classroom rug overhead,SET,NEEDS_REVIEW,1,,,,,seo_runs/chillgen.com/chillgen_20260907_01/evidence/images/B025/colorful-handprints-kids-classroom-rug-51f01db413-51f01db413__img_10.jpg,alt_current_empty_in_public_json; media_export_url_unknown_without_shopify_export
B025-250,chillgen.com,colorful-handprints-kids-classroom-rug-51f01db413-51f01db413,15913302950257,80878585577841,GALLERY_PUBLIC_CDN,11,,https://cdn.shopify.com/s/files/1/1023/0068/0561/files/b81d69041dbf68bd0e6c1b11d6c204ad5f46035cb97a6f34f6e65cdfa8ab8797_608f5d28-ed0e-480c-a409-a849c7907203.jpg?v=1784369074,UNKNOWN_WITHOUT_SHOPIFY_EXPORT,PUBLIC_JSON_MATCHED_TO_HANDLE,,VIEWED_CONTACT_SHEET_AND_LOCAL_FILE,2026-09-07T03:40:19+07:00,reading everywhere rug classroom mockup,,reading everywhere rug classroom mockup,SET,NEEDS_REVIEW,1,,,,,seo_runs/chillgen.com/chillgen_20260907_01/evidence/images/B025/colorful-handprints-kids-classroom-rug-51f01db413-51f01db413__img_11.jpg,alt_current_empty_in_public_json; media_export_url_unknown_without_shopify_export
B025-250,chillgen.com,colorful-handprints-kids-classroom-rug-51f01db413-51f01db413,15913302950257,80878585610609,GALLERY_PUBLIC_CDN,12,,https://cdn.shopify.com/s/files/1/1023/0068/0561/files/5a94081d6773494902ff1ad6067eefa800b2c71752acfd37c423514d7de70ae3_812737a4-b8c7-411e-b469-58c2c2fc7b2a.jpg?v=1784369077,UNKNOWN_WITHOUT_SHOPIFY_EXPORT,PUBLIC_JSON_MATCHED_TO_HANDLE,,VIEWED_CONTACT_SHEET_AND_LOCAL_FILE,2026-09-07T03:40:19+07:00,reading rug learning pattern detail,,reading rug learning pattern detail,SET,NEEDS_REVIEW,1,,,,,seo_runs/chillgen.com/chillgen_20260907_01/evidence/images/B025/colorful-handprints-kids-classroom-rug-51f01db413-51f01db413__img_12.jpg,alt_current_empty_in_public_json; media_export_url_unknown_without_shopify_export
B025-250,chillgen.com,colorful-handprints-kids-classroom-rug-51f01db413-51f01db413,15913302950257,80878585643377,GALLERY_PUBLIC_CDN,13,,https://cdn.shopify.com/s/files/1/1023/0068/0561/files/b482b835ce2867ee030f23b67a05084346354fb07f71148b656844cbe56cf5e7_654c6b4b-17c7-43e3-b844-ae2fa778ef97.jpg?v=1784369080,UNKNOWN_WITHOUT_SHOPIFY_EXPORT,PUBLIC_JSON_MATCHED_TO_HANDLE,,VIEWED_CONTACT_SHEET_AND_LOCAL_FILE,2026-09-07T03:40:19+07:00,soft surface closeup for butterfly rug,,soft surface closeup for butterfly rug,SET,NEEDS_REVIEW,1,,,,,seo_runs/chillgen.com/chillgen_20260907_01/evidence/images/B025/colorful-handprints-kids-classroom-rug-51f01db413-51f01db413__img_13.jpg,alt_current_empty_in_public_json; media_export_url_unknown_without_shopify_export
B025-250,chillgen.com,colorful-handprints-kids-classroom-rug-51f01db413-51f01db413,15913302950257,80878585676145,GALLERY_PUBLIC_CDN,14,,https://cdn.shopify.com/s/files/1/1023/0068/0561/files/eff31be1c25a84455420b232720151a1841f01400e5a52c2da1198aa2900ad8f_e7d3576f-2543-4243-80e1-30c2fc19f549.jpg?v=1784369083,UNKNOWN_WITHOUT_SHOPIFY_EXPORT,PUBLIC_JSON_MATCHED_TO_HANDLE,,VIEWED_CONTACT_SHEET_AND_LOCAL_FILE,2026-09-07T03:40:19+07:00,teacher reading with children on rug,,teacher reading with children on rug,SET,NEEDS_REVIEW,1,,,,,seo_runs/chillgen.com/chillgen_20260907_01/evidence/images/B025/colorful-handprints-kids-classroom-rug-51f01db413-51f01db413__img_14.jpg,alt_current_empty_in_public_json; media_export_url_unknown_without_shopify_export
B025-250,chillgen.com,colorful-handprints-kids-classroom-rug-51f01db413-51f01db413,15913302950257,80878585708913,GALLERY_PUBLIC_CDN,15,,https://cdn.shopify.com/s/files/1/1023/0068/0561/files/1ea010c989140acf70175cc3ab440ee50d8b1b0056c145354813a2b76507b1cb_29f93db7-0e1b-49b7-83f6-8213fa3b8804.jpg?v=1784369085,UNKNOWN_WITHOUT_SHOPIFY_EXPORT,PUBLIC_JSON_MATCHED_TO_HANDLE,,VIEWED_CONTACT_SHEET_AND_LOCAL_FILE,2026-09-07T03:40:19+07:00,Reading Everywhere rug playroom scene,,Reading Everywhere rug playroom scene,SET,NEEDS_REVIEW,1,,,,,seo_runs/chillgen.com/chillgen_20260907_01/evidence/images/B025/colorful-handprints-kids-classroom-rug-51f01db413-51f01db413__img_15.jpg,alt_current_empty_in_public_json; media_export_url_unknown_without_shopify_export
B025-250,chillgen.com,colorful-handprints-kids-classroom-rug-51f01db413-51f01db413,15913302950257,80878585741681,GALLERY_PUBLIC_CDN,16,,https://cdn.shopify.com/s/files/1/1023/0068/0561/files/47a050217e5c089cd7a566846a7a80e1c08a4448277f0045175b312ede255e8a_b39c27c1-8f90-44ea-8fe1-9ea5033e8679.jpg?v=1784369088,UNKNOWN_WITHOUT_SHOPIFY_EXPORT,PUBLIC_JSON_MATCHED_TO_HANDLE,,VIEWED_CONTACT_SHEET_AND_LOCAL_FILE,2026-09-07T03:40:19+07:00,backing panel for classroom reading rug,,backing panel for classroom reading rug,SET,NEEDS_REVIEW,1,,,,,seo_runs/chillgen.com/chillgen_20260907_01/evidence/images/B025/colorful-handprints-kids-classroom-rug-51f01db413-51f01db413__img_16.jpg,alt_current_empty_in_public_json; media_export_url_unknown_without_shopify_export
