schema_version,prompt_version,run_id,shop_domain,product_key,Handle,product_id,product_gid,url,canonical_url,locale,market,public_status,access_status,discovery_status,product_type,title_discovery,collections,season_priority,inventory_order,source_refs,discovered_at,last_checked_at,issues,assigned_batch,batch_status,research_status,review_status
1.0,2.4,chillgen_20260907_01,chillgen.com,custom-dog-photo-rug-personalized-pet-portrait-area-mat-n-design-03,custom-dog-photo-rug-personalized-pet-portrait-area-mat-n-design-03,15976670527857,gid://shopify/Product/15976670527857,https://chillgen.com/products/custom-dog-photo-rug-personalized-pet-portrait-area-mat-n-design-03,https://chillgen.com/products/custom-dog-photo-rug-personalized-pet-portrait-area-mat-n-design-03,en-US,US,PUBLIC_AVAILABLE,ACCESSIBLE_PUBLIC_JSON,DISCOVERED_PUBLIC_PRODUCTS_JSON,Rug,"Custom Dog Photo Rug, Personalized Pet Portrait Area Mat N - Design 03",UNKNOWN,HALLOWEEN,1,products_json_page_1; https://chillgen.com/products.json?limit=250&page=1,2026-09-07T00:00:00+07:00,2026-09-07T00:00:00+07:00,admin_only_fields_unknown_without_shopify_csv,B001,COMPLETED,DRAFTED,NEEDS_REVIEW
1.0,2.4,chillgen_20260907_01,chillgen.com,custom-dog-photo-rug-personalized-pet-portrait-area-mat-n-design-02,custom-dog-photo-rug-personalized-pet-portrait-area-mat-n-design-02,15976669872497,gid://shopify/Product/15976669872497,https://chillgen.com/products/custom-dog-photo-rug-personalized-pet-portrait-area-mat-n-design-02,https://chillgen.com/products/custom-dog-photo-rug-personalized-pet-portrait-area-mat-n-design-02,en-US,US,PUBLIC_AVAILABLE,ACCESSIBLE_PUBLIC_JSON,DISCOVERED_PUBLIC_PRODUCTS_JSON,Rug,"Custom Dog Photo Rug, Personalized Pet Portrait Area Mat N - Design 02",UNKNOWN,HALLOWEEN,2,products_json_page_1; https://chillgen.com/products.json?limit=250&page=1,2026-09-07T00:00:00+07:00,2026-09-07T00:00:00+07:00,admin_only_fields_unknown_without_shopify_csv,B001,COMPLETED,DRAFTED,NEEDS_REVIEW
1.0,2.4,chillgen_20260907_01,chillgen.com,custom-dog-photo-rug-personalized-pet-portrait-area-mat-n-design-01,custom-dog-photo-rug-personalized-pet-portrait-area-mat-n-design-01,15976669544817,gid://shopify/Product/15976669544817,https://chillgen.com/products/custom-dog-photo-rug-personalized-pet-portrait-area-mat-n-design-01,https://chillgen.com/products/custom-dog-photo-rug-personalized-pet-portrait-area-mat-n-design-01,en-US,US,PUBLIC_AVAILABLE,ACCESSIBLE_PUBLIC_JSON,DISCOVERED_PUBLIC_PRODUCTS_JSON,Rug,"Custom Dog Photo Rug, Personalized Pet Portrait Area Mat N - Design 01",UNKNOWN,HALLOWEEN,3,products_json_page_1; https://chillgen.com/products.json?limit=250&page=1,2026-09-07T00:00:00+07:00,2026-09-07T00:00:00+07:00,admin_only_fields_unknown_without_shopify_csv,B001,COMPLETED,DRAFTED,NEEDS_REVIEW
1.0,2.4,chillgen_20260907_01,chillgen.com,custom-dog-photo-rug-personalized-pet-portrait-area-mat-non-slip,custom-dog-photo-rug-personalized-pet-portrait-area-mat-non-slip,15976669217137,gid://shopify/Product/15976669217137,https://chillgen.com/products/custom-dog-photo-rug-personalized-pet-portrait-area-mat-non-slip,https://chillgen.com/products/custom-dog-photo-rug-personalized-pet-portrait-area-mat-non-slip,en-US,US,PUBLIC_AVAILABLE,ACCESSIBLE_PUBLIC_JSON,DISCOVERED_PUBLIC_PRODUCTS_JSON,Rug,"Custom Dog Photo Rug, Personalized Pet Portrait Area Mat Non Slip",UNKNOWN,HALLOWEEN,4,products_json_page_1; https://chillgen.com/products.json?limit=250&page=1,2026-09-07T00:00:00+07:00,2026-09-07T00:00:00+07:00,admin_only_fields_unknown_without_shopify_csv,B001,COMPLETED,DRAFTED,NEEDS_REVIEW
1.0,2.4,chillgen_20260907_01,chillgen.com,personalized-halloween-3d-optical-illusion-shaped-rug-a0-design-102,personalized-halloween-3d-optical-illusion-shaped-rug-a0-design-102,15976662729073,gid://shopify/Product/15976662729073,https://chillgen.com/products/personalized-halloween-3d-optical-illusion-shaped-rug-a0-design-102,https://chillgen.com/products/personalized-halloween-3d-optical-illusion-shaped-rug-a0-design-102,en-US,US,PUBLIC_AVAILABLE,ACCESSIBLE_PUBLIC_JSON,DISCOVERED_PUBLIC_PRODUCTS_JSON,Rug,Personalized Halloween 3D Optical Illusion Shaped Rug (A0 - Design 102,UNKNOWN,HALLOWEEN,5,products_json_page_1; https://chillgen.com/products.json?limit=250&page=1,2026-09-07T00:00:00+07:00,2026-09-07T00:00:00+07:00,admin_only_fields_unknown_without_shopify_csv,B001,COMPLETED,DRAFTED,NEEDS_REVIEW
1.0,2.4,chillgen_20260907_01,chillgen.com,personalized-halloween-3d-optical-illusion-shaped-rug-a0-design-101,personalized-halloween-3d-optical-illusion-shaped-rug-a0-design-101,15976662139249,gid://shopify/Product/15976662139249,https://chillgen.com/products/personalized-halloween-3d-optical-illusion-shaped-rug-a0-design-101,https://chillgen.com/products/personalized-halloween-3d-optical-illusion-shaped-rug-a0-design-101,en-US,US,PUBLIC_AVAILABLE,ACCESSIBLE_PUBLIC_JSON,DISCOVERED_PUBLIC_PRODUCTS_JSON,Rug,Personalized Halloween 3D Optical Illusion Shaped Rug (A0 - Design 101,UNKNOWN,HALLOWEEN,6,products_json_page_1; https://chillgen.com/products.json?limit=250&page=1,2026-09-07T00:00:00+07:00,2026-09-07T00:00:00+07:00,admin_only_fields_unknown_without_shopify_csv,B001,COMPLETED,DRAFTED,NEEDS_REVIEW
1.0,2.4,chillgen_20260907_01,chillgen.com,personalized-halloween-3d-optical-illusion-shaped-rug-a0-design-100,personalized-halloween-3d-optical-illusion-shaped-rug-a0-design-100,15976661746033,gid://shopify/Product/15976661746033,https://chillgen.com/products/personalized-halloween-3d-optical-illusion-shaped-rug-a0-design-100,https://chillgen.com/products/personalized-halloween-3d-optical-illusion-shaped-rug-a0-design-100,en-US,US,PUBLIC_AVAILABLE,ACCESSIBLE_PUBLIC_JSON,DISCOVERED_PUBLIC_PRODUCTS_JSON,Rug,Personalized Halloween 3D Optical Illusion Shaped Rug (A0 - Design 100,UNKNOWN,HALLOWEEN,7,products_json_page_1; https://chillgen.com/products.json?limit=250&page=1,2026-09-07T00:00:00+07:00,2026-09-07T00:00:00+07:00,admin_only_fields_unknown_without_shopify_csv,B001,COMPLETED,DRAFTED,NEEDS_REVIEW
1.0,2.4,chillgen_20260907_01,chillgen.com,personalized-halloween-3d-optical-illusion-shaped-rug-a04-a04,personalized-halloween-3d-optical-illusion-shaped-rug-a04-a04,15976661287281,gid://shopify/Product/15976661287281,https://chillgen.com/products/personalized-halloween-3d-optical-illusion-shaped-rug-a04-a04,https://chillgen.com/products/personalized-halloween-3d-optical-illusion-shaped-rug-a04-a04,en-US,US,PUBLIC_AVAILABLE,ACCESSIBLE_PUBLIC_JSON,DISCOVERED_PUBLIC_PRODUCTS_JSON,Rug,Personalized Halloween 3D Optical Illusion Shaped Rug (A04) - A04,UNKNOWN,HALLOWEEN,8,products_json_page_1; https://chillgen.com/products.json?limit=250&page=1,2026-09-07T00:00:00+07:00,2026-09-07T00:00:00+07:00,admin_only_fields_unknown_without_shopify_csv,B001,COMPLETED,DRAFTED,NEEDS_REVIEW
1.0,2.4,chillgen_20260907_01,chillgen.com,custom-halloween-3d-effect-optical-illusion-spooky-round-rug-d9-d9,custom-halloween-3d-effect-optical-illusion-spooky-round-rug-d9-d9,15976618983793,gid://shopify/Product/15976618983793,https://chillgen.com/products/custom-halloween-3d-effect-optical-illusion-spooky-round-rug-d9-d9,https://chillgen.com/products/custom-halloween-3d-effect-optical-illusion-spooky-round-rug-d9-d9,en-US,US,PUBLIC_AVAILABLE,ACCESSIBLE_PUBLIC_JSON,DISCOVERED_PUBLIC_PRODUCTS_JSON,Rug,Custom Halloween 3D Effect Optical Illusion Spooky Round Rug (D9) - D9,UNKNOWN,HALLOWEEN,9,products_json_page_1; https://chillgen.com/products.json?limit=250&page=1,2026-09-07T00:00:00+07:00,2026-09-07T00:00:00+07:00,admin_only_fields_unknown_without_shopify_csv,B001,COMPLETED,DRAFTED,NEEDS_REVIEW
1.0,2.4,chillgen_20260907_01,chillgen.com,custom-halloween-3d-effect-optical-illusion-spooky-round-r-design-06,custom-halloween-3d-effect-optical-illusion-spooky-round-r-design-06,15976618393969,gid://shopify/Product/15976618393969,https://chillgen.com/products/custom-halloween-3d-effect-optical-illusion-spooky-round-r-design-06,https://chillgen.com/products/custom-halloween-3d-effect-optical-illusion-spooky-round-r-design-06,en-US,US,PUBLIC_AVAILABLE,ACCESSIBLE_PUBLIC_JSON,DISCOVERED_PUBLIC_PRODUCTS_JSON,Rug,Custom Halloween 3D Effect Optical Illusion Spooky Round R - Design 06,UNKNOWN,HALLOWEEN,10,products_json_page_1; https://chillgen.com/products.json?limit=250&page=1,2026-09-07T00:00:00+07:00,2026-09-07T00:00:00+07:00,admin_only_fields_unknown_without_shopify_csv,B001,COMPLETED,DRAFTED,NEEDS_REVIEW
1.0,2.4,chillgen_20260907_01,chillgen.com,custom-halloween-3d-effect-optical-illusion-spooky-round-r-design-04,custom-halloween-3d-effect-optical-illusion-spooky-round-r-design-04,15976616067441,gid://shopify/Product/15976616067441,https://chillgen.com/products/custom-halloween-3d-effect-optical-illusion-spooky-round-r-design-04,https://chillgen.com/products/custom-halloween-3d-effect-optical-illusion-spooky-round-r-design-04,en-US,US,PUBLIC_AVAILABLE,ACCESSIBLE_PUBLIC_JSON,DISCOVERED_PUBLIC_PRODUCTS_JSON,Rug,Custom Halloween 3D Effect Optical Illusion Spooky Round R - Design 04,UNKNOWN,HALLOWEEN,11,products_json_page_1; https://chillgen.com/products.json?limit=250&page=1,2026-09-07T00:00:00+07:00,2026-09-07T00:00:00+07:00,admin_only_fields_unknown_without_shopify_csv,B002,COMPLETED,DRAFTED,NEEDS_REVIEW
1.0,2.4,chillgen_20260907_01,chillgen.com,custom-halloween-3d-effect-optical-illusion-spooky-round-r-design-14,custom-halloween-3d-effect-optical-illusion-spooky-round-r-design-14,15976615412081,gid://shopify/Product/15976615412081,https://chillgen.com/products/custom-halloween-3d-effect-optical-illusion-spooky-round-r-design-14,https://chillgen.com/products/custom-halloween-3d-effect-optical-illusion-spooky-round-r-design-14,en-US,US,PUBLIC_AVAILABLE,ACCESSIBLE_PUBLIC_JSON,DISCOVERED_PUBLIC_PRODUCTS_JSON,Rug,Custom Halloween 3D Effect Optical Illusion Spooky Round R - Design 14,UNKNOWN,HALLOWEEN,12,products_json_page_1; https://chillgen.com/products.json?limit=250&page=1,2026-09-07T00:00:00+07:00,2026-09-07T00:00:00+07:00,admin_only_fields_unknown_without_shopify_csv,B002,COMPLETED,DRAFTED,NEEDS_REVIEW
1.0,2.4,chillgen_20260907_01,chillgen.com,custom-halloween-3d-effect-optical-illusion-spooky-round-r-design-05,custom-halloween-3d-effect-optical-illusion-spooky-round-r-design-05,15976615149937,gid://shopify/Product/15976615149937,https://chillgen.com/products/custom-halloween-3d-effect-optical-illusion-spooky-round-r-design-05,https://chillgen.com/products/custom-halloween-3d-effect-optical-illusion-spooky-round-r-design-05,en-US,US,PUBLIC_AVAILABLE,ACCESSIBLE_PUBLIC_JSON,DISCOVERED_PUBLIC_PRODUCTS_JSON,Rug,Custom Halloween 3D Effect Optical Illusion Spooky Round R - Design 05,UNKNOWN,HALLOWEEN,13,products_json_page_1; https://chillgen.com/products.json?limit=250&page=1,2026-09-07T00:00:00+07:00,2026-09-07T00:00:00+07:00,admin_only_fields_unknown_without_shopify_csv,B002,COMPLETED,DRAFTED,NEEDS_REVIEW
1.0,2.4,chillgen_20260907_01,chillgen.com,custom-halloween-3d-effect-optical-illusion-spooky-round-r-design-01,custom-halloween-3d-effect-optical-illusion-spooky-round-r-design-01,15976614691185,gid://shopify/Product/15976614691185,https://chillgen.com/products/custom-halloween-3d-effect-optical-illusion-spooky-round-r-design-01,https://chillgen.com/products/custom-halloween-3d-effect-optical-illusion-spooky-round-r-design-01,en-US,US,PUBLIC_AVAILABLE,ACCESSIBLE_PUBLIC_JSON,DISCOVERED_PUBLIC_PRODUCTS_JSON,Rug,Custom Halloween 3D Effect Optical Illusion Spooky Round R - Design 01,UNKNOWN,HALLOWEEN,14,products_json_page_1; https://chillgen.com/products.json?limit=250&page=1,2026-09-07T00:00:00+07:00,2026-09-07T00:00:00+07:00,admin_only_fields_unknown_without_shopify_csv,B002,COMPLETED,DRAFTED,NEEDS_REVIEW
1.0,2.4,chillgen_20260907_01,chillgen.com,custom-halloween-3d-effect-optical-illusion-spooky-round-r-design-08,custom-halloween-3d-effect-optical-illusion-spooky-round-r-design-08,15976613347697,gid://shopify/Product/15976613347697,https://chillgen.com/products/custom-halloween-3d-effect-optical-illusion-spooky-round-r-design-08,https://chillgen.com/products/custom-halloween-3d-effect-optical-illusion-spooky-round-r-design-08,en-US,US,PUBLIC_AVAILABLE,ACCESSIBLE_PUBLIC_JSON,DISCOVERED_PUBLIC_PRODUCTS_JSON,Rug,Custom Halloween 3D Effect Optical Illusion Spooky Round R - Design 08,UNKNOWN,HALLOWEEN,15,products_json_page_1; https://chillgen.com/products.json?limit=250&page=1,2026-09-07T00:00:00+07:00,2026-09-07T00:00:00+07:00,admin_only_fields_unknown_without_shopify_csv,B002,COMPLETED,DRAFTED,NEEDS_REVIEW
1.0,2.4,chillgen_20260907_01,chillgen.com,custom-halloween-3d-effect-optical-illusion-spooky-round-r-design-03,custom-halloween-3d-effect-optical-illusion-spooky-round-r-design-03,15976612823409,gid://shopify/Product/15976612823409,https://chillgen.com/products/custom-halloween-3d-effect-optical-illusion-spooky-round-r-design-03,https://chillgen.com/products/custom-halloween-3d-effect-optical-illusion-spooky-round-r-design-03,en-US,US,PUBLIC_AVAILABLE,ACCESSIBLE_PUBLIC_JSON,DISCOVERED_PUBLIC_PRODUCTS_JSON,Rug,Custom Halloween 3D Effect Optical Illusion Spooky Round R - Design 03,UNKNOWN,HALLOWEEN,16,products_json_page_1; https://chillgen.com/products.json?limit=250&page=1,2026-09-07T00:00:00+07:00,2026-09-07T00:00:00+07:00,admin_only_fields_unknown_without_shopify_csv,B002,COMPLETED,DRAFTED,NEEDS_REVIEW
1.0,2.4,chillgen_20260907_01,chillgen.com,custom-halloween-3d-effect-optical-illusion-spooky-round-r-design-10,custom-halloween-3d-effect-optical-illusion-spooky-round-r-design-10,15976612331889,gid://shopify/Product/15976612331889,https://chillgen.com/products/custom-halloween-3d-effect-optical-illusion-spooky-round-r-design-10,https://chillgen.com/products/custom-halloween-3d-effect-optical-illusion-spooky-round-r-design-10,en-US,US,PUBLIC_AVAILABLE,ACCESSIBLE_PUBLIC_JSON,DISCOVERED_PUBLIC_PRODUCTS_JSON,Rug,Custom Halloween 3D Effect Optical Illusion Spooky Round R - Design 10,UNKNOWN,HALLOWEEN,17,products_json_page_1; https://chillgen.com/products.json?limit=250&page=1,2026-09-07T00:00:00+07:00,2026-09-07T00:00:00+07:00,admin_only_fields_unknown_without_shopify_csv,B002,COMPLETED,DRAFTED,NEEDS_REVIEW
1.0,2.4,chillgen_20260907_01,chillgen.com,custom-halloween-3d-effect-optical-illusion-spooky-round-r-design-07,custom-halloween-3d-effect-optical-illusion-spooky-round-r-design-07,15976611873137,gid://shopify/Product/15976611873137,https://chillgen.com/products/custom-halloween-3d-effect-optical-illusion-spooky-round-r-design-07,https://chillgen.com/products/custom-halloween-3d-effect-optical-illusion-spooky-round-r-design-07,en-US,US,PUBLIC_AVAILABLE,ACCESSIBLE_PUBLIC_JSON,DISCOVERED_PUBLIC_PRODUCTS_JSON,Rug,Custom Halloween 3D Effect Optical Illusion Spooky Round R - Design 07,UNKNOWN,HALLOWEEN,18,products_json_page_1; https://chillgen.com/products.json?limit=250&page=1,2026-09-07T00:00:00+07:00,2026-09-07T00:00:00+07:00,admin_only_fields_unknown_without_shopify_csv,B002,COMPLETED,DRAFTED,NEEDS_REVIEW
1.0,2.4,chillgen_20260907_01,chillgen.com,personalized-halloween-3d-optical-illusion-ghost-round-rug-a07,personalized-halloween-3d-optical-illusion-ghost-round-rug-a07,15976580350321,gid://shopify/Product/15976580350321,https://chillgen.com/products/personalized-halloween-3d-optical-illusion-ghost-round-rug-a07,https://chillgen.com/products/personalized-halloween-3d-optical-illusion-ghost-round-rug-a07,en-US,US,PUBLIC_AVAILABLE,ACCESSIBLE_PUBLIC_JSON,DISCOVERED_PUBLIC_PRODUCTS_JSON,Rug,Personalized Halloween 3D Optical Illusion Ghost Round Rug - A07,UNKNOWN,HALLOWEEN,19,products_json_page_1; https://chillgen.com/products.json?limit=250&page=1,2026-09-07T00:00:00+07:00,2026-09-07T00:00:00+07:00,admin_only_fields_unknown_without_shopify_csv,B002,COMPLETED,DRAFTED,NEEDS_REVIEW
1.0,2.4,chillgen_20260907_01,chillgen.com,personalized-halloween-3d-optical-illusion-ghost-round-rug-design-12,personalized-halloween-3d-optical-illusion-ghost-round-rug-design-12,15976579760497,gid://shopify/Product/15976579760497,https://chillgen.com/products/personalized-halloween-3d-optical-illusion-ghost-round-rug-design-12,https://chillgen.com/products/personalized-halloween-3d-optical-illusion-ghost-round-rug-design-12,en-US,US,PUBLIC_AVAILABLE,ACCESSIBLE_PUBLIC_JSON,DISCOVERED_PUBLIC_PRODUCTS_JSON,Rug,Personalized Halloween 3D Optical Illusion Ghost Round Rug - Design 12,UNKNOWN,HALLOWEEN,20,products_json_page_1; https://chillgen.com/products.json?limit=250&page=1,2026-09-07T00:00:00+07:00,2026-09-07T00:00:00+07:00,admin_only_fields_unknown_without_shopify_csv,B002,COMPLETED,DRAFTED,NEEDS_REVIEW
1.0,2.4,chillgen_20260907_01,chillgen.com,personalized-halloween-3d-optical-illusion-ghost-round-rug-design-05,personalized-halloween-3d-optical-illusion-ghost-round-rug-design-05,15976579236209,gid://shopify/Product/15976579236209,https://chillgen.com/products/personalized-halloween-3d-optical-illusion-ghost-round-rug-design-05,https://chillgen.com/products/personalized-halloween-3d-optical-illusion-ghost-round-rug-design-05,en-US,US,PUBLIC_AVAILABLE,ACCESSIBLE_PUBLIC_JSON,DISCOVERED_PUBLIC_PRODUCTS_JSON,Rug,Personalized Halloween 3D Optical Illusion Ghost Round Rug - Design 05,UNKNOWN,HALLOWEEN,21,products_json_page_1; https://chillgen.com/products.json?limit=250&page=1,2026-09-07T00:00:00+07:00,2026-09-07T00:00:00+07:00,admin_only_fields_unknown_without_shopify_csv,B003,COMPLETED,DRAFTED,NEEDS_REVIEW
1.0,2.4,chillgen_20260907_01,chillgen.com,personalized-halloween-3d-optical-illusion-ghost-round-rug-design-04,personalized-halloween-3d-optical-illusion-ghost-round-rug-design-04,15976578449777,gid://shopify/Product/15976578449777,https://chillgen.com/products/personalized-halloween-3d-optical-illusion-ghost-round-rug-design-04,https://chillgen.com/products/personalized-halloween-3d-optical-illusion-ghost-round-rug-design-04,en-US,US,PUBLIC_AVAILABLE,ACCESSIBLE_PUBLIC_JSON,DISCOVERED_PUBLIC_PRODUCTS_JSON,Rug,Personalized Halloween 3D Optical Illusion Ghost Round Rug - Design 04,UNKNOWN,HALLOWEEN,22,products_json_page_1; https://chillgen.com/products.json?limit=250&page=1,2026-09-07T00:00:00+07:00,2026-09-07T00:00:00+07:00,admin_only_fields_unknown_without_shopify_csv,B003,COMPLETED,DRAFTED,NEEDS_REVIEW
1.0,2.4,chillgen_20260907_01,chillgen.com,personalized-halloween-3d-optical-illusion-ghost-round-rug-design-03,personalized-halloween-3d-optical-illusion-ghost-round-rug-design-03,15976574910833,gid://shopify/Product/15976574910833,https://chillgen.com/products/personalized-halloween-3d-optical-illusion-ghost-round-rug-design-03,https://chillgen.com/products/personalized-halloween-3d-optical-illusion-ghost-round-rug-design-03,en-US,US,PUBLIC_AVAILABLE,ACCESSIBLE_PUBLIC_JSON,DISCOVERED_PUBLIC_PRODUCTS_JSON,Rug,Personalized Halloween 3D Optical Illusion Ghost Round Rug - Design 03,UNKNOWN,HALLOWEEN,23,products_json_page_1; https://chillgen.com/products.json?limit=250&page=1,2026-09-07T00:00:00+07:00,2026-09-07T00:00:00+07:00,admin_only_fields_unknown_without_shopify_csv,B003,COMPLETED,DRAFTED,NEEDS_REVIEW
1.0,2.4,chillgen_20260907_01,chillgen.com,personalized-halloween-3d-optical-illusion-ghost-round-rug-design-11,personalized-halloween-3d-optical-illusion-ghost-round-rug-design-11,15976574124401,gid://shopify/Product/15976574124401,https://chillgen.com/products/personalized-halloween-3d-optical-illusion-ghost-round-rug-design-11,https://chillgen.com/products/personalized-halloween-3d-optical-illusion-ghost-round-rug-design-11,en-US,US,PUBLIC_AVAILABLE,ACCESSIBLE_PUBLIC_JSON,DISCOVERED_PUBLIC_PRODUCTS_JSON,Rug,Personalized Halloween 3D Optical Illusion Ghost Round Rug - Design 11,UNKNOWN,HALLOWEEN,24,products_json_page_1; https://chillgen.com/products.json?limit=250&page=1,2026-09-07T00:00:00+07:00,2026-09-07T00:00:00+07:00,admin_only_fields_unknown_without_shopify_csv,B003,COMPLETED,DRAFTED,NEEDS_REVIEW
1.0,2.4,chillgen_20260907_01,chillgen.com,personalized-halloween-3d-optical-illusion-ghost-round-rug-design-01,personalized-halloween-3d-optical-illusion-ghost-round-rug-design-01,15976572944753,gid://shopify/Product/15976572944753,https://chillgen.com/products/personalized-halloween-3d-optical-illusion-ghost-round-rug-design-01,https://chillgen.com/products/personalized-halloween-3d-optical-illusion-ghost-round-rug-design-01,en-US,US,PUBLIC_AVAILABLE,ACCESSIBLE_PUBLIC_JSON,DISCOVERED_PUBLIC_PRODUCTS_JSON,Rug,Personalized Halloween 3D Optical Illusion Ghost Round Rug - Design 01,UNKNOWN,HALLOWEEN,25,products_json_page_1; https://chillgen.com/products.json?limit=250&page=1,2026-09-07T00:00:00+07:00,2026-09-07T00:00:00+07:00,admin_only_fields_unknown_without_shopify_csv,B003,COMPLETED,DRAFTED,NEEDS_REVIEW
1.0,2.4,chillgen_20260907_01,chillgen.com,personalized-halloween-3d-optical-illusion-ghost-round-rug-design-08,personalized-halloween-3d-optical-illusion-ghost-round-rug-design-08,15976571896177,gid://shopify/Product/15976571896177,https://chillgen.com/products/personalized-halloween-3d-optical-illusion-ghost-round-rug-design-08,https://chillgen.com/products/personalized-halloween-3d-optical-illusion-ghost-round-rug-design-08,en-US,US,PUBLIC_AVAILABLE,ACCESSIBLE_PUBLIC_JSON,DISCOVERED_PUBLIC_PRODUCTS_JSON,Rug,Personalized Halloween 3D Optical Illusion Ghost Round Rug - Design 08,UNKNOWN,HALLOWEEN,26,products_json_page_1; https://chillgen.com/products.json?limit=250&page=1,2026-09-07T00:00:00+07:00,2026-09-07T00:00:00+07:00,admin_only_fields_unknown_without_shopify_csv,B003,COMPLETED,DRAFTED,NEEDS_REVIEW
1.0,2.4,chillgen_20260907_01,chillgen.com,personalized-halloween-3d-optical-illusion-ghost-round-rug-design-09,personalized-halloween-3d-optical-illusion-ghost-round-rug-design-09,15976571634033,gid://shopify/Product/15976571634033,https://chillgen.com/products/personalized-halloween-3d-optical-illusion-ghost-round-rug-design-09,https://chillgen.com/products/personalized-halloween-3d-optical-illusion-ghost-round-rug-design-09,en-US,US,PUBLIC_AVAILABLE,ACCESSIBLE_PUBLIC_JSON,DISCOVERED_PUBLIC_PRODUCTS_JSON,Rug,Personalized Halloween 3D Optical Illusion Ghost Round Rug - Design 09,UNKNOWN,HALLOWEEN,27,products_json_page_1; https://chillgen.com/products.json?limit=250&page=1,2026-09-07T00:00:00+07:00,2026-09-07T00:00:00+07:00,admin_only_fields_unknown_without_shopify_csv,B003,COMPLETED,DRAFTED,NEEDS_REVIEW
1.0,2.4,chillgen_20260907_01,chillgen.com,personalized-halloween-3d-optical-illusion-ghost-round-rug-design-06,personalized-halloween-3d-optical-illusion-ghost-round-rug-design-06,15976571404657,gid://shopify/Product/15976571404657,https://chillgen.com/products/personalized-halloween-3d-optical-illusion-ghost-round-rug-design-06,https://chillgen.com/products/personalized-halloween-3d-optical-illusion-ghost-round-rug-design-06,en-US,US,PUBLIC_AVAILABLE,ACCESSIBLE_PUBLIC_JSON,DISCOVERED_PUBLIC_PRODUCTS_JSON,Rug,Personalized Halloween 3D Optical Illusion Ghost Round Rug - Design 06,UNKNOWN,HALLOWEEN,28,products_json_page_1; https://chillgen.com/products.json?limit=250&page=1,2026-09-07T00:00:00+07:00,2026-09-07T00:00:00+07:00,admin_only_fields_unknown_without_shopify_csv,B003,COMPLETED,DRAFTED,NEEDS_REVIEW
1.0,2.4,chillgen_20260907_01,chillgen.com,personalized-halloween-3d-optical-illusion-ghost-round-rug-design-02,personalized-halloween-3d-optical-illusion-ghost-round-rug-design-02,15976571208049,gid://shopify/Product/15976571208049,https://chillgen.com/products/personalized-halloween-3d-optical-illusion-ghost-round-rug-design-02,https://chillgen.com/products/personalized-halloween-3d-optical-illusion-ghost-round-rug-design-02,en-US,US,PUBLIC_AVAILABLE,ACCESSIBLE_PUBLIC_JSON,DISCOVERED_PUBLIC_PRODUCTS_JSON,Rug,Personalized Halloween 3D Optical Illusion Ghost Round Rug - Design 02,UNKNOWN,HALLOWEEN,29,products_json_page_1; https://chillgen.com/products.json?limit=250&page=1,2026-09-07T00:00:00+07:00,2026-09-07T00:00:00+07:00,admin_only_fields_unknown_without_shopify_csv,B003,COMPLETED,DRAFTED,NEEDS_REVIEW
1.0,2.4,chillgen_20260907_01,chillgen.com,personalized-witch-area-rug-with-name-custom-halloween-rug-black,personalized-witch-area-rug-with-name-custom-halloween-rug-black,15976543355249,gid://shopify/Product/15976543355249,https://chillgen.com/products/personalized-witch-area-rug-with-name-custom-halloween-rug-black,https://chillgen.com/products/personalized-witch-area-rug-with-name-custom-halloween-rug-black,en-US,US,PUBLIC_AVAILABLE,ACCESSIBLE_PUBLIC_JSON,DISCOVERED_PUBLIC_PRODUCTS_JSON,Rug,"Personalized Witch Area Rug with Name - Custom Halloween Rug, Black",UNKNOWN,HALLOWEEN,30,products_json_page_1; https://chillgen.com/products.json?limit=250&page=1,2026-09-07T00:00:00+07:00,2026-09-07T00:00:00+07:00,admin_only_fields_unknown_without_shopify_csv,B003,COMPLETED,DRAFTED,NEEDS_REVIEW
1.0,2.4,chillgen_20260907_01,chillgen.com,personalized-witch-area-rug-with-name-custom-halloween-r-design-05,personalized-witch-area-rug-with-name-custom-halloween-r-design-05,15976543125873,gid://shopify/Product/15976543125873,https://chillgen.com/products/personalized-witch-area-rug-with-name-custom-halloween-r-design-05,https://chillgen.com/products/personalized-witch-area-rug-with-name-custom-halloween-r-design-05,en-US,US,PUBLIC_AVAILABLE,ACCESSIBLE_PUBLIC_JSON,DISCOVERED_PUBLIC_PRODUCTS_JSON,Rug,Personalized Witch Area Rug with Name - Custom Halloween R - Design 05,UNKNOWN,HALLOWEEN,31,products_json_page_1; https://chillgen.com/products.json?limit=250&page=1,2026-09-07T00:00:00+07:00,2026-09-07T00:00:00+07:00,admin_only_fields_unknown_without_shopify_csv,B004,COMPLETED,DRAFTED,NEEDS_REVIEW
1.0,2.4,chillgen_20260907_01,chillgen.com,personalized-witch-area-rug-with-name-custom-halloween-r-design-09,personalized-witch-area-rug-with-name-custom-halloween-r-design-09,15976542732657,gid://shopify/Product/15976542732657,https://chillgen.com/products/personalized-witch-area-rug-with-name-custom-halloween-r-design-09,https://chillgen.com/products/personalized-witch-area-rug-with-name-custom-halloween-r-design-09,en-US,US,PUBLIC_AVAILABLE,ACCESSIBLE_PUBLIC_JSON,DISCOVERED_PUBLIC_PRODUCTS_JSON,Rug,Personalized Witch Area Rug with Name - Custom Halloween R - Design 09,UNKNOWN,HALLOWEEN,32,products_json_page_1; https://chillgen.com/products.json?limit=250&page=1,2026-09-07T00:00:00+07:00,2026-09-07T00:00:00+07:00,admin_only_fields_unknown_without_shopify_csv,B004,COMPLETED,DRAFTED,NEEDS_REVIEW
1.0,2.4,chillgen_20260907_01,chillgen.com,personalized-witch-area-rug-with-name-custom-halloween-r-design-04,personalized-witch-area-rug-with-name-custom-halloween-r-design-04,15976542241137,gid://shopify/Product/15976542241137,https://chillgen.com/products/personalized-witch-area-rug-with-name-custom-halloween-r-design-04,https://chillgen.com/products/personalized-witch-area-rug-with-name-custom-halloween-r-design-04,en-US,US,PUBLIC_AVAILABLE,ACCESSIBLE_PUBLIC_JSON,DISCOVERED_PUBLIC_PRODUCTS_JSON,Rug,Personalized Witch Area Rug with Name - Custom Halloween R - Design 04,UNKNOWN,HALLOWEEN,33,products_json_page_1; https://chillgen.com/products.json?limit=250&page=1,2026-09-07T00:00:00+07:00,2026-09-07T00:00:00+07:00,admin_only_fields_unknown_without_shopify_csv,B004,COMPLETED,DRAFTED,NEEDS_REVIEW
1.0,2.4,chillgen_20260907_01,chillgen.com,personalized-witch-area-rug-with-name-custom-halloween-r-design-02,personalized-witch-area-rug-with-name-custom-halloween-r-design-02,15976541880689,gid://shopify/Product/15976541880689,https://chillgen.com/products/personalized-witch-area-rug-with-name-custom-halloween-r-design-02,https://chillgen.com/products/personalized-witch-area-rug-with-name-custom-halloween-r-design-02,en-US,US,PUBLIC_AVAILABLE,ACCESSIBLE_PUBLIC_JSON,DISCOVERED_PUBLIC_PRODUCTS_JSON,Rug,Personalized Witch Area Rug with Name - Custom Halloween R - Design 02,UNKNOWN,HALLOWEEN,34,products_json_page_1; https://chillgen.com/products.json?limit=250&page=1,2026-09-07T00:00:00+07:00,2026-09-07T00:00:00+07:00,admin_only_fields_unknown_without_shopify_csv,B004,COMPLETED,DRAFTED,NEEDS_REVIEW
1.0,2.4,chillgen_20260907_01,chillgen.com,personalized-witch-area-rug-with-name-custom-halloween-r-design-06,personalized-witch-area-rug-with-name-custom-halloween-r-design-06,15976541651313,gid://shopify/Product/15976541651313,https://chillgen.com/products/personalized-witch-area-rug-with-name-custom-halloween-r-design-06,https://chillgen.com/products/personalized-witch-area-rug-with-name-custom-halloween-r-design-06,en-US,US,PUBLIC_AVAILABLE,ACCESSIBLE_PUBLIC_JSON,DISCOVERED_PUBLIC_PRODUCTS_JSON,Rug,Personalized Witch Area Rug with Name - Custom Halloween R - Design 06,UNKNOWN,HALLOWEEN,35,products_json_page_1; https://chillgen.com/products.json?limit=250&page=1,2026-09-07T00:00:00+07:00,2026-09-07T00:00:00+07:00,admin_only_fields_unknown_without_shopify_csv,B004,COMPLETED,DRAFTED,NEEDS_REVIEW
1.0,2.4,chillgen_20260907_01,chillgen.com,personalized-witch-area-rug-with-name-custom-halloween-r-design-08,personalized-witch-area-rug-with-name-custom-halloween-r-design-08,15976541323633,gid://shopify/Product/15976541323633,https://chillgen.com/products/personalized-witch-area-rug-with-name-custom-halloween-r-design-08,https://chillgen.com/products/personalized-witch-area-rug-with-name-custom-halloween-r-design-08,en-US,US,PUBLIC_AVAILABLE,ACCESSIBLE_PUBLIC_JSON,DISCOVERED_PUBLIC_PRODUCTS_JSON,Rug,Personalized Witch Area Rug with Name - Custom Halloween R - Design 08,UNKNOWN,HALLOWEEN,36,products_json_page_1; https://chillgen.com/products.json?limit=250&page=1,2026-09-07T00:00:00+07:00,2026-09-07T00:00:00+07:00,admin_only_fields_unknown_without_shopify_csv,B004,COMPLETED,DRAFTED,NEEDS_REVIEW
1.0,2.4,chillgen_20260907_01,chillgen.com,personalized-witch-area-rug-with-name-custom-halloween-r-design-10,personalized-witch-area-rug-with-name-custom-halloween-r-design-10,15976540995953,gid://shopify/Product/15976540995953,https://chillgen.com/products/personalized-witch-area-rug-with-name-custom-halloween-r-design-10,https://chillgen.com/products/personalized-witch-area-rug-with-name-custom-halloween-r-design-10,en-US,US,PUBLIC_AVAILABLE,ACCESSIBLE_PUBLIC_JSON,DISCOVERED_PUBLIC_PRODUCTS_JSON,Rug,Personalized Witch Area Rug with Name - Custom Halloween R - Design 10,UNKNOWN,HALLOWEEN,37,products_json_page_1; https://chillgen.com/products.json?limit=250&page=1,2026-09-07T00:00:00+07:00,2026-09-07T00:00:00+07:00,admin_only_fields_unknown_without_shopify_csv,B004,COMPLETED,DRAFTED,NEEDS_REVIEW
1.0,2.4,chillgen_20260907_01,chillgen.com,personalized-witch-area-rug-with-name-custom-halloween-r-design-01,personalized-witch-area-rug-with-name-custom-halloween-r-design-01,15976540602737,gid://shopify/Product/15976540602737,https://chillgen.com/products/personalized-witch-area-rug-with-name-custom-halloween-r-design-01,https://chillgen.com/products/personalized-witch-area-rug-with-name-custom-halloween-r-design-01,en-US,US,PUBLIC_AVAILABLE,ACCESSIBLE_PUBLIC_JSON,DISCOVERED_PUBLIC_PRODUCTS_JSON,Rug,Personalized Witch Area Rug with Name - Custom Halloween R - Design 01,UNKNOWN,HALLOWEEN,38,products_json_page_1; https://chillgen.com/products.json?limit=250&page=1,2026-09-07T00:00:00+07:00,2026-09-07T00:00:00+07:00,admin_only_fields_unknown_without_shopify_csv,B004,COMPLETED,DRAFTED,NEEDS_REVIEW
1.0,2.4,chillgen_20260907_01,chillgen.com,personalized-witch-area-rug-with-name-custom-halloween-r-design-12,personalized-witch-area-rug-with-name-custom-halloween-r-design-12,15976540143985,gid://shopify/Product/15976540143985,https://chillgen.com/products/personalized-witch-area-rug-with-name-custom-halloween-r-design-12,https://chillgen.com/products/personalized-witch-area-rug-with-name-custom-halloween-r-design-12,en-US,US,PUBLIC_AVAILABLE,ACCESSIBLE_PUBLIC_JSON,DISCOVERED_PUBLIC_PRODUCTS_JSON,Rug,Personalized Witch Area Rug with Name - Custom Halloween R - Design 12,UNKNOWN,HALLOWEEN,39,products_json_page_1; https://chillgen.com/products.json?limit=250&page=1,2026-09-07T00:00:00+07:00,2026-09-07T00:00:00+07:00,admin_only_fields_unknown_without_shopify_csv,B004,COMPLETED,DRAFTED,NEEDS_REVIEW
1.0,2.4,chillgen_20260907_01,chillgen.com,personalized-witch-area-rug-with-name-custom-halloween-r-design-11,personalized-witch-area-rug-with-name-custom-halloween-r-design-11,15976539685233,gid://shopify/Product/15976539685233,https://chillgen.com/products/personalized-witch-area-rug-with-name-custom-halloween-r-design-11,https://chillgen.com/products/personalized-witch-area-rug-with-name-custom-halloween-r-design-11,en-US,US,PUBLIC_AVAILABLE,ACCESSIBLE_PUBLIC_JSON,DISCOVERED_PUBLIC_PRODUCTS_JSON,Rug,Personalized Witch Area Rug with Name - Custom Halloween R - Design 11,UNKNOWN,HALLOWEEN,40,products_json_page_1; https://chillgen.com/products.json?limit=250&page=1,2026-09-07T00:00:00+07:00,2026-09-07T00:00:00+07:00,admin_only_fields_unknown_without_shopify_csv,B004,COMPLETED,DRAFTED,NEEDS_REVIEW
1.0,2.4,chillgen_20260907_01,chillgen.com,personalized-football-shaped-rug-non-slip-washable-sport-design-03,personalized-football-shaped-rug-non-slip-washable-sport-design-03,15976530215281,gid://shopify/Product/15976530215281,https://chillgen.com/products/personalized-football-shaped-rug-non-slip-washable-sport-design-03,https://chillgen.com/products/personalized-football-shaped-rug-non-slip-washable-sport-design-03,en-US,US,PUBLIC_AVAILABLE,ACCESSIBLE_PUBLIC_JSON,DISCOVERED_PUBLIC_PRODUCTS_JSON,Rug,"Personalized Football Shaped Rug, Non-Slip Washable Sport - Design 03",UNKNOWN,EVERGREEN_OR_OTHER,41,products_json_page_1; https://chillgen.com/products.json?limit=250&page=1,2026-09-07T00:00:00+07:00,2026-09-07T00:00:00+07:00,admin_only_fields_unknown_without_shopify_csv,B005,COMPLETED,DRAFTED,NEEDS_REVIEW
1.0,2.4,chillgen_20260907_01,chillgen.com,personalized-football-shaped-rug-non-slip-washable-sport-design-02,personalized-football-shaped-rug-non-slip-washable-sport-design-02,15976530084209,gid://shopify/Product/15976530084209,https://chillgen.com/products/personalized-football-shaped-rug-non-slip-washable-sport-design-02,https://chillgen.com/products/personalized-football-shaped-rug-non-slip-washable-sport-design-02,en-US,US,PUBLIC_AVAILABLE,ACCESSIBLE_PUBLIC_JSON,DISCOVERED_PUBLIC_PRODUCTS_JSON,Rug,"Personalized Football Shaped Rug, Non-Slip Washable Sport - Design 02",UNKNOWN,EVERGREEN_OR_OTHER,42,products_json_page_1; https://chillgen.com/products.json?limit=250&page=1,2026-09-07T00:00:00+07:00,2026-09-07T00:00:00+07:00,admin_only_fields_unknown_without_shopify_csv,B005,COMPLETED,DRAFTED,NEEDS_REVIEW
1.0,2.4,chillgen_20260907_01,chillgen.com,personalized-football-shaped-rug-non-slip-washable-sport-design-01,personalized-football-shaped-rug-non-slip-washable-sport-design-01,15976527692145,gid://shopify/Product/15976527692145,https://chillgen.com/products/personalized-football-shaped-rug-non-slip-washable-sport-design-01,https://chillgen.com/products/personalized-football-shaped-rug-non-slip-washable-sport-design-01,en-US,US,PUBLIC_AVAILABLE,ACCESSIBLE_PUBLIC_JSON,DISCOVERED_PUBLIC_PRODUCTS_JSON,Rug,"Personalized Football Shaped Rug, Non-Slip Washable Sport - Design 01",UNKNOWN,EVERGREEN_OR_OTHER,43,products_json_page_1; https://chillgen.com/products.json?limit=250&page=1,2026-09-07T00:00:00+07:00,2026-09-07T00:00:00+07:00,admin_only_fields_unknown_without_shopify_csv,B005,COMPLETED,DRAFTED,NEEDS_REVIEW
1.0,2.4,chillgen_20260907_01,chillgen.com,personalized-football-shaped-rug-non-slip-washable-sport-design-05,personalized-football-shaped-rug-non-slip-washable-sport-design-05,15976527364465,gid://shopify/Product/15976527364465,https://chillgen.com/products/personalized-football-shaped-rug-non-slip-washable-sport-design-05,https://chillgen.com/products/personalized-football-shaped-rug-non-slip-washable-sport-design-05,en-US,US,PUBLIC_AVAILABLE,ACCESSIBLE_PUBLIC_JSON,DISCOVERED_PUBLIC_PRODUCTS_JSON,Rug,"Personalized Football Shaped Rug, Non-Slip Washable Sport - Design 05",UNKNOWN,EVERGREEN_OR_OTHER,44,products_json_page_1; https://chillgen.com/products.json?limit=250&page=1,2026-09-07T00:00:00+07:00,2026-09-07T00:00:00+07:00,admin_only_fields_unknown_without_shopify_csv,B005,COMPLETED,DRAFTED,NEEDS_REVIEW
1.0,2.4,chillgen_20260907_01,chillgen.com,personalized-football-shaped-rug-non-slip-washable-sport-carpet-a04,personalized-football-shaped-rug-non-slip-washable-sport-carpet-a04,15976527331697,gid://shopify/Product/15976527331697,https://chillgen.com/products/personalized-football-shaped-rug-non-slip-washable-sport-carpet-a04,https://chillgen.com/products/personalized-football-shaped-rug-non-slip-washable-sport-carpet-a04,en-US,US,PUBLIC_AVAILABLE,ACCESSIBLE_PUBLIC_JSON,DISCOVERED_PUBLIC_PRODUCTS_JSON,Rug,"Personalized Football Shaped Rug, Non-Slip Washable Sport Carpet (A04)",UNKNOWN,EVERGREEN_OR_OTHER,45,products_json_page_1; https://chillgen.com/products.json?limit=250&page=1,2026-09-07T00:00:00+07:00,2026-09-07T00:00:00+07:00,admin_only_fields_unknown_without_shopify_csv,B005,COMPLETED,DRAFTED,NEEDS_REVIEW
1.0,2.4,chillgen_20260907_01,chillgen.com,custom-dragon-shaped-area-rug-personalized-library-wester-design-02,custom-dragon-shaped-area-rug-personalized-library-wester-design-02,15976519238001,gid://shopify/Product/15976519238001,https://chillgen.com/products/custom-dragon-shaped-area-rug-personalized-library-wester-design-02,https://chillgen.com/products/custom-dragon-shaped-area-rug-personalized-library-wester-design-02,en-US,US,PUBLIC_AVAILABLE,ACCESSIBLE_PUBLIC_JSON,DISCOVERED_PUBLIC_PRODUCTS_JSON,Rug,"Custom Dragon Shaped Area Rug, Personalized Library Wester - Design 02",UNKNOWN,EVERGREEN_OR_OTHER,46,products_json_page_1; https://chillgen.com/products.json?limit=250&page=1,2026-09-07T00:00:00+07:00,2026-09-07T00:00:00+07:00,admin_only_fields_unknown_without_shopify_csv,B005,COMPLETED,DRAFTED,NEEDS_REVIEW
1.0,2.4,chillgen_20260907_01,chillgen.com,custom-dragon-shaped-area-rug-personalized-library-wester-design-08,custom-dragon-shaped-area-rug-personalized-library-wester-design-08,15976519172465,gid://shopify/Product/15976519172465,https://chillgen.com/products/custom-dragon-shaped-area-rug-personalized-library-wester-design-08,https://chillgen.com/products/custom-dragon-shaped-area-rug-personalized-library-wester-design-08,en-US,US,PUBLIC_AVAILABLE,ACCESSIBLE_PUBLIC_JSON,DISCOVERED_PUBLIC_PRODUCTS_JSON,Rug,"Custom Dragon Shaped Area Rug, Personalized Library Wester - Design 08",UNKNOWN,EVERGREEN_OR_OTHER,47,products_json_page_1; https://chillgen.com/products.json?limit=250&page=1,2026-09-07T00:00:00+07:00,2026-09-07T00:00:00+07:00,admin_only_fields_unknown_without_shopify_csv,B005,COMPLETED,DRAFTED,NEEDS_REVIEW
1.0,2.4,chillgen_20260907_01,chillgen.com,custom-dragon-shaped-area-rug-personalized-library-wester-design-05,custom-dragon-shaped-area-rug-personalized-library-wester-design-05,15976514355569,gid://shopify/Product/15976514355569,https://chillgen.com/products/custom-dragon-shaped-area-rug-personalized-library-wester-design-05,https://chillgen.com/products/custom-dragon-shaped-area-rug-personalized-library-wester-design-05,en-US,US,PUBLIC_AVAILABLE,ACCESSIBLE_PUBLIC_JSON,DISCOVERED_PUBLIC_PRODUCTS_JSON,Rug,"Custom Dragon Shaped Area Rug, Personalized Library Wester - Design 05",UNKNOWN,EVERGREEN_OR_OTHER,48,products_json_page_1; https://chillgen.com/products.json?limit=250&page=1,2026-09-07T00:00:00+07:00,2026-09-07T00:00:00+07:00,admin_only_fields_unknown_without_shopify_csv,B005,COMPLETED,DRAFTED,NEEDS_REVIEW
1.0,2.4,chillgen_20260907_01,chillgen.com,custom-dragon-shaped-area-rug-personalized-library-wester-design-07,custom-dragon-shaped-area-rug-personalized-library-wester-design-07,15976514224497,gid://shopify/Product/15976514224497,https://chillgen.com/products/custom-dragon-shaped-area-rug-personalized-library-wester-design-07,https://chillgen.com/products/custom-dragon-shaped-area-rug-personalized-library-wester-design-07,en-US,US,PUBLIC_AVAILABLE,ACCESSIBLE_PUBLIC_JSON,DISCOVERED_PUBLIC_PRODUCTS_JSON,Rug,"Custom Dragon Shaped Area Rug, Personalized Library Wester - Design 07",UNKNOWN,EVERGREEN_OR_OTHER,49,products_json_page_1; https://chillgen.com/products.json?limit=250&page=1,2026-09-07T00:00:00+07:00,2026-09-07T00:00:00+07:00,admin_only_fields_unknown_without_shopify_csv,B005,COMPLETED,DRAFTED,NEEDS_REVIEW
1.0,2.4,chillgen_20260907_01,chillgen.com,custom-dragon-shaped-area-rug-personalized-library-wester-design-03,custom-dragon-shaped-area-rug-personalized-library-wester-design-03,15976513962353,gid://shopify/Product/15976513962353,https://chillgen.com/products/custom-dragon-shaped-area-rug-personalized-library-wester-design-03,https://chillgen.com/products/custom-dragon-shaped-area-rug-personalized-library-wester-design-03,en-US,US,PUBLIC_AVAILABLE,ACCESSIBLE_PUBLIC_JSON,DISCOVERED_PUBLIC_PRODUCTS_JSON,Rug,"Custom Dragon Shaped Area Rug, Personalized Library Wester - Design 03",UNKNOWN,EVERGREEN_OR_OTHER,50,products_json_page_1; https://chillgen.com/products.json?limit=250&page=1,2026-09-07T00:00:00+07:00,2026-09-07T00:00:00+07:00,admin_only_fields_unknown_without_shopify_csv,B005,COMPLETED,DRAFTED,NEEDS_REVIEW
1.0,2.4,chillgen_20260907_01,chillgen.com,custom-dragon-shaped-area-rug-personalized-library-wester-design-04,custom-dragon-shaped-area-rug-personalized-library-wester-design-04,15976513831281,gid://shopify/Product/15976513831281,https://chillgen.com/products/custom-dragon-shaped-area-rug-personalized-library-wester-design-04,https://chillgen.com/products/custom-dragon-shaped-area-rug-personalized-library-wester-design-04,en-US,US,PUBLIC_AVAILABLE,ACCESSIBLE_PUBLIC_JSON,DISCOVERED_PUBLIC_PRODUCTS_JSON,Rug,"Custom Dragon Shaped Area Rug, Personalized Library Wester - Design 04",UNKNOWN,EVERGREEN_OR_OTHER,51,products_json_page_1; https://chillgen.com/products.json?limit=250&page=1,2026-09-07T00:00:00+07:00,2026-09-07T00:00:00+07:00,admin_only_fields_unknown_without_shopify_csv,B006,COMPLETED,DRAFTED,NEEDS_REVIEW
1.0,2.4,chillgen_20260907_01,chillgen.com,custom-dragon-shaped-area-rug-personalized-library-wester-design-10,custom-dragon-shaped-area-rug-personalized-library-wester-design-10,15976513765745,gid://shopify/Product/15976513765745,https://chillgen.com/products/custom-dragon-shaped-area-rug-personalized-library-wester-design-10,https://chillgen.com/products/custom-dragon-shaped-area-rug-personalized-library-wester-design-10,en-US,US,PUBLIC_AVAILABLE,ACCESSIBLE_PUBLIC_JSON,DISCOVERED_PUBLIC_PRODUCTS_JSON,Rug,"Custom Dragon Shaped Area Rug, Personalized Library Wester - Design 10",UNKNOWN,EVERGREEN_OR_OTHER,52,products_json_page_1; https://chillgen.com/products.json?limit=250&page=1,2026-09-07T00:00:00+07:00,2026-09-07T00:00:00+07:00,admin_only_fields_unknown_without_shopify_csv,B006,COMPLETED,DRAFTED,NEEDS_REVIEW
1.0,2.4,chillgen_20260907_01,chillgen.com,custom-dragon-shaped-area-rug-personalized-library-wester-design-01,custom-dragon-shaped-area-rug-personalized-library-wester-design-01,15976513667441,gid://shopify/Product/15976513667441,https://chillgen.com/products/custom-dragon-shaped-area-rug-personalized-library-wester-design-01,https://chillgen.com/products/custom-dragon-shaped-area-rug-personalized-library-wester-design-01,en-US,US,PUBLIC_AVAILABLE,ACCESSIBLE_PUBLIC_JSON,DISCOVERED_PUBLIC_PRODUCTS_JSON,Rug,"Custom Dragon Shaped Area Rug, Personalized Library Wester - Design 01",UNKNOWN,EVERGREEN_OR_OTHER,53,products_json_page_1; https://chillgen.com/products.json?limit=250&page=1,2026-09-07T00:00:00+07:00,2026-09-07T00:00:00+07:00,admin_only_fields_unknown_without_shopify_csv,B006,COMPLETED,DRAFTED,NEEDS_REVIEW
1.0,2.4,chillgen_20260907_01,chillgen.com,custom-dragon-shaped-area-rug-personalized-library-wester-design-06,custom-dragon-shaped-area-rug-personalized-library-wester-design-06,15976513601905,gid://shopify/Product/15976513601905,https://chillgen.com/products/custom-dragon-shaped-area-rug-personalized-library-wester-design-06,https://chillgen.com/products/custom-dragon-shaped-area-rug-personalized-library-wester-design-06,en-US,US,PUBLIC_AVAILABLE,ACCESSIBLE_PUBLIC_JSON,DISCOVERED_PUBLIC_PRODUCTS_JSON,Rug,"Custom Dragon Shaped Area Rug, Personalized Library Wester - Design 06",UNKNOWN,EVERGREEN_OR_OTHER,54,products_json_page_1; https://chillgen.com/products.json?limit=250&page=1,2026-09-07T00:00:00+07:00,2026-09-07T00:00:00+07:00,admin_only_fields_unknown_without_shopify_csv,B006,COMPLETED,DRAFTED,NEEDS_REVIEW
1.0,2.4,chillgen_20260907_01,chillgen.com,custom-dragon-shaped-area-rug-personalized-library-western-dragon,custom-dragon-shaped-area-rug-personalized-library-western-dragon,15976513503601,gid://shopify/Product/15976513503601,https://chillgen.com/products/custom-dragon-shaped-area-rug-personalized-library-western-dragon,https://chillgen.com/products/custom-dragon-shaped-area-rug-personalized-library-western-dragon,en-US,US,PUBLIC_AVAILABLE,ACCESSIBLE_PUBLIC_JSON,DISCOVERED_PUBLIC_PRODUCTS_JSON,Rug,"Custom Dragon Shaped Area Rug, Personalized Library Western Dragon",UNKNOWN,EVERGREEN_OR_OTHER,55,products_json_page_1; https://chillgen.com/products.json?limit=250&page=1,2026-09-07T00:00:00+07:00,2026-09-07T00:00:00+07:00,admin_only_fields_unknown_without_shopify_csv,B006,COMPLETED,DRAFTED,NEEDS_REVIEW
1.0,2.4,chillgen_20260907_01,chillgen.com,custom-dog-paw-round-rug-patchwork-area-rug-for-pet-lovers-design-01,custom-dog-paw-round-rug-patchwork-area-rug-for-pet-lovers-design-01,15976509669745,gid://shopify/Product/15976509669745,https://chillgen.com/products/custom-dog-paw-round-rug-patchwork-area-rug-for-pet-lovers-design-01,https://chillgen.com/products/custom-dog-paw-round-rug-patchwork-area-rug-for-pet-lovers-design-01,en-US,US,PUBLIC_AVAILABLE,ACCESSIBLE_PUBLIC_JSON,DISCOVERED_PUBLIC_PRODUCTS_JSON,Rug,Custom Dog Paw Round Rug Patchwork Area Rug for Pet Lovers - Design 01,UNKNOWN,EVERGREEN_OR_OTHER,56,products_json_page_1; https://chillgen.com/products.json?limit=250&page=1,2026-09-07T00:00:00+07:00,2026-09-07T00:00:00+07:00,admin_only_fields_unknown_without_shopify_csv,B006,COMPLETED,DRAFTED,NEEDS_REVIEW
1.0,2.4,chillgen_20260907_01,chillgen.com,custom-dog-paw-round-rug-patchwork-area-rug-for-pet-lovers-design-05,custom-dog-paw-round-rug-patchwork-area-rug-for-pet-lovers-design-05,15976501412209,gid://shopify/Product/15976501412209,https://chillgen.com/products/custom-dog-paw-round-rug-patchwork-area-rug-for-pet-lovers-design-05,https://chillgen.com/products/custom-dog-paw-round-rug-patchwork-area-rug-for-pet-lovers-design-05,en-US,US,PUBLIC_AVAILABLE,ACCESSIBLE_PUBLIC_JSON,DISCOVERED_PUBLIC_PRODUCTS_JSON,Rug,Custom Dog Paw Round Rug Patchwork Area Rug for Pet Lovers - Design 05,UNKNOWN,EVERGREEN_OR_OTHER,57,products_json_page_1; https://chillgen.com/products.json?limit=250&page=1,2026-09-07T00:00:00+07:00,2026-09-07T00:00:00+07:00,admin_only_fields_unknown_without_shopify_csv,B006,COMPLETED,DRAFTED,NEEDS_REVIEW
1.0,2.4,chillgen_20260907_01,chillgen.com,custom-dog-paw-round-rug-patchwork-area-rug-for-pet-lovers-design-03,custom-dog-paw-round-rug-patchwork-area-rug-for-pet-lovers-design-03,15976501379441,gid://shopify/Product/15976501379441,https://chillgen.com/products/custom-dog-paw-round-rug-patchwork-area-rug-for-pet-lovers-design-03,https://chillgen.com/products/custom-dog-paw-round-rug-patchwork-area-rug-for-pet-lovers-design-03,en-US,US,PUBLIC_AVAILABLE,ACCESSIBLE_PUBLIC_JSON,DISCOVERED_PUBLIC_PRODUCTS_JSON,Rug,Custom Dog Paw Round Rug Patchwork Area Rug for Pet Lovers - Design 03,UNKNOWN,EVERGREEN_OR_OTHER,58,products_json_page_1; https://chillgen.com/products.json?limit=250&page=1,2026-09-07T00:00:00+07:00,2026-09-07T00:00:00+07:00,admin_only_fields_unknown_without_shopify_csv,B006,COMPLETED,DRAFTED,NEEDS_REVIEW
1.0,2.4,chillgen_20260907_01,chillgen.com,custom-dog-paw-round-rug-patchwork-area-rug-for-pet-lovers-design-02,custom-dog-paw-round-rug-patchwork-area-rug-for-pet-lovers-design-02,15976501346673,gid://shopify/Product/15976501346673,https://chillgen.com/products/custom-dog-paw-round-rug-patchwork-area-rug-for-pet-lovers-design-02,https://chillgen.com/products/custom-dog-paw-round-rug-patchwork-area-rug-for-pet-lovers-design-02,en-US,US,PUBLIC_AVAILABLE,ACCESSIBLE_PUBLIC_JSON,DISCOVERED_PUBLIC_PRODUCTS_JSON,Rug,Custom Dog Paw Round Rug Patchwork Area Rug for Pet Lovers - Design 02,UNKNOWN,EVERGREEN_OR_OTHER,59,products_json_page_1; https://chillgen.com/products.json?limit=250&page=1,2026-09-07T00:00:00+07:00,2026-09-07T00:00:00+07:00,admin_only_fields_unknown_without_shopify_csv,B006,COMPLETED,DRAFTED,NEEDS_REVIEW
1.0,2.4,chillgen_20260907_01,chillgen.com,custom-dog-paw-round-rug-patchwork-area-rug-for-pet-lovers-1-a4,custom-dog-paw-round-rug-patchwork-area-rug-for-pet-lovers-1-a4,15976501281137,gid://shopify/Product/15976501281137,https://chillgen.com/products/custom-dog-paw-round-rug-patchwork-area-rug-for-pet-lovers-1-a4,https://chillgen.com/products/custom-dog-paw-round-rug-patchwork-area-rug-for-pet-lovers-1-a4,en-US,US,PUBLIC_AVAILABLE,ACCESSIBLE_PUBLIC_JSON,DISCOVERED_PUBLIC_PRODUCTS_JSON,Rug,"Custom Dog Paw Round Rug Patchwork Area Rug for Pet Lovers (1, A4)",UNKNOWN,EVERGREEN_OR_OTHER,60,products_json_page_1; https://chillgen.com/products.json?limit=250&page=1,2026-09-07T00:00:00+07:00,2026-09-07T00:00:00+07:00,admin_only_fields_unknown_without_shopify_csv,B006,COMPLETED,DRAFTED,NEEDS_REVIEW
1.0,2.4,chillgen_20260907_01,chillgen.com,personalized-pet-dog-welcome-door-mat-with-photo-and-name-a04-a04,personalized-pet-dog-welcome-door-mat-with-photo-and-name-a04-a04,15976499446129,gid://shopify/Product/15976499446129,https://chillgen.com/products/personalized-pet-dog-welcome-door-mat-with-photo-and-name-a04-a04,https://chillgen.com/products/personalized-pet-dog-welcome-door-mat-with-photo-and-name-a04-a04,en-US,US,PUBLIC_AVAILABLE,ACCESSIBLE_PUBLIC_JSON,DISCOVERED_PUBLIC_PRODUCTS_JSON,Rug,Personalized Pet Dog Welcome Door Mat with Photo and Name (A04) - A04,UNKNOWN,EVERGREEN_OR_OTHER,61,products_json_page_1; https://chillgen.com/products.json?limit=250&page=1,2026-09-07T00:00:00+07:00,2026-09-07T00:00:00+07:00,admin_only_fields_unknown_without_shopify_csv,B007,COMPLETED,DRAFTED,NEEDS_REVIEW
1.0,2.4,chillgen_20260907_01,chillgen.com,personalized-pet-dog-welcome-door-mat-with-photo-and-name-design-02,personalized-pet-dog-welcome-door-mat-with-photo-and-name-design-02,15976493384049,gid://shopify/Product/15976493384049,https://chillgen.com/products/personalized-pet-dog-welcome-door-mat-with-photo-and-name-design-02,https://chillgen.com/products/personalized-pet-dog-welcome-door-mat-with-photo-and-name-design-02,en-US,US,PUBLIC_AVAILABLE,ACCESSIBLE_PUBLIC_JSON,DISCOVERED_PUBLIC_PRODUCTS_JSON,Rug,Personalized Pet Dog Welcome Door Mat with Photo and Name - Design 02,UNKNOWN,EVERGREEN_OR_OTHER,62,products_json_page_1; https://chillgen.com/products.json?limit=250&page=1,2026-09-07T00:00:00+07:00,2026-09-07T00:00:00+07:00,admin_only_fields_unknown_without_shopify_csv,B007,COMPLETED,DRAFTED,NEEDS_REVIEW
1.0,2.4,chillgen_20260907_01,chillgen.com,personalized-pet-dog-welcome-door-mat-with-photo-and-name-design-01,personalized-pet-dog-welcome-door-mat-with-photo-and-name-design-01,15976492859761,gid://shopify/Product/15976492859761,https://chillgen.com/products/personalized-pet-dog-welcome-door-mat-with-photo-and-name-design-01,https://chillgen.com/products/personalized-pet-dog-welcome-door-mat-with-photo-and-name-design-01,en-US,US,PUBLIC_AVAILABLE,ACCESSIBLE_PUBLIC_JSON,DISCOVERED_PUBLIC_PRODUCTS_JSON,Rug,Personalized Pet Dog Welcome Door Mat with Photo and Name - Design 01,UNKNOWN,EVERGREEN_OR_OTHER,63,products_json_page_1; https://chillgen.com/products.json?limit=250&page=1,2026-09-07T00:00:00+07:00,2026-09-07T00:00:00+07:00,admin_only_fields_unknown_without_shopify_csv,B007,COMPLETED,DRAFTED,NEEDS_REVIEW
1.0,2.4,chillgen_20260907_01,chillgen.com,personalized-pet-dog-welcome-door-mat-with-photo-and-name-design-03,personalized-pet-dog-welcome-door-mat-with-photo-and-name-design-03,15976492761457,gid://shopify/Product/15976492761457,https://chillgen.com/products/personalized-pet-dog-welcome-door-mat-with-photo-and-name-design-03,https://chillgen.com/products/personalized-pet-dog-welcome-door-mat-with-photo-and-name-design-03,en-US,US,PUBLIC_AVAILABLE,ACCESSIBLE_PUBLIC_JSON,DISCOVERED_PUBLIC_PRODUCTS_JSON,Rug,Personalized Pet Dog Welcome Door Mat with Photo and Name - Design 03,UNKNOWN,EVERGREEN_OR_OTHER,64,products_json_page_1; https://chillgen.com/products.json?limit=250&page=1,2026-09-07T00:00:00+07:00,2026-09-07T00:00:00+07:00,admin_only_fields_unknown_without_shopify_csv,B007,COMPLETED,DRAFTED,NEEDS_REVIEW
1.0,2.4,chillgen_20260907_01,chillgen.com,personalized-pet-dog-welcome-door-mat-with-photo-and-name-a05-a05,personalized-pet-dog-welcome-door-mat-with-photo-and-name-a05-a05,15976492630385,gid://shopify/Product/15976492630385,https://chillgen.com/products/personalized-pet-dog-welcome-door-mat-with-photo-and-name-a05-a05,https://chillgen.com/products/personalized-pet-dog-welcome-door-mat-with-photo-and-name-a05-a05,en-US,US,PUBLIC_AVAILABLE,ACCESSIBLE_PUBLIC_JSON,DISCOVERED_PUBLIC_PRODUCTS_JSON,Rug,Personalized Pet Dog Welcome Door Mat with Photo and Name (A05) - A05,UNKNOWN,EVERGREEN_OR_OTHER,65,products_json_page_1; https://chillgen.com/products.json?limit=250&page=1,2026-09-07T00:00:00+07:00,2026-09-07T00:00:00+07:00,admin_only_fields_unknown_without_shopify_csv,B007,COMPLETED,DRAFTED,NEEDS_REVIEW
1.0,2.4,chillgen_20260907_01,chillgen.com,custom-japanese-koi-fish-shaped-area-rug-personalized-3d-design-01,custom-japanese-koi-fish-shaped-area-rug-personalized-3d-design-01,15976488862065,gid://shopify/Product/15976488862065,https://chillgen.com/products/custom-japanese-koi-fish-shaped-area-rug-personalized-3d-design-01,https://chillgen.com/products/custom-japanese-koi-fish-shaped-area-rug-personalized-3d-design-01,en-US,US,PUBLIC_AVAILABLE,ACCESSIBLE_PUBLIC_JSON,DISCOVERED_PUBLIC_PRODUCTS_JSON,Rug,"Custom Japanese Koi Fish Shaped Area Rug, Personalized 3D - Design 01",UNKNOWN,EVERGREEN_OR_OTHER,66,products_json_page_1; https://chillgen.com/products.json?limit=250&page=1,2026-09-07T00:00:00+07:00,2026-09-07T00:00:00+07:00,admin_only_fields_unknown_without_shopify_csv,B007,COMPLETED,DRAFTED,NEEDS_REVIEW
1.0,2.4,chillgen_20260907_01,chillgen.com,custom-japanese-koi-fish-shaped-area-rug-personalized-3d-design-04,custom-japanese-koi-fish-shaped-area-rug-personalized-3d-design-04,15976486470001,gid://shopify/Product/15976486470001,https://chillgen.com/products/custom-japanese-koi-fish-shaped-area-rug-personalized-3d-design-04,https://chillgen.com/products/custom-japanese-koi-fish-shaped-area-rug-personalized-3d-design-04,en-US,US,PUBLIC_AVAILABLE,ACCESSIBLE_PUBLIC_JSON,DISCOVERED_PUBLIC_PRODUCTS_JSON,Rug,"Custom Japanese Koi Fish Shaped Area Rug, Personalized 3D - Design 04",UNKNOWN,EVERGREEN_OR_OTHER,67,products_json_page_1; https://chillgen.com/products.json?limit=250&page=1,2026-09-07T00:00:00+07:00,2026-09-07T00:00:00+07:00,admin_only_fields_unknown_without_shopify_csv,B007,COMPLETED,DRAFTED,NEEDS_REVIEW
1.0,2.4,chillgen_20260907_01,chillgen.com,custom-japanese-koi-fish-shaped-area-rug-personalized-3d-design-08,custom-japanese-koi-fish-shaped-area-rug-personalized-3d-design-08,15976486404465,gid://shopify/Product/15976486404465,https://chillgen.com/products/custom-japanese-koi-fish-shaped-area-rug-personalized-3d-design-08,https://chillgen.com/products/custom-japanese-koi-fish-shaped-area-rug-personalized-3d-design-08,en-US,US,PUBLIC_AVAILABLE,ACCESSIBLE_PUBLIC_JSON,DISCOVERED_PUBLIC_PRODUCTS_JSON,Rug,"Custom Japanese Koi Fish Shaped Area Rug, Personalized 3D - Design 08",UNKNOWN,EVERGREEN_OR_OTHER,68,products_json_page_1; https://chillgen.com/products.json?limit=250&page=1,2026-09-07T00:00:00+07:00,2026-09-07T00:00:00+07:00,admin_only_fields_unknown_without_shopify_csv,B007,COMPLETED,DRAFTED,NEEDS_REVIEW
1.0,2.4,chillgen_20260907_01,chillgen.com,custom-japanese-koi-fish-shaped-area-rug-personalized-3d-optical,custom-japanese-koi-fish-shaped-area-rug-personalized-3d-optical,15976486338929,gid://shopify/Product/15976486338929,https://chillgen.com/products/custom-japanese-koi-fish-shaped-area-rug-personalized-3d-optical,https://chillgen.com/products/custom-japanese-koi-fish-shaped-area-rug-personalized-3d-optical,en-US,US,PUBLIC_AVAILABLE,ACCESSIBLE_PUBLIC_JSON,DISCOVERED_PUBLIC_PRODUCTS_JSON,Rug,"Custom Japanese Koi Fish Shaped Area Rug, Personalized 3D Optical",UNKNOWN,EVERGREEN_OR_OTHER,69,products_json_page_1; https://chillgen.com/products.json?limit=250&page=1,2026-09-07T00:00:00+07:00,2026-09-07T00:00:00+07:00,admin_only_fields_unknown_without_shopify_csv,B007,COMPLETED,DRAFTED,NEEDS_REVIEW
1.0,2.4,chillgen_20260907_01,chillgen.com,boat-rug-03-boat-rug-03-design-22,boat-rug-03-boat-rug-03-design-22,15976482210161,gid://shopify/Product/15976482210161,https://chillgen.com/products/boat-rug-03-boat-rug-03-design-22,https://chillgen.com/products/boat-rug-03-boat-rug-03-design-22,en-US,US,PUBLIC_AVAILABLE,ACCESSIBLE_PUBLIC_JSON,DISCOVERED_PUBLIC_PRODUCTS_JSON,Rug,Boat Rug 03 - Boat Rug 03 - Design 22,UNKNOWN,EVERGREEN_OR_OTHER,70,products_json_page_1; https://chillgen.com/products.json?limit=250&page=1,2026-09-07T00:00:00+07:00,2026-09-07T00:00:00+07:00,admin_only_fields_unknown_without_shopify_csv,B007,COMPLETED,DRAFTED,NEEDS_REVIEW
1.0,2.4,chillgen_20260907_01,chillgen.com,custom-boat-rug-personalized-welcome-aboard-mat-with-boat-design-02,custom-boat-rug-personalized-welcome-aboard-mat-with-boat-design-02,15976475558257,gid://shopify/Product/15976475558257,https://chillgen.com/products/custom-boat-rug-personalized-welcome-aboard-mat-with-boat-design-02,https://chillgen.com/products/custom-boat-rug-personalized-welcome-aboard-mat-with-boat-design-02,en-US,US,PUBLIC_AVAILABLE,ACCESSIBLE_PUBLIC_JSON,DISCOVERED_PUBLIC_PRODUCTS_JSON,Rug,"Custom Boat Rug, Personalized Welcome Aboard Mat with Boat - Design 02",UNKNOWN,EVERGREEN_OR_OTHER,71,products_json_page_1; https://chillgen.com/products.json?limit=250&page=1,2026-09-07T00:00:00+07:00,2026-09-07T00:00:00+07:00,admin_only_fields_unknown_without_shopify_csv,B008,COMPLETED,DRAFTED,NEEDS_REVIEW
1.0,2.4,chillgen_20260907_01,chillgen.com,custom-boat-rug-personalized-welcome-aboard-mat-with-boat-design-09,custom-boat-rug-personalized-welcome-aboard-mat-with-boat-design-09,15976475525489,gid://shopify/Product/15976475525489,https://chillgen.com/products/custom-boat-rug-personalized-welcome-aboard-mat-with-boat-design-09,https://chillgen.com/products/custom-boat-rug-personalized-welcome-aboard-mat-with-boat-design-09,en-US,US,PUBLIC_AVAILABLE,ACCESSIBLE_PUBLIC_JSON,DISCOVERED_PUBLIC_PRODUCTS_JSON,Rug,"Custom Boat Rug, Personalized Welcome Aboard Mat with Boat - Design 09",UNKNOWN,EVERGREEN_OR_OTHER,72,products_json_page_1; https://chillgen.com/products.json?limit=250&page=1,2026-09-07T00:00:00+07:00,2026-09-07T00:00:00+07:00,admin_only_fields_unknown_without_shopify_csv,B008,COMPLETED,DRAFTED,NEEDS_REVIEW
1.0,2.4,chillgen_20260907_01,chillgen.com,boat-rug-05-boat-rug-05-design-22,boat-rug-05-boat-rug-05-design-22,15976475492721,gid://shopify/Product/15976475492721,https://chillgen.com/products/boat-rug-05-boat-rug-05-design-22,https://chillgen.com/products/boat-rug-05-boat-rug-05-design-22,en-US,US,PUBLIC_AVAILABLE,ACCESSIBLE_PUBLIC_JSON,DISCOVERED_PUBLIC_PRODUCTS_JSON,Rug,Boat Rug 05 - Boat Rug 05 - Design 22,UNKNOWN,EVERGREEN_OR_OTHER,73,products_json_page_1; https://chillgen.com/products.json?limit=250&page=1,2026-09-07T00:00:00+07:00,2026-09-07T00:00:00+07:00,admin_only_fields_unknown_without_shopify_csv,B008,COMPLETED,DRAFTED,NEEDS_REVIEW
1.0,2.4,chillgen_20260907_01,chillgen.com,custom-boat-rug-personalized-welcome-aboard-mat-with-boat-design-06,custom-boat-rug-personalized-welcome-aboard-mat-with-boat-design-06,15976475459953,gid://shopify/Product/15976475459953,https://chillgen.com/products/custom-boat-rug-personalized-welcome-aboard-mat-with-boat-design-06,https://chillgen.com/products/custom-boat-rug-personalized-welcome-aboard-mat-with-boat-design-06,en-US,US,PUBLIC_AVAILABLE,ACCESSIBLE_PUBLIC_JSON,DISCOVERED_PUBLIC_PRODUCTS_JSON,Rug,"Custom Boat Rug, Personalized Welcome Aboard Mat with Boat - Design 06",UNKNOWN,EVERGREEN_OR_OTHER,74,products_json_page_1; https://chillgen.com/products.json?limit=250&page=1,2026-09-07T00:00:00+07:00,2026-09-07T00:00:00+07:00,admin_only_fields_unknown_without_shopify_csv,B008,COMPLETED,DRAFTED,NEEDS_REVIEW
1.0,2.4,chillgen_20260907_01,chillgen.com,custom-boat-rug-personalized-welcome-aboard-mat-with-boat-design-08,custom-boat-rug-personalized-welcome-aboard-mat-with-boat-design-08,15976475328881,gid://shopify/Product/15976475328881,https://chillgen.com/products/custom-boat-rug-personalized-welcome-aboard-mat-with-boat-design-08,https://chillgen.com/products/custom-boat-rug-personalized-welcome-aboard-mat-with-boat-design-08,en-US,US,PUBLIC_AVAILABLE,ACCESSIBLE_PUBLIC_JSON,DISCOVERED_PUBLIC_PRODUCTS_JSON,Rug,"Custom Boat Rug, Personalized Welcome Aboard Mat with Boat - Design 08",UNKNOWN,EVERGREEN_OR_OTHER,75,products_json_page_1; https://chillgen.com/products.json?limit=250&page=1,2026-09-07T00:00:00+07:00,2026-09-07T00:00:00+07:00,admin_only_fields_unknown_without_shopify_csv,B008,COMPLETED,DRAFTED,NEEDS_REVIEW
1.0,2.4,chillgen_20260907_01,chillgen.com,custom-boat-rug-personalized-welcome-aboard-mat-with-boat-design-07,custom-boat-rug-personalized-welcome-aboard-mat-with-boat-design-07,15976475230577,gid://shopify/Product/15976475230577,https://chillgen.com/products/custom-boat-rug-personalized-welcome-aboard-mat-with-boat-design-07,https://chillgen.com/products/custom-boat-rug-personalized-welcome-aboard-mat-with-boat-design-07,en-US,US,PUBLIC_AVAILABLE,ACCESSIBLE_PUBLIC_JSON,DISCOVERED_PUBLIC_PRODUCTS_JSON,Rug,"Custom Boat Rug, Personalized Welcome Aboard Mat with Boat - Design 07",UNKNOWN,EVERGREEN_OR_OTHER,76,products_json_page_1; https://chillgen.com/products.json?limit=250&page=1,2026-09-07T00:00:00+07:00,2026-09-07T00:00:00+07:00,admin_only_fields_unknown_without_shopify_csv,B008,COMPLETED,DRAFTED,NEEDS_REVIEW
1.0,2.4,chillgen_20260907_01,chillgen.com,boat-rug-10-boat-rug-10-design-10,boat-rug-10-boat-rug-10-design-10,15976475197809,gid://shopify/Product/15976475197809,https://chillgen.com/products/boat-rug-10-boat-rug-10-design-10,https://chillgen.com/products/boat-rug-10-boat-rug-10-design-10,en-US,US,PUBLIC_AVAILABLE,ACCESSIBLE_PUBLIC_JSON,DISCOVERED_PUBLIC_PRODUCTS_JSON,Rug,Boat Rug 10 - Boat Rug 10 - Design 10,UNKNOWN,EVERGREEN_OR_OTHER,77,products_json_page_1; https://chillgen.com/products.json?limit=250&page=1,2026-09-07T00:00:00+07:00,2026-09-07T00:00:00+07:00,admin_only_fields_unknown_without_shopify_csv,B008,COMPLETED,DRAFTED,NEEDS_REVIEW
1.0,2.4,chillgen_20260907_01,chillgen.com,custom-boat-rug-personalized-welcome-aboard-mat-with-boat-name,custom-boat-rug-personalized-welcome-aboard-mat-with-boat-name,15976474935665,gid://shopify/Product/15976474935665,https://chillgen.com/products/custom-boat-rug-personalized-welcome-aboard-mat-with-boat-name,https://chillgen.com/products/custom-boat-rug-personalized-welcome-aboard-mat-with-boat-name,en-US,US,PUBLIC_AVAILABLE,ACCESSIBLE_PUBLIC_JSON,DISCOVERED_PUBLIC_PRODUCTS_JSON,Rug,"Custom Boat Rug, Personalized Welcome Aboard Mat with Boat Name",UNKNOWN,EVERGREEN_OR_OTHER,78,products_json_page_1; https://chillgen.com/products.json?limit=250&page=1,2026-09-07T00:00:00+07:00,2026-09-07T00:00:00+07:00,admin_only_fields_unknown_without_shopify_csv,B008,COMPLETED,DRAFTED,NEEDS_REVIEW
1.0,2.4,chillgen_20260907_01,chillgen.com,boat-rug-04-boat-rug-04,boat-rug-04-boat-rug-04,15976474837361,gid://shopify/Product/15976474837361,https://chillgen.com/products/boat-rug-04-boat-rug-04,https://chillgen.com/products/boat-rug-04-boat-rug-04,en-US,US,PUBLIC_AVAILABLE,ACCESSIBLE_PUBLIC_JSON,DISCOVERED_PUBLIC_PRODUCTS_JSON,Rug,Boat Rug 04 - Boat Rug 04,UNKNOWN,EVERGREEN_OR_OTHER,79,products_json_page_1; https://chillgen.com/products.json?limit=250&page=1,2026-09-07T00:00:00+07:00,2026-09-07T00:00:00+07:00,admin_only_fields_unknown_without_shopify_csv,B008,COMPLETED,DRAFTED,NEEDS_REVIEW
1.0,2.4,chillgen_20260907_01,chillgen.com,personalized-tropical-beach-rug-custom-family-name-tropic-design-02,personalized-tropical-beach-rug-custom-family-name-tropic-design-02,15976464351601,gid://shopify/Product/15976464351601,https://chillgen.com/products/personalized-tropical-beach-rug-custom-family-name-tropic-design-02,https://chillgen.com/products/personalized-tropical-beach-rug-custom-family-name-tropic-design-02,en-US,US,PUBLIC_AVAILABLE,ACCESSIBLE_PUBLIC_JSON,DISCOVERED_PUBLIC_PRODUCTS_JSON,Rug,"Personalized Tropical Beach Rug, Custom Family Name Tropic - Design 02",UNKNOWN,EVERGREEN_OR_OTHER,80,products_json_page_1; https://chillgen.com/products.json?limit=250&page=1,2026-09-07T00:00:00+07:00,2026-09-07T00:00:00+07:00,admin_only_fields_unknown_without_shopify_csv,B008,COMPLETED,DRAFTED,NEEDS_REVIEW
1.0,2.4,chillgen_20260907_01,chillgen.com,personalized-tropical-beach-rug-custom-family-name-tropic-design-04,personalized-tropical-beach-rug-custom-family-name-tropic-design-04,15976464220529,gid://shopify/Product/15976464220529,https://chillgen.com/products/personalized-tropical-beach-rug-custom-family-name-tropic-design-04,https://chillgen.com/products/personalized-tropical-beach-rug-custom-family-name-tropic-design-04,en-US,US,PUBLIC_AVAILABLE,ACCESSIBLE_PUBLIC_JSON,DISCOVERED_PUBLIC_PRODUCTS_JSON,Rug,"Personalized Tropical Beach Rug, Custom Family Name Tropic - Design 04",UNKNOWN,EVERGREEN_OR_OTHER,81,products_json_page_1; https://chillgen.com/products.json?limit=250&page=1,2026-09-07T00:00:00+07:00,2026-09-07T00:00:00+07:00,admin_only_fields_unknown_without_shopify_csv,B009,COMPLETED,DRAFTED,NEEDS_REVIEW
1.0,2.4,chillgen_20260907_01,chillgen.com,personalized-tropical-beach-rug-custom-family-name-tropic-design-05,personalized-tropical-beach-rug-custom-family-name-tropic-design-05,15976463991153,gid://shopify/Product/15976463991153,https://chillgen.com/products/personalized-tropical-beach-rug-custom-family-name-tropic-design-05,https://chillgen.com/products/personalized-tropical-beach-rug-custom-family-name-tropic-design-05,en-US,US,PUBLIC_AVAILABLE,ACCESSIBLE_PUBLIC_JSON,DISCOVERED_PUBLIC_PRODUCTS_JSON,Rug,"Personalized Tropical Beach Rug, Custom Family Name Tropic - Design 05",UNKNOWN,EVERGREEN_OR_OTHER,82,products_json_page_1; https://chillgen.com/products.json?limit=250&page=1,2026-09-07T00:00:00+07:00,2026-09-07T00:00:00+07:00,admin_only_fields_unknown_without_shopify_csv,B009,COMPLETED,DRAFTED,NEEDS_REVIEW
1.0,2.4,chillgen_20260907_01,chillgen.com,personalized-tropical-beach-rug-custom-family-name-tropic-design-01,personalized-tropical-beach-rug-custom-family-name-tropic-design-01,15976463925617,gid://shopify/Product/15976463925617,https://chillgen.com/products/personalized-tropical-beach-rug-custom-family-name-tropic-design-01,https://chillgen.com/products/personalized-tropical-beach-rug-custom-family-name-tropic-design-01,en-US,US,PUBLIC_AVAILABLE,ACCESSIBLE_PUBLIC_JSON,DISCOVERED_PUBLIC_PRODUCTS_JSON,Rug,"Personalized Tropical Beach Rug, Custom Family Name Tropic - Design 01",UNKNOWN,EVERGREEN_OR_OTHER,83,products_json_page_1; https://chillgen.com/products.json?limit=250&page=1,2026-09-07T00:00:00+07:00,2026-09-07T00:00:00+07:00,admin_only_fields_unknown_without_shopify_csv,B009,COMPLETED,DRAFTED,NEEDS_REVIEW
1.0,2.4,chillgen_20260907_01,chillgen.com,personalized-tropical-beach-rug-custom-family-name-tropic-design-08,personalized-tropical-beach-rug-custom-family-name-tropic-design-08,15976463827313,gid://shopify/Product/15976463827313,https://chillgen.com/products/personalized-tropical-beach-rug-custom-family-name-tropic-design-08,https://chillgen.com/products/personalized-tropical-beach-rug-custom-family-name-tropic-design-08,en-US,US,PUBLIC_AVAILABLE,ACCESSIBLE_PUBLIC_JSON,DISCOVERED_PUBLIC_PRODUCTS_JSON,Rug,"Personalized Tropical Beach Rug, Custom Family Name Tropic - Design 08",UNKNOWN,EVERGREEN_OR_OTHER,84,products_json_page_1; https://chillgen.com/products.json?limit=250&page=1,2026-09-07T00:00:00+07:00,2026-09-07T00:00:00+07:00,admin_only_fields_unknown_without_shopify_csv,B009,COMPLETED,DRAFTED,NEEDS_REVIEW
1.0,2.4,chillgen_20260907_01,chillgen.com,personalized-tropical-beach-rug-custom-family-name-tropic-design-06,personalized-tropical-beach-rug-custom-family-name-tropic-design-06,15976463434097,gid://shopify/Product/15976463434097,https://chillgen.com/products/personalized-tropical-beach-rug-custom-family-name-tropic-design-06,https://chillgen.com/products/personalized-tropical-beach-rug-custom-family-name-tropic-design-06,en-US,US,PUBLIC_AVAILABLE,ACCESSIBLE_PUBLIC_JSON,DISCOVERED_PUBLIC_PRODUCTS_JSON,Rug,"Personalized Tropical Beach Rug, Custom Family Name Tropic - Design 06",UNKNOWN,EVERGREEN_OR_OTHER,85,products_json_page_1; https://chillgen.com/products.json?limit=250&page=1,2026-09-07T00:00:00+07:00,2026-09-07T00:00:00+07:00,admin_only_fields_unknown_without_shopify_csv,B009,COMPLETED,DRAFTED,NEEDS_REVIEW
1.0,2.4,chillgen_20260907_01,chillgen.com,personalized-tropical-beach-rug-custom-family-name-tropical-outdoor,personalized-tropical-beach-rug-custom-family-name-tropical-outdoor,15976463270257,gid://shopify/Product/15976463270257,https://chillgen.com/products/personalized-tropical-beach-rug-custom-family-name-tropical-outdoor,https://chillgen.com/products/personalized-tropical-beach-rug-custom-family-name-tropical-outdoor,en-US,US,PUBLIC_AVAILABLE,ACCESSIBLE_PUBLIC_JSON,DISCOVERED_PUBLIC_PRODUCTS_JSON,Rug,"Personalized Tropical Beach Rug, Custom Family Name Tropical Outdoor",UNKNOWN,EVERGREEN_OR_OTHER,86,products_json_page_1; https://chillgen.com/products.json?limit=250&page=1,2026-09-07T00:00:00+07:00,2026-09-07T00:00:00+07:00,admin_only_fields_unknown_without_shopify_csv,B009,COMPLETED,DRAFTED,NEEDS_REVIEW
1.0,2.4,chillgen_20260907_01,chillgen.com,personalized-calming-corner-rug-for-classroom-custom-teacher-name,personalized-calming-corner-rug-for-classroom-custom-teacher-name,15913410560369,gid://shopify/Product/15913410560369,https://chillgen.com/products/personalized-calming-corner-rug-for-classroom-custom-teacher-name,https://chillgen.com/products/personalized-calming-corner-rug-for-classroom-custom-teacher-name,en-US,US,PUBLIC_AVAILABLE,ACCESSIBLE_PUBLIC_JSON,DISCOVERED_PUBLIC_PRODUCTS_JSON,Rug,"Personalized Calming Corner Rug for Classroom, Custom Teacher Name",UNKNOWN,EVERGREEN_OR_OTHER,87,products_json_page_1; https://chillgen.com/products.json?limit=250&page=1,2026-09-07T00:00:00+07:00,2026-09-07T00:00:00+07:00,admin_only_fields_unknown_without_shopify_csv,B009,COMPLETED,DRAFTED,NEEDS_REVIEW
1.0,2.4,chillgen_20260907_01,chillgen.com,personalized-calming-corner-rug-for-classroom-custom-tea-design-100,personalized-calming-corner-rug-for-classroom-custom-tea-design-100,15913410920817,gid://shopify/Product/15913410920817,https://chillgen.com/products/personalized-calming-corner-rug-for-classroom-custom-tea-design-100,https://chillgen.com/products/personalized-calming-corner-rug-for-classroom-custom-tea-design-100,en-US,US,PUBLIC_AVAILABLE,ACCESSIBLE_PUBLIC_JSON,DISCOVERED_PUBLIC_PRODUCTS_JSON,Rug,"Personalized Calming Corner Rug for Classroom, Custom Tea - Design 100",UNKNOWN,EVERGREEN_OR_OTHER,88,products_json_page_1; https://chillgen.com/products.json?limit=250&page=1,2026-09-07T00:00:00+07:00,2026-09-07T00:00:00+07:00,admin_only_fields_unknown_without_shopify_csv,B009,COMPLETED,DRAFTED,NEEDS_REVIEW
1.0,2.4,chillgen_20260907_01,chillgen.com,personalized-calming-corner-rug-for-classroom-custom-tea-design-101,personalized-calming-corner-rug-for-classroom-custom-tea-design-101,15913410986353,gid://shopify/Product/15913410986353,https://chillgen.com/products/personalized-calming-corner-rug-for-classroom-custom-tea-design-101,https://chillgen.com/products/personalized-calming-corner-rug-for-classroom-custom-tea-design-101,en-US,US,PUBLIC_AVAILABLE,ACCESSIBLE_PUBLIC_JSON,DISCOVERED_PUBLIC_PRODUCTS_JSON,Rug,"Personalized Calming Corner Rug for Classroom, Custom Tea - Design 101",UNKNOWN,EVERGREEN_OR_OTHER,89,products_json_page_1; https://chillgen.com/products.json?limit=250&page=1,2026-09-07T00:00:00+07:00,2026-09-07T00:00:00+07:00,admin_only_fields_unknown_without_shopify_csv,B009,COMPLETED,DRAFTED,NEEDS_REVIEW
1.0,2.4,chillgen_20260907_01,chillgen.com,personalized-calming-corner-rug-for-classroom-custom-tea-design-102,personalized-calming-corner-rug-for-classroom-custom-tea-design-102,15913411346801,gid://shopify/Product/15913411346801,https://chillgen.com/products/personalized-calming-corner-rug-for-classroom-custom-tea-design-102,https://chillgen.com/products/personalized-calming-corner-rug-for-classroom-custom-tea-design-102,en-US,US,PUBLIC_AVAILABLE,ACCESSIBLE_PUBLIC_JSON,DISCOVERED_PUBLIC_PRODUCTS_JSON,Rug,"Personalized Calming Corner Rug for Classroom, Custom Tea - Design 102",UNKNOWN,EVERGREEN_OR_OTHER,90,products_json_page_1; https://chillgen.com/products.json?limit=250&page=1,2026-09-07T00:00:00+07:00,2026-09-07T00:00:00+07:00,admin_only_fields_unknown_without_shopify_csv,B009,COMPLETED,DRAFTED,NEEDS_REVIEW
1.0,2.4,chillgen_20260907_01,chillgen.com,personalized-calming-corner-rug-for-classroom-custom-tea-design-103,personalized-calming-corner-rug-for-classroom-custom-tea-design-103,15913411412337,gid://shopify/Product/15913411412337,https://chillgen.com/products/personalized-calming-corner-rug-for-classroom-custom-tea-design-103,https://chillgen.com/products/personalized-calming-corner-rug-for-classroom-custom-tea-design-103,en-US,US,PUBLIC_AVAILABLE,ACCESSIBLE_PUBLIC_JSON,DISCOVERED_PUBLIC_PRODUCTS_JSON,Rug,"Personalized Calming Corner Rug for Classroom, Custom Tea - Design 103",UNKNOWN,EVERGREEN_OR_OTHER,91,products_json_page_1; https://chillgen.com/products.json?limit=250&page=1,2026-09-07T00:00:00+07:00,2026-09-07T00:00:00+07:00,admin_only_fields_unknown_without_shopify_csv,B010,COMPLETED,DRAFTED,NEEDS_REVIEW
1.0,2.4,chillgen_20260907_01,chillgen.com,personalized-teachers-classroom-rug-custom-teacher-name-c-design-03,personalized-teachers-classroom-rug-custom-teacher-name-c-design-03,15969296777585,gid://shopify/Product/15969296777585,https://chillgen.com/products/personalized-teachers-classroom-rug-custom-teacher-name-c-design-03,https://chillgen.com/products/personalized-teachers-classroom-rug-custom-teacher-name-c-design-03,en-US,US,PUBLIC_AVAILABLE,ACCESSIBLE_PUBLIC_JSON,DISCOVERED_PUBLIC_PRODUCTS_JSON,Rug,"Personalized Teachers Classroom Rug, Custom Teacher Name C - Design 03",UNKNOWN,EVERGREEN_OR_OTHER,92,products_json_page_1; https://chillgen.com/products.json?limit=250&page=1,2026-09-07T00:00:00+07:00,2026-09-07T00:00:00+07:00,admin_only_fields_unknown_without_shopify_csv,B010,COMPLETED,DRAFTED,NEEDS_REVIEW
1.0,2.4,chillgen_20260907_01,chillgen.com,personalized-teachers-classroom-rug-custom-teacher-name-c-design-02,personalized-teachers-classroom-rug-custom-teacher-name-c-design-02,15969297170801,gid://shopify/Product/15969297170801,https://chillgen.com/products/personalized-teachers-classroom-rug-custom-teacher-name-c-design-02,https://chillgen.com/products/personalized-teachers-classroom-rug-custom-teacher-name-c-design-02,en-US,US,PUBLIC_AVAILABLE,ACCESSIBLE_PUBLIC_JSON,DISCOVERED_PUBLIC_PRODUCTS_JSON,Rug,"Personalized Teachers Classroom Rug, Custom Teacher Name C - Design 02",UNKNOWN,EVERGREEN_OR_OTHER,93,products_json_page_1; https://chillgen.com/products.json?limit=250&page=1,2026-09-07T00:00:00+07:00,2026-09-07T00:00:00+07:00,admin_only_fields_unknown_without_shopify_csv,B010,COMPLETED,DRAFTED,NEEDS_REVIEW
1.0,2.4,chillgen_20260907_01,chillgen.com,personalized-teachers-classroom-rug-custom-teacher-name-classroom,personalized-teachers-classroom-rug-custom-teacher-name-classroom,15969297269105,gid://shopify/Product/15969297269105,https://chillgen.com/products/personalized-teachers-classroom-rug-custom-teacher-name-classroom,https://chillgen.com/products/personalized-teachers-classroom-rug-custom-teacher-name-classroom,en-US,US,PUBLIC_AVAILABLE,ACCESSIBLE_PUBLIC_JSON,DISCOVERED_PUBLIC_PRODUCTS_JSON,Rug,"Personalized Teachers Classroom Rug, Custom Teacher Name Classroom",UNKNOWN,EVERGREEN_OR_OTHER,94,products_json_page_1; https://chillgen.com/products.json?limit=250&page=1,2026-09-07T00:00:00+07:00,2026-09-07T00:00:00+07:00,admin_only_fields_unknown_without_shopify_csv,B010,COMPLETED,DRAFTED,NEEDS_REVIEW
1.0,2.4,chillgen_20260907_01,chillgen.com,personalized-teachers-classroom-rug-custom-teacher-name-c-design-09,personalized-teachers-classroom-rug-custom-teacher-name-c-design-09,15969297596785,gid://shopify/Product/15969297596785,https://chillgen.com/products/personalized-teachers-classroom-rug-custom-teacher-name-c-design-09,https://chillgen.com/products/personalized-teachers-classroom-rug-custom-teacher-name-c-design-09,en-US,US,PUBLIC_AVAILABLE,ACCESSIBLE_PUBLIC_JSON,DISCOVERED_PUBLIC_PRODUCTS_JSON,Rug,"Personalized Teachers Classroom Rug, Custom Teacher Name C - Design 09",UNKNOWN,EVERGREEN_OR_OTHER,95,products_json_page_1; https://chillgen.com/products.json?limit=250&page=1,2026-09-07T00:00:00+07:00,2026-09-07T00:00:00+07:00,admin_only_fields_unknown_without_shopify_csv,B010,COMPLETED,DRAFTED,NEEDS_REVIEW
1.0,2.4,chillgen_20260907_01,chillgen.com,personalized-teachers-classroom-rug-custom-teacher-name-c-design-07,personalized-teachers-classroom-rug-custom-teacher-name-c-design-07,15969297695089,gid://shopify/Product/15969297695089,https://chillgen.com/products/personalized-teachers-classroom-rug-custom-teacher-name-c-design-07,https://chillgen.com/products/personalized-teachers-classroom-rug-custom-teacher-name-c-design-07,en-US,US,PUBLIC_AVAILABLE,ACCESSIBLE_PUBLIC_JSON,DISCOVERED_PUBLIC_PRODUCTS_JSON,Rug,"Personalized Teachers Classroom Rug, Custom Teacher Name C - Design 07",UNKNOWN,EVERGREEN_OR_OTHER,96,products_json_page_1; https://chillgen.com/products.json?limit=250&page=1,2026-09-07T00:00:00+07:00,2026-09-07T00:00:00+07:00,admin_only_fields_unknown_without_shopify_csv,B010,COMPLETED,DRAFTED,NEEDS_REVIEW
1.0,2.4,chillgen_20260907_01,chillgen.com,personalized-teachers-classroom-rug-custom-teacher-name-c-design-04,personalized-teachers-classroom-rug-custom-teacher-name-c-design-04,15969297727857,gid://shopify/Product/15969297727857,https://chillgen.com/products/personalized-teachers-classroom-rug-custom-teacher-name-c-design-04,https://chillgen.com/products/personalized-teachers-classroom-rug-custom-teacher-name-c-design-04,en-US,US,PUBLIC_AVAILABLE,ACCESSIBLE_PUBLIC_JSON,DISCOVERED_PUBLIC_PRODUCTS_JSON,Rug,"Personalized Teachers Classroom Rug, Custom Teacher Name C - Design 04",UNKNOWN,EVERGREEN_OR_OTHER,97,products_json_page_1; https://chillgen.com/products.json?limit=250&page=1,2026-09-07T00:00:00+07:00,2026-09-07T00:00:00+07:00,admin_only_fields_unknown_without_shopify_csv,B010,COMPLETED,DRAFTED,NEEDS_REVIEW
1.0,2.4,chillgen_20260907_01,chillgen.com,personalized-teachers-classroom-rug-custom-teacher-name-c-design-01,personalized-teachers-classroom-rug-custom-teacher-name-c-design-01,15969297760625,gid://shopify/Product/15969297760625,https://chillgen.com/products/personalized-teachers-classroom-rug-custom-teacher-name-c-design-01,https://chillgen.com/products/personalized-teachers-classroom-rug-custom-teacher-name-c-design-01,en-US,US,PUBLIC_AVAILABLE,ACCESSIBLE_PUBLIC_JSON,DISCOVERED_PUBLIC_PRODUCTS_JSON,Rug,"Personalized Teachers Classroom Rug, Custom Teacher Name C - Design 01",UNKNOWN,EVERGREEN_OR_OTHER,98,products_json_page_1; https://chillgen.com/products.json?limit=250&page=1,2026-09-07T00:00:00+07:00,2026-09-07T00:00:00+07:00,admin_only_fields_unknown_without_shopify_csv,B010,COMPLETED,DRAFTED,NEEDS_REVIEW
1.0,2.4,chillgen_20260907_01,chillgen.com,personalized-teachers-classroom-rug-custom-teacher-name-c-design-05,personalized-teachers-classroom-rug-custom-teacher-name-c-design-05,15969297826161,gid://shopify/Product/15969297826161,https://chillgen.com/products/personalized-teachers-classroom-rug-custom-teacher-name-c-design-05,https://chillgen.com/products/personalized-teachers-classroom-rug-custom-teacher-name-c-design-05,en-US,US,PUBLIC_AVAILABLE,ACCESSIBLE_PUBLIC_JSON,DISCOVERED_PUBLIC_PRODUCTS_JSON,Rug,"Personalized Teachers Classroom Rug, Custom Teacher Name C - Design 05",UNKNOWN,EVERGREEN_OR_OTHER,99,products_json_page_1; https://chillgen.com/products.json?limit=250&page=1,2026-09-07T00:00:00+07:00,2026-09-07T00:00:00+07:00,admin_only_fields_unknown_without_shopify_csv,B010,COMPLETED,DRAFTED,NEEDS_REVIEW
1.0,2.4,chillgen_20260907_01,chillgen.com,personalized-teachers-classroom-rug-custom-teacher-name-c-design-06,personalized-teachers-classroom-rug-custom-teacher-name-c-design-06,15969297924465,gid://shopify/Product/15969297924465,https://chillgen.com/products/personalized-teachers-classroom-rug-custom-teacher-name-c-design-06,https://chillgen.com/products/personalized-teachers-classroom-rug-custom-teacher-name-c-design-06,en-US,US,PUBLIC_AVAILABLE,ACCESSIBLE_PUBLIC_JSON,DISCOVERED_PUBLIC_PRODUCTS_JSON,Rug,"Personalized Teachers Classroom Rug, Custom Teacher Name C - Design 06",UNKNOWN,EVERGREEN_OR_OTHER,100,products_json_page_1; https://chillgen.com/products.json?limit=250&page=1,2026-09-07T00:00:00+07:00,2026-09-07T00:00:00+07:00,admin_only_fields_unknown_without_shopify_csv,B010,COMPLETED,DRAFTED,NEEDS_REVIEW
1.0,2.4,chillgen_20260907_01,chillgen.com,personalized-teacher-classroom-rug-custom-back-to-school-welcome-mat,personalized-teacher-classroom-rug-custom-back-to-school-welcome-mat,15969302446449,gid://shopify/Product/15969302446449,https://chillgen.com/products/personalized-teacher-classroom-rug-custom-back-to-school-welcome-mat,https://chillgen.com/products/personalized-teacher-classroom-rug-custom-back-to-school-welcome-mat,en-US,US,PUBLIC_AVAILABLE,ACCESSIBLE_PUBLIC_JSON,DISCOVERED_PUBLIC_PRODUCTS_JSON,Rug,"Personalized Teacher Classroom Rug, Custom Back to School Welcome Mat",UNKNOWN,EVERGREEN_OR_OTHER,101,products_json_page_1; https://chillgen.com/products.json?limit=250&page=1,2026-09-07T00:00:00+07:00,2026-09-07T00:00:00+07:00,admin_only_fields_unknown_without_shopify_csv,B011,COMPLETED,DRAFTED,NEEDS_REVIEW
1.0,2.4,chillgen_20260907_01,chillgen.com,personalized-teacher-classroom-rug-custom-back-to-school-design-100,personalized-teacher-classroom-rug-custom-back-to-school-design-100,15969302511985,gid://shopify/Product/15969302511985,https://chillgen.com/products/personalized-teacher-classroom-rug-custom-back-to-school-design-100,https://chillgen.com/products/personalized-teacher-classroom-rug-custom-back-to-school-design-100,en-US,US,PUBLIC_AVAILABLE,ACCESSIBLE_PUBLIC_JSON,DISCOVERED_PUBLIC_PRODUCTS_JSON,Rug,"Personalized Teacher Classroom Rug, Custom Back to School - Design 100",UNKNOWN,EVERGREEN_OR_OTHER,102,products_json_page_1; https://chillgen.com/products.json?limit=250&page=1,2026-09-07T00:00:00+07:00,2026-09-07T00:00:00+07:00,admin_only_fields_unknown_without_shopify_csv,B011,COMPLETED,DRAFTED,NEEDS_REVIEW
1.0,2.4,chillgen_20260907_01,chillgen.com,personalized-teacher-classroom-rug-custom-back-to-school-design-101,personalized-teacher-classroom-rug-custom-back-to-school-design-101,15969302577521,gid://shopify/Product/15969302577521,https://chillgen.com/products/personalized-teacher-classroom-rug-custom-back-to-school-design-101,https://chillgen.com/products/personalized-teacher-classroom-rug-custom-back-to-school-design-101,en-US,US,PUBLIC_AVAILABLE,ACCESSIBLE_PUBLIC_JSON,DISCOVERED_PUBLIC_PRODUCTS_JSON,Rug,"Personalized Teacher Classroom Rug, Custom Back to School - Design 101",UNKNOWN,EVERGREEN_OR_OTHER,103,products_json_page_1; https://chillgen.com/products.json?limit=250&page=1,2026-09-07T00:00:00+07:00,2026-09-07T00:00:00+07:00,admin_only_fields_unknown_without_shopify_csv,B011,COMPLETED,DRAFTED,NEEDS_REVIEW
1.0,2.4,chillgen_20260907_01,chillgen.com,personalized-teacher-classroom-rug-custom-back-to-school-design-102,personalized-teacher-classroom-rug-custom-back-to-school-design-102,15969302675825,gid://shopify/Product/15969302675825,https://chillgen.com/products/personalized-teacher-classroom-rug-custom-back-to-school-design-102,https://chillgen.com/products/personalized-teacher-classroom-rug-custom-back-to-school-design-102,en-US,US,PUBLIC_AVAILABLE,ACCESSIBLE_PUBLIC_JSON,DISCOVERED_PUBLIC_PRODUCTS_JSON,Rug,"Personalized Teacher Classroom Rug, Custom Back to School - Design 102",UNKNOWN,EVERGREEN_OR_OTHER,104,products_json_page_1; https://chillgen.com/products.json?limit=250&page=1,2026-09-07T00:00:00+07:00,2026-09-07T00:00:00+07:00,admin_only_fields_unknown_without_shopify_csv,B011,COMPLETED,DRAFTED,NEEDS_REVIEW
1.0,2.4,chillgen_20260907_01,chillgen.com,personalized-teacher-classroom-rug-custom-back-to-school-design-103,personalized-teacher-classroom-rug-custom-back-to-school-design-103,15969302774129,gid://shopify/Product/15969302774129,https://chillgen.com/products/personalized-teacher-classroom-rug-custom-back-to-school-design-103,https://chillgen.com/products/personalized-teacher-classroom-rug-custom-back-to-school-design-103,en-US,US,PUBLIC_AVAILABLE,ACCESSIBLE_PUBLIC_JSON,DISCOVERED_PUBLIC_PRODUCTS_JSON,Rug,"Personalized Teacher Classroom Rug, Custom Back to School - Design 103",UNKNOWN,EVERGREEN_OR_OTHER,105,products_json_page_1; https://chillgen.com/products.json?limit=250&page=1,2026-09-07T00:00:00+07:00,2026-09-07T00:00:00+07:00,admin_only_fields_unknown_without_shopify_csv,B011,COMPLETED,DRAFTED,NEEDS_REVIEW
1.0,2.4,chillgen_20260907_01,chillgen.com,personalized-teacher-classroom-rug-custom-back-to-school-design-104,personalized-teacher-classroom-rug-custom-back-to-school-design-104,15969303003505,gid://shopify/Product/15969303003505,https://chillgen.com/products/personalized-teacher-classroom-rug-custom-back-to-school-design-104,https://chillgen.com/products/personalized-teacher-classroom-rug-custom-back-to-school-design-104,en-US,US,PUBLIC_AVAILABLE,ACCESSIBLE_PUBLIC_JSON,DISCOVERED_PUBLIC_PRODUCTS_JSON,Rug,"Personalized Teacher Classroom Rug, Custom Back to School - Design 104",UNKNOWN,EVERGREEN_OR_OTHER,106,products_json_page_1; https://chillgen.com/products.json?limit=250&page=1,2026-09-07T00:00:00+07:00,2026-09-07T00:00:00+07:00,admin_only_fields_unknown_without_shopify_csv,B011,COMPLETED,DRAFTED,NEEDS_REVIEW
1.0,2.4,chillgen_20260907_01,chillgen.com,personalized-teacher-classroom-rug-custom-back-to-school-design-105,personalized-teacher-classroom-rug-custom-back-to-school-design-105,15969303101809,gid://shopify/Product/15969303101809,https://chillgen.com/products/personalized-teacher-classroom-rug-custom-back-to-school-design-105,https://chillgen.com/products/personalized-teacher-classroom-rug-custom-back-to-school-design-105,en-US,US,PUBLIC_AVAILABLE,ACCESSIBLE_PUBLIC_JSON,DISCOVERED_PUBLIC_PRODUCTS_JSON,Rug,"Personalized Teacher Classroom Rug, Custom Back to School - Design 105",UNKNOWN,EVERGREEN_OR_OTHER,107,products_json_page_1; https://chillgen.com/products.json?limit=250&page=1,2026-09-07T00:00:00+07:00,2026-09-07T00:00:00+07:00,admin_only_fields_unknown_without_shopify_csv,B011,COMPLETED,DRAFTED,NEEDS_REVIEW
1.0,2.4,chillgen_20260907_01,chillgen.com,personalized-teacher-classroom-rug-custom-back-to-school-design-106,personalized-teacher-classroom-rug-custom-back-to-school-design-106,15969303200113,gid://shopify/Product/15969303200113,https://chillgen.com/products/personalized-teacher-classroom-rug-custom-back-to-school-design-106,https://chillgen.com/products/personalized-teacher-classroom-rug-custom-back-to-school-design-106,en-US,US,PUBLIC_AVAILABLE,ACCESSIBLE_PUBLIC_JSON,DISCOVERED_PUBLIC_PRODUCTS_JSON,Rug,"Personalized Teacher Classroom Rug, Custom Back to School - Design 106",UNKNOWN,EVERGREEN_OR_OTHER,108,products_json_page_1; https://chillgen.com/products.json?limit=250&page=1,2026-09-07T00:00:00+07:00,2026-09-07T00:00:00+07:00,admin_only_fields_unknown_without_shopify_csv,B011,COMPLETED,DRAFTED,NEEDS_REVIEW
1.0,2.4,chillgen_20260907_01,chillgen.com,personalized-teacher-classroom-rug-custom-back-to-school-design-107,personalized-teacher-classroom-rug-custom-back-to-school-design-107,15969303265649,gid://shopify/Product/15969303265649,https://chillgen.com/products/personalized-teacher-classroom-rug-custom-back-to-school-design-107,https://chillgen.com/products/personalized-teacher-classroom-rug-custom-back-to-school-design-107,en-US,US,PUBLIC_AVAILABLE,ACCESSIBLE_PUBLIC_JSON,DISCOVERED_PUBLIC_PRODUCTS_JSON,Rug,"Personalized Teacher Classroom Rug, Custom Back to School - Design 107",UNKNOWN,EVERGREEN_OR_OTHER,109,products_json_page_1; https://chillgen.com/products.json?limit=250&page=1,2026-09-07T00:00:00+07:00,2026-09-07T00:00:00+07:00,admin_only_fields_unknown_without_shopify_csv,B011,COMPLETED,DRAFTED,NEEDS_REVIEW
1.0,2.4,chillgen_20260907_01,chillgen.com,personalized-teacher-classroom-rug-custom-back-to-school-design-108,personalized-teacher-classroom-rug-custom-back-to-school-design-108,15969303331185,gid://shopify/Product/15969303331185,https://chillgen.com/products/personalized-teacher-classroom-rug-custom-back-to-school-design-108,https://chillgen.com/products/personalized-teacher-classroom-rug-custom-back-to-school-design-108,en-US,US,PUBLIC_AVAILABLE,ACCESSIBLE_PUBLIC_JSON,DISCOVERED_PUBLIC_PRODUCTS_JSON,Rug,"Personalized Teacher Classroom Rug, Custom Back to School - Design 108",UNKNOWN,EVERGREEN_OR_OTHER,110,products_json_page_1; https://chillgen.com/products.json?limit=250&page=1,2026-09-07T00:00:00+07:00,2026-09-07T00:00:00+07:00,admin_only_fields_unknown_without_shopify_csv,B011,COMPLETED,DRAFTED,NEEDS_REVIEW
1.0,2.4,chillgen_20260907_01,chillgen.com,personalized-teacher-classroom-rug-custom-back-to-school-design-109,personalized-teacher-classroom-rug-custom-back-to-school-design-109,15969303363953,gid://shopify/Product/15969303363953,https://chillgen.com/products/personalized-teacher-classroom-rug-custom-back-to-school-design-109,https://chillgen.com/products/personalized-teacher-classroom-rug-custom-back-to-school-design-109,en-US,US,PUBLIC_AVAILABLE,ACCESSIBLE_PUBLIC_JSON,DISCOVERED_PUBLIC_PRODUCTS_JSON,Rug,"Personalized Teacher Classroom Rug, Custom Back to School - Design 109",UNKNOWN,EVERGREEN_OR_OTHER,111,products_json_page_1; https://chillgen.com/products.json?limit=250&page=1,2026-09-07T00:00:00+07:00,2026-09-07T00:00:00+07:00,admin_only_fields_unknown_without_shopify_csv,B012,COMPLETED,DRAFTED,NEEDS_REVIEW
1.0,2.4,chillgen_20260907_01,chillgen.com,personalized-teacher-classroom-rug-custom-back-to-school-design-110,personalized-teacher-classroom-rug-custom-back-to-school-design-110,15969303495025,gid://shopify/Product/15969303495025,https://chillgen.com/products/personalized-teacher-classroom-rug-custom-back-to-school-design-110,https://chillgen.com/products/personalized-teacher-classroom-rug-custom-back-to-school-design-110,en-US,US,PUBLIC_AVAILABLE,ACCESSIBLE_PUBLIC_JSON,DISCOVERED_PUBLIC_PRODUCTS_JSON,Rug,"Personalized Teacher Classroom Rug, Custom Back to School - Design 110",UNKNOWN,EVERGREEN_OR_OTHER,112,products_json_page_1; https://chillgen.com/products.json?limit=250&page=1,2026-09-07T00:00:00+07:00,2026-09-07T00:00:00+07:00,admin_only_fields_unknown_without_shopify_csv,B012,COMPLETED,DRAFTED,NEEDS_REVIEW
1.0,2.4,chillgen_20260907_01,chillgen.com,personalized-teacher-classroom-rug-custom-back-to-school-design-111,personalized-teacher-classroom-rug-custom-back-to-school-design-111,15969303527793,gid://shopify/Product/15969303527793,https://chillgen.com/products/personalized-teacher-classroom-rug-custom-back-to-school-design-111,https://chillgen.com/products/personalized-teacher-classroom-rug-custom-back-to-school-design-111,en-US,US,PUBLIC_AVAILABLE,ACCESSIBLE_PUBLIC_JSON,DISCOVERED_PUBLIC_PRODUCTS_JSON,Rug,"Personalized Teacher Classroom Rug, Custom Back to School - Design 111",UNKNOWN,EVERGREEN_OR_OTHER,113,products_json_page_1; https://chillgen.com/products.json?limit=250&page=1,2026-09-07T00:00:00+07:00,2026-09-07T00:00:00+07:00,admin_only_fields_unknown_without_shopify_csv,B012,COMPLETED,DRAFTED,NEEDS_REVIEW
1.0,2.4,chillgen_20260907_01,chillgen.com,core-vocabulary-rug-communication-rugs-for-kids-sped-classroom-rug,core-vocabulary-rug-communication-rugs-for-kids-sped-classroom-rug,15969319125361,gid://shopify/Product/15969319125361,https://chillgen.com/products/core-vocabulary-rug-communication-rugs-for-kids-sped-classroom-rug,https://chillgen.com/products/core-vocabulary-rug-communication-rugs-for-kids-sped-classroom-rug,en-US,US,PUBLIC_AVAILABLE,ACCESSIBLE_PUBLIC_JSON,DISCOVERED_PUBLIC_PRODUCTS_JSON,Rug,"Core Vocabulary Rug, Communication Rugs for Kids Sped Classroom Rug",UNKNOWN,EVERGREEN_OR_OTHER,114,products_json_page_1; https://chillgen.com/products.json?limit=250&page=1,2026-09-07T00:00:00+07:00,2026-09-07T00:00:00+07:00,admin_only_fields_unknown_without_shopify_csv,B012,COMPLETED,DRAFTED,NEEDS_REVIEW
1.0,2.4,chillgen_20260907_01,chillgen.com,core-vocabulary-rug-communication-rugs-for-kids-sped-cla-design-100,core-vocabulary-rug-communication-rugs-for-kids-sped-cla-design-100,15969319420273,gid://shopify/Product/15969319420273,https://chillgen.com/products/core-vocabulary-rug-communication-rugs-for-kids-sped-cla-design-100,https://chillgen.com/products/core-vocabulary-rug-communication-rugs-for-kids-sped-cla-design-100,en-US,US,PUBLIC_AVAILABLE,ACCESSIBLE_PUBLIC_JSON,DISCOVERED_PUBLIC_PRODUCTS_JSON,Rug,"Core Vocabulary Rug, Communication Rugs for Kids Sped Cla - Design 100",UNKNOWN,EVERGREEN_OR_OTHER,115,products_json_page_1; https://chillgen.com/products.json?limit=250&page=1,2026-09-07T00:00:00+07:00,2026-09-07T00:00:00+07:00,admin_only_fields_unknown_without_shopify_csv,B012,COMPLETED,DRAFTED,NEEDS_REVIEW
1.0,2.4,chillgen_20260907_01,chillgen.com,core-vocabulary-rug-communication-rugs-for-kids-sped-cla-design-101,core-vocabulary-rug-communication-rugs-for-kids-sped-cla-design-101,15969319682417,gid://shopify/Product/15969319682417,https://chillgen.com/products/core-vocabulary-rug-communication-rugs-for-kids-sped-cla-design-101,https://chillgen.com/products/core-vocabulary-rug-communication-rugs-for-kids-sped-cla-design-101,en-US,US,PUBLIC_AVAILABLE,ACCESSIBLE_PUBLIC_JSON,DISCOVERED_PUBLIC_PRODUCTS_JSON,Rug,"Core Vocabulary Rug, Communication Rugs for Kids Sped Cla - Design 101",UNKNOWN,EVERGREEN_OR_OTHER,116,products_json_page_1; https://chillgen.com/products.json?limit=250&page=1,2026-09-07T00:00:00+07:00,2026-09-07T00:00:00+07:00,admin_only_fields_unknown_without_shopify_csv,B012,COMPLETED,DRAFTED,NEEDS_REVIEW
1.0,2.4,chillgen_20260907_01,chillgen.com,core-vocabulary-rug-communication-rugs-for-kids-sped-cla-design-102,core-vocabulary-rug-communication-rugs-for-kids-sped-cla-design-102,15969320042865,gid://shopify/Product/15969320042865,https://chillgen.com/products/core-vocabulary-rug-communication-rugs-for-kids-sped-cla-design-102,https://chillgen.com/products/core-vocabulary-rug-communication-rugs-for-kids-sped-cla-design-102,en-US,US,PUBLIC_AVAILABLE,ACCESSIBLE_PUBLIC_JSON,DISCOVERED_PUBLIC_PRODUCTS_JSON,Rug,"Core Vocabulary Rug, Communication Rugs for Kids Sped Cla - Design 102",UNKNOWN,EVERGREEN_OR_OTHER,117,products_json_page_1; https://chillgen.com/products.json?limit=250&page=1,2026-09-07T00:00:00+07:00,2026-09-07T00:00:00+07:00,admin_only_fields_unknown_without_shopify_csv,B012,COMPLETED,DRAFTED,NEEDS_REVIEW
1.0,2.4,chillgen_20260907_01,chillgen.com,core-vocabulary-rug-communication-rugs-for-kids-sped-cla-design-103,core-vocabulary-rug-communication-rugs-for-kids-sped-cla-design-103,15969320337777,gid://shopify/Product/15969320337777,https://chillgen.com/products/core-vocabulary-rug-communication-rugs-for-kids-sped-cla-design-103,https://chillgen.com/products/core-vocabulary-rug-communication-rugs-for-kids-sped-cla-design-103,en-US,US,PUBLIC_AVAILABLE,ACCESSIBLE_PUBLIC_JSON,DISCOVERED_PUBLIC_PRODUCTS_JSON,Rug,"Core Vocabulary Rug, Communication Rugs for Kids Sped Cla - Design 103",UNKNOWN,EVERGREEN_OR_OTHER,118,products_json_page_1; https://chillgen.com/products.json?limit=250&page=1,2026-09-07T00:00:00+07:00,2026-09-07T00:00:00+07:00,admin_only_fields_unknown_without_shopify_csv,B012,COMPLETED,DRAFTED,NEEDS_REVIEW
1.0,2.4,chillgen_20260907_01,chillgen.com,core-vocabulary-rug-communication-rugs-for-kids-sped-cla-design-104,core-vocabulary-rug-communication-rugs-for-kids-sped-cla-design-104,15969320763761,gid://shopify/Product/15969320763761,https://chillgen.com/products/core-vocabulary-rug-communication-rugs-for-kids-sped-cla-design-104,https://chillgen.com/products/core-vocabulary-rug-communication-rugs-for-kids-sped-cla-design-104,en-US,US,PUBLIC_AVAILABLE,ACCESSIBLE_PUBLIC_JSON,DISCOVERED_PUBLIC_PRODUCTS_JSON,Rug,"Core Vocabulary Rug, Communication Rugs for Kids Sped Cla - Design 104",UNKNOWN,EVERGREEN_OR_OTHER,119,products_json_page_1; https://chillgen.com/products.json?limit=250&page=1,2026-09-07T00:00:00+07:00,2026-09-07T00:00:00+07:00,admin_only_fields_unknown_without_shopify_csv,B012,COMPLETED,DRAFTED,NEEDS_REVIEW
1.0,2.4,chillgen_20260907_01,chillgen.com,wheel-of-feelings-and-emotions-round-rug-educational-mental-health,wheel-of-feelings-and-emotions-round-rug-educational-mental-health,15969348387185,gid://shopify/Product/15969348387185,https://chillgen.com/products/wheel-of-feelings-and-emotions-round-rug-educational-mental-health,https://chillgen.com/products/wheel-of-feelings-and-emotions-round-rug-educational-mental-health,en-US,US,PUBLIC_AVAILABLE,ACCESSIBLE_PUBLIC_JSON,DISCOVERED_PUBLIC_PRODUCTS_JSON,Rug,"Wheel of Feelings and Emotions Round Rug, Educational Mental Health",UNKNOWN,EVERGREEN_OR_OTHER,120,products_json_page_1; https://chillgen.com/products.json?limit=250&page=1,2026-09-07T00:00:00+07:00,2026-09-07T00:00:00+07:00,admin_only_fields_unknown_without_shopify_csv,B012,COMPLETED,DRAFTED,NEEDS_REVIEW
1.0,2.4,chillgen_20260907_01,chillgen.com,wheel-of-feelings-and-emotions-round-rug-educational-men-design-100,wheel-of-feelings-and-emotions-round-rug-educational-men-design-100,15969348911473,gid://shopify/Product/15969348911473,https://chillgen.com/products/wheel-of-feelings-and-emotions-round-rug-educational-men-design-100,https://chillgen.com/products/wheel-of-feelings-and-emotions-round-rug-educational-men-design-100,en-US,US,PUBLIC_AVAILABLE,ACCESSIBLE_PUBLIC_JSON,DISCOVERED_PUBLIC_PRODUCTS_JSON,Rug,"Wheel of Feelings and Emotions Round Rug, Educational Men - Design 100",UNKNOWN,EVERGREEN_OR_OTHER,121,products_json_page_1; https://chillgen.com/products.json?limit=250&page=1,2026-09-07T00:00:00+07:00,2026-09-07T00:00:00+07:00,admin_only_fields_unknown_without_shopify_csv,B013,COMPLETED,DRAFTED,NEEDS_REVIEW
1.0,2.4,chillgen_20260907_01,chillgen.com,wheel-of-feelings-and-emotions-round-rug-educational-men-design-101,wheel-of-feelings-and-emotions-round-rug-educational-men-design-101,15969349435761,gid://shopify/Product/15969349435761,https://chillgen.com/products/wheel-of-feelings-and-emotions-round-rug-educational-men-design-101,https://chillgen.com/products/wheel-of-feelings-and-emotions-round-rug-educational-men-design-101,en-US,US,PUBLIC_AVAILABLE,ACCESSIBLE_PUBLIC_JSON,DISCOVERED_PUBLIC_PRODUCTS_JSON,Rug,"Wheel of Feelings and Emotions Round Rug, Educational Men - Design 101",UNKNOWN,EVERGREEN_OR_OTHER,122,products_json_page_1; https://chillgen.com/products.json?limit=250&page=1,2026-09-07T00:00:00+07:00,2026-09-07T00:00:00+07:00,admin_only_fields_unknown_without_shopify_csv,B013,COMPLETED,DRAFTED,NEEDS_REVIEW
1.0,2.4,chillgen_20260907_01,chillgen.com,wheel-of-feelings-and-emotions-round-rug-educational-men-design-102,wheel-of-feelings-and-emotions-round-rug-educational-men-design-102,15969349960049,gid://shopify/Product/15969349960049,https://chillgen.com/products/wheel-of-feelings-and-emotions-round-rug-educational-men-design-102,https://chillgen.com/products/wheel-of-feelings-and-emotions-round-rug-educational-men-design-102,en-US,US,PUBLIC_AVAILABLE,ACCESSIBLE_PUBLIC_JSON,DISCOVERED_PUBLIC_PRODUCTS_JSON,Rug,"Wheel of Feelings and Emotions Round Rug, Educational Men - Design 102",UNKNOWN,EVERGREEN_OR_OTHER,123,products_json_page_1; https://chillgen.com/products.json?limit=250&page=1,2026-09-07T00:00:00+07:00,2026-09-07T00:00:00+07:00,admin_only_fields_unknown_without_shopify_csv,B013,COMPLETED,DRAFTED,NEEDS_REVIEW
1.0,2.4,chillgen_20260907_01,chillgen.com,wheel-of-feelings-and-emotions-round-rug-educational-men-design-103,wheel-of-feelings-and-emotions-round-rug-educational-men-design-103,15969350680945,gid://shopify/Product/15969350680945,https://chillgen.com/products/wheel-of-feelings-and-emotions-round-rug-educational-men-design-103,https://chillgen.com/products/wheel-of-feelings-and-emotions-round-rug-educational-men-design-103,en-US,US,PUBLIC_AVAILABLE,ACCESSIBLE_PUBLIC_JSON,DISCOVERED_PUBLIC_PRODUCTS_JSON,Rug,"Wheel of Feelings and Emotions Round Rug, Educational Men - Design 103",UNKNOWN,EVERGREEN_OR_OTHER,124,products_json_page_1; https://chillgen.com/products.json?limit=250&page=1,2026-09-07T00:00:00+07:00,2026-09-07T00:00:00+07:00,admin_only_fields_unknown_without_shopify_csv,B013,COMPLETED,DRAFTED,NEEDS_REVIEW
1.0,2.4,chillgen_20260907_01,chillgen.com,wheel-of-feelings-and-emotions-round-rug-educational-men-design-104,wheel-of-feelings-and-emotions-round-rug-educational-men-design-104,15969351303537,gid://shopify/Product/15969351303537,https://chillgen.com/products/wheel-of-feelings-and-emotions-round-rug-educational-men-design-104,https://chillgen.com/products/wheel-of-feelings-and-emotions-round-rug-educational-men-design-104,en-US,US,PUBLIC_AVAILABLE,ACCESSIBLE_PUBLIC_JSON,DISCOVERED_PUBLIC_PRODUCTS_JSON,Rug,"Wheel of Feelings and Emotions Round Rug, Educational Men - Design 104",UNKNOWN,EVERGREEN_OR_OTHER,125,products_json_page_1; https://chillgen.com/products.json?limit=250&page=1,2026-09-07T00:00:00+07:00,2026-09-07T00:00:00+07:00,admin_only_fields_unknown_without_shopify_csv,B013,COMPLETED,DRAFTED,NEEDS_REVIEW
1.0,2.4,chillgen_20260907_01,chillgen.com,wheel-of-feelings-and-emotions-round-rug-educational-men-design-105,wheel-of-feelings-and-emotions-round-rug-educational-men-design-105,15969352057201,gid://shopify/Product/15969352057201,https://chillgen.com/products/wheel-of-feelings-and-emotions-round-rug-educational-men-design-105,https://chillgen.com/products/wheel-of-feelings-and-emotions-round-rug-educational-men-design-105,en-US,US,PUBLIC_AVAILABLE,ACCESSIBLE_PUBLIC_JSON,DISCOVERED_PUBLIC_PRODUCTS_JSON,Rug,"Wheel of Feelings and Emotions Round Rug, Educational Men - Design 105",UNKNOWN,EVERGREEN_OR_OTHER,126,products_json_page_1; https://chillgen.com/products.json?limit=250&page=1,2026-09-07T00:00:00+07:00,2026-09-07T00:00:00+07:00,admin_only_fields_unknown_without_shopify_csv,B013,COMPLETED,DRAFTED,NEEDS_REVIEW
1.0,2.4,chillgen_20260907_01,chillgen.com,wheel-of-feelings-and-emotions-round-rug-educational-men-design-106,wheel-of-feelings-and-emotions-round-rug-educational-men-design-106,15969352614257,gid://shopify/Product/15969352614257,https://chillgen.com/products/wheel-of-feelings-and-emotions-round-rug-educational-men-design-106,https://chillgen.com/products/wheel-of-feelings-and-emotions-round-rug-educational-men-design-106,en-US,US,PUBLIC_AVAILABLE,ACCESSIBLE_PUBLIC_JSON,DISCOVERED_PUBLIC_PRODUCTS_JSON,Rug,"Wheel of Feelings and Emotions Round Rug, Educational Men - Design 106",UNKNOWN,EVERGREEN_OR_OTHER,127,products_json_page_1; https://chillgen.com/products.json?limit=250&page=1,2026-09-07T00:00:00+07:00,2026-09-07T00:00:00+07:00,admin_only_fields_unknown_without_shopify_csv,B013,COMPLETED,DRAFTED,NEEDS_REVIEW
1.0,2.4,chillgen_20260907_01,chillgen.com,wheel-of-feelings-and-emotions-round-rug-educational-men-design-107,wheel-of-feelings-and-emotions-round-rug-educational-men-design-107,15969353335153,gid://shopify/Product/15969353335153,https://chillgen.com/products/wheel-of-feelings-and-emotions-round-rug-educational-men-design-107,https://chillgen.com/products/wheel-of-feelings-and-emotions-round-rug-educational-men-design-107,en-US,US,PUBLIC_AVAILABLE,ACCESSIBLE_PUBLIC_JSON,DISCOVERED_PUBLIC_PRODUCTS_JSON,Rug,"Wheel of Feelings and Emotions Round Rug, Educational Men - Design 107",UNKNOWN,EVERGREEN_OR_OTHER,128,products_json_page_1; https://chillgen.com/products.json?limit=250&page=1,2026-09-07T00:00:00+07:00,2026-09-07T00:00:00+07:00,admin_only_fields_unknown_without_shopify_csv,B013,COMPLETED,DRAFTED,NEEDS_REVIEW
1.0,2.4,chillgen_20260907_01,chillgen.com,wheel-of-feelings-and-emotions-round-rug-educational-men-design-108,wheel-of-feelings-and-emotions-round-rug-educational-men-design-108,15969353859441,gid://shopify/Product/15969353859441,https://chillgen.com/products/wheel-of-feelings-and-emotions-round-rug-educational-men-design-108,https://chillgen.com/products/wheel-of-feelings-and-emotions-round-rug-educational-men-design-108,en-US,US,PUBLIC_AVAILABLE,ACCESSIBLE_PUBLIC_JSON,DISCOVERED_PUBLIC_PRODUCTS_JSON,Rug,"Wheel of Feelings and Emotions Round Rug, Educational Men - Design 108",UNKNOWN,EVERGREEN_OR_OTHER,129,products_json_page_1; https://chillgen.com/products.json?limit=250&page=1,2026-09-07T00:00:00+07:00,2026-09-07T00:00:00+07:00,admin_only_fields_unknown_without_shopify_csv,B013,COMPLETED,DRAFTED,NEEDS_REVIEW
1.0,2.4,chillgen_20260907_01,chillgen.com,wheel-of-feelings-and-emotions-round-rug-educational-men-design-109,wheel-of-feelings-and-emotions-round-rug-educational-men-design-109,15969354547569,gid://shopify/Product/15969354547569,https://chillgen.com/products/wheel-of-feelings-and-emotions-round-rug-educational-men-design-109,https://chillgen.com/products/wheel-of-feelings-and-emotions-round-rug-educational-men-design-109,en-US,US,PUBLIC_AVAILABLE,ACCESSIBLE_PUBLIC_JSON,DISCOVERED_PUBLIC_PRODUCTS_JSON,Rug,"Wheel of Feelings and Emotions Round Rug, Educational Men - Design 109",UNKNOWN,EVERGREEN_OR_OTHER,130,products_json_page_1; https://chillgen.com/products.json?limit=250&page=1,2026-09-07T00:00:00+07:00,2026-09-07T00:00:00+07:00,admin_only_fields_unknown_without_shopify_csv,B013,COMPLETED,DRAFTED,NEEDS_REVIEW
1.0,2.4,chillgen_20260907_01,chillgen.com,wheel-of-feelings-and-emotions-round-rug-educational-men-design-110,wheel-of-feelings-and-emotions-round-rug-educational-men-design-110,15969355268465,gid://shopify/Product/15969355268465,https://chillgen.com/products/wheel-of-feelings-and-emotions-round-rug-educational-men-design-110,https://chillgen.com/products/wheel-of-feelings-and-emotions-round-rug-educational-men-design-110,en-US,US,PUBLIC_AVAILABLE,ACCESSIBLE_PUBLIC_JSON,DISCOVERED_PUBLIC_PRODUCTS_JSON,Rug,"Wheel of Feelings and Emotions Round Rug, Educational Men - Design 110",UNKNOWN,EVERGREEN_OR_OTHER,131,products_json_page_1; https://chillgen.com/products.json?limit=250&page=1,2026-09-07T00:00:00+07:00,2026-09-07T00:00:00+07:00,admin_only_fields_unknown_without_shopify_csv,B014,COMPLETED,DRAFTED,NEEDS_REVIEW
1.0,2.4,chillgen_20260907_01,chillgen.com,wheel-of-feelings-and-emotions-round-rug-educational-men-design-111,wheel-of-feelings-and-emotions-round-rug-educational-men-design-111,15969356382577,gid://shopify/Product/15969356382577,https://chillgen.com/products/wheel-of-feelings-and-emotions-round-rug-educational-men-design-111,https://chillgen.com/products/wheel-of-feelings-and-emotions-round-rug-educational-men-design-111,en-US,US,PUBLIC_AVAILABLE,ACCESSIBLE_PUBLIC_JSON,DISCOVERED_PUBLIC_PRODUCTS_JSON,Rug,"Wheel of Feelings and Emotions Round Rug, Educational Men - Design 111",UNKNOWN,EVERGREEN_OR_OTHER,132,products_json_page_1; https://chillgen.com/products.json?limit=250&page=1,2026-09-07T00:00:00+07:00,2026-09-07T00:00:00+07:00,admin_only_fields_unknown_without_shopify_csv,B014,COMPLETED,DRAFTED,NEEDS_REVIEW
1.0,2.4,chillgen_20260907_01,chillgen.com,halloween-door-mat-outdoor-custom-spooky-welcome-mat-with-black-cat,halloween-door-mat-outdoor-custom-spooky-welcome-mat-with-black-cat,15969434927473,gid://shopify/Product/15969434927473,https://chillgen.com/products/halloween-door-mat-outdoor-custom-spooky-welcome-mat-with-black-cat,https://chillgen.com/products/halloween-door-mat-outdoor-custom-spooky-welcome-mat-with-black-cat,en-US,US,PUBLIC_AVAILABLE,ACCESSIBLE_PUBLIC_JSON,DISCOVERED_PUBLIC_PRODUCTS_JSON,Rug,"Halloween Door Mat Outdoor, Custom Spooky Welcome Mat with Black Cat",UNKNOWN,HALLOWEEN,133,products_json_page_1; https://chillgen.com/products.json?limit=250&page=1,2026-09-07T00:00:00+07:00,2026-09-07T00:00:00+07:00,admin_only_fields_unknown_without_shopify_csv,B014,COMPLETED,DRAFTED,NEEDS_REVIEW
1.0,2.4,chillgen_20260907_01,chillgen.com,halloween-door-mat-outdoor-custom-spooky-welcome-mat-wit-design-100,halloween-door-mat-outdoor-custom-spooky-welcome-mat-wit-design-100,15969434960241,gid://shopify/Product/15969434960241,https://chillgen.com/products/halloween-door-mat-outdoor-custom-spooky-welcome-mat-wit-design-100,https://chillgen.com/products/halloween-door-mat-outdoor-custom-spooky-welcome-mat-wit-design-100,en-US,US,PUBLIC_AVAILABLE,ACCESSIBLE_PUBLIC_JSON,DISCOVERED_PUBLIC_PRODUCTS_JSON,Rug,"Halloween Door Mat Outdoor, Custom Spooky Welcome Mat wit - Design 100",UNKNOWN,HALLOWEEN,134,products_json_page_1; https://chillgen.com/products.json?limit=250&page=1,2026-09-07T00:00:00+07:00,2026-09-07T00:00:00+07:00,admin_only_fields_unknown_without_shopify_csv,B014,COMPLETED,DRAFTED,NEEDS_REVIEW
1.0,2.4,chillgen_20260907_01,chillgen.com,halloween-door-mat-outdoor-custom-spooky-welcome-mat-wit-design-101,halloween-door-mat-outdoor-custom-spooky-welcome-mat-wit-design-101,15969434993009,gid://shopify/Product/15969434993009,https://chillgen.com/products/halloween-door-mat-outdoor-custom-spooky-welcome-mat-wit-design-101,https://chillgen.com/products/halloween-door-mat-outdoor-custom-spooky-welcome-mat-wit-design-101,en-US,US,PUBLIC_AVAILABLE,ACCESSIBLE_PUBLIC_JSON,DISCOVERED_PUBLIC_PRODUCTS_JSON,Rug,"Halloween Door Mat Outdoor, Custom Spooky Welcome Mat wit - Design 101",UNKNOWN,HALLOWEEN,135,products_json_page_1; https://chillgen.com/products.json?limit=250&page=1,2026-09-07T00:00:00+07:00,2026-09-07T00:00:00+07:00,admin_only_fields_unknown_without_shopify_csv,B014,COMPLETED,DRAFTED,NEEDS_REVIEW
1.0,2.4,chillgen_20260907_01,chillgen.com,halloween-door-mat-outdoor-custom-spooky-welcome-mat-wit-design-102,halloween-door-mat-outdoor-custom-spooky-welcome-mat-wit-design-102,15969436795249,gid://shopify/Product/15969436795249,https://chillgen.com/products/halloween-door-mat-outdoor-custom-spooky-welcome-mat-wit-design-102,https://chillgen.com/products/halloween-door-mat-outdoor-custom-spooky-welcome-mat-wit-design-102,en-US,US,PUBLIC_AVAILABLE,ACCESSIBLE_PUBLIC_JSON,DISCOVERED_PUBLIC_PRODUCTS_JSON,Rug,"Halloween Door Mat Outdoor, Custom Spooky Welcome Mat wit - Design 102",UNKNOWN,HALLOWEEN,136,products_json_page_1; https://chillgen.com/products.json?limit=250&page=1,2026-09-07T00:00:00+07:00,2026-09-07T00:00:00+07:00,admin_only_fields_unknown_without_shopify_csv,B014,COMPLETED,DRAFTED,NEEDS_REVIEW
1.0,2.4,chillgen_20260907_01,chillgen.com,halloween-door-mat-outdoor-custom-spooky-welcome-mat-wit-design-103,halloween-door-mat-outdoor-custom-spooky-welcome-mat-wit-design-103,15969436828017,gid://shopify/Product/15969436828017,https://chillgen.com/products/halloween-door-mat-outdoor-custom-spooky-welcome-mat-wit-design-103,https://chillgen.com/products/halloween-door-mat-outdoor-custom-spooky-welcome-mat-wit-design-103,en-US,US,PUBLIC_AVAILABLE,ACCESSIBLE_PUBLIC_JSON,DISCOVERED_PUBLIC_PRODUCTS_JSON,Rug,"Halloween Door Mat Outdoor, Custom Spooky Welcome Mat wit - Design 103",UNKNOWN,HALLOWEEN,137,products_json_page_1; https://chillgen.com/products.json?limit=250&page=1,2026-09-07T00:00:00+07:00,2026-09-07T00:00:00+07:00,admin_only_fields_unknown_without_shopify_csv,B014,COMPLETED,DRAFTED,NEEDS_REVIEW
1.0,2.4,chillgen_20260907_01,chillgen.com,custom-halloween-3d-optical-illusion-round-rug-skeleton-horror-area,custom-halloween-3d-optical-illusion-round-rug-skeleton-horror-area,15969440596337,gid://shopify/Product/15969440596337,https://chillgen.com/products/custom-halloween-3d-optical-illusion-round-rug-skeleton-horror-area,https://chillgen.com/products/custom-halloween-3d-optical-illusion-round-rug-skeleton-horror-area,en-US,US,PUBLIC_AVAILABLE,ACCESSIBLE_PUBLIC_JSON,DISCOVERED_PUBLIC_PRODUCTS_JSON,Rug,Custom Halloween 3D Optical Illusion Round Rug Skeleton Horror Area,UNKNOWN,HALLOWEEN,138,products_json_page_1; https://chillgen.com/products.json?limit=250&page=1,2026-09-07T00:00:00+07:00,2026-09-07T00:00:00+07:00,admin_only_fields_unknown_without_shopify_csv,B014,COMPLETED,DRAFTED,NEEDS_REVIEW
1.0,2.4,chillgen_20260907_01,chillgen.com,custom-halloween-3d-optical-illusion-round-rug-skeleton-h-design-100,custom-halloween-3d-optical-illusion-round-rug-skeleton-h-design-100,15969440661873,gid://shopify/Product/15969440661873,https://chillgen.com/products/custom-halloween-3d-optical-illusion-round-rug-skeleton-h-design-100,https://chillgen.com/products/custom-halloween-3d-optical-illusion-round-rug-skeleton-h-design-100,en-US,US,PUBLIC_AVAILABLE,ACCESSIBLE_PUBLIC_JSON,DISCOVERED_PUBLIC_PRODUCTS_JSON,Rug,Custom Halloween 3D Optical Illusion Round Rug Skeleton H - Design 100,UNKNOWN,HALLOWEEN,139,products_json_page_1; https://chillgen.com/products.json?limit=250&page=1,2026-09-07T00:00:00+07:00,2026-09-07T00:00:00+07:00,admin_only_fields_unknown_without_shopify_csv,B014,COMPLETED,DRAFTED,NEEDS_REVIEW
1.0,2.4,chillgen_20260907_01,chillgen.com,custom-halloween-3d-optical-illusion-round-rug-skeleton-h-design-101,custom-halloween-3d-optical-illusion-round-rug-skeleton-h-design-101,15969440760177,gid://shopify/Product/15969440760177,https://chillgen.com/products/custom-halloween-3d-optical-illusion-round-rug-skeleton-h-design-101,https://chillgen.com/products/custom-halloween-3d-optical-illusion-round-rug-skeleton-h-design-101,en-US,US,PUBLIC_AVAILABLE,ACCESSIBLE_PUBLIC_JSON,DISCOVERED_PUBLIC_PRODUCTS_JSON,Rug,Custom Halloween 3D Optical Illusion Round Rug Skeleton H - Design 101,UNKNOWN,HALLOWEEN,140,products_json_page_1; https://chillgen.com/products.json?limit=250&page=1,2026-09-07T00:00:00+07:00,2026-09-07T00:00:00+07:00,admin_only_fields_unknown_without_shopify_csv,B014,COMPLETED,DRAFTED,NEEDS_REVIEW
1.0,2.4,chillgen_20260907_01,chillgen.com,custom-halloween-3d-optical-illusion-round-rug-skeleton-h-design-102,custom-halloween-3d-optical-illusion-round-rug-skeleton-h-design-102,15969440792945,gid://shopify/Product/15969440792945,https://chillgen.com/products/custom-halloween-3d-optical-illusion-round-rug-skeleton-h-design-102,https://chillgen.com/products/custom-halloween-3d-optical-illusion-round-rug-skeleton-h-design-102,en-US,US,PUBLIC_AVAILABLE,ACCESSIBLE_PUBLIC_JSON,DISCOVERED_PUBLIC_PRODUCTS_JSON,Rug,Custom Halloween 3D Optical Illusion Round Rug Skeleton H - Design 102,UNKNOWN,HALLOWEEN,141,products_json_page_1; https://chillgen.com/products.json?limit=250&page=1,2026-09-07T00:00:00+07:00,2026-09-07T00:00:00+07:00,admin_only_fields_unknown_without_shopify_csv,B015,COMPLETED,DRAFTED,NEEDS_REVIEW
1.0,2.4,chillgen_20260907_01,chillgen.com,custom-halloween-3d-optical-illusion-round-rug-skeleton-h-design-103,custom-halloween-3d-optical-illusion-round-rug-skeleton-h-design-103,15969440924017,gid://shopify/Product/15969440924017,https://chillgen.com/products/custom-halloween-3d-optical-illusion-round-rug-skeleton-h-design-103,https://chillgen.com/products/custom-halloween-3d-optical-illusion-round-rug-skeleton-h-design-103,en-US,US,PUBLIC_AVAILABLE,ACCESSIBLE_PUBLIC_JSON,DISCOVERED_PUBLIC_PRODUCTS_JSON,Rug,Custom Halloween 3D Optical Illusion Round Rug Skeleton H - Design 103,UNKNOWN,HALLOWEEN,142,products_json_page_1; https://chillgen.com/products.json?limit=250&page=1,2026-09-07T00:00:00+07:00,2026-09-07T00:00:00+07:00,admin_only_fields_unknown_without_shopify_csv,B015,COMPLETED,DRAFTED,NEEDS_REVIEW
1.0,2.4,chillgen_20260907_01,chillgen.com,custom-halloween-3d-optical-illusion-round-rug-skeleton-h-design-104,custom-halloween-3d-optical-illusion-round-rug-skeleton-h-design-104,15969441022321,gid://shopify/Product/15969441022321,https://chillgen.com/products/custom-halloween-3d-optical-illusion-round-rug-skeleton-h-design-104,https://chillgen.com/products/custom-halloween-3d-optical-illusion-round-rug-skeleton-h-design-104,en-US,US,PUBLIC_AVAILABLE,ACCESSIBLE_PUBLIC_JSON,DISCOVERED_PUBLIC_PRODUCTS_JSON,Rug,Custom Halloween 3D Optical Illusion Round Rug Skeleton H - Design 104,UNKNOWN,HALLOWEEN,143,products_json_page_1; https://chillgen.com/products.json?limit=250&page=1,2026-09-07T00:00:00+07:00,2026-09-07T00:00:00+07:00,admin_only_fields_unknown_without_shopify_csv,B015,COMPLETED,DRAFTED,NEEDS_REVIEW
1.0,2.4,chillgen_20260907_01,chillgen.com,custom-halloween-3d-optical-illusion-round-rug-skeleton-h-design-105,custom-halloween-3d-optical-illusion-round-rug-skeleton-h-design-105,15969441055089,gid://shopify/Product/15969441055089,https://chillgen.com/products/custom-halloween-3d-optical-illusion-round-rug-skeleton-h-design-105,https://chillgen.com/products/custom-halloween-3d-optical-illusion-round-rug-skeleton-h-design-105,en-US,US,PUBLIC_AVAILABLE,ACCESSIBLE_PUBLIC_JSON,DISCOVERED_PUBLIC_PRODUCTS_JSON,Rug,Custom Halloween 3D Optical Illusion Round Rug Skeleton H - Design 105,UNKNOWN,HALLOWEEN,144,products_json_page_1; https://chillgen.com/products.json?limit=250&page=1,2026-09-07T00:00:00+07:00,2026-09-07T00:00:00+07:00,admin_only_fields_unknown_without_shopify_csv,B015,COMPLETED,DRAFTED,NEEDS_REVIEW
1.0,2.4,chillgen_20260907_01,chillgen.com,custom-halloween-3d-optical-illusion-round-rug-skeleton-h-design-106,custom-halloween-3d-optical-illusion-round-rug-skeleton-h-design-106,15969441087857,gid://shopify/Product/15969441087857,https://chillgen.com/products/custom-halloween-3d-optical-illusion-round-rug-skeleton-h-design-106,https://chillgen.com/products/custom-halloween-3d-optical-illusion-round-rug-skeleton-h-design-106,en-US,US,PUBLIC_AVAILABLE,ACCESSIBLE_PUBLIC_JSON,DISCOVERED_PUBLIC_PRODUCTS_JSON,Rug,Custom Halloween 3D Optical Illusion Round Rug Skeleton H - Design 106,UNKNOWN,HALLOWEEN,145,products_json_page_1; https://chillgen.com/products.json?limit=250&page=1,2026-09-07T00:00:00+07:00,2026-09-07T00:00:00+07:00,admin_only_fields_unknown_without_shopify_csv,B015,COMPLETED,DRAFTED,NEEDS_REVIEW
1.0,2.4,chillgen_20260907_01,chillgen.com,custom-halloween-3d-optical-illusion-round-rug-skeleton-h-design-107,custom-halloween-3d-optical-illusion-round-rug-skeleton-h-design-107,15969441186161,gid://shopify/Product/15969441186161,https://chillgen.com/products/custom-halloween-3d-optical-illusion-round-rug-skeleton-h-design-107,https://chillgen.com/products/custom-halloween-3d-optical-illusion-round-rug-skeleton-h-design-107,en-US,US,PUBLIC_AVAILABLE,ACCESSIBLE_PUBLIC_JSON,DISCOVERED_PUBLIC_PRODUCTS_JSON,Rug,Custom Halloween 3D Optical Illusion Round Rug Skeleton H - Design 107,UNKNOWN,HALLOWEEN,146,products_json_page_1; https://chillgen.com/products.json?limit=250&page=1,2026-09-07T00:00:00+07:00,2026-09-07T00:00:00+07:00,admin_only_fields_unknown_without_shopify_csv,B015,COMPLETED,DRAFTED,NEEDS_REVIEW
1.0,2.4,chillgen_20260907_01,chillgen.com,custom-halloween-3d-optical-illusion-round-rug-skeleton-h-design-108,custom-halloween-3d-optical-illusion-round-rug-skeleton-h-design-108,15969441284465,gid://shopify/Product/15969441284465,https://chillgen.com/products/custom-halloween-3d-optical-illusion-round-rug-skeleton-h-design-108,https://chillgen.com/products/custom-halloween-3d-optical-illusion-round-rug-skeleton-h-design-108,en-US,US,PUBLIC_AVAILABLE,ACCESSIBLE_PUBLIC_JSON,DISCOVERED_PUBLIC_PRODUCTS_JSON,Rug,Custom Halloween 3D Optical Illusion Round Rug Skeleton H - Design 108,UNKNOWN,HALLOWEEN,147,products_json_page_1; https://chillgen.com/products.json?limit=250&page=1,2026-09-07T00:00:00+07:00,2026-09-07T00:00:00+07:00,admin_only_fields_unknown_without_shopify_csv,B015,COMPLETED,DRAFTED,NEEDS_REVIEW
1.0,2.4,chillgen_20260907_01,chillgen.com,custom-halloween-3d-optical-illusion-round-rug-skeleton-h-design-109,custom-halloween-3d-optical-illusion-round-rug-skeleton-h-design-109,15969441350001,gid://shopify/Product/15969441350001,https://chillgen.com/products/custom-halloween-3d-optical-illusion-round-rug-skeleton-h-design-109,https://chillgen.com/products/custom-halloween-3d-optical-illusion-round-rug-skeleton-h-design-109,en-US,US,PUBLIC_AVAILABLE,ACCESSIBLE_PUBLIC_JSON,DISCOVERED_PUBLIC_PRODUCTS_JSON,Rug,Custom Halloween 3D Optical Illusion Round Rug Skeleton H - Design 109,UNKNOWN,HALLOWEEN,148,products_json_page_1; https://chillgen.com/products.json?limit=250&page=1,2026-09-07T00:00:00+07:00,2026-09-07T00:00:00+07:00,admin_only_fields_unknown_without_shopify_csv,B015,COMPLETED,DRAFTED,NEEDS_REVIEW
1.0,2.4,chillgen_20260907_01,chillgen.com,custom-halloween-3d-optical-illusion-round-rug-skeleton-h-design-110,custom-halloween-3d-optical-illusion-round-rug-skeleton-h-design-110,15969441382769,gid://shopify/Product/15969441382769,https://chillgen.com/products/custom-halloween-3d-optical-illusion-round-rug-skeleton-h-design-110,https://chillgen.com/products/custom-halloween-3d-optical-illusion-round-rug-skeleton-h-design-110,en-US,US,PUBLIC_AVAILABLE,ACCESSIBLE_PUBLIC_JSON,DISCOVERED_PUBLIC_PRODUCTS_JSON,Rug,Custom Halloween 3D Optical Illusion Round Rug Skeleton H - Design 110,UNKNOWN,HALLOWEEN,149,products_json_page_1; https://chillgen.com/products.json?limit=250&page=1,2026-09-07T00:00:00+07:00,2026-09-07T00:00:00+07:00,admin_only_fields_unknown_without_shopify_csv,B015,COMPLETED,DRAFTED,NEEDS_REVIEW
1.0,2.4,chillgen_20260907_01,chillgen.com,custom-halloween-3d-optical-illusion-round-rug-skeleton-h-design-111,custom-halloween-3d-optical-illusion-round-rug-skeleton-h-design-111,15969442267505,gid://shopify/Product/15969442267505,https://chillgen.com/products/custom-halloween-3d-optical-illusion-round-rug-skeleton-h-design-111,https://chillgen.com/products/custom-halloween-3d-optical-illusion-round-rug-skeleton-h-design-111,en-US,US,PUBLIC_AVAILABLE,ACCESSIBLE_PUBLIC_JSON,DISCOVERED_PUBLIC_PRODUCTS_JSON,Rug,Custom Halloween 3D Optical Illusion Round Rug Skeleton H - Design 111,UNKNOWN,HALLOWEEN,150,products_json_page_1; https://chillgen.com/products.json?limit=250&page=1,2026-09-07T00:00:00+07:00,2026-09-07T00:00:00+07:00,admin_only_fields_unknown_without_shopify_csv,B015,COMPLETED,DRAFTED,NEEDS_REVIEW
1.0,2.4,chillgen_20260907_01,chillgen.com,custom-halloween-3d-optical-illusion-round-rug-skeleton-h-design-112,custom-halloween-3d-optical-illusion-round-rug-skeleton-h-design-112,15969442365809,gid://shopify/Product/15969442365809,https://chillgen.com/products/custom-halloween-3d-optical-illusion-round-rug-skeleton-h-design-112,https://chillgen.com/products/custom-halloween-3d-optical-illusion-round-rug-skeleton-h-design-112,en-US,US,PUBLIC_AVAILABLE,ACCESSIBLE_PUBLIC_JSON,DISCOVERED_PUBLIC_PRODUCTS_JSON,Rug,Custom Halloween 3D Optical Illusion Round Rug Skeleton H - Design 112,UNKNOWN,HALLOWEEN,151,products_json_page_1; https://chillgen.com/products.json?limit=250&page=1,2026-09-07T00:00:00+07:00,2026-09-07T00:00:00+07:00,admin_only_fields_unknown_without_shopify_csv,B016,COMPLETED,DRAFTED,NEEDS_REVIEW
1.0,2.4,chillgen_20260907_01,chillgen.com,custom-halloween-3d-optical-illusion-round-rug-skeleton-h-design-113,custom-halloween-3d-optical-illusion-round-rug-skeleton-h-design-113,15969442398577,gid://shopify/Product/15969442398577,https://chillgen.com/products/custom-halloween-3d-optical-illusion-round-rug-skeleton-h-design-113,https://chillgen.com/products/custom-halloween-3d-optical-illusion-round-rug-skeleton-h-design-113,en-US,US,PUBLIC_AVAILABLE,ACCESSIBLE_PUBLIC_JSON,DISCOVERED_PUBLIC_PRODUCTS_JSON,Rug,Custom Halloween 3D Optical Illusion Round Rug Skeleton H - Design 113,UNKNOWN,HALLOWEEN,152,products_json_page_1; https://chillgen.com/products.json?limit=250&page=1,2026-09-07T00:00:00+07:00,2026-09-07T00:00:00+07:00,admin_only_fields_unknown_without_shopify_csv,B016,COMPLETED,DRAFTED,NEEDS_REVIEW
1.0,2.4,chillgen_20260907_01,chillgen.com,custom-halloween-3d-optical-illusion-round-rug-skeleton-h-design-114,custom-halloween-3d-optical-illusion-round-rug-skeleton-h-design-114,15969442431345,gid://shopify/Product/15969442431345,https://chillgen.com/products/custom-halloween-3d-optical-illusion-round-rug-skeleton-h-design-114,https://chillgen.com/products/custom-halloween-3d-optical-illusion-round-rug-skeleton-h-design-114,en-US,US,PUBLIC_AVAILABLE,ACCESSIBLE_PUBLIC_JSON,DISCOVERED_PUBLIC_PRODUCTS_JSON,Rug,Custom Halloween 3D Optical Illusion Round Rug Skeleton H - Design 114,UNKNOWN,HALLOWEEN,153,products_json_page_1; https://chillgen.com/products.json?limit=250&page=1,2026-09-07T00:00:00+07:00,2026-09-07T00:00:00+07:00,admin_only_fields_unknown_without_shopify_csv,B016,COMPLETED,DRAFTED,NEEDS_REVIEW
1.0,2.4,chillgen_20260907_01,chillgen.com,personalized-orthodox-christian-area-rug-custom-eastern-orthodox,personalized-orthodox-christian-area-rug-custom-eastern-orthodox,15969450918257,gid://shopify/Product/15969450918257,https://chillgen.com/products/personalized-orthodox-christian-area-rug-custom-eastern-orthodox,https://chillgen.com/products/personalized-orthodox-christian-area-rug-custom-eastern-orthodox,en-US,US,PUBLIC_AVAILABLE,ACCESSIBLE_PUBLIC_JSON,DISCOVERED_PUBLIC_PRODUCTS_JSON,Rug,"Personalized Orthodox Christian Area Rug, Custom Eastern Orthodox",UNKNOWN,EVERGREEN_OR_OTHER,154,products_json_page_1; https://chillgen.com/products.json?limit=250&page=1,2026-09-07T00:00:00+07:00,2026-09-07T00:00:00+07:00,admin_only_fields_unknown_without_shopify_csv,B016,COMPLETED,DRAFTED,NEEDS_REVIEW
1.0,2.4,chillgen_20260907_01,chillgen.com,personalized-orthodox-christian-area-rug-custom-eastern-design-100,personalized-orthodox-christian-area-rug-custom-eastern-design-100,15969450951025,gid://shopify/Product/15969450951025,https://chillgen.com/products/personalized-orthodox-christian-area-rug-custom-eastern-design-100,https://chillgen.com/products/personalized-orthodox-christian-area-rug-custom-eastern-design-100,en-US,US,PUBLIC_AVAILABLE,ACCESSIBLE_PUBLIC_JSON,DISCOVERED_PUBLIC_PRODUCTS_JSON,Rug,"Personalized Orthodox Christian Area Rug, Custom Eastern - Design 100",UNKNOWN,EVERGREEN_OR_OTHER,155,products_json_page_1; https://chillgen.com/products.json?limit=250&page=1,2026-09-07T00:00:00+07:00,2026-09-07T00:00:00+07:00,admin_only_fields_unknown_without_shopify_csv,B016,COMPLETED,DRAFTED,NEEDS_REVIEW
1.0,2.4,chillgen_20260907_01,chillgen.com,personalized-orthodox-christian-area-rug-custom-eastern-design-101,personalized-orthodox-christian-area-rug-custom-eastern-design-101,15969451049329,gid://shopify/Product/15969451049329,https://chillgen.com/products/personalized-orthodox-christian-area-rug-custom-eastern-design-101,https://chillgen.com/products/personalized-orthodox-christian-area-rug-custom-eastern-design-101,en-US,US,PUBLIC_AVAILABLE,ACCESSIBLE_PUBLIC_JSON,DISCOVERED_PUBLIC_PRODUCTS_JSON,Rug,"Personalized Orthodox Christian Area Rug, Custom Eastern - Design 101",UNKNOWN,EVERGREEN_OR_OTHER,156,products_json_page_1; https://chillgen.com/products.json?limit=250&page=1,2026-09-07T00:00:00+07:00,2026-09-07T00:00:00+07:00,admin_only_fields_unknown_without_shopify_csv,B016,COMPLETED,DRAFTED,NEEDS_REVIEW
1.0,2.4,chillgen_20260907_01,chillgen.com,personalized-orthodox-christian-area-rug-custom-eastern-design-102,personalized-orthodox-christian-area-rug-custom-eastern-design-102,15969451114865,gid://shopify/Product/15969451114865,https://chillgen.com/products/personalized-orthodox-christian-area-rug-custom-eastern-design-102,https://chillgen.com/products/personalized-orthodox-christian-area-rug-custom-eastern-design-102,en-US,US,PUBLIC_AVAILABLE,ACCESSIBLE_PUBLIC_JSON,DISCOVERED_PUBLIC_PRODUCTS_JSON,Rug,"Personalized Orthodox Christian Area Rug, Custom Eastern - Design 102",UNKNOWN,EVERGREEN_OR_OTHER,157,products_json_page_1; https://chillgen.com/products.json?limit=250&page=1,2026-09-07T00:00:00+07:00,2026-09-07T00:00:00+07:00,admin_only_fields_unknown_without_shopify_csv,B016,COMPLETED,DRAFTED,NEEDS_REVIEW
1.0,2.4,chillgen_20260907_01,chillgen.com,personalized-orthodox-christian-area-rug-custom-eastern-design-103,personalized-orthodox-christian-area-rug-custom-eastern-design-103,15969451147633,gid://shopify/Product/15969451147633,https://chillgen.com/products/personalized-orthodox-christian-area-rug-custom-eastern-design-103,https://chillgen.com/products/personalized-orthodox-christian-area-rug-custom-eastern-design-103,en-US,US,PUBLIC_AVAILABLE,ACCESSIBLE_PUBLIC_JSON,DISCOVERED_PUBLIC_PRODUCTS_JSON,Rug,"Personalized Orthodox Christian Area Rug, Custom Eastern - Design 103",UNKNOWN,EVERGREEN_OR_OTHER,158,products_json_page_1; https://chillgen.com/products.json?limit=250&page=1,2026-09-07T00:00:00+07:00,2026-09-07T00:00:00+07:00,admin_only_fields_unknown_without_shopify_csv,B016,COMPLETED,DRAFTED,NEEDS_REVIEW
1.0,2.4,chillgen_20260907_01,chillgen.com,personalized-orthodox-christian-area-rug-custom-eastern-design-104,personalized-orthodox-christian-area-rug-custom-eastern-design-104,15969451180401,gid://shopify/Product/15969451180401,https://chillgen.com/products/personalized-orthodox-christian-area-rug-custom-eastern-design-104,https://chillgen.com/products/personalized-orthodox-christian-area-rug-custom-eastern-design-104,en-US,US,PUBLIC_AVAILABLE,ACCESSIBLE_PUBLIC_JSON,DISCOVERED_PUBLIC_PRODUCTS_JSON,Rug,"Personalized Orthodox Christian Area Rug, Custom Eastern - Design 104",UNKNOWN,EVERGREEN_OR_OTHER,159,products_json_page_1; https://chillgen.com/products.json?limit=250&page=1,2026-09-07T00:00:00+07:00,2026-09-07T00:00:00+07:00,admin_only_fields_unknown_without_shopify_csv,B016,COMPLETED,DRAFTED,NEEDS_REVIEW
1.0,2.4,chillgen_20260907_01,chillgen.com,personalized-orthodox-christian-area-rug-custom-eastern-design-105,personalized-orthodox-christian-area-rug-custom-eastern-design-105,15969451213169,gid://shopify/Product/15969451213169,https://chillgen.com/products/personalized-orthodox-christian-area-rug-custom-eastern-design-105,https://chillgen.com/products/personalized-orthodox-christian-area-rug-custom-eastern-design-105,en-US,US,PUBLIC_AVAILABLE,ACCESSIBLE_PUBLIC_JSON,DISCOVERED_PUBLIC_PRODUCTS_JSON,Rug,"Personalized Orthodox Christian Area Rug, Custom Eastern - Design 105",UNKNOWN,EVERGREEN_OR_OTHER,160,products_json_page_1; https://chillgen.com/products.json?limit=250&page=1,2026-09-07T00:00:00+07:00,2026-09-07T00:00:00+07:00,admin_only_fields_unknown_without_shopify_csv,B016,COMPLETED,DRAFTED,NEEDS_REVIEW
1.0,2.4,chillgen_20260907_01,chillgen.com,personalized-orthodox-christian-area-rug-custom-eastern-design-106,personalized-orthodox-christian-area-rug-custom-eastern-design-106,15969451311473,gid://shopify/Product/15969451311473,https://chillgen.com/products/personalized-orthodox-christian-area-rug-custom-eastern-design-106,https://chillgen.com/products/personalized-orthodox-christian-area-rug-custom-eastern-design-106,en-US,US,PUBLIC_AVAILABLE,ACCESSIBLE_PUBLIC_JSON,DISCOVERED_PUBLIC_PRODUCTS_JSON,Rug,"Personalized Orthodox Christian Area Rug, Custom Eastern - Design 106",UNKNOWN,EVERGREEN_OR_OTHER,161,products_json_page_1; https://chillgen.com/products.json?limit=250&page=1,2026-09-07T00:00:00+07:00,2026-09-07T00:00:00+07:00,admin_only_fields_unknown_without_shopify_csv,B017,COMPLETED,DRAFTED,NEEDS_REVIEW
1.0,2.4,chillgen_20260907_01,chillgen.com,personalized-orthodox-christian-area-rug-custom-eastern-design-107,personalized-orthodox-christian-area-rug-custom-eastern-design-107,15969451344241,gid://shopify/Product/15969451344241,https://chillgen.com/products/personalized-orthodox-christian-area-rug-custom-eastern-design-107,https://chillgen.com/products/personalized-orthodox-christian-area-rug-custom-eastern-design-107,en-US,US,PUBLIC_AVAILABLE,ACCESSIBLE_PUBLIC_JSON,DISCOVERED_PUBLIC_PRODUCTS_JSON,Rug,"Personalized Orthodox Christian Area Rug, Custom Eastern - Design 107",UNKNOWN,EVERGREEN_OR_OTHER,162,products_json_page_1; https://chillgen.com/products.json?limit=250&page=1,2026-09-07T00:00:00+07:00,2026-09-07T00:00:00+07:00,admin_only_fields_unknown_without_shopify_csv,B017,COMPLETED,DRAFTED,NEEDS_REVIEW
1.0,2.4,chillgen_20260907_01,chillgen.com,personalized-orthodox-christian-area-rug-custom-eastern-design-108,personalized-orthodox-christian-area-rug-custom-eastern-design-108,15969451409777,gid://shopify/Product/15969451409777,https://chillgen.com/products/personalized-orthodox-christian-area-rug-custom-eastern-design-108,https://chillgen.com/products/personalized-orthodox-christian-area-rug-custom-eastern-design-108,en-US,US,PUBLIC_AVAILABLE,ACCESSIBLE_PUBLIC_JSON,DISCOVERED_PUBLIC_PRODUCTS_JSON,Rug,"Personalized Orthodox Christian Area Rug, Custom Eastern - Design 108",UNKNOWN,EVERGREEN_OR_OTHER,163,products_json_page_1; https://chillgen.com/products.json?limit=250&page=1,2026-09-07T00:00:00+07:00,2026-09-07T00:00:00+07:00,admin_only_fields_unknown_without_shopify_csv,B017,COMPLETED,DRAFTED,NEEDS_REVIEW
1.0,2.4,chillgen_20260907_01,chillgen.com,personalized-composition-notebook-classroom-shaped-rugs-for-kids-a01,personalized-composition-notebook-classroom-shaped-rugs-for-kids-a01,15969459339633,gid://shopify/Product/15969459339633,https://chillgen.com/products/personalized-composition-notebook-classroom-shaped-rugs-for-kids-a01,https://chillgen.com/products/personalized-composition-notebook-classroom-shaped-rugs-for-kids-a01,en-US,US,PUBLIC_AVAILABLE,ACCESSIBLE_PUBLIC_JSON,DISCOVERED_PUBLIC_PRODUCTS_JSON,Rug,Personalized Composition Notebook Classroom Shaped Rugs for Kids (A01),UNKNOWN,EVERGREEN_OR_OTHER,164,products_json_page_1; https://chillgen.com/products.json?limit=250&page=1,2026-09-07T00:00:00+07:00,2026-09-07T00:00:00+07:00,admin_only_fields_unknown_without_shopify_csv,B017,COMPLETED,DRAFTED,NEEDS_REVIEW
1.0,2.4,chillgen_20260907_01,chillgen.com,personalized-composition-notebook-classroom-shaped-rugs-design-2222,personalized-composition-notebook-classroom-shaped-rugs-design-2222,15969459372401,gid://shopify/Product/15969459372401,https://chillgen.com/products/personalized-composition-notebook-classroom-shaped-rugs-design-2222,https://chillgen.com/products/personalized-composition-notebook-classroom-shaped-rugs-design-2222,en-US,US,PUBLIC_AVAILABLE,ACCESSIBLE_PUBLIC_JSON,DISCOVERED_PUBLIC_PRODUCTS_JSON,Rug,Personalized Composition Notebook Classroom Shaped Rugs - Design 2222,UNKNOWN,EVERGREEN_OR_OTHER,165,products_json_page_1; https://chillgen.com/products.json?limit=250&page=1,2026-09-07T00:00:00+07:00,2026-09-07T00:00:00+07:00,admin_only_fields_unknown_without_shopify_csv,B017,COMPLETED,DRAFTED,NEEDS_REVIEW
1.0,2.4,chillgen_20260907_01,chillgen.com,personalized-composition-notebook-classroom-shaped-rugs-design-2223,personalized-composition-notebook-classroom-shaped-rugs-design-2223,15969459470705,gid://shopify/Product/15969459470705,https://chillgen.com/products/personalized-composition-notebook-classroom-shaped-rugs-design-2223,https://chillgen.com/products/personalized-composition-notebook-classroom-shaped-rugs-design-2223,en-US,US,PUBLIC_AVAILABLE,ACCESSIBLE_PUBLIC_JSON,DISCOVERED_PUBLIC_PRODUCTS_JSON,Rug,Personalized Composition Notebook Classroom Shaped Rugs - Design 2223,UNKNOWN,EVERGREEN_OR_OTHER,166,products_json_page_1; https://chillgen.com/products.json?limit=250&page=1,2026-09-07T00:00:00+07:00,2026-09-07T00:00:00+07:00,admin_only_fields_unknown_without_shopify_csv,B017,COMPLETED,DRAFTED,NEEDS_REVIEW
1.0,2.4,chillgen_20260907_01,chillgen.com,personalized-composition-notebook-classroom-shaped-rugs-design-2224,personalized-composition-notebook-classroom-shaped-rugs-design-2224,15969459569009,gid://shopify/Product/15969459569009,https://chillgen.com/products/personalized-composition-notebook-classroom-shaped-rugs-design-2224,https://chillgen.com/products/personalized-composition-notebook-classroom-shaped-rugs-design-2224,en-US,US,PUBLIC_AVAILABLE,ACCESSIBLE_PUBLIC_JSON,DISCOVERED_PUBLIC_PRODUCTS_JSON,Rug,Personalized Composition Notebook Classroom Shaped Rugs - Design 2224,UNKNOWN,EVERGREEN_OR_OTHER,167,products_json_page_1; https://chillgen.com/products.json?limit=250&page=1,2026-09-07T00:00:00+07:00,2026-09-07T00:00:00+07:00,admin_only_fields_unknown_without_shopify_csv,B017,COMPLETED,DRAFTED,NEEDS_REVIEW
1.0,2.4,chillgen_20260907_01,chillgen.com,personalized-composition-notebook-classroom-shaped-rugs-design-2225,personalized-composition-notebook-classroom-shaped-rugs-design-2225,15969459634545,gid://shopify/Product/15969459634545,https://chillgen.com/products/personalized-composition-notebook-classroom-shaped-rugs-design-2225,https://chillgen.com/products/personalized-composition-notebook-classroom-shaped-rugs-design-2225,en-US,US,PUBLIC_AVAILABLE,ACCESSIBLE_PUBLIC_JSON,DISCOVERED_PUBLIC_PRODUCTS_JSON,Rug,Personalized Composition Notebook Classroom Shaped Rugs - Design 2225,UNKNOWN,EVERGREEN_OR_OTHER,168,products_json_page_1; https://chillgen.com/products.json?limit=250&page=1,2026-09-07T00:00:00+07:00,2026-09-07T00:00:00+07:00,admin_only_fields_unknown_without_shopify_csv,B017,COMPLETED,DRAFTED,NEEDS_REVIEW
1.0,2.4,chillgen_20260907_01,chillgen.com,personalized-family-couple-doormat-custom-couple-husband-design-05,personalized-family-couple-doormat-custom-couple-husband-design-05,15969448165745,gid://shopify/Product/15969448165745,https://chillgen.com/products/personalized-family-couple-doormat-custom-couple-husband-design-05,https://chillgen.com/products/personalized-family-couple-doormat-custom-couple-husband-design-05,en-US,US,PUBLIC_AVAILABLE,ACCESSIBLE_PUBLIC_JSON,DISCOVERED_PUBLIC_PRODUCTS_JSON,Rug,"Personalized Family Couple Doormat, Custom Couple Husband - Design 05",UNKNOWN,EVERGREEN_OR_OTHER,169,products_json_page_1; https://chillgen.com/products.json?limit=250&page=1,2026-09-07T00:00:00+07:00,2026-09-07T00:00:00+07:00,admin_only_fields_unknown_without_shopify_csv,B017,COMPLETED,DRAFTED,NEEDS_REVIEW
1.0,2.4,chillgen_20260907_01,chillgen.com,personalized-family-couple-doormat-custom-couple-husband-design-03,personalized-family-couple-doormat-custom-couple-husband-design-03,15969443709297,gid://shopify/Product/15969443709297,https://chillgen.com/products/personalized-family-couple-doormat-custom-couple-husband-design-03,https://chillgen.com/products/personalized-family-couple-doormat-custom-couple-husband-design-03,en-US,US,PUBLIC_AVAILABLE,ACCESSIBLE_PUBLIC_JSON,DISCOVERED_PUBLIC_PRODUCTS_JSON,Rug,"Personalized Family Couple Doormat, Custom Couple Husband - Design 03",UNKNOWN,EVERGREEN_OR_OTHER,170,products_json_page_1; https://chillgen.com/products.json?limit=250&page=1,2026-09-07T00:00:00+07:00,2026-09-07T00:00:00+07:00,admin_only_fields_unknown_without_shopify_csv,B017,COMPLETED,DRAFTED,NEEDS_REVIEW
1.0,2.4,chillgen_20260907_01,chillgen.com,personalized-family-couple-doormat-custom-couple-husband-design-04,personalized-family-couple-doormat-custom-couple-husband-design-04,15969437286769,gid://shopify/Product/15969437286769,https://chillgen.com/products/personalized-family-couple-doormat-custom-couple-husband-design-04,https://chillgen.com/products/personalized-family-couple-doormat-custom-couple-husband-design-04,en-US,US,PUBLIC_AVAILABLE,ACCESSIBLE_PUBLIC_JSON,DISCOVERED_PUBLIC_PRODUCTS_JSON,Rug,"Personalized Family Couple Doormat, Custom Couple Husband - Design 04",UNKNOWN,EVERGREEN_OR_OTHER,171,products_json_page_1; https://chillgen.com/products.json?limit=250&page=1,2026-09-07T00:00:00+07:00,2026-09-07T00:00:00+07:00,admin_only_fields_unknown_without_shopify_csv,B018,COMPLETED,DRAFTED,NEEDS_REVIEW
1.0,2.4,chillgen_20260907_01,chillgen.com,personalized-family-couple-doormat-custom-couple-husband-design-02,personalized-family-couple-doormat-custom-couple-husband-design-02,15969433944433,gid://shopify/Product/15969433944433,https://chillgen.com/products/personalized-family-couple-doormat-custom-couple-husband-design-02,https://chillgen.com/products/personalized-family-couple-doormat-custom-couple-husband-design-02,en-US,US,PUBLIC_AVAILABLE,ACCESSIBLE_PUBLIC_JSON,DISCOVERED_PUBLIC_PRODUCTS_JSON,Rug,"Personalized Family Couple Doormat, Custom Couple Husband - Design 02",UNKNOWN,EVERGREEN_OR_OTHER,172,products_json_page_1; https://chillgen.com/products.json?limit=250&page=1,2026-09-07T00:00:00+07:00,2026-09-07T00:00:00+07:00,admin_only_fields_unknown_without_shopify_csv,B018,COMPLETED,DRAFTED,NEEDS_REVIEW
1.0,2.4,chillgen_20260907_01,chillgen.com,personalized-family-couple-doormat-custom-couple-husband-wife-doormat,personalized-family-couple-doormat-custom-couple-husband-wife-doormat,15969426932081,gid://shopify/Product/15969426932081,https://chillgen.com/products/personalized-family-couple-doormat-custom-couple-husband-wife-doormat,https://chillgen.com/products/personalized-family-couple-doormat-custom-couple-husband-wife-doormat,en-US,US,PUBLIC_AVAILABLE,ACCESSIBLE_PUBLIC_JSON,DISCOVERED_PUBLIC_PRODUCTS_JSON,Rug,"Personalized Family Couple Doormat, Custom Couple Husband Wife Doormat",UNKNOWN,EVERGREEN_OR_OTHER,173,products_json_page_1; https://chillgen.com/products.json?limit=250&page=1,2026-09-07T00:00:00+07:00,2026-09-07T00:00:00+07:00,admin_only_fields_unknown_without_shopify_csv,B018,COMPLETED,DRAFTED,NEEDS_REVIEW
1.0,2.4,chillgen_20260907_01,chillgen.com,abc-kids-play-rug-non-slip-classroom-carpet-07621e8f46-07621e8f46,abc-kids-play-rug-non-slip-classroom-carpet-07621e8f46-07621e8f46,15959874142577,gid://shopify/Product/15959874142577,https://chillgen.com/products/abc-kids-play-rug-non-slip-classroom-carpet-07621e8f46-07621e8f46,https://chillgen.com/products/abc-kids-play-rug-non-slip-classroom-carpet-07621e8f46-07621e8f46,en-US,US,PUBLIC_AVAILABLE,ACCESSIBLE_PUBLIC_JSON,DISCOVERED_PUBLIC_PRODUCTS_JSON,Rug,ABC Kids Play Rug with Animal Letter Pattern and Non Slip Backing for Playrooms,UNKNOWN,EVERGREEN_OR_OTHER,174,products_json_page_1; https://chillgen.com/products.json?limit=250&page=1,2026-09-07T00:00:00+07:00,2026-09-07T00:00:00+07:00,admin_only_fields_unknown_without_shopify_csv,B018,COMPLETED,DRAFTED,NEEDS_REVIEW
1.0,2.4,chillgen_20260907_01,chillgen.com,custom-feelings-chart-classroom-welcome-mat-45af89adb4-45af89adb4,custom-feelings-chart-classroom-welcome-mat-45af89adb4-45af89adb4,15940516905329,gid://shopify/Product/15940516905329,https://chillgen.com/products/custom-feelings-chart-classroom-welcome-mat-45af89adb4-45af89adb4,https://chillgen.com/products/custom-feelings-chart-classroom-welcome-mat-45af89adb4-45af89adb4,en-US,US,PUBLIC_AVAILABLE,ACCESSIBLE_PUBLIC_JSON,DISCOVERED_PUBLIC_PRODUCTS_JSON,Rug,Feelings Chart Classroom Area Rug for Emotional Learning and Calming Corners,UNKNOWN,EVERGREEN_OR_OTHER,175,products_json_page_1; https://chillgen.com/products.json?limit=250&page=1,2026-09-07T00:00:00+07:00,2026-09-07T00:00:00+07:00,admin_only_fields_unknown_without_shopify_csv,B018,COMPLETED,DRAFTED,NEEDS_REVIEW
1.0,2.4,chillgen_20260907_01,chillgen.com,custom-hundred-acre-wood-map-welcome-mat-23388cf0b9-23388cf0b9,custom-hundred-acre-wood-map-welcome-mat-23388cf0b9-23388cf0b9,15940476305777,gid://shopify/Product/15940476305777,https://chillgen.com/products/custom-hundred-acre-wood-map-welcome-mat-23388cf0b9-23388cf0b9,https://chillgen.com/products/custom-hundred-acre-wood-map-welcome-mat-23388cf0b9-23388cf0b9,en-US,US,PUBLIC_AVAILABLE,ACCESSIBLE_PUBLIC_JSON,DISCOVERED_PUBLIC_PRODUCTS_JSON,Rug,Custom Hundred Acre Wood Map Area Rug for Kids Room and Playroom Decor,UNKNOWN,EVERGREEN_OR_OTHER,176,products_json_page_1; https://chillgen.com/products.json?limit=250&page=1,2026-09-07T00:00:00+07:00,2026-09-07T00:00:00+07:00,admin_only_fields_unknown_without_shopify_csv,B018,COMPLETED,DRAFTED,NEEDS_REVIEW
1.0,2.4,chillgen_20260907_01,chillgen.com,educational-classroom-rug-alphabet-handwriting-samplers-17817a1b4c-17817a1b4c,educational-classroom-rug-alphabet-handwriting-samplers-17817a1b4c-17817a1b4c,15940438262129,gid://shopify/Product/15940438262129,https://chillgen.com/products/educational-classroom-rug-alphabet-handwriting-samplers-17817a1b4c-17817a1b4c,https://chillgen.com/products/educational-classroom-rug-alphabet-handwriting-samplers-17817a1b4c-17817a1b4c,en-US,US,PUBLIC_AVAILABLE,ACCESSIBLE_PUBLIC_JSON,DISCOVERED_PUBLIC_PRODUCTS_JSON,Rug,Alphabet Classroom Area Rug with Handwriting Guide for Preschool Learning,UNKNOWN,EVERGREEN_OR_OTHER,177,products_json_page_1; https://chillgen.com/products.json?limit=250&page=1,2026-09-07T00:00:00+07:00,2026-09-07T00:00:00+07:00,admin_only_fields_unknown_without_shopify_csv,B018,COMPLETED,DRAFTED,NEEDS_REVIEW
1.0,2.4,chillgen_20260907_01,chillgen.com,colorful-classroom-rug-for-kids-and-teachers-940ca1aee9-940ca1aee9,colorful-classroom-rug-for-kids-and-teachers-940ca1aee9-940ca1aee9,15940439048561,gid://shopify/Product/15940439048561,https://chillgen.com/products/colorful-classroom-rug-for-kids-and-teachers-940ca1aee9-940ca1aee9,https://chillgen.com/products/colorful-classroom-rug-for-kids-and-teachers-940ca1aee9-940ca1aee9,en-US,US,PUBLIC_AVAILABLE,ACCESSIBLE_PUBLIC_JSON,DISCOVERED_PUBLIC_PRODUCTS_JSON,Rug,Feeling Chart Classroom Area Rug for Emotional Learning and Playrooms,UNKNOWN,EVERGREEN_OR_OTHER,178,products_json_page_1; https://chillgen.com/products.json?limit=250&page=1,2026-09-07T00:00:00+07:00,2026-09-07T00:00:00+07:00,admin_only_fields_unknown_without_shopify_csv,B018,COMPLETED,DRAFTED,NEEDS_REVIEW
1.0,2.4,chillgen_20260907_01,chillgen.com,custom-soccer-championship-trophy-round-rug-f7ac8bf3d4-f7ac8bf3d4,custom-soccer-championship-trophy-round-rug-f7ac8bf3d4-f7ac8bf3d4,15913465381233,gid://shopify/Product/15913465381233,https://chillgen.com/products/custom-soccer-championship-trophy-round-rug-f7ac8bf3d4-f7ac8bf3d4,https://chillgen.com/products/custom-soccer-championship-trophy-round-rug-f7ac8bf3d4-f7ac8bf3d4,en-US,US,PUBLIC_AVAILABLE,ACCESSIBLE_PUBLIC_JSON,DISCOVERED_PUBLIC_PRODUCTS_JSON,Rug,Custom Soccer Flags Round Rug with Low Pile Surface for Bedroom and Game Room,UNKNOWN,EVERGREEN_OR_OTHER,179,products_json_page_1; https://chillgen.com/products.json?limit=250&page=1,2026-09-07T00:00:00+07:00,2026-09-07T00:00:00+07:00,admin_only_fields_unknown_without_shopify_csv,B018,COMPLETED,DRAFTED,NEEDS_REVIEW
1.0,2.4,chillgen_20260907_01,chillgen.com,custom-soccer-championship-round-rug-6b6ea4fbf7,custom-soccer-championship-round-rug-6b6ea4fbf7,15913465184625,gid://shopify/Product/15913465184625,https://chillgen.com/products/custom-soccer-championship-round-rug-6b6ea4fbf7,https://chillgen.com/products/custom-soccer-championship-round-rug-6b6ea4fbf7,en-US,US,PUBLIC_AVAILABLE,ACCESSIBLE_PUBLIC_JSON,DISCOVERED_PUBLIC_PRODUCTS_JSON,Rug,Custom Soccer Tournament Round Rug with Memory Foam for Living Room,UNKNOWN,EVERGREEN_OR_OTHER,180,products_json_page_1; https://chillgen.com/products.json?limit=250&page=1,2026-09-07T00:00:00+07:00,2026-09-07T00:00:00+07:00,admin_only_fields_unknown_without_shopify_csv,B018,COMPLETED,DRAFTED,NEEDS_REVIEW
1.0,2.4,chillgen_20260907_01,chillgen.com,custom-soccer-round-rug-trophy-championship-carpet-3ca0f26f80,custom-soccer-round-rug-trophy-championship-carpet-3ca0f26f80,15913465086321,gid://shopify/Product/15913465086321,https://chillgen.com/products/custom-soccer-round-rug-trophy-championship-carpet-3ca0f26f80,https://chillgen.com/products/custom-soccer-round-rug-trophy-championship-carpet-3ca0f26f80,en-US,US,PUBLIC_AVAILABLE,ACCESSIBLE_PUBLIC_JSON,DISCOVERED_PUBLIC_PRODUCTS_JSON,Rug,Personalized Soccer Championship Round Rug with Reinforced Edges for Man Cave,UNKNOWN,EVERGREEN_OR_OTHER,181,products_json_page_1; https://chillgen.com/products.json?limit=250&page=1,2026-09-07T00:00:00+07:00,2026-09-07T00:00:00+07:00,admin_only_fields_unknown_without_shopify_csv,B019,COMPLETED,DRAFTED,NEEDS_REVIEW
1.0,2.4,chillgen_20260907_01,chillgen.com,custom-soccer-championship-round-rug-106971c407,custom-soccer-championship-round-rug-106971c407,15913464889713,gid://shopify/Product/15913464889713,https://chillgen.com/products/custom-soccer-championship-round-rug-106971c407,https://chillgen.com/products/custom-soccer-championship-round-rug-106971c407,en-US,US,PUBLIC_AVAILABLE,ACCESSIBLE_PUBLIC_JSON,DISCOVERED_PUBLIC_PRODUCTS_JSON,Rug,Custom Soccer Championship Round Rug with Trophy and Flag Details - D1,UNKNOWN,EVERGREEN_OR_OTHER,182,products_json_page_1; https://chillgen.com/products.json?limit=250&page=1,2026-09-07T00:00:00+07:00,2026-09-07T00:00:00+07:00,admin_only_fields_unknown_without_shopify_csv,B019,COMPLETED,DRAFTED,NEEDS_REVIEW
1.0,2.4,chillgen_20260907_01,chillgen.com,custom-soccer-2026-round-rug-trophy-flag-design-8257f0bdff,custom-soccer-2026-round-rug-trophy-flag-design-8257f0bdff,15913464824177,gid://shopify/Product/15913464824177,https://chillgen.com/products/custom-soccer-2026-round-rug-trophy-flag-design-8257f0bdff,https://chillgen.com/products/custom-soccer-2026-round-rug-trophy-flag-design-8257f0bdff,en-US,US,PUBLIC_AVAILABLE,ACCESSIBLE_PUBLIC_JSON,DISCOVERED_PUBLIC_PRODUCTS_JSON,Rug,Personalized Soccer 2026 Round Rug with Trophy Design for Game Room,UNKNOWN,EVERGREEN_OR_OTHER,183,products_json_page_1; https://chillgen.com/products.json?limit=250&page=1,2026-09-07T00:00:00+07:00,2026-09-07T00:00:00+07:00,admin_only_fields_unknown_without_shopify_csv,B019,COMPLETED,DRAFTED,NEEDS_REVIEW
1.0,2.4,chillgen_20260907_01,chillgen.com,custom-soccer-2026-round-rug-trophy-championship-sports-decor-df4d4eec2f,custom-soccer-2026-round-rug-trophy-championship-sports-decor-df4d4eec2f,15913464758641,gid://shopify/Product/15913464758641,https://chillgen.com/products/custom-soccer-2026-round-rug-trophy-championship-sports-decor-df4d4eec2f,https://chillgen.com/products/custom-soccer-2026-round-rug-trophy-championship-sports-decor-df4d4eec2f,en-US,US,PUBLIC_AVAILABLE,ACCESSIBLE_PUBLIC_JSON,DISCOVERED_PUBLIC_PRODUCTS_JSON,Rug,Custom Soccer World Flags Round Rug with Non Slip Backing for Kids Room,UNKNOWN,EVERGREEN_OR_OTHER,184,products_json_page_1; https://chillgen.com/products.json?limit=250&page=1,2026-09-07T00:00:00+07:00,2026-09-07T00:00:00+07:00,admin_only_fields_unknown_without_shopify_csv,B019,COMPLETED,DRAFTED,NEEDS_REVIEW
1.0,2.4,chillgen_20260907_01,chillgen.com,custom-soccer-championship-round-rug-world-flags-d1d1d396af,custom-soccer-championship-round-rug-world-flags-d1d1d396af,15913464693105,gid://shopify/Product/15913464693105,https://chillgen.com/products/custom-soccer-championship-round-rug-world-flags-d1d1d396af,https://chillgen.com/products/custom-soccer-championship-round-rug-world-flags-d1d1d396af,en-US,US,PUBLIC_AVAILABLE,ACCESSIBLE_PUBLIC_JSON,DISCOVERED_PUBLIC_PRODUCTS_JSON,Rug,Personalized Soccer Trophy Round Rug with Memory Foam for Living Room,UNKNOWN,EVERGREEN_OR_OTHER,185,products_json_page_1; https://chillgen.com/products.json?limit=250&page=1,2026-09-07T00:00:00+07:00,2026-09-07T00:00:00+07:00,admin_only_fields_unknown_without_shopify_csv,B019,COMPLETED,DRAFTED,NEEDS_REVIEW
1.0,2.4,chillgen_20260907_01,chillgen.com,custom-soccer-round-rug-championship-trophy-world-flags-cc2e9bd59c-cc2e9bd59c,custom-soccer-round-rug-championship-trophy-world-flags-cc2e9bd59c-cc2e9bd59c,15913464594801,gid://shopify/Product/15913464594801,https://chillgen.com/products/custom-soccer-round-rug-championship-trophy-world-flags-cc2e9bd59c-cc2e9bd59c,https://chillgen.com/products/custom-soccer-round-rug-championship-trophy-world-flags-cc2e9bd59c-cc2e9bd59c,en-US,US,PUBLIC_AVAILABLE,ACCESSIBLE_PUBLIC_JSON,DISCOVERED_PUBLIC_PRODUCTS_JSON,Rug,Custom Soccer Championship Round Rug with World Flags for Playroom,UNKNOWN,EVERGREEN_OR_OTHER,186,products_json_page_1; https://chillgen.com/products.json?limit=250&page=1,2026-09-07T00:00:00+07:00,2026-09-07T00:00:00+07:00,admin_only_fields_unknown_without_shopify_csv,B019,COMPLETED,DRAFTED,NEEDS_REVIEW
1.0,2.4,chillgen_20260907_01,chillgen.com,personalized-soccer-trophy-world-flags-doormat-4c01fd4ed3-4c01fd4ed3,personalized-soccer-trophy-world-flags-doormat-4c01fd4ed3-4c01fd4ed3,15913452339569,gid://shopify/Product/15913452339569,https://chillgen.com/products/personalized-soccer-trophy-world-flags-doormat-4c01fd4ed3-4c01fd4ed3,https://chillgen.com/products/personalized-soccer-trophy-world-flags-doormat-4c01fd4ed3-4c01fd4ed3,en-US,US,PUBLIC_AVAILABLE,ACCESSIBLE_PUBLIC_JSON,DISCOVERED_PUBLIC_PRODUCTS_JSON,Rug,Personalized Soccer Host Nation Rug with Memory Foam for Bedroom and Man Cave,UNKNOWN,EVERGREEN_OR_OTHER,187,products_json_page_1; https://chillgen.com/products.json?limit=250&page=1,2026-09-07T00:00:00+07:00,2026-09-07T00:00:00+07:00,admin_only_fields_unknown_without_shopify_csv,B019,COMPLETED,DRAFTED,NEEDS_REVIEW
1.0,2.4,chillgen_20260907_01,chillgen.com,personalized-soccer-tournament-trophy-rug-0bdc87e8ab-0bdc87e8ab,personalized-soccer-tournament-trophy-rug-0bdc87e8ab-0bdc87e8ab,15913452274033,gid://shopify/Product/15913452274033,https://chillgen.com/products/personalized-soccer-tournament-trophy-rug-0bdc87e8ab-0bdc87e8ab,https://chillgen.com/products/personalized-soccer-tournament-trophy-rug-0bdc87e8ab-0bdc87e8ab,en-US,US,PUBLIC_AVAILABLE,ACCESSIBLE_PUBLIC_JSON,DISCOVERED_PUBLIC_PRODUCTS_JSON,Rug,Custom Soccer Tournament Rug with Trophy Design for Living Room and Game Room,UNKNOWN,EVERGREEN_OR_OTHER,188,products_json_page_1; https://chillgen.com/products.json?limit=250&page=1,2026-09-07T00:00:00+07:00,2026-09-07T00:00:00+07:00,admin_only_fields_unknown_without_shopify_csv,B019,COMPLETED,DRAFTED,NEEDS_REVIEW
1.0,2.4,chillgen_20260907_01,chillgen.com,custom-octopus-shaped-area-rug-a96ca58e10-a96ca58e10,custom-octopus-shaped-area-rug-a96ca58e10-a96ca58e10,15913340764529,gid://shopify/Product/15913340764529,https://chillgen.com/products/custom-octopus-shaped-area-rug-a96ca58e10-a96ca58e10,https://chillgen.com/products/custom-octopus-shaped-area-rug-a96ca58e10-a96ca58e10,en-US,US,PUBLIC_AVAILABLE,ACCESSIBLE_PUBLIC_JSON,DISCOVERED_PUBLIC_PRODUCTS_JSON,Rug,Personalized Octopus Tentacle Area Rug with Stain Resistant Design for Dorm,UNKNOWN,HALLOWEEN,189,products_json_page_1; https://chillgen.com/products.json?limit=250&page=1,2026-09-07T00:00:00+07:00,2026-09-07T00:00:00+07:00,admin_only_fields_unknown_without_shopify_csv,B019,COMPLETED,DRAFTED,NEEDS_REVIEW
1.0,2.4,chillgen_20260907_01,chillgen.com,wheel-of-feelings-and-emotions-round-rug-0fc607e644-0fc607e644,wheel-of-feelings-and-emotions-round-rug-0fc607e644-0fc607e644,15913296691569,gid://shopify/Product/15913296691569,https://chillgen.com/products/wheel-of-feelings-and-emotions-round-rug-0fc607e644-0fc607e644,https://chillgen.com/products/wheel-of-feelings-and-emotions-round-rug-0fc607e644-0fc607e644,en-US,US,PUBLIC_AVAILABLE,ACCESSIBLE_PUBLIC_JSON,DISCOVERED_PUBLIC_PRODUCTS_JSON,Rug,Wheel of Feelings Round Rug for Counseling Office Classroom and Home,UNKNOWN,EVERGREEN_OR_OTHER,190,products_json_page_1; https://chillgen.com/products.json?limit=250&page=1,2026-09-07T00:00:00+07:00,2026-09-07T00:00:00+07:00,admin_only_fields_unknown_without_shopify_csv,B019,COMPLETED,DRAFTED,NEEDS_REVIEW
1.0,2.4,chillgen_20260907_01,chillgen.com,feelings-wheel-emotions-round-rug-f48bff995a,feelings-wheel-emotions-round-rug-f48bff995a,15913293971825,gid://shopify/Product/15913293971825,https://chillgen.com/products/feelings-wheel-emotions-round-rug-f48bff995a,https://chillgen.com/products/feelings-wheel-emotions-round-rug-f48bff995a,en-US,US,PUBLIC_AVAILABLE,ACCESSIBLE_PUBLIC_JSON,DISCOVERED_PUBLIC_PRODUCTS_JSON,Rug,Emotions Wheel Round Rug with Non Slip Backing for Classroom Playroom,UNKNOWN,EVERGREEN_OR_OTHER,191,products_json_page_1; https://chillgen.com/products.json?limit=250&page=1,2026-09-07T00:00:00+07:00,2026-09-07T00:00:00+07:00,admin_only_fields_unknown_without_shopify_csv,B020,COMPLETED,DRAFTED,NEEDS_REVIEW
1.0,2.4,chillgen_20260907_01,chillgen.com,wheel-of-feelings-and-emotions-round-rug-a7bf6ef454,wheel-of-feelings-and-emotions-round-rug-a7bf6ef454,15913293775217,gid://shopify/Product/15913293775217,https://chillgen.com/products/wheel-of-feelings-and-emotions-round-rug-a7bf6ef454,https://chillgen.com/products/wheel-of-feelings-and-emotions-round-rug-a7bf6ef454,en-US,US,PUBLIC_AVAILABLE,ACCESSIBLE_PUBLIC_JSON,DISCOVERED_PUBLIC_PRODUCTS_JSON,Rug,Colorful Feelings Wheel Round Rug for Classroom Office and Calm Corner,UNKNOWN,EVERGREEN_OR_OTHER,192,products_json_page_1; https://chillgen.com/products.json?limit=250&page=1,2026-09-07T00:00:00+07:00,2026-09-07T00:00:00+07:00,admin_only_fields_unknown_without_shopify_csv,B020,COMPLETED,DRAFTED,NEEDS_REVIEW
1.0,2.4,chillgen_20260907_01,chillgen.com,wheel-of-feelings-and-emotions-round-rug-2ec976598b,wheel-of-feelings-and-emotions-round-rug-2ec976598b,15913293349233,gid://shopify/Product/15913293349233,https://chillgen.com/products/wheel-of-feelings-and-emotions-round-rug-2ec976598b,https://chillgen.com/products/wheel-of-feelings-and-emotions-round-rug-2ec976598b,en-US,US,PUBLIC_AVAILABLE,ACCESSIBLE_PUBLIC_JSON,DISCOVERED_PUBLIC_PRODUCTS_JSON,Rug,Educational Feelings Wheel Round Rug for Classroom and Counseling Office,UNKNOWN,EVERGREEN_OR_OTHER,193,products_json_page_1; https://chillgen.com/products.json?limit=250&page=1,2026-09-07T00:00:00+07:00,2026-09-07T00:00:00+07:00,admin_only_fields_unknown_without_shopify_csv,B020,COMPLETED,DRAFTED,NEEDS_REVIEW
1.0,2.4,chillgen_20260907_01,chillgen.com,custom-a-good-day-to-read-book-rug-classroom-library-rugs-04ab7bfcca,custom-a-good-day-to-read-book-rug-classroom-library-rugs-04ab7bfcca,15913269887345,gid://shopify/Product/15913269887345,https://chillgen.com/products/custom-a-good-day-to-read-book-rug-classroom-library-rugs-04ab7bfcca,https://chillgen.com/products/custom-a-good-day-to-read-book-rug-classroom-library-rugs-04ab7bfcca,en-US,US,PUBLIC_AVAILABLE,ACCESSIBLE_PUBLIC_JSON,DISCOVERED_PUBLIC_PRODUCTS_JSON,Rug,Personalized A Good Day to Read Rug for Classroom Library and Book Nook,UNKNOWN,EVERGREEN_OR_OTHER,194,products_json_page_1; https://chillgen.com/products.json?limit=250&page=1,2026-09-07T00:00:00+07:00,2026-09-07T00:00:00+07:00,admin_only_fields_unknown_without_shopify_csv,B020,COMPLETED,DRAFTED,NEEDS_REVIEW
1.0,2.4,chillgen_20260907_01,chillgen.com,custom-mathematics-education-rug-classroom-playroom-eee0004975,custom-mathematics-education-rug-classroom-playroom-eee0004975,15913231057265,gid://shopify/Product/15913231057265,https://chillgen.com/products/custom-mathematics-education-rug-classroom-playroom-eee0004975,https://chillgen.com/products/custom-mathematics-education-rug-classroom-playroom-eee0004975,en-US,US,PUBLIC_AVAILABLE,ACCESSIBLE_PUBLIC_JSON,DISCOVERED_PUBLIC_PRODUCTS_JSON,Rug,Custom Kids Math Learning Rug for Classroom Playroom and Study Area,UNKNOWN,EVERGREEN_OR_OTHER,195,products_json_page_1; https://chillgen.com/products.json?limit=250&page=1,2026-09-07T00:00:00+07:00,2026-09-07T00:00:00+07:00,admin_only_fields_unknown_without_shopify_csv,B020,COMPLETED,DRAFTED,NEEDS_REVIEW
1.0,2.4,chillgen_20260907_01,chillgen.com,custom-mathematics-education-rug-3015a3c96c,custom-mathematics-education-rug-3015a3c96c,15913230631281,gid://shopify/Product/15913230631281,https://chillgen.com/products/custom-mathematics-education-rug-3015a3c96c,https://chillgen.com/products/custom-mathematics-education-rug-3015a3c96c,en-US,US,PUBLIC_AVAILABLE,ACCESSIBLE_PUBLIC_JSON,DISCOVERED_PUBLIC_PRODUCTS_JSON,Rug,Personalized Mathematics Area Rug with Formulas for Kids Classroom,UNKNOWN,EVERGREEN_OR_OTHER,196,products_json_page_1; https://chillgen.com/products.json?limit=250&page=1,2026-09-07T00:00:00+07:00,2026-09-07T00:00:00+07:00,admin_only_fields_unknown_without_shopify_csv,B020,COMPLETED,DRAFTED,NEEDS_REVIEW
1.0,2.4,chillgen_20260907_01,chillgen.com,feelings-wheel-emotions-round-rug-fca05b7c0f,feelings-wheel-emotions-round-rug-fca05b7c0f,15912093909361,gid://shopify/Product/15912093909361,https://chillgen.com/products/feelings-wheel-emotions-round-rug-fca05b7c0f,https://chillgen.com/products/feelings-wheel-emotions-round-rug-fca05b7c0f,en-US,US,PUBLIC_AVAILABLE,ACCESSIBLE_PUBLIC_JSON,DISCOVERED_PUBLIC_PRODUCTS_JSON,Rug,ABC Feelings Wheel Round Rug for Preschool Classroom and Kids Room,UNKNOWN,EVERGREEN_OR_OTHER,197,products_json_page_1; https://chillgen.com/products.json?limit=250&page=1,2026-09-07T00:00:00+07:00,2026-09-07T00:00:00+07:00,admin_only_fields_unknown_without_shopify_csv,B020,COMPLETED,DRAFTED,NEEDS_REVIEW
1.0,2.4,chillgen_20260907_01,chillgen.com,feelings-wheel-round-classroom-rug-4be50a20fb,feelings-wheel-round-classroom-rug-4be50a20fb,15912093712753,gid://shopify/Product/15912093712753,https://chillgen.com/products/feelings-wheel-round-classroom-rug-4be50a20fb,https://chillgen.com/products/feelings-wheel-round-classroom-rug-4be50a20fb,en-US,US,PUBLIC_AVAILABLE,ACCESSIBLE_PUBLIC_JSON,DISCOVERED_PUBLIC_PRODUCTS_JSON,Rug,Emotions Wheel Round Rug for Therapy Office Classroom and Playroom,UNKNOWN,EVERGREEN_OR_OTHER,198,products_json_page_1; https://chillgen.com/products.json?limit=250&page=1,2026-09-07T00:00:00+07:00,2026-09-07T00:00:00+07:00,admin_only_fields_unknown_without_shopify_csv,B020,COMPLETED,DRAFTED,NEEDS_REVIEW
1.0,2.4,chillgen_20260907_01,chillgen.com,feelings-wheel-classroom-welcome-mat-3d070ff949,feelings-wheel-classroom-welcome-mat-3d070ff949,15912093352305,gid://shopify/Product/15912093352305,https://chillgen.com/products/feelings-wheel-classroom-welcome-mat-3d070ff949,https://chillgen.com/products/feelings-wheel-classroom-welcome-mat-3d070ff949,en-US,US,PUBLIC_AVAILABLE,ACCESSIBLE_PUBLIC_JSON,DISCOVERED_PUBLIC_PRODUCTS_JSON,Rug,Feelings Wheel Round Rug with Plush Surface for Classroom Calm Corner,UNKNOWN,EVERGREEN_OR_OTHER,199,products_json_page_1; https://chillgen.com/products.json?limit=250&page=1,2026-09-07T00:00:00+07:00,2026-09-07T00:00:00+07:00,admin_only_fields_unknown_without_shopify_csv,B020,COMPLETED,DRAFTED,NEEDS_REVIEW
1.0,2.4,chillgen_20260907_01,chillgen.com,custom-composition-notebook-classroom-kids-rug-3bd742c8b9-3bd742c8b9,custom-composition-notebook-classroom-kids-rug-3bd742c8b9-3bd742c8b9,15913205793137,gid://shopify/Product/15913205793137,https://chillgen.com/products/custom-composition-notebook-classroom-kids-rug-3bd742c8b9-3bd742c8b9,https://chillgen.com/products/custom-composition-notebook-classroom-kids-rug-3bd742c8b9-3bd742c8b9,en-US,US,PUBLIC_AVAILABLE,ACCESSIBLE_PUBLIC_JSON,DISCOVERED_PUBLIC_PRODUCTS_JSON,Rug,Personalized Classic Notebook Rug with Alphabet for Kids Learning Space,UNKNOWN,EVERGREEN_OR_OTHER,200,products_json_page_1; https://chillgen.com/products.json?limit=250&page=1,2026-09-07T00:00:00+07:00,2026-09-07T00:00:00+07:00,admin_only_fields_unknown_without_shopify_csv,B020,COMPLETED,DRAFTED,NEEDS_REVIEW
1.0,2.4,chillgen_20260907_01,chillgen.com,personalized-album-cover-rug-4af618eed5,personalized-album-cover-rug-4af618eed5,15919772336497,gid://shopify/Product/15919772336497,https://chillgen.com/products/personalized-album-cover-rug-4af618eed5,https://chillgen.com/products/personalized-album-cover-rug-4af618eed5,en-US,US,PUBLIC_AVAILABLE,ACCESSIBLE_PUBLIC_JSON,DISCOVERED_PUBLIC_PRODUCTS_JSON,Rug,Custom Album Cover Area Rug with Breathable Comfort for Dining Room,UNKNOWN,EVERGREEN_OR_OTHER,201,products_json_page_1; https://chillgen.com/products.json?limit=250&page=1,2026-09-07T00:00:00+07:00,2026-09-07T00:00:00+07:00,admin_only_fields_unknown_without_shopify_csv,B021,COMPLETED,DRAFTED,NEEDS_REVIEW
1.0,2.4,chillgen_20260907_01,chillgen.com,personalized-album-cover-welcome-mat-26099b1534,personalized-album-cover-welcome-mat-26099b1534,15919773221233,gid://shopify/Product/15919773221233,https://chillgen.com/products/personalized-album-cover-welcome-mat-26099b1534,https://chillgen.com/products/personalized-album-cover-welcome-mat-26099b1534,en-US,US,PUBLIC_AVAILABLE,ACCESSIBLE_PUBLIC_JSON,DISCOVERED_PUBLIC_PRODUCTS_JSON,Rug,Personalized Album Cover Area Rug with Non Slip Bottom for Dining Room,UNKNOWN,EVERGREEN_OR_OTHER,202,products_json_page_1; https://chillgen.com/products.json?limit=250&page=1,2026-09-07T00:00:00+07:00,2026-09-07T00:00:00+07:00,admin_only_fields_unknown_without_shopify_csv,B021,COMPLETED,DRAFTED,NEEDS_REVIEW
1.0,2.4,chillgen_20260907_01,chillgen.com,personalized-album-cover-area-rug-648fd8e2ff,personalized-album-cover-area-rug-648fd8e2ff,15919773909361,gid://shopify/Product/15919773909361,https://chillgen.com/products/personalized-album-cover-area-rug-648fd8e2ff,https://chillgen.com/products/personalized-album-cover-area-rug-648fd8e2ff,en-US,US,PUBLIC_AVAILABLE,ACCESSIBLE_PUBLIC_JSON,DISCOVERED_PUBLIC_PRODUCTS_JSON,Rug,Custom Music Album Area Rug with Stain Resistant Surface for Living Room,UNKNOWN,EVERGREEN_OR_OTHER,203,products_json_page_1; https://chillgen.com/products.json?limit=250&page=1,2026-09-07T00:00:00+07:00,2026-09-07T00:00:00+07:00,admin_only_fields_unknown_without_shopify_csv,B021,COMPLETED,DRAFTED,NEEDS_REVIEW
1.0,2.4,chillgen_20260907_01,chillgen.com,personalized-album-cover-area-rug-0587b91810-0587b91810,personalized-album-cover-area-rug-0587b91810-0587b91810,15919774597489,gid://shopify/Product/15919774597489,https://chillgen.com/products/personalized-album-cover-area-rug-0587b91810-0587b91810,https://chillgen.com/products/personalized-album-cover-area-rug-0587b91810-0587b91810,en-US,US,PUBLIC_AVAILABLE,ACCESSIBLE_PUBLIC_JSON,DISCOVERED_PUBLIC_PRODUCTS_JSON,Rug,Personalized Album Cover Rug with Quick Dry Comfort for Bedroom Decor,UNKNOWN,EVERGREEN_OR_OTHER,204,products_json_page_1; https://chillgen.com/products.json?limit=250&page=1,2026-09-07T00:00:00+07:00,2026-09-07T00:00:00+07:00,admin_only_fields_unknown_without_shopify_csv,B021,COMPLETED,DRAFTED,NEEDS_REVIEW
1.0,2.4,chillgen_20260907_01,chillgen.com,personalized-album-cover-rug-3bfef01c49-3bfef01c49,personalized-album-cover-rug-3bfef01c49-3bfef01c49,15919776301425,gid://shopify/Product/15919776301425,https://chillgen.com/products/personalized-album-cover-rug-3bfef01c49-3bfef01c49,https://chillgen.com/products/personalized-album-cover-rug-3bfef01c49-3bfef01c49,en-US,US,PUBLIC_AVAILABLE,ACCESSIBLE_PUBLIC_JSON,DISCOVERED_PUBLIC_PRODUCTS_JSON,Rug,Personalized Album Cover Rug with Non Slip Backing for Dining Room Decor,UNKNOWN,EVERGREEN_OR_OTHER,205,products_json_page_1; https://chillgen.com/products.json?limit=250&page=1,2026-09-07T00:00:00+07:00,2026-09-07T00:00:00+07:00,admin_only_fields_unknown_without_shopify_csv,B021,COMPLETED,DRAFTED,NEEDS_REVIEW
1.0,2.4,chillgen_20260907_01,chillgen.com,personalized-album-cover-area-rug-52d1b2412d-52d1b2412d,personalized-album-cover-area-rug-52d1b2412d-52d1b2412d,15919777087857,gid://shopify/Product/15919777087857,https://chillgen.com/products/personalized-album-cover-area-rug-52d1b2412d-52d1b2412d,https://chillgen.com/products/personalized-album-cover-area-rug-52d1b2412d-52d1b2412d,en-US,US,PUBLIC_AVAILABLE,ACCESSIBLE_PUBLIC_JSON,DISCOVERED_PUBLIC_PRODUCTS_JSON,Rug,Custom Music Album Rug with Soft Memory Foam for Bedroom and Living Room,UNKNOWN,EVERGREEN_OR_OTHER,206,products_json_page_1; https://chillgen.com/products.json?limit=250&page=1,2026-09-07T00:00:00+07:00,2026-09-07T00:00:00+07:00,admin_only_fields_unknown_without_shopify_csv,B021,COMPLETED,DRAFTED,NEEDS_REVIEW
1.0,2.4,chillgen_20260907_01,chillgen.com,personalized-album-cover-rug-75f5a15f3e-75f5a15f3e,personalized-album-cover-rug-75f5a15f3e-75f5a15f3e,15919778267505,gid://shopify/Product/15919778267505,https://chillgen.com/products/personalized-album-cover-rug-75f5a15f3e-75f5a15f3e,https://chillgen.com/products/personalized-album-cover-rug-75f5a15f3e-75f5a15f3e,en-US,US,PUBLIC_AVAILABLE,ACCESSIBLE_PUBLIC_JSON,DISCOVERED_PUBLIC_PRODUCTS_JSON,Rug,Personalized Album Cover Area Rug with Washable Low Pile for Bedroom,UNKNOWN,EVERGREEN_OR_OTHER,207,products_json_page_1; https://chillgen.com/products.json?limit=250&page=1,2026-09-07T00:00:00+07:00,2026-09-07T00:00:00+07:00,admin_only_fields_unknown_without_shopify_csv,B021,COMPLETED,DRAFTED,NEEDS_REVIEW
1.0,2.4,chillgen_20260907_01,chillgen.com,custom-album-cover-rug-music-decor-f2f905d19b-f2f905d19b,custom-album-cover-rug-music-decor-f2f905d19b-f2f905d19b,15919831974257,gid://shopify/Product/15919831974257,https://chillgen.com/products/custom-album-cover-rug-music-decor-f2f905d19b-f2f905d19b,https://chillgen.com/products/custom-album-cover-rug-music-decor-f2f905d19b-f2f905d19b,en-US,US,PUBLIC_AVAILABLE,ACCESSIBLE_PUBLIC_JSON,DISCOVERED_PUBLIC_PRODUCTS_JSON,Rug,Custom Music Album Area Rug with Soft Sponge Comfort for Dining Room,UNKNOWN,EVERGREEN_OR_OTHER,208,products_json_page_1; https://chillgen.com/products.json?limit=250&page=1,2026-09-07T00:00:00+07:00,2026-09-07T00:00:00+07:00,admin_only_fields_unknown_without_shopify_csv,B021,COMPLETED,DRAFTED,NEEDS_REVIEW
1.0,2.4,chillgen_20260907_01,chillgen.com,personalized-music-album-cover-welcome-mat-6b66b8a24c,personalized-music-album-cover-welcome-mat-6b66b8a24c,15919855272305,gid://shopify/Product/15919855272305,https://chillgen.com/products/personalized-music-album-cover-welcome-mat-6b66b8a24c,https://chillgen.com/products/personalized-music-album-cover-welcome-mat-6b66b8a24c,en-US,US,PUBLIC_AVAILABLE,ACCESSIBLE_PUBLIC_JSON,DISCOVERED_PUBLIC_PRODUCTS_JSON,Rug,Personalized Music Album Area Rug with Low Pile for Home Office Decor,UNKNOWN,EVERGREEN_OR_OTHER,209,products_json_page_1; https://chillgen.com/products.json?limit=250&page=1,2026-09-07T00:00:00+07:00,2026-09-07T00:00:00+07:00,admin_only_fields_unknown_without_shopify_csv,B021,COMPLETED,DRAFTED,NEEDS_REVIEW
1.0,2.4,chillgen_20260907_01,chillgen.com,personalized-music-album-cover-rug-5088343293-5088343293,personalized-music-album-cover-rug-5088343293-5088343293,15919856550257,gid://shopify/Product/15919856550257,https://chillgen.com/products/personalized-music-album-cover-rug-5088343293-5088343293,https://chillgen.com/products/personalized-music-album-cover-rug-5088343293-5088343293,en-US,US,PUBLIC_AVAILABLE,ACCESSIBLE_PUBLIC_JSON,DISCOVERED_PUBLIC_PRODUCTS_JSON,Rug,Custom Music Album Floor Mat with Reinforced Edges for Bedroom and Playroom,UNKNOWN,EVERGREEN_OR_OTHER,210,products_json_page_1; https://chillgen.com/products.json?limit=250&page=1,2026-09-07T00:00:00+07:00,2026-09-07T00:00:00+07:00,admin_only_fields_unknown_without_shopify_csv,B021,COMPLETED,DRAFTED,NEEDS_REVIEW
1.0,2.4,chillgen_20260907_01,chillgen.com,personalized-album-cover-rug-abb1eeca32,personalized-album-cover-rug-abb1eeca32,15919775449457,gid://shopify/Product/15919775449457,https://chillgen.com/products/personalized-album-cover-rug-abb1eeca32,https://chillgen.com/products/personalized-album-cover-rug-abb1eeca32,en-US,US,PUBLIC_AVAILABLE,ACCESSIBLE_PUBLIC_JSON,DISCOVERED_PUBLIC_PRODUCTS_JSON,Rug,Custom Music Album Area Rug with High Density Sponge for Bedroom Decor,UNKNOWN,EVERGREEN_OR_OTHER,211,products_json_page_1; https://chillgen.com/products.json?limit=250&page=1,2026-09-07T00:00:00+07:00,2026-09-07T00:00:00+07:00,admin_only_fields_unknown_without_shopify_csv,B022,COMPLETED,DRAFTED,NEEDS_REVIEW
1.0,2.4,chillgen_20260907_01,chillgen.com,custom-road-map-door-mat-town-design-e3598e955a-e3598e955a,custom-road-map-door-mat-town-design-e3598e955a-e3598e955a,15912091287921,gid://shopify/Product/15912091287921,https://chillgen.com/products/custom-road-map-door-mat-town-design-e3598e955a-e3598e955a,https://chillgen.com/products/custom-road-map-door-mat-town-design-e3598e955a-e3598e955a,en-US,US,PUBLIC_AVAILABLE,ACCESSIBLE_PUBLIC_JSON,DISCOVERED_PUBLIC_PRODUCTS_JSON,Rug,Custom Road Map Play Rug with Name City Streets and Cars for Playroom,UNKNOWN,EVERGREEN_OR_OTHER,212,products_json_page_1; https://chillgen.com/products.json?limit=250&page=1,2026-09-07T00:00:00+07:00,2026-09-07T00:00:00+07:00,admin_only_fields_unknown_without_shopify_csv,B022,COMPLETED,DRAFTED,NEEDS_REVIEW
1.0,2.4,chillgen_20260907_01,chillgen.com,custom-road-map-area-rug-8262be4ef1-8262be4ef1,custom-road-map-area-rug-8262be4ef1-8262be4ef1,15912093155697,gid://shopify/Product/15912093155697,https://chillgen.com/products/custom-road-map-area-rug-8262be4ef1-8262be4ef1,https://chillgen.com/products/custom-road-map-area-rug-8262be4ef1-8262be4ef1,en-US,US,PUBLIC_AVAILABLE,ACCESSIBLE_PUBLIC_JSON,DISCOVERED_PUBLIC_PRODUCTS_JSON,Rug,Personalized Road Map City Rug with Name and Streets for Playroom,UNKNOWN,EVERGREEN_OR_OTHER,213,products_json_page_1; https://chillgen.com/products.json?limit=250&page=1,2026-09-07T00:00:00+07:00,2026-09-07T00:00:00+07:00,admin_only_fields_unknown_without_shopify_csv,B022,COMPLETED,DRAFTED,NEEDS_REVIEW
1.0,2.4,chillgen_20260907_01,chillgen.com,custom-road-map-area-rug-town-play-mat-587b1148b8-587b1148b8,custom-road-map-area-rug-town-play-mat-587b1148b8-587b1148b8,15912094597489,gid://shopify/Product/15912094597489,https://chillgen.com/products/custom-road-map-area-rug-town-play-mat-587b1148b8-587b1148b8,https://chillgen.com/products/custom-road-map-area-rug-town-play-mat-587b1148b8-587b1148b8,en-US,US,PUBLIC_AVAILABLE,ACCESSIBLE_PUBLIC_JSON,DISCOVERED_PUBLIC_PRODUCTS_JSON,Rug,Custom Town Road Map Play Rug with Name Cars Parks and City Streets,UNKNOWN,EVERGREEN_OR_OTHER,214,products_json_page_1; https://chillgen.com/products.json?limit=250&page=1,2026-09-07T00:00:00+07:00,2026-09-07T00:00:00+07:00,admin_only_fields_unknown_without_shopify_csv,B022,COMPLETED,DRAFTED,NEEDS_REVIEW
1.0,2.4,chillgen_20260907_01,chillgen.com,custom-road-map-area-rug-e4dbf01f05,custom-road-map-area-rug-e4dbf01f05,15912094925169,gid://shopify/Product/15912094925169,https://chillgen.com/products/custom-road-map-area-rug-e4dbf01f05,https://chillgen.com/products/custom-road-map-area-rug-e4dbf01f05,en-US,US,PUBLIC_AVAILABLE,ACCESSIBLE_PUBLIC_JSON,DISCOVERED_PUBLIC_PRODUCTS_JSON,Rug,Personalized City Road Map Area Rug with Name for Playroom and Bedroom,UNKNOWN,EVERGREEN_OR_OTHER,215,products_json_page_1; https://chillgen.com/products.json?limit=250&page=1,2026-09-07T00:00:00+07:00,2026-09-07T00:00:00+07:00,admin_only_fields_unknown_without_shopify_csv,B022,COMPLETED,DRAFTED,NEEDS_REVIEW
1.0,2.4,chillgen_20260907_01,chillgen.com,custom-road-map-welcome-mat-708eca28bb,custom-road-map-welcome-mat-708eca28bb,15912095777137,gid://shopify/Product/15912095777137,https://chillgen.com/products/custom-road-map-welcome-mat-708eca28bb,https://chillgen.com/products/custom-road-map-welcome-mat-708eca28bb,en-US,US,PUBLIC_AVAILABLE,ACCESSIBLE_PUBLIC_JSON,DISCOVERED_PUBLIC_PRODUCTS_JSON,Rug,Custom Town Street Road Map Rug with Name for Bedroom and Classroom,UNKNOWN,EVERGREEN_OR_OTHER,216,products_json_page_1; https://chillgen.com/products.json?limit=250&page=1,2026-09-07T00:00:00+07:00,2026-09-07T00:00:00+07:00,admin_only_fields_unknown_without_shopify_csv,B022,COMPLETED,DRAFTED,NEEDS_REVIEW
1.0,2.4,chillgen_20260907_01,chillgen.com,custom-road-map-doormat-city-street-play-mat-0e3ba7dda0-0e3ba7dda0,custom-road-map-doormat-city-street-play-mat-0e3ba7dda0-0e3ba7dda0,15912096203121,gid://shopify/Product/15912096203121,https://chillgen.com/products/custom-road-map-doormat-city-street-play-mat-0e3ba7dda0-0e3ba7dda0,https://chillgen.com/products/custom-road-map-doormat-city-street-play-mat-0e3ba7dda0-0e3ba7dda0,en-US,US,PUBLIC_AVAILABLE,ACCESSIBLE_PUBLIC_JSON,DISCOVERED_PUBLIC_PRODUCTS_JSON,Rug,Personalized City Street Car Play Rug with Name for Nursery Playroom,UNKNOWN,EVERGREEN_OR_OTHER,217,products_json_page_1; https://chillgen.com/products.json?limit=250&page=1,2026-09-07T00:00:00+07:00,2026-09-07T00:00:00+07:00,admin_only_fields_unknown_without_shopify_csv,B022,COMPLETED,DRAFTED,NEEDS_REVIEW
1.0,2.4,chillgen_20260907_01,chillgen.com,custom-road-map-area-rug-town-play-mat-a27d8ff428,custom-road-map-area-rug-town-play-mat-a27d8ff428,15912097218929,gid://shopify/Product/15912097218929,https://chillgen.com/products/custom-road-map-area-rug-town-play-mat-a27d8ff428,https://chillgen.com/products/custom-road-map-area-rug-town-play-mat-a27d8ff428,en-US,US,PUBLIC_AVAILABLE,ACCESSIBLE_PUBLIC_JSON,DISCOVERED_PUBLIC_PRODUCTS_JSON,Rug,Custom Town Road Map Area Rug with Name for Bedroom and Playroom Spaces,UNKNOWN,EVERGREEN_OR_OTHER,218,products_json_page_1; https://chillgen.com/products.json?limit=250&page=1,2026-09-07T00:00:00+07:00,2026-09-07T00:00:00+07:00,admin_only_fields_unknown_without_shopify_csv,B022,COMPLETED,DRAFTED,NEEDS_REVIEW
1.0,2.4,chillgen_20260907_01,chillgen.com,custom-road-map-area-rug-d39d38a4a8,custom-road-map-area-rug-d39d38a4a8,15912097350001,gid://shopify/Product/15912097350001,https://chillgen.com/products/custom-road-map-area-rug-d39d38a4a8,https://chillgen.com/products/custom-road-map-area-rug-d39d38a4a8,en-US,US,PUBLIC_AVAILABLE,ACCESSIBLE_PUBLIC_JSON,DISCOVERED_PUBLIC_PRODUCTS_JSON,Rug,Personalized Road Map Area Rug with Name for Classroom and Playroom,UNKNOWN,EVERGREEN_OR_OTHER,219,products_json_page_1; https://chillgen.com/products.json?limit=250&page=1,2026-09-07T00:00:00+07:00,2026-09-07T00:00:00+07:00,admin_only_fields_unknown_without_shopify_csv,B022,COMPLETED,DRAFTED,NEEDS_REVIEW
1.0,2.4,chillgen_20260907_01,chillgen.com,custom-road-map-area-rug-60aa327740,custom-road-map-area-rug-60aa327740,15912097448305,gid://shopify/Product/15912097448305,https://chillgen.com/products/custom-road-map-area-rug-60aa327740,https://chillgen.com/products/custom-road-map-area-rug-60aa327740,en-US,US,PUBLIC_AVAILABLE,ACCESSIBLE_PUBLIC_JSON,DISCOVERED_PUBLIC_PRODUCTS_JSON,Rug,Custom Street Map Play Rug with Name Cars and Traffic Signs for Playroom,UNKNOWN,EVERGREEN_OR_OTHER,220,products_json_page_1; https://chillgen.com/products.json?limit=250&page=1,2026-09-07T00:00:00+07:00,2026-09-07T00:00:00+07:00,admin_only_fields_unknown_without_shopify_csv,B022,COMPLETED,DRAFTED,NEEDS_REVIEW
1.0,2.4,chillgen_20260907_01,chillgen.com,custom-road-map-area-rug-play-mat-9aed6a6ee9-9aed6a6ee9,custom-road-map-area-rug-play-mat-9aed6a6ee9-9aed6a6ee9,15912097710449,gid://shopify/Product/15912097710449,https://chillgen.com/products/custom-road-map-area-rug-play-mat-9aed6a6ee9-9aed6a6ee9,https://chillgen.com/products/custom-road-map-area-rug-play-mat-9aed6a6ee9-9aed6a6ee9,en-US,US,PUBLIC_AVAILABLE,ACCESSIBLE_PUBLIC_JSON,DISCOVERED_PUBLIC_PRODUCTS_JSON,Rug,Custom Road Map Play Rug with Name City Streets for Nursery Playroom,UNKNOWN,EVERGREEN_OR_OTHER,221,products_json_page_1; https://chillgen.com/products.json?limit=250&page=1,2026-09-07T00:00:00+07:00,2026-09-07T00:00:00+07:00,admin_only_fields_unknown_without_shopify_csv,B023,COMPLETED,DRAFTED,NEEDS_REVIEW
1.0,2.4,chillgen_20260907_01,chillgen.com,custom-road-map-area-rug-personalized-city-street-car-rug-6313a0fee7,custom-road-map-area-rug-personalized-city-street-car-rug-6313a0fee7,15912097972593,gid://shopify/Product/15912097972593,https://chillgen.com/products/custom-road-map-area-rug-personalized-city-street-car-rug-6313a0fee7,https://chillgen.com/products/custom-road-map-area-rug-personalized-city-street-car-rug-6313a0fee7,en-US,US,PUBLIC_AVAILABLE,ACCESSIBLE_PUBLIC_JSON,DISCOVERED_PUBLIC_PRODUCTS_JSON,Rug,Personalized City Street Road Map Rug with Name for Classroom Bedroom,UNKNOWN,EVERGREEN_OR_OTHER,222,products_json_page_1; https://chillgen.com/products.json?limit=250&page=1,2026-09-07T00:00:00+07:00,2026-09-07T00:00:00+07:00,admin_only_fields_unknown_without_shopify_csv,B023,COMPLETED,DRAFTED,NEEDS_REVIEW
1.0,2.4,chillgen_20260907_01,chillgen.com,personalized-christmas-doormat-custom-family-name-7358e56962-7358e56962,personalized-christmas-doormat-custom-family-name-7358e56962-7358e56962,15912098169201,gid://shopify/Product/15912098169201,https://chillgen.com/products/personalized-christmas-doormat-custom-family-name-7358e56962-7358e56962,https://chillgen.com/products/personalized-christmas-doormat-custom-family-name-7358e56962-7358e56962,en-US,US,PUBLIC_AVAILABLE,ACCESSIBLE_PUBLIC_JSON,DISCOVERED_PUBLIC_PRODUCTS_JSON,Rug,Personalized Santa Christmas Doormat with Family Name for Front Door,UNKNOWN,CHRISTMAS,223,products_json_page_1; https://chillgen.com/products.json?limit=250&page=1,2026-09-07T00:00:00+07:00,2026-09-07T00:00:00+07:00,admin_only_fields_unknown_without_shopify_csv,B023,COMPLETED,DRAFTED,NEEDS_REVIEW
1.0,2.4,chillgen_20260907_01,chillgen.com,personalized-christmas-doormat-80a01c19f6-80a01c19f6,personalized-christmas-doormat-80a01c19f6-80a01c19f6,15912098201969,gid://shopify/Product/15912098201969,https://chillgen.com/products/personalized-christmas-doormat-80a01c19f6-80a01c19f6,https://chillgen.com/products/personalized-christmas-doormat-80a01c19f6-80a01c19f6,en-US,US,PUBLIC_AVAILABLE,ACCESSIBLE_PUBLIC_JSON,DISCOVERED_PUBLIC_PRODUCTS_JSON,Rug,Custom Pet Stocking Christmas Doormat with Family Name for Holiday Entryway,UNKNOWN,CHRISTMAS,224,products_json_page_1; https://chillgen.com/products.json?limit=250&page=1,2026-09-07T00:00:00+07:00,2026-09-07T00:00:00+07:00,admin_only_fields_unknown_without_shopify_csv,B023,COMPLETED,DRAFTED,NEEDS_REVIEW
1.0,2.4,chillgen_20260907_01,chillgen.com,personalized-christmas-doormat-black-bear-family-e3c9d6a891-e3c9d6a891,personalized-christmas-doormat-black-bear-family-e3c9d6a891-e3c9d6a891,15912098267505,gid://shopify/Product/15912098267505,https://chillgen.com/products/personalized-christmas-doormat-black-bear-family-e3c9d6a891-e3c9d6a891,https://chillgen.com/products/personalized-christmas-doormat-black-bear-family-e3c9d6a891-e3c9d6a891,en-US,US,PUBLIC_AVAILABLE,ACCESSIBLE_PUBLIC_JSON,DISCOVERED_PUBLIC_PRODUCTS_JSON,Rug,Personalized Black Bear Christmas Doormat with Family Name for Front Door,UNKNOWN,CHRISTMAS,225,products_json_page_1; https://chillgen.com/products.json?limit=250&page=1,2026-09-07T00:00:00+07:00,2026-09-07T00:00:00+07:00,admin_only_fields_unknown_without_shopify_csv,B023,COMPLETED,DRAFTED,NEEDS_REVIEW
1.0,2.4,chillgen_20260907_01,chillgen.com,personalized-christmas-doormat-family-name-5fb80e7372-5fb80e7372,personalized-christmas-doormat-family-name-5fb80e7372-5fb80e7372,15912099185009,gid://shopify/Product/15912099185009,https://chillgen.com/products/personalized-christmas-doormat-family-name-5fb80e7372-5fb80e7372,https://chillgen.com/products/personalized-christmas-doormat-family-name-5fb80e7372-5fb80e7372,en-US,US,PUBLIC_AVAILABLE,ACCESSIBLE_PUBLIC_JSON,DISCOVERED_PUBLIC_PRODUCTS_JSON,Rug,Custom Christmas Doormat with Family Name and Address for Holiday Entryway,UNKNOWN,CHRISTMAS,226,products_json_page_1; https://chillgen.com/products.json?limit=250&page=1,2026-09-07T00:00:00+07:00,2026-09-07T00:00:00+07:00,admin_only_fields_unknown_without_shopify_csv,B023,COMPLETED,DRAFTED,NEEDS_REVIEW
1.0,2.4,chillgen_20260907_01,chillgen.com,personalized-christmas-doormat-with-custom-family-name-83c3ea451f,personalized-christmas-doormat-with-custom-family-name-83c3ea451f,15912099250545,gid://shopify/Product/15912099250545,https://chillgen.com/products/personalized-christmas-doormat-with-custom-family-name-83c3ea451f,https://chillgen.com/products/personalized-christmas-doormat-with-custom-family-name-83c3ea451f,en-US,US,PUBLIC_AVAILABLE,ACCESSIBLE_PUBLIC_JSON,DISCOVERED_PUBLIC_PRODUCTS_JSON,Rug,Personalized Family Stocking Christmas Doormat for Front Door Entryway,UNKNOWN,CHRISTMAS,227,products_json_page_1; https://chillgen.com/products.json?limit=250&page=1,2026-09-07T00:00:00+07:00,2026-09-07T00:00:00+07:00,admin_only_fields_unknown_without_shopify_csv,B023,COMPLETED,DRAFTED,NEEDS_REVIEW
1.0,2.4,chillgen_20260907_01,chillgen.com,personalized-christmas-doormat-with-custom-family-name-d66e920e14,personalized-christmas-doormat-with-custom-family-name-d66e920e14,15912099545457,gid://shopify/Product/15912099545457,https://chillgen.com/products/personalized-christmas-doormat-with-custom-family-name-d66e920e14,https://chillgen.com/products/personalized-christmas-doormat-with-custom-family-name-d66e920e14,en-US,US,PUBLIC_AVAILABLE,ACCESSIBLE_PUBLIC_JSON,DISCOVERED_PUBLIC_PRODUCTS_JSON,Rug,Custom 3D Snowman Christmas Doormat with Family Name for Holiday Entryway,UNKNOWN,CHRISTMAS,228,products_json_page_1; https://chillgen.com/products.json?limit=250&page=1,2026-09-07T00:00:00+07:00,2026-09-07T00:00:00+07:00,admin_only_fields_unknown_without_shopify_csv,B023,COMPLETED,DRAFTED,NEEDS_REVIEW
1.0,2.4,chillgen_20260907_01,chillgen.com,personalized-christmas-welcome-doormat-28640346cc,personalized-christmas-welcome-doormat-28640346cc,15912099807601,gid://shopify/Product/15912099807601,https://chillgen.com/products/personalized-christmas-welcome-doormat-28640346cc,https://chillgen.com/products/personalized-christmas-welcome-doormat-28640346cc,en-US,US,PUBLIC_AVAILABLE,ACCESSIBLE_PUBLIC_JSON,DISCOVERED_PUBLIC_PRODUCTS_JSON,Rug,Personalized Pet Christmas Doormat with Family Name for Front Door Decor,UNKNOWN,CHRISTMAS,229,products_json_page_1; https://chillgen.com/products.json?limit=250&page=1,2026-09-07T00:00:00+07:00,2026-09-07T00:00:00+07:00,admin_only_fields_unknown_without_shopify_csv,B023,COMPLETED,DRAFTED,NEEDS_REVIEW
1.0,2.4,chillgen_20260907_01,chillgen.com,personalized-christmas-doormat-1a037c0533,personalized-christmas-doormat-1a037c0533,15912100299121,gid://shopify/Product/15912100299121,https://chillgen.com/products/personalized-christmas-doormat-1a037c0533,https://chillgen.com/products/personalized-christmas-doormat-1a037c0533,en-US,US,PUBLIC_AVAILABLE,ACCESSIBLE_PUBLIC_JSON,DISCOVERED_PUBLIC_PRODUCTS_JSON,Rug,Custom Christmas Letter Doormat with Family Name for Holiday Entryway,UNKNOWN,CHRISTMAS,230,products_json_page_1; https://chillgen.com/products.json?limit=250&page=1,2026-09-07T00:00:00+07:00,2026-09-07T00:00:00+07:00,admin_only_fields_unknown_without_shopify_csv,B023,COMPLETED,DRAFTED,NEEDS_REVIEW
1.0,2.4,chillgen_20260907_01,chillgen.com,personalized-christmas-doormat-d7f77b93a8-d7f77b93a8,personalized-christmas-doormat-d7f77b93a8-d7f77b93a8,15912100331889,gid://shopify/Product/15912100331889,https://chillgen.com/products/personalized-christmas-doormat-d7f77b93a8-d7f77b93a8,https://chillgen.com/products/personalized-christmas-doormat-d7f77b93a8-d7f77b93a8,en-US,US,PUBLIC_AVAILABLE,ACCESSIBLE_PUBLIC_JSON,DISCOVERED_PUBLIC_PRODUCTS_JSON,Rug,Personalized Santa Letter Christmas Doormat with Family Name for Front Door,UNKNOWN,CHRISTMAS,231,products_json_page_1; https://chillgen.com/products.json?limit=250&page=1,2026-09-07T00:00:00+07:00,2026-09-07T00:00:00+07:00,admin_only_fields_unknown_without_shopify_csv,B024,COMPLETED,DRAFTED,NEEDS_REVIEW
1.0,2.4,chillgen_20260907_01,chillgen.com,custom-kids-read-book-rug-classroom-library-eaedf8485b,custom-kids-read-book-rug-classroom-library-eaedf8485b,15913270182257,gid://shopify/Product/15913270182257,https://chillgen.com/products/custom-kids-read-book-rug-classroom-library-eaedf8485b,https://chillgen.com/products/custom-kids-read-book-rug-classroom-library-eaedf8485b,en-US,US,PUBLIC_AVAILABLE,ACCESSIBLE_PUBLIC_JSON,DISCOVERED_PUBLIC_PRODUCTS_JSON,Rug,Custom Kids Reading Rug with Name for Classroom Library and Story Time,UNKNOWN,EVERGREEN_OR_OTHER,232,products_json_page_1; https://chillgen.com/products.json?limit=250&page=1,2026-09-07T00:00:00+07:00,2026-09-07T00:00:00+07:00,admin_only_fields_unknown_without_shopify_csv,B024,COMPLETED,DRAFTED,NEEDS_REVIEW
1.0,2.4,chillgen_20260907_01,chillgen.com,custom-reading-corner-classroom-library-mat-40b8909d74-40b8909d74,custom-reading-corner-classroom-library-mat-40b8909d74-40b8909d74,15913271689585,gid://shopify/Product/15913271689585,https://chillgen.com/products/custom-reading-corner-classroom-library-mat-40b8909d74-40b8909d74,https://chillgen.com/products/custom-reading-corner-classroom-library-mat-40b8909d74-40b8909d74,en-US,US,PUBLIC_AVAILABLE,ACCESSIBLE_PUBLIC_JSON,DISCOVERED_PUBLIC_PRODUCTS_JSON,Rug,Reading Corner Rug with Custom Name for Classroom Library and Study Space,UNKNOWN,EVERGREEN_OR_OTHER,233,products_json_page_1; https://chillgen.com/products.json?limit=250&page=1,2026-09-07T00:00:00+07:00,2026-09-07T00:00:00+07:00,admin_only_fields_unknown_without_shopify_csv,B024,COMPLETED,DRAFTED,NEEDS_REVIEW
1.0,2.4,chillgen_20260907_01,chillgen.com,custom-reading-classroom-library-rug-bdef6840ec-bdef6840ec,custom-reading-classroom-library-rug-bdef6840ec-bdef6840ec,15913272803697,gid://shopify/Product/15913272803697,https://chillgen.com/products/custom-reading-classroom-library-rug-bdef6840ec-bdef6840ec,https://chillgen.com/products/custom-reading-classroom-library-rug-bdef6840ec-bdef6840ec,en-US,US,PUBLIC_AVAILABLE,ACCESSIBLE_PUBLIC_JSON,DISCOVERED_PUBLIC_PRODUCTS_JSON,Rug,Floral Butterfly Reading Rug with Custom Name for Classroom Library,UNKNOWN,EVERGREEN_OR_OTHER,234,products_json_page_1; https://chillgen.com/products.json?limit=250&page=1,2026-09-07T00:00:00+07:00,2026-09-07T00:00:00+07:00,admin_only_fields_unknown_without_shopify_csv,B024,COMPLETED,DRAFTED,NEEDS_REVIEW
1.0,2.4,chillgen_20260907_01,chillgen.com,custom-classroom-library-reading-rug-9121bf7e9f-9121bf7e9f,custom-classroom-library-reading-rug-9121bf7e9f-9121bf7e9f,15913274048881,gid://shopify/Product/15913274048881,https://chillgen.com/products/custom-classroom-library-reading-rug-9121bf7e9f-9121bf7e9f,https://chillgen.com/products/custom-classroom-library-reading-rug-9121bf7e9f-9121bf7e9f,en-US,US,PUBLIC_AVAILABLE,ACCESSIBLE_PUBLIC_JSON,DISCOVERED_PUBLIC_PRODUCTS_JSON,Rug,Book and Cat Reading Rug with Custom Name for Classroom Library Space,UNKNOWN,EVERGREEN_OR_OTHER,235,products_json_page_1; https://chillgen.com/products.json?limit=250&page=1,2026-09-07T00:00:00+07:00,2026-09-07T00:00:00+07:00,admin_only_fields_unknown_without_shopify_csv,B024,COMPLETED,DRAFTED,NEEDS_REVIEW
1.0,2.4,chillgen_20260907_01,chillgen.com,custom-family-name-welcome-doormat-front-door-6831756395-6831756395,custom-family-name-welcome-doormat-front-door-6831756395-6831756395,15913274966385,gid://shopify/Product/15913274966385,https://chillgen.com/products/custom-family-name-welcome-doormat-front-door-6831756395-6831756395,https://chillgen.com/products/custom-family-name-welcome-doormat-front-door-6831756395-6831756395,en-US,US,PUBLIC_AVAILABLE,ACCESSIBLE_PUBLIC_JSON,DISCOVERED_PUBLIC_PRODUCTS_JSON,Rug,A Good Day to Read Rug with Custom Name for Classroom Reading Nook,UNKNOWN,EVERGREEN_OR_OTHER,236,products_json_page_1; https://chillgen.com/products.json?limit=250&page=1,2026-09-07T00:00:00+07:00,2026-09-07T00:00:00+07:00,admin_only_fields_unknown_without_shopify_csv,B024,COMPLETED,DRAFTED,NEEDS_REVIEW
1.0,2.4,chillgen_20260907_01,chillgen.com,custom-bookshelf-classroom-library-reading-rug-75ece72c91,custom-bookshelf-classroom-library-reading-rug-75ece72c91,15913275392369,gid://shopify/Product/15913275392369,https://chillgen.com/products/custom-bookshelf-classroom-library-reading-rug-75ece72c91,https://chillgen.com/products/custom-bookshelf-classroom-library-reading-rug-75ece72c91,en-US,US,PUBLIC_AVAILABLE,ACCESSIBLE_PUBLIC_JSON,DISCOVERED_PUBLIC_PRODUCTS_JSON,Rug,Bookshelf Reading Rug with Custom Name for Classroom and Library Space,UNKNOWN,EVERGREEN_OR_OTHER,237,products_json_page_1; https://chillgen.com/products.json?limit=250&page=1,2026-09-07T00:00:00+07:00,2026-09-07T00:00:00+07:00,admin_only_fields_unknown_without_shopify_csv,B024,COMPLETED,DRAFTED,NEEDS_REVIEW
1.0,2.4,chillgen_20260907_01,chillgen.com,custom-reading-corner-classroom-library-rug-4a41f4c798-4a41f4c798,custom-reading-corner-classroom-library-rug-4a41f4c798-4a41f4c798,15913276277105,gid://shopify/Product/15913276277105,https://chillgen.com/products/custom-reading-corner-classroom-library-rug-4a41f4c798-4a41f4c798,https://chillgen.com/products/custom-reading-corner-classroom-library-rug-4a41f4c798-4a41f4c798,en-US,US,PUBLIC_AVAILABLE,ACCESSIBLE_PUBLIC_JSON,DISCOVERED_PUBLIC_PRODUCTS_JSON,Rug,Reading Nook Classroom Rug with Custom Name for Library Story Time,UNKNOWN,EVERGREEN_OR_OTHER,238,products_json_page_1; https://chillgen.com/products.json?limit=250&page=1,2026-09-07T00:00:00+07:00,2026-09-07T00:00:00+07:00,admin_only_fields_unknown_without_shopify_csv,B024,COMPLETED,DRAFTED,NEEDS_REVIEW
1.0,2.4,chillgen_20260907_01,chillgen.com,custom-baseball-vintage-pattern-area-rug-non-slip-a74f120767,custom-baseball-vintage-pattern-area-rug-non-slip-a74f120767,15913277030769,gid://shopify/Product/15913277030769,https://chillgen.com/products/custom-baseball-vintage-pattern-area-rug-non-slip-a74f120767,https://chillgen.com/products/custom-baseball-vintage-pattern-area-rug-non-slip-a74f120767,en-US,US,PUBLIC_AVAILABLE,ACCESSIBLE_PUBLIC_JSON,DISCOVERED_PUBLIC_PRODUCTS_JSON,Rug,Custom Name Vintage Baseball Area Rug with Non Slip Backing for Sports Bedroom,UNKNOWN,EVERGREEN_OR_OTHER,239,products_json_page_1; https://chillgen.com/products.json?limit=250&page=1,2026-09-07T00:00:00+07:00,2026-09-07T00:00:00+07:00,admin_only_fields_unknown_without_shopify_csv,B024,COMPLETED,DRAFTED,NEEDS_REVIEW
1.0,2.4,chillgen_20260907_01,chillgen.com,custom-vintage-baseball-area-rug-b5f20ad4f5,custom-vintage-baseball-area-rug-b5f20ad4f5,15913278243185,gid://shopify/Product/15913278243185,https://chillgen.com/products/custom-vintage-baseball-area-rug-b5f20ad4f5,https://chillgen.com/products/custom-vintage-baseball-area-rug-b5f20ad4f5,en-US,US,PUBLIC_AVAILABLE,ACCESSIBLE_PUBLIC_JSON,DISCOVERED_PUBLIC_PRODUCTS_JSON,Rug,Personalized Vintage Baseball Area Rug with Fade Resistant Design for Sports Room,UNKNOWN,CHRISTMAS,240,products_json_page_1; https://chillgen.com/products.json?limit=250&page=1,2026-09-07T00:00:00+07:00,2026-09-07T00:00:00+07:00,admin_only_fields_unknown_without_shopify_csv,B024,COMPLETED,DRAFTED,NEEDS_REVIEW
1.0,2.4,chillgen_20260907_01,chillgen.com,custom-reading-tree-classroom-library-rug-983a65fb2e-983a65fb2e,custom-reading-tree-classroom-library-rug-983a65fb2e-983a65fb2e,15913278538097,gid://shopify/Product/15913278538097,https://chillgen.com/products/custom-reading-tree-classroom-library-rug-983a65fb2e-983a65fb2e,https://chillgen.com/products/custom-reading-tree-classroom-library-rug-983a65fb2e-983a65fb2e,en-US,US,PUBLIC_AVAILABLE,ACCESSIBLE_PUBLIC_JSON,DISCOVERED_PUBLIC_PRODUCTS_JSON,Rug,Reading Tree Rug with Custom Name for Classroom Library and Story Time,UNKNOWN,EVERGREEN_OR_OTHER,241,products_json_page_1; https://chillgen.com/products.json?limit=250&page=1,2026-09-07T00:00:00+07:00,2026-09-07T00:00:00+07:00,admin_only_fields_unknown_without_shopify_csv,B025,COMPLETED,DRAFTED,NEEDS_REVIEW
1.0,2.4,chillgen_20260907_01,chillgen.com,custom-tree-of-knowledge-classroom-library-rug-5ea95ac966-5ea95ac966,custom-tree-of-knowledge-classroom-library-rug-5ea95ac966-5ea95ac966,15913279684977,gid://shopify/Product/15913279684977,https://chillgen.com/products/custom-tree-of-knowledge-classroom-library-rug-5ea95ac966-5ea95ac966,https://chillgen.com/products/custom-tree-of-knowledge-classroom-library-rug-5ea95ac966-5ea95ac966,en-US,US,PUBLIC_AVAILABLE,ACCESSIBLE_PUBLIC_JSON,DISCOVERED_PUBLIC_PRODUCTS_JSON,Rug,Tree of Knowledge Area Rug with Custom Name and Floral Library Design,UNKNOWN,EVERGREEN_OR_OTHER,242,products_json_page_1; https://chillgen.com/products.json?limit=250&page=1,2026-09-07T00:00:00+07:00,2026-09-07T00:00:00+07:00,admin_only_fields_unknown_without_shopify_csv,B025,COMPLETED,DRAFTED,NEEDS_REVIEW
1.0,2.4,chillgen_20260907_01,chillgen.com,personalized-cool-kids-read-book-rug-classroom-library-b1f15827f5,personalized-cool-kids-read-book-rug-classroom-library-b1f15827f5,15913280405873,gid://shopify/Product/15913280405873,https://chillgen.com/products/personalized-cool-kids-read-book-rug-classroom-library-b1f15827f5,https://chillgen.com/products/personalized-cool-kids-read-book-rug-classroom-library-b1f15827f5,en-US,US,PUBLIC_AVAILABLE,ACCESSIBLE_PUBLIC_JSON,DISCOVERED_PUBLIC_PRODUCTS_JSON,Rug,Cool Kids Read Rug with Custom Name for Classroom Library Reading Nook,UNKNOWN,EVERGREEN_OR_OTHER,243,products_json_page_1; https://chillgen.com/products.json?limit=250&page=1,2026-09-07T00:00:00+07:00,2026-09-07T00:00:00+07:00,admin_only_fields_unknown_without_shopify_csv,B025,COMPLETED,DRAFTED,NEEDS_REVIEW
1.0,2.4,chillgen_20260907_01,chillgen.com,custom-good-day-read-book-classroom-rug-dc9ddbc5f6-dc9ddbc5f6,custom-good-day-read-book-classroom-rug-dc9ddbc5f6-dc9ddbc5f6,15913280536945,gid://shopify/Product/15913280536945,https://chillgen.com/products/custom-good-day-read-book-classroom-rug-dc9ddbc5f6-dc9ddbc5f6,https://chillgen.com/products/custom-good-day-read-book-classroom-rug-dc9ddbc5f6-dc9ddbc5f6,en-US,US,PUBLIC_AVAILABLE,ACCESSIBLE_PUBLIC_JSON,DISCOVERED_PUBLIC_PRODUCTS_JSON,Rug,Cozy Reading Corner Rug with Custom Name for Classroom and Library,UNKNOWN,EVERGREEN_OR_OTHER,244,products_json_page_1; https://chillgen.com/products.json?limit=250&page=1,2026-09-07T00:00:00+07:00,2026-09-07T00:00:00+07:00,admin_only_fields_unknown_without_shopify_csv,B025,COMPLETED,DRAFTED,NEEDS_REVIEW
1.0,2.4,chillgen_20260907_01,chillgen.com,colorful-handprints-kids-classroom-rug-e41ab46aac-e41ab46aac,colorful-handprints-kids-classroom-rug-e41ab46aac-e41ab46aac,15913299575153,gid://shopify/Product/15913299575153,https://chillgen.com/products/colorful-handprints-kids-classroom-rug-e41ab46aac-e41ab46aac,https://chillgen.com/products/colorful-handprints-kids-classroom-rug-e41ab46aac-e41ab46aac,en-US,US,PUBLIC_AVAILABLE,ACCESSIBLE_PUBLIC_JSON,DISCOVERED_PUBLIC_PRODUCTS_JSON,Rug,Colorful Handprint Classroom Rug with Positive Quotes for Kids Learning,UNKNOWN,EVERGREEN_OR_OTHER,245,products_json_page_1; https://chillgen.com/products.json?limit=250&page=1,2026-09-07T00:00:00+07:00,2026-09-07T00:00:00+07:00,admin_only_fields_unknown_without_shopify_csv,B025,COMPLETED,DRAFTED,NEEDS_REVIEW
1.0,2.4,chillgen_20260907_01,chillgen.com,colorful-classroom-rug-for-kids-aaa73255b2-aaa73255b2,colorful-classroom-rug-for-kids-aaa73255b2-aaa73255b2,15913299870065,gid://shopify/Product/15913299870065,https://chillgen.com/products/colorful-classroom-rug-for-kids-aaa73255b2-aaa73255b2,https://chillgen.com/products/colorful-classroom-rug-for-kids-aaa73255b2-aaa73255b2,en-US,US,PUBLIC_AVAILABLE,ACCESSIBLE_PUBLIC_JSON,DISCOVERED_PUBLIC_PRODUCTS_JSON,Rug,Custom Growth Mindset Handprint Rug for Classroom and Kids Playroom,UNKNOWN,EVERGREEN_OR_OTHER,246,products_json_page_1; https://chillgen.com/products.json?limit=250&page=1,2026-09-07T00:00:00+07:00,2026-09-07T00:00:00+07:00,admin_only_fields_unknown_without_shopify_csv,B025,COMPLETED,DRAFTED,NEEDS_REVIEW
1.0,2.4,chillgen_20260907_01,chillgen.com,colorful-classroom-rug-for-kids-877e4e6020-877e4e6020,colorful-classroom-rug-for-kids-877e4e6020-877e4e6020,15913300361585,gid://shopify/Product/15913300361585,https://chillgen.com/products/colorful-classroom-rug-for-kids-877e4e6020-877e4e6020,https://chillgen.com/products/colorful-classroom-rug-for-kids-877e4e6020-877e4e6020,en-US,US,PUBLIC_AVAILABLE,ACCESSIBLE_PUBLIC_JSON,DISCOVERED_PUBLIC_PRODUCTS_JSON,Rug,You Are Affirmation Handprint Rug for Classroom and Learning Space,UNKNOWN,EVERGREEN_OR_OTHER,247,products_json_page_1; https://chillgen.com/products.json?limit=250&page=1,2026-09-07T00:00:00+07:00,2026-09-07T00:00:00+07:00,admin_only_fields_unknown_without_shopify_csv,B025,COMPLETED,DRAFTED,NEEDS_REVIEW
1.0,2.4,chillgen_20260907_01,chillgen.com,colorful-handprints-kids-classroom-rug-345ee4ca82-345ee4ca82,colorful-handprints-kids-classroom-rug-345ee4ca82-345ee4ca82,15913301999985,gid://shopify/Product/15913301999985,https://chillgen.com/products/colorful-handprints-kids-classroom-rug-345ee4ca82-345ee4ca82,https://chillgen.com/products/colorful-handprints-kids-classroom-rug-345ee4ca82-345ee4ca82,en-US,US,PUBLIC_AVAILABLE,ACCESSIBLE_PUBLIC_JSON,DISCOVERED_PUBLIC_PRODUCTS_JSON,Rug,Custom Artist Handprint Rug with Inspirational Quotes for Kids Playroom,UNKNOWN,EVERGREEN_OR_OTHER,248,products_json_page_1; https://chillgen.com/products.json?limit=250&page=1,2026-09-07T00:00:00+07:00,2026-09-07T00:00:00+07:00,admin_only_fields_unknown_without_shopify_csv,B025,COMPLETED,DRAFTED,NEEDS_REVIEW
1.0,2.4,chillgen_20260907_01,chillgen.com,colorful-handprints-classroom-kids-rug-51cf8ab902-51cf8ab902,colorful-handprints-classroom-kids-rug-51cf8ab902-51cf8ab902,15913302557041,gid://shopify/Product/15913302557041,https://chillgen.com/products/colorful-handprints-classroom-kids-rug-51cf8ab902-51cf8ab902,https://chillgen.com/products/colorful-handprints-classroom-kids-rug-51cf8ab902-51cf8ab902,en-US,US,PUBLIC_AVAILABLE,ACCESSIBLE_PUBLIC_JSON,DISCOVERED_PUBLIC_PRODUCTS_JSON,Rug,Soft Pile Handprint Classroom Rug with Positive Quotes for Kids Room,UNKNOWN,EVERGREEN_OR_OTHER,249,products_json_page_1; https://chillgen.com/products.json?limit=250&page=1,2026-09-07T00:00:00+07:00,2026-09-07T00:00:00+07:00,admin_only_fields_unknown_without_shopify_csv,B025,COMPLETED,DRAFTED,NEEDS_REVIEW
1.0,2.4,chillgen_20260907_01,chillgen.com,colorful-handprints-kids-classroom-rug-51f01db413-51f01db413,colorful-handprints-kids-classroom-rug-51f01db413-51f01db413,15913302950257,gid://shopify/Product/15913302950257,https://chillgen.com/products/colorful-handprints-kids-classroom-rug-51f01db413-51f01db413,https://chillgen.com/products/colorful-handprints-kids-classroom-rug-51f01db413-51f01db413,en-US,US,PUBLIC_AVAILABLE,ACCESSIBLE_PUBLIC_JSON,DISCOVERED_PUBLIC_PRODUCTS_JSON,Rug,Book Theme Handprint Rug with Positive Quotes for Classroom Learning,UNKNOWN,EVERGREEN_OR_OTHER,250,products_json_page_1; https://chillgen.com/products.json?limit=250&page=1,2026-09-07T00:00:00+07:00,2026-09-07T00:00:00+07:00,admin_only_fields_unknown_without_shopify_csv,B025,COMPLETED,DRAFTED,NEEDS_REVIEW
1.0,2.4,chillgen_20260907_01,chillgen.com,colorful-classroom-rug-for-kids-e5ed693d3f,colorful-classroom-rug-for-kids-e5ed693d3f,15913303277937,gid://shopify/Product/15913303277937,https://chillgen.com/products/colorful-classroom-rug-for-kids-e5ed693d3f,https://chillgen.com/products/colorful-classroom-rug-for-kids-e5ed693d3f,en-US,US,PUBLIC_AVAILABLE,ACCESSIBLE_PUBLIC_JSON,DISCOVERED_PUBLIC_PRODUCTS_JSON,Rug,Growth Mindset Handprint Rug with Be Brave Quotes for Kids Classroom,UNKNOWN,EVERGREEN_OR_OTHER,251,products_json_page_2; https://chillgen.com/products.json?limit=250&page=2,2026-09-07T00:00:00+07:00,2026-09-07T00:00:00+07:00,admin_only_fields_unknown_without_shopify_csv,B026,COMPLETED,DRAFTED,NEEDS_REVIEW
1.0,2.4,chillgen_20260907_01,chillgen.com,colorful-classroom-rug-for-kids-a44b91f2e4,colorful-classroom-rug-for-kids-a44b91f2e4,15913303507313,gid://shopify/Product/15913303507313,https://chillgen.com/products/colorful-classroom-rug-for-kids-a44b91f2e4,https://chillgen.com/products/colorful-classroom-rug-for-kids-a44b91f2e4,en-US,US,PUBLIC_AVAILABLE,ACCESSIBLE_PUBLIC_JSON,DISCOVERED_PUBLIC_PRODUCTS_JSON,Rug,Custom Positive Change Handprint Rug for Classroom and Kids Bedroom,UNKNOWN,EVERGREEN_OR_OTHER,252,products_json_page_2; https://chillgen.com/products.json?limit=250&page=2,2026-09-07T00:00:00+07:00,2026-09-07T00:00:00+07:00,admin_only_fields_unknown_without_shopify_csv,B026,COMPLETED,DRAFTED,NEEDS_REVIEW
1.0,2.4,chillgen_20260907_01,chillgen.com,colorful-handprints-kids-classroom-area-rug-9f8e77de21,colorful-handprints-kids-classroom-area-rug-9f8e77de21,15913303736689,gid://shopify/Product/15913303736689,https://chillgen.com/products/colorful-handprints-kids-classroom-area-rug-9f8e77de21,https://chillgen.com/products/colorful-handprints-kids-classroom-area-rug-9f8e77de21,en-US,US,PUBLIC_AVAILABLE,ACCESSIBLE_PUBLIC_JSON,DISCOVERED_PUBLIC_PRODUCTS_JSON,Rug,Colorful Classroom Handprint Rug with Growth Mindset Quotes for Playroom,UNKNOWN,EVERGREEN_OR_OTHER,253,products_json_page_2; https://chillgen.com/products.json?limit=250&page=2,2026-09-07T00:00:00+07:00,2026-09-07T00:00:00+07:00,admin_only_fields_unknown_without_shopify_csv,B026,COMPLETED,DRAFTED,NEEDS_REVIEW
1.0,2.4,chillgen_20260907_01,chillgen.com,colorful-classroom-rug-handprints-quotes-6a4adbacc3,colorful-classroom-rug-handprints-quotes-6a4adbacc3,15913304097137,gid://shopify/Product/15913304097137,https://chillgen.com/products/colorful-classroom-rug-handprints-quotes-6a4adbacc3,https://chillgen.com/products/colorful-classroom-rug-handprints-quotes-6a4adbacc3,en-US,US,PUBLIC_AVAILABLE,ACCESSIBLE_PUBLIC_JSON,DISCOVERED_PUBLIC_PRODUCTS_JSON,Rug,Inspirational Handprint Rug with Positive Quotes for Classroom Kids Room,UNKNOWN,EVERGREEN_OR_OTHER,254,products_json_page_2; https://chillgen.com/products.json?limit=250&page=2,2026-09-07T00:00:00+07:00,2026-09-07T00:00:00+07:00,admin_only_fields_unknown_without_shopify_csv,B026,COMPLETED,DRAFTED,NEEDS_REVIEW
1.0,2.4,chillgen_20260907_01,chillgen.com,colorful-classroom-handprints-kids-rug-fca6e65808-fca6e65808,colorful-classroom-handprints-kids-rug-fca6e65808-fca6e65808,15913304555889,gid://shopify/Product/15913304555889,https://chillgen.com/products/colorful-classroom-handprints-kids-rug-fca6e65808-fca6e65808,https://chillgen.com/products/colorful-classroom-handprints-kids-rug-fca6e65808-fca6e65808,en-US,US,PUBLIC_AVAILABLE,ACCESSIBLE_PUBLIC_JSON,DISCOVERED_PUBLIC_PRODUCTS_JSON,Rug,Future Leaders Handprint Rug for Classroom Playroom and Learning Space,UNKNOWN,EVERGREEN_OR_OTHER,255,products_json_page_2; https://chillgen.com/products.json?limit=250&page=2,2026-09-07T00:00:00+07:00,2026-09-07T00:00:00+07:00,admin_only_fields_unknown_without_shopify_csv,B026,COMPLETED,DRAFTED,NEEDS_REVIEW
1.0,2.4,chillgen_20260907_01,chillgen.com,colorful-handprints-classroom-kids-rug-358d2f0393,colorful-handprints-classroom-kids-rug-358d2f0393,15913305342321,gid://shopify/Product/15913305342321,https://chillgen.com/products/colorful-handprints-classroom-kids-rug-358d2f0393,https://chillgen.com/products/colorful-handprints-classroom-kids-rug-358d2f0393,en-US,US,PUBLIC_AVAILABLE,ACCESSIBLE_PUBLIC_JSON,DISCOVERED_PUBLIC_PRODUCTS_JSON,Rug,Custom Handprint Affirmation Rug for Classroom and Kids Learning Space,UNKNOWN,EVERGREEN_OR_OTHER,256,products_json_page_2; https://chillgen.com/products.json?limit=250&page=2,2026-09-07T00:00:00+07:00,2026-09-07T00:00:00+07:00,admin_only_fields_unknown_without_shopify_csv,B026,COMPLETED,DRAFTED,NEEDS_REVIEW
1.0,2.4,chillgen_20260907_01,chillgen.com,personalized-orthodox-christian-cross-byzantine-eagle-rug-9a8fdd4fcf-9a8fdd4fcf,personalized-orthodox-christian-cross-byzantine-eagle-rug-9a8fdd4fcf-9a8fdd4fcf,15913315041649,gid://shopify/Product/15913315041649,https://chillgen.com/products/personalized-orthodox-christian-cross-byzantine-eagle-rug-9a8fdd4fcf-9a8fdd4fcf,https://chillgen.com/products/personalized-orthodox-christian-cross-byzantine-eagle-rug-9a8fdd4fcf-9a8fdd4fcf,en-US,US,PUBLIC_AVAILABLE,ACCESSIBLE_PUBLIC_JSON,DISCOVERED_PUBLIC_PRODUCTS_JSON,Rug,Personalized Orthodox Area Rug with Cross and Byzantine Eagle for Prayer Room,UNKNOWN,EVERGREEN_OR_OTHER,257,products_json_page_2; https://chillgen.com/products.json?limit=250&page=2,2026-09-07T00:00:00+07:00,2026-09-07T00:00:00+07:00,admin_only_fields_unknown_without_shopify_csv,B026,COMPLETED,DRAFTED,NEEDS_REVIEW
1.0,2.4,chillgen_20260907_01,chillgen.com,personalized-orthodox-christian-three-bar-cross-rug-c6332608db,personalized-orthodox-christian-three-bar-cross-rug-c6332608db,15913315172721,gid://shopify/Product/15913315172721,https://chillgen.com/products/personalized-orthodox-christian-three-bar-cross-rug-c6332608db,https://chillgen.com/products/personalized-orthodox-christian-three-bar-cross-rug-c6332608db,en-US,US,PUBLIC_AVAILABLE,ACCESSIBLE_PUBLIC_JSON,DISCOVERED_PUBLIC_PRODUCTS_JSON,Rug,Custom Orthodox Three Bar Cross Area Rug for Prayer Corner and Church Decor,UNKNOWN,EVERGREEN_OR_OTHER,258,products_json_page_2; https://chillgen.com/products.json?limit=250&page=2,2026-09-07T00:00:00+07:00,2026-09-07T00:00:00+07:00,admin_only_fields_unknown_without_shopify_csv,B026,COMPLETED,DRAFTED,NEEDS_REVIEW
1.0,2.4,chillgen_20260907_01,chillgen.com,personalized-orthodox-cross-rug-byzantine-eagle-be38fb9e0a,personalized-orthodox-cross-rug-byzantine-eagle-be38fb9e0a,15913315565937,gid://shopify/Product/15913315565937,https://chillgen.com/products/personalized-orthodox-cross-rug-byzantine-eagle-be38fb9e0a,https://chillgen.com/products/personalized-orthodox-cross-rug-byzantine-eagle-be38fb9e0a,en-US,US,PUBLIC_AVAILABLE,ACCESSIBLE_PUBLIC_JSON,DISCOVERED_PUBLIC_PRODUCTS_JSON,Rug,Personalized Byzantine Eagle Area Rug with Orthodox Cross for Meditation Space,UNKNOWN,EVERGREEN_OR_OTHER,259,products_json_page_2; https://chillgen.com/products.json?limit=250&page=2,2026-09-07T00:00:00+07:00,2026-09-07T00:00:00+07:00,admin_only_fields_unknown_without_shopify_csv,B026,COMPLETED,DRAFTED,NEEDS_REVIEW
1.0,2.4,chillgen_20260907_01,chillgen.com,personalized-orthodox-cross-byzantine-eagle-rug-8e70ebd991,personalized-orthodox-cross-byzantine-eagle-rug-8e70ebd991,15913315795313,gid://shopify/Product/15913315795313,https://chillgen.com/products/personalized-orthodox-cross-byzantine-eagle-rug-8e70ebd991,https://chillgen.com/products/personalized-orthodox-cross-byzantine-eagle-rug-8e70ebd991,en-US,US,PUBLIC_AVAILABLE,ACCESSIBLE_PUBLIC_JSON,DISCOVERED_PUBLIC_PRODUCTS_JSON,Rug,Custom Orthodox Prayer Rug with Three Bar Cross and Byzantine Eagle for Home,UNKNOWN,EVERGREEN_OR_OTHER,260,products_json_page_2; https://chillgen.com/products.json?limit=250&page=2,2026-09-07T00:00:00+07:00,2026-09-07T00:00:00+07:00,admin_only_fields_unknown_without_shopify_csv,B026,COMPLETED,DRAFTED,NEEDS_REVIEW
1.0,2.4,chillgen_20260907_01,chillgen.com,personalized-orthodox-doormat-with-christian-cross-and-eagle-6be5c719a3-6be5c719a3,personalized-orthodox-doormat-with-christian-cross-and-eagle-6be5c719a3-6be5c719a3,15913316024689,gid://shopify/Product/15913316024689,https://chillgen.com/products/personalized-orthodox-doormat-with-christian-cross-and-eagle-6be5c719a3-6be5c719a3,https://chillgen.com/products/personalized-orthodox-doormat-with-christian-cross-and-eagle-6be5c719a3-6be5c719a3,en-US,US,PUBLIC_AVAILABLE,ACCESSIBLE_PUBLIC_JSON,DISCOVERED_PUBLIC_PRODUCTS_JSON,Rug,Personalized Orthodox Area Rug with Christian Cross and Eagle for Prayer Corner,UNKNOWN,EVERGREEN_OR_OTHER,261,products_json_page_2; https://chillgen.com/products.json?limit=250&page=2,2026-09-07T00:00:00+07:00,2026-09-07T00:00:00+07:00,admin_only_fields_unknown_without_shopify_csv,B027,COMPLETED,DRAFTED,NEEDS_REVIEW
1.0,2.4,chillgen_20260907_01,chillgen.com,personalized-orthodox-christian-area-rug-00beb8fce2,personalized-orthodox-christian-area-rug-00beb8fce2,15913316188529,gid://shopify/Product/15913316188529,https://chillgen.com/products/personalized-orthodox-christian-area-rug-00beb8fce2,https://chillgen.com/products/personalized-orthodox-christian-area-rug-00beb8fce2,en-US,US,PUBLIC_AVAILABLE,ACCESSIBLE_PUBLIC_JSON,DISCOVERED_PUBLIC_PRODUCTS_JSON,Rug,Custom Orthodox Christian Area Rug with Cross and Eagle for Bedroom or Church,UNKNOWN,EVERGREEN_OR_OTHER,262,products_json_page_2; https://chillgen.com/products.json?limit=250&page=2,2026-09-07T00:00:00+07:00,2026-09-07T00:00:00+07:00,admin_only_fields_unknown_without_shopify_csv,B027,COMPLETED,DRAFTED,NEEDS_REVIEW
1.0,2.4,chillgen_20260907_01,chillgen.com,custom-orthodox-rug-three-bar-cross-byzantine-eagle-d81169235b-d81169235b,custom-orthodox-rug-three-bar-cross-byzantine-eagle-d81169235b-d81169235b,15913316581745,gid://shopify/Product/15913316581745,https://chillgen.com/products/custom-orthodox-rug-three-bar-cross-byzantine-eagle-d81169235b-d81169235b,https://chillgen.com/products/custom-orthodox-rug-three-bar-cross-byzantine-eagle-d81169235b-d81169235b,en-US,US,PUBLIC_AVAILABLE,ACCESSIBLE_PUBLIC_JSON,DISCOVERED_PUBLIC_PRODUCTS_JSON,Rug,Custom Orthodox Area Rug with Three Bar Cross and Memory Foam for Devotional Space,UNKNOWN,EVERGREEN_OR_OTHER,263,products_json_page_2; https://chillgen.com/products.json?limit=250&page=2,2026-09-07T00:00:00+07:00,2026-09-07T00:00:00+07:00,admin_only_fields_unknown_without_shopify_csv,B027,COMPLETED,DRAFTED,NEEDS_REVIEW
1.0,2.4,chillgen_20260907_01,chillgen.com,personalized-orthodox-christian-area-rug-fb5a56fef9-fb5a56fef9,personalized-orthodox-christian-area-rug-fb5a56fef9-fb5a56fef9,15913316909425,gid://shopify/Product/15913316909425,https://chillgen.com/products/personalized-orthodox-christian-area-rug-fb5a56fef9-fb5a56fef9,https://chillgen.com/products/personalized-orthodox-christian-area-rug-fb5a56fef9-fb5a56fef9,en-US,US,PUBLIC_AVAILABLE,ACCESSIBLE_PUBLIC_JSON,DISCOVERED_PUBLIC_PRODUCTS_JSON,Rug,Personalized Orthodox Area Rug with Family Name Cross and Byzantine Eagle,UNKNOWN,EVERGREEN_OR_OTHER,264,products_json_page_2; https://chillgen.com/products.json?limit=250&page=2,2026-09-07T00:00:00+07:00,2026-09-07T00:00:00+07:00,admin_only_fields_unknown_without_shopify_csv,B027,COMPLETED,DRAFTED,NEEDS_REVIEW
1.0,2.4,chillgen_20260907_01,chillgen.com,personalized-teachers-classroom-rules-rug-b0d7bd292a-b0d7bd292a,personalized-teachers-classroom-rules-rug-b0d7bd292a-b0d7bd292a,15913336471921,gid://shopify/Product/15913336471921,https://chillgen.com/products/personalized-teachers-classroom-rules-rug-b0d7bd292a-b0d7bd292a,https://chillgen.com/products/personalized-teachers-classroom-rules-rug-b0d7bd292a-b0d7bd292a,en-US,US,PUBLIC_AVAILABLE,ACCESSIBLE_PUBLIC_JSON,DISCOVERED_PUBLIC_PRODUCTS_JSON,Rug,Personalized Classroom Rules Rug with Teacher Name for Kindergarten Learning Space,UNKNOWN,EVERGREEN_OR_OTHER,265,products_json_page_2; https://chillgen.com/products.json?limit=250&page=2,2026-09-07T00:00:00+07:00,2026-09-07T00:00:00+07:00,admin_only_fields_unknown_without_shopify_csv,B027,COMPLETED,DRAFTED,NEEDS_REVIEW
1.0,2.4,chillgen_20260907_01,chillgen.com,personalized-classroom-rules-welcome-mat-07b188eb0d,personalized-classroom-rules-welcome-mat-07b188eb0d,15913336832369,gid://shopify/Product/15913336832369,https://chillgen.com/products/personalized-classroom-rules-welcome-mat-07b188eb0d,https://chillgen.com/products/personalized-classroom-rules-welcome-mat-07b188eb0d,en-US,US,PUBLIC_AVAILABLE,ACCESSIBLE_PUBLIC_JSON,DISCOVERED_PUBLIC_PRODUCTS_JSON,Rug,Personalized Classroom Rules Rug with Teacher Name for School Learning Room,UNKNOWN,EVERGREEN_OR_OTHER,266,products_json_page_2; https://chillgen.com/products.json?limit=250&page=2,2026-09-07T00:00:00+07:00,2026-09-07T00:00:00+07:00,admin_only_fields_unknown_without_shopify_csv,B027,COMPLETED,DRAFTED,NEEDS_REVIEW
1.0,2.4,chillgen_20260907_01,chillgen.com,personalized-teachers-classroom-rug-with-custom-name-87d858996b,personalized-teachers-classroom-rug-with-custom-name-87d858996b,15913337127281,gid://shopify/Product/15913337127281,https://chillgen.com/products/personalized-teachers-classroom-rug-with-custom-name-87d858996b,https://chillgen.com/products/personalized-teachers-classroom-rug-with-custom-name-87d858996b,en-US,US,PUBLIC_AVAILABLE,ACCESSIBLE_PUBLIC_JSON,DISCOVERED_PUBLIC_PRODUCTS_JSON,Rug,Personalized Feelings Chart Classroom Rug with Name for Calm Corner,UNKNOWN,EVERGREEN_OR_OTHER,267,products_json_page_2; https://chillgen.com/products.json?limit=250&page=2,2026-09-07T00:00:00+07:00,2026-09-07T00:00:00+07:00,admin_only_fields_unknown_without_shopify_csv,B027,COMPLETED,DRAFTED,NEEDS_REVIEW
1.0,2.4,chillgen_20260907_01,chillgen.com,personalized-classroom-rules-rug-custom-teacher-name-2b9854c06f,personalized-classroom-rules-rug-custom-teacher-name-2b9854c06f,15913337356657,gid://shopify/Product/15913337356657,https://chillgen.com/products/personalized-classroom-rules-rug-custom-teacher-name-2b9854c06f,https://chillgen.com/products/personalized-classroom-rules-rug-custom-teacher-name-2b9854c06f,en-US,US,PUBLIC_AVAILABLE,ACCESSIBLE_PUBLIC_JSON,DISCOVERED_PUBLIC_PRODUCTS_JSON,Rug,Personalized Colorful Classroom Rules Rug with Name for Preschool Playroom,UNKNOWN,EVERGREEN_OR_OTHER,268,products_json_page_2; https://chillgen.com/products.json?limit=250&page=2,2026-09-07T00:00:00+07:00,2026-09-07T00:00:00+07:00,admin_only_fields_unknown_without_shopify_csv,B027,COMPLETED,DRAFTED,NEEDS_REVIEW
1.0,2.4,chillgen_20260907_01,chillgen.com,personalized-classroom-rules-rug-with-custom-teacher-name-ad0787fb44,personalized-classroom-rules-rug-with-custom-teacher-name-ad0787fb44,15913337651569,gid://shopify/Product/15913337651569,https://chillgen.com/products/personalized-classroom-rules-rug-with-custom-teacher-name-ad0787fb44,https://chillgen.com/products/personalized-classroom-rules-rug-with-custom-teacher-name-ad0787fb44,en-US,US,PUBLIC_AVAILABLE,ACCESSIBLE_PUBLIC_JSON,DISCOVERED_PUBLIC_PRODUCTS_JSON,Rug,Custom Rainbow Rules Classroom Rug with Name for Kindergarten and Kids Room,UNKNOWN,EVERGREEN_OR_OTHER,269,products_json_page_2; https://chillgen.com/products.json?limit=250&page=2,2026-09-07T00:00:00+07:00,2026-09-07T00:00:00+07:00,admin_only_fields_unknown_without_shopify_csv,B027,COMPLETED,DRAFTED,NEEDS_REVIEW
1.0,2.4,chillgen_20260907_01,chillgen.com,custom-octopus-shaped-area-rug-9041fd8f83,custom-octopus-shaped-area-rug-9041fd8f83,15913340338545,gid://shopify/Product/15913340338545,https://chillgen.com/products/custom-octopus-shaped-area-rug-9041fd8f83,https://chillgen.com/products/custom-octopus-shaped-area-rug-9041fd8f83,en-US,US,PUBLIC_AVAILABLE,ACCESSIBLE_PUBLIC_JSON,DISCOVERED_PUBLIC_PRODUCTS_JSON,Rug,Personalized Sea Monster Octopus Rug with Velvet Surface for Living Room,UNKNOWN,EVERGREEN_OR_OTHER,270,products_json_page_2; https://chillgen.com/products.json?limit=250&page=2,2026-09-07T00:00:00+07:00,2026-09-07T00:00:00+07:00,admin_only_fields_unknown_without_shopify_csv,B027,COMPLETED,DRAFTED,NEEDS_REVIEW
1.0,2.4,chillgen_20260907_01,chillgen.com,custom-octopus-shaped-area-rug-sea-monster-tentacle-0753b2605a,custom-octopus-shaped-area-rug-sea-monster-tentacle-0753b2605a,15913340567921,gid://shopify/Product/15913340567921,https://chillgen.com/products/custom-octopus-shaped-area-rug-sea-monster-tentacle-0753b2605a,https://chillgen.com/products/custom-octopus-shaped-area-rug-sea-monster-tentacle-0753b2605a,en-US,US,PUBLIC_AVAILABLE,ACCESSIBLE_PUBLIC_JSON,DISCOVERED_PUBLIC_PRODUCTS_JSON,Rug,Personalized Nautical Octopus Shaped Rug with Non Slip Backing for Bedroom,UNKNOWN,EVERGREEN_OR_OTHER,271,products_json_page_2; https://chillgen.com/products.json?limit=250&page=2,2026-09-07T00:00:00+07:00,2026-09-07T00:00:00+07:00,admin_only_fields_unknown_without_shopify_csv,B028,COMPLETED,DRAFTED,NEEDS_REVIEW
1.0,2.4,chillgen_20260907_01,chillgen.com,custom-octopus-sea-monster-welcome-mat-c69579f5ed,custom-octopus-sea-monster-welcome-mat-c69579f5ed,15913340993905,gid://shopify/Product/15913340993905,https://chillgen.com/products/custom-octopus-sea-monster-welcome-mat-c69579f5ed,https://chillgen.com/products/custom-octopus-sea-monster-welcome-mat-c69579f5ed,en-US,US,PUBLIC_AVAILABLE,ACCESSIBLE_PUBLIC_JSON,DISCOVERED_PUBLIC_PRODUCTS_JSON,Rug,Personalized Sea Monster Octopus Area Rug with Colorful Ocean Wave Artwork,UNKNOWN,EVERGREEN_OR_OTHER,272,products_json_page_2; https://chillgen.com/products.json?limit=250&page=2,2026-09-07T00:00:00+07:00,2026-09-07T00:00:00+07:00,admin_only_fields_unknown_without_shopify_csv,B028,COMPLETED,DRAFTED,NEEDS_REVIEW
1.0,2.4,chillgen_20260907_01,chillgen.com,custom-octopus-shaped-area-rug-a96e544960-a96e544960,custom-octopus-shaped-area-rug-a96e544960-a96e544960,15913341223281,gid://shopify/Product/15913341223281,https://chillgen.com/products/custom-octopus-shaped-area-rug-a96e544960-a96e544960,https://chillgen.com/products/custom-octopus-shaped-area-rug-a96e544960-a96e544960,en-US,US,PUBLIC_AVAILABLE,ACCESSIBLE_PUBLIC_JSON,DISCOVERED_PUBLIC_PRODUCTS_JSON,Rug,Personalized Octopus Shaped Rug with Velvet Surface for Bedroom and Living Room,UNKNOWN,EVERGREEN_OR_OTHER,273,products_json_page_2; https://chillgen.com/products.json?limit=250&page=2,2026-09-07T00:00:00+07:00,2026-09-07T00:00:00+07:00,admin_only_fields_unknown_without_shopify_csv,B028,COMPLETED,DRAFTED,NEEDS_REVIEW
1.0,2.4,chillgen_20260907_01,chillgen.com,custom-octopus-shaped-area-rug-sea-monster-1975158434,custom-octopus-shaped-area-rug-sea-monster-1975158434,15913341387121,gid://shopify/Product/15913341387121,https://chillgen.com/products/custom-octopus-shaped-area-rug-sea-monster-1975158434,https://chillgen.com/products/custom-octopus-shaped-area-rug-sea-monster-1975158434,en-US,US,PUBLIC_AVAILABLE,ACCESSIBLE_PUBLIC_JSON,DISCOVERED_PUBLIC_PRODUCTS_JSON,Rug,Personalized Tentacle Shaped Octopus Rug for Bedroom and Reading Corner,UNKNOWN,HALLOWEEN,274,products_json_page_2; https://chillgen.com/products.json?limit=250&page=2,2026-09-07T00:00:00+07:00,2026-09-07T00:00:00+07:00,admin_only_fields_unknown_without_shopify_csv,B028,COMPLETED,DRAFTED,NEEDS_REVIEW
1.0,2.4,chillgen_20260907_01,chillgen.com,custom-octopus-shaped-area-rug-c7d44eba12-c7d44eba12,custom-octopus-shaped-area-rug-c7d44eba12-c7d44eba12,15913341583729,gid://shopify/Product/15913341583729,https://chillgen.com/products/custom-octopus-shaped-area-rug-c7d44eba12-c7d44eba12,https://chillgen.com/products/custom-octopus-shaped-area-rug-c7d44eba12-c7d44eba12,en-US,US,PUBLIC_AVAILABLE,ACCESSIBLE_PUBLIC_JSON,DISCOVERED_PUBLIC_PRODUCTS_JSON,Rug,Personalized Sea Monster Octopus Shaped Rug with Ocean Artwork for Game Room,UNKNOWN,HALLOWEEN,275,products_json_page_2; https://chillgen.com/products.json?limit=250&page=2,2026-09-07T00:00:00+07:00,2026-09-07T00:00:00+07:00,admin_only_fields_unknown_without_shopify_csv,B028,COMPLETED,DRAFTED,NEEDS_REVIEW
1.0,2.4,chillgen_20260907_01,chillgen.com,tree-of-life-welcome-mat-living-room-c11fdc3ba9-c11fdc3ba9,tree-of-life-welcome-mat-living-room-c11fdc3ba9-c11fdc3ba9,15913347842417,gid://shopify/Product/15913347842417,https://chillgen.com/products/tree-of-life-welcome-mat-living-room-c11fdc3ba9-c11fdc3ba9,https://chillgen.com/products/tree-of-life-welcome-mat-living-room-c11fdc3ba9-c11fdc3ba9,en-US,US,PUBLIC_AVAILABLE,ACCESSIBLE_PUBLIC_JSON,DISCOVERED_PUBLIC_PRODUCTS_JSON,Rug,Personalized Yggdrasil Area Rug with Optional Text for Living Room and Bedroom,UNKNOWN,EVERGREEN_OR_OTHER,276,products_json_page_2; https://chillgen.com/products.json?limit=250&page=2,2026-09-07T00:00:00+07:00,2026-09-07T00:00:00+07:00,admin_only_fields_unknown_without_shopify_csv,B028,COMPLETED,DRAFTED,NEEDS_REVIEW
1.0,2.4,chillgen_20260907_01,chillgen.com,western-running-horse-area-rug-122e8b85fb-122e8b85fb,western-running-horse-area-rug-122e8b85fb-122e8b85fb,15913417900401,gid://shopify/Product/15913417900401,https://chillgen.com/products/western-running-horse-area-rug-122e8b85fb-122e8b85fb,https://chillgen.com/products/western-running-horse-area-rug-122e8b85fb-122e8b85fb,en-US,US,PUBLIC_AVAILABLE,ACCESSIBLE_PUBLIC_JSON,DISCOVERED_PUBLIC_PRODUCTS_JSON,Rug,Personalized Western Horse Doormat with Family Name and Address for Entryway,UNKNOWN,EVERGREEN_OR_OTHER,277,products_json_page_2; https://chillgen.com/products.json?limit=250&page=2,2026-09-07T00:00:00+07:00,2026-09-07T00:00:00+07:00,admin_only_fields_unknown_without_shopify_csv,B028,COMPLETED,DRAFTED,NEEDS_REVIEW
1.0,2.4,chillgen_20260907_01,chillgen.com,custom-running-horse-area-rug-5eadea7a69,custom-running-horse-area-rug-5eadea7a69,15913417998705,gid://shopify/Product/15913417998705,https://chillgen.com/products/custom-running-horse-area-rug-5eadea7a69,https://chillgen.com/products/custom-running-horse-area-rug-5eadea7a69,en-US,US,PUBLIC_AVAILABLE,ACCESSIBLE_PUBLIC_JSON,DISCOVERED_PUBLIC_PRODUCTS_JSON,Rug,Custom Running Horse Area Rug with Optional Text and Memory Foam for Living Room,UNKNOWN,EVERGREEN_OR_OTHER,278,products_json_page_2; https://chillgen.com/products.json?limit=250&page=2,2026-09-07T00:00:00+07:00,2026-09-07T00:00:00+07:00,admin_only_fields_unknown_without_shopify_csv,B028,COMPLETED,DRAFTED,NEEDS_REVIEW
1.0,2.4,chillgen_20260907_01,chillgen.com,custom-running-horse-welcome-mat-5c3fa81b88,custom-running-horse-welcome-mat-5c3fa81b88,15913418064241,gid://shopify/Product/15913418064241,https://chillgen.com/products/custom-running-horse-welcome-mat-5c3fa81b88,https://chillgen.com/products/custom-running-horse-welcome-mat-5c3fa81b88,en-US,US,PUBLIC_AVAILABLE,ACCESSIBLE_PUBLIC_JSON,DISCOVERED_PUBLIC_PRODUCTS_JSON,Rug,Personalized Running Horse Welcome Mat with Custom Text for Home Entryway,UNKNOWN,EVERGREEN_OR_OTHER,279,products_json_page_2; https://chillgen.com/products.json?limit=250&page=2,2026-09-07T00:00:00+07:00,2026-09-07T00:00:00+07:00,admin_only_fields_unknown_without_shopify_csv,B028,COMPLETED,DRAFTED,NEEDS_REVIEW
1.0,2.4,chillgen_20260907_01,chillgen.com,custom-running-horse-welcome-mat-a0cd749d2b,custom-running-horse-welcome-mat-a0cd749d2b,15913418359153,gid://shopify/Product/15913418359153,https://chillgen.com/products/custom-running-horse-welcome-mat-a0cd749d2b,https://chillgen.com/products/custom-running-horse-welcome-mat-a0cd749d2b,en-US,US,PUBLIC_AVAILABLE,ACCESSIBLE_PUBLIC_JSON,DISCOVERED_PUBLIC_PRODUCTS_JSON,Rug,Custom Rustic Running Horse Rug with Optional Text for Living Room and Bedroom,UNKNOWN,EVERGREEN_OR_OTHER,280,products_json_page_2; https://chillgen.com/products.json?limit=250&page=2,2026-09-07T00:00:00+07:00,2026-09-07T00:00:00+07:00,admin_only_fields_unknown_without_shopify_csv,B028,COMPLETED,DRAFTED,NEEDS_REVIEW
1.0,2.4,chillgen_20260907_01,chillgen.com,custom-running-horse-welcome-mat-fade3d1429,custom-running-horse-welcome-mat-fade3d1429,15913418424689,gid://shopify/Product/15913418424689,https://chillgen.com/products/custom-running-horse-welcome-mat-fade3d1429,https://chillgen.com/products/custom-running-horse-welcome-mat-fade3d1429,en-US,US,PUBLIC_AVAILABLE,ACCESSIBLE_PUBLIC_JSON,DISCOVERED_PUBLIC_PRODUCTS_JSON,Rug,Personalized Horse Lover Area Rug with Custom Text and Low Pile for Bedroom,UNKNOWN,EVERGREEN_OR_OTHER,281,products_json_page_2; https://chillgen.com/products.json?limit=250&page=2,2026-09-07T00:00:00+07:00,2026-09-07T00:00:00+07:00,admin_only_fields_unknown_without_shopify_csv,B029,COMPLETED,DRAFTED,NEEDS_REVIEW
1.0,2.4,chillgen_20260907_01,chillgen.com,custom-running-horse-doormat-2a0ef19423-2a0ef19423,custom-running-horse-doormat-2a0ef19423-2a0ef19423,15913418490225,gid://shopify/Product/15913418490225,https://chillgen.com/products/custom-running-horse-doormat-2a0ef19423-2a0ef19423,https://chillgen.com/products/custom-running-horse-doormat-2a0ef19423-2a0ef19423,en-US,US,PUBLIC_AVAILABLE,ACCESSIBLE_PUBLIC_JSON,DISCOVERED_PUBLIC_PRODUCTS_JSON,Rug,Custom Western Running Horse Rug with Optional Text and Reinforced Edges,UNKNOWN,EVERGREEN_OR_OTHER,282,products_json_page_2; https://chillgen.com/products.json?limit=250&page=2,2026-09-07T00:00:00+07:00,2026-09-07T00:00:00+07:00,admin_only_fields_unknown_without_shopify_csv,B029,COMPLETED,DRAFTED,NEEDS_REVIEW
1.0,2.4,chillgen_20260907_01,chillgen.com,horse-area-rug-running-carpet-beb8f5b5cd-beb8f5b5cd,horse-area-rug-running-carpet-beb8f5b5cd-beb8f5b5cd,15913418522993,gid://shopify/Product/15913418522993,https://chillgen.com/products/horse-area-rug-running-carpet-beb8f5b5cd-beb8f5b5cd,https://chillgen.com/products/horse-area-rug-running-carpet-beb8f5b5cd-beb8f5b5cd,en-US,US,PUBLIC_AVAILABLE,ACCESSIBLE_PUBLIC_JSON,DISCOVERED_PUBLIC_PRODUCTS_JSON,Rug,Personalized Running Horse Carpet with Custom Text and Non Slip Backing,UNKNOWN,EVERGREEN_OR_OTHER,283,products_json_page_2; https://chillgen.com/products.json?limit=250&page=2,2026-09-07T00:00:00+07:00,2026-09-07T00:00:00+07:00,admin_only_fields_unknown_without_shopify_csv,B029,COMPLETED,DRAFTED,NEEDS_REVIEW
1.0,2.4,chillgen_20260907_01,chillgen.com,custom-running-horse-doormat-b25dd5e514,custom-running-horse-doormat-b25dd5e514,15913418555761,gid://shopify/Product/15913418555761,https://chillgen.com/products/custom-running-horse-doormat-b25dd5e514,https://chillgen.com/products/custom-running-horse-doormat-b25dd5e514,en-US,US,PUBLIC_AVAILABLE,ACCESSIBLE_PUBLIC_JSON,DISCOVERED_PUBLIC_PRODUCTS_JSON,Rug,Custom Western Running Horse Area Rug with Optional Text for Living Room,UNKNOWN,EVERGREEN_OR_OTHER,284,products_json_page_2; https://chillgen.com/products.json?limit=250&page=2,2026-09-07T00:00:00+07:00,2026-09-07T00:00:00+07:00,admin_only_fields_unknown_without_shopify_csv,B029,COMPLETED,DRAFTED,NEEDS_REVIEW
1.0,2.4,chillgen_20260907_01,chillgen.com,custom-western-running-horse-door-mat-e6671cf5b4-e6671cf5b4,custom-western-running-horse-door-mat-e6671cf5b4-e6671cf5b4,15913418621297,gid://shopify/Product/15913418621297,https://chillgen.com/products/custom-western-running-horse-door-mat-e6671cf5b4-e6671cf5b4,https://chillgen.com/products/custom-western-running-horse-door-mat-e6671cf5b4-e6671cf5b4,en-US,US,PUBLIC_AVAILABLE,ACCESSIBLE_PUBLIC_JSON,DISCOVERED_PUBLIC_PRODUCTS_JSON,Rug,Personalized Western Running Horse Door Mat with Custom Text for Entryway,UNKNOWN,EVERGREEN_OR_OTHER,285,products_json_page_2; https://chillgen.com/products.json?limit=250&page=2,2026-09-07T00:00:00+07:00,2026-09-07T00:00:00+07:00,admin_only_fields_unknown_without_shopify_csv,B029,COMPLETED,DRAFTED,NEEDS_REVIEW
1.0,2.4,chillgen_20260907_01,chillgen.com,custom-running-horse-welcome-mat-34b7c38f01,custom-running-horse-welcome-mat-34b7c38f01,15913418719601,gid://shopify/Product/15913418719601,https://chillgen.com/products/custom-running-horse-welcome-mat-34b7c38f01,https://chillgen.com/products/custom-running-horse-welcome-mat-34b7c38f01,en-US,US,PUBLIC_AVAILABLE,ACCESSIBLE_PUBLIC_JSON,DISCOVERED_PUBLIC_PRODUCTS_JSON,Rug,Custom Western Horse Carpet with Optional Text and Low Pile for Living Room,UNKNOWN,EVERGREEN_OR_OTHER,286,products_json_page_2; https://chillgen.com/products.json?limit=250&page=2,2026-09-07T00:00:00+07:00,2026-09-07T00:00:00+07:00,admin_only_fields_unknown_without_shopify_csv,B029,COMPLETED,DRAFTED,NEEDS_REVIEW
1.0,2.4,chillgen_20260907_01,chillgen.com,custom-running-horse-welcome-mat-509ed4d18f-509ed4d18f,custom-running-horse-welcome-mat-509ed4d18f-509ed4d18f,15913418817905,gid://shopify/Product/15913418817905,https://chillgen.com/products/custom-running-horse-welcome-mat-509ed4d18f-509ed4d18f,https://chillgen.com/products/custom-running-horse-welcome-mat-509ed4d18f-509ed4d18f,en-US,US,PUBLIC_AVAILABLE,ACCESSIBLE_PUBLIC_JSON,DISCOVERED_PUBLIC_PRODUCTS_JSON,Rug,Personalized Running Horse Carpet with Custom Text and Reinforced Edges,UNKNOWN,EVERGREEN_OR_OTHER,287,products_json_page_2; https://chillgen.com/products.json?limit=250&page=2,2026-09-07T00:00:00+07:00,2026-09-07T00:00:00+07:00,admin_only_fields_unknown_without_shopify_csv,B029,COMPLETED,DRAFTED,NEEDS_REVIEW
1.0,2.4,chillgen_20260907_01,chillgen.com,custom-running-horse-area-rug-e5f0770fd6-e5f0770fd6,custom-running-horse-area-rug-e5f0770fd6-e5f0770fd6,15913419080049,gid://shopify/Product/15913419080049,https://chillgen.com/products/custom-running-horse-area-rug-e5f0770fd6-e5f0770fd6,https://chillgen.com/products/custom-running-horse-area-rug-e5f0770fd6-e5f0770fd6,en-US,US,PUBLIC_AVAILABLE,ACCESSIBLE_PUBLIC_JSON,DISCOVERED_PUBLIC_PRODUCTS_JSON,Rug,Custom Running Horse Carpet with Optional Text and Non Slip Backing for Home,UNKNOWN,EVERGREEN_OR_OTHER,288,products_json_page_2; https://chillgen.com/products.json?limit=250&page=2,2026-09-07T00:00:00+07:00,2026-09-07T00:00:00+07:00,admin_only_fields_unknown_without_shopify_csv,B029,COMPLETED,DRAFTED,NEEDS_REVIEW
1.0,2.4,chillgen_20260907_01,chillgen.com,custom-running-horse-welcome-mat-1edee5e89b-1edee5e89b,custom-running-horse-welcome-mat-1edee5e89b-1edee5e89b,15913419178353,gid://shopify/Product/15913419178353,https://chillgen.com/products/custom-running-horse-welcome-mat-1edee5e89b-1edee5e89b,https://chillgen.com/products/custom-running-horse-welcome-mat-1edee5e89b-1edee5e89b,en-US,US,PUBLIC_AVAILABLE,ACCESSIBLE_PUBLIC_JSON,DISCOVERED_PUBLIC_PRODUCTS_JSON,Rug,Personalized Western Horse Rug with Custom Text and Memory Foam for Bedroom,UNKNOWN,EVERGREEN_OR_OTHER,289,products_json_page_2; https://chillgen.com/products.json?limit=250&page=2,2026-09-07T00:00:00+07:00,2026-09-07T00:00:00+07:00,admin_only_fields_unknown_without_shopify_csv,B029,COMPLETED,DRAFTED,NEEDS_REVIEW
1.0,2.4,chillgen_20260907_01,chillgen.com,custom-running-horse-welcome-mat-01f80a49ee,custom-running-horse-welcome-mat-01f80a49ee,15913419243889,gid://shopify/Product/15913419243889,https://chillgen.com/products/custom-running-horse-welcome-mat-01f80a49ee,https://chillgen.com/products/custom-running-horse-welcome-mat-01f80a49ee,en-US,US,PUBLIC_AVAILABLE,ACCESSIBLE_PUBLIC_JSON,DISCOVERED_PUBLIC_PRODUCTS_JSON,Rug,Custom Western Horse Area Rug with Optional Text and Reinforced Edges,UNKNOWN,EVERGREEN_OR_OTHER,290,products_json_page_2; https://chillgen.com/products.json?limit=250&page=2,2026-09-07T00:00:00+07:00,2026-09-07T00:00:00+07:00,admin_only_fields_unknown_without_shopify_csv,B029,COMPLETED,DRAFTED,NEEDS_REVIEW
1.0,2.4,chillgen_20260907_01,chillgen.com,custom-running-horse-welcome-mat-2e0754fd8e-2e0754fd8e,custom-running-horse-welcome-mat-2e0754fd8e-2e0754fd8e,15913419342193,gid://shopify/Product/15913419342193,https://chillgen.com/products/custom-running-horse-welcome-mat-2e0754fd8e-2e0754fd8e,https://chillgen.com/products/custom-running-horse-welcome-mat-2e0754fd8e-2e0754fd8e,en-US,US,PUBLIC_AVAILABLE,ACCESSIBLE_PUBLIC_JSON,DISCOVERED_PUBLIC_PRODUCTS_JSON,Rug,Personalized Running Horse Rug with Custom Text and Memory Foam for Farmhouse,UNKNOWN,EVERGREEN_OR_OTHER,291,products_json_page_2; https://chillgen.com/products.json?limit=250&page=2,2026-09-07T00:00:00+07:00,2026-09-07T00:00:00+07:00,admin_only_fields_unknown_without_shopify_csv,B030,COMPLETED,DRAFTED,NEEDS_REVIEW
1.0,2.4,chillgen_20260907_01,chillgen.com,custom-running-horse-welcome-mat-f114a916e7-f114a916e7,custom-running-horse-welcome-mat-f114a916e7-f114a916e7,15913419407729,gid://shopify/Product/15913419407729,https://chillgen.com/products/custom-running-horse-welcome-mat-f114a916e7-f114a916e7,https://chillgen.com/products/custom-running-horse-welcome-mat-f114a916e7-f114a916e7,en-US,US,PUBLIC_AVAILABLE,ACCESSIBLE_PUBLIC_JSON,DISCOVERED_PUBLIC_PRODUCTS_JSON,Rug,Custom Running Horse Rug with Optional Text and Non Slip Backing for Home,UNKNOWN,EVERGREEN_OR_OTHER,292,products_json_page_2; https://chillgen.com/products.json?limit=250&page=2,2026-09-07T00:00:00+07:00,2026-09-07T00:00:00+07:00,admin_only_fields_unknown_without_shopify_csv,B030,COMPLETED,DRAFTED,NEEDS_REVIEW
1.0,2.4,chillgen_20260907_01,chillgen.com,custom-running-horse-welcome-mat-a4c32dbbfa-a4c32dbbfa,custom-running-horse-welcome-mat-a4c32dbbfa-a4c32dbbfa,15913419506033,gid://shopify/Product/15913419506033,https://chillgen.com/products/custom-running-horse-welcome-mat-a4c32dbbfa-a4c32dbbfa,https://chillgen.com/products/custom-running-horse-welcome-mat-a4c32dbbfa-a4c32dbbfa,en-US,US,PUBLIC_AVAILABLE,ACCESSIBLE_PUBLIC_JSON,DISCOVERED_PUBLIC_PRODUCTS_JSON,Rug,Personalized Western Horse Area Rug with Custom Text and Washable Low Pile,UNKNOWN,EVERGREEN_OR_OTHER,293,products_json_page_2; https://chillgen.com/products.json?limit=250&page=2,2026-09-07T00:00:00+07:00,2026-09-07T00:00:00+07:00,admin_only_fields_unknown_without_shopify_csv,B030,COMPLETED,DRAFTED,NEEDS_REVIEW
1.0,2.4,chillgen_20260907_01,chillgen.com,custom-running-horse-area-rug-2f0ce836fd-2f0ce836fd,custom-running-horse-area-rug-2f0ce836fd-2f0ce836fd,15913419669873,gid://shopify/Product/15913419669873,https://chillgen.com/products/custom-running-horse-area-rug-2f0ce836fd-2f0ce836fd,https://chillgen.com/products/custom-running-horse-area-rug-2f0ce836fd-2f0ce836fd,en-US,US,PUBLIC_AVAILABLE,ACCESSIBLE_PUBLIC_JSON,DISCOVERED_PUBLIC_PRODUCTS_JSON,Rug,Custom Running Horse Area Rug with Optional Text and Non Slip Backing,UNKNOWN,EVERGREEN_OR_OTHER,294,products_json_page_2; https://chillgen.com/products.json?limit=250&page=2,2026-09-07T00:00:00+07:00,2026-09-07T00:00:00+07:00,admin_only_fields_unknown_without_shopify_csv,B030,COMPLETED,DRAFTED,NEEDS_REVIEW
1.0,2.4,chillgen_20260907_01,chillgen.com,western-running-horse-area-rug-02dee68d0b,western-running-horse-area-rug-02dee68d0b,15913419735409,gid://shopify/Product/15913419735409,https://chillgen.com/products/western-running-horse-area-rug-02dee68d0b,https://chillgen.com/products/western-running-horse-area-rug-02dee68d0b,en-US,US,PUBLIC_AVAILABLE,ACCESSIBLE_PUBLIC_JSON,DISCOVERED_PUBLIC_PRODUCTS_JSON,Rug,Personalized Western Horse Area Rug with Custom Text and Memory Foam for Office,UNKNOWN,EVERGREEN_OR_OTHER,295,products_json_page_2; https://chillgen.com/products.json?limit=250&page=2,2026-09-07T00:00:00+07:00,2026-09-07T00:00:00+07:00,admin_only_fields_unknown_without_shopify_csv,B030,COMPLETED,DRAFTED,NEEDS_REVIEW
1.0,2.4,chillgen_20260907_01,chillgen.com,custom-running-horse-area-rug-31f0e158c5,custom-running-horse-area-rug-31f0e158c5,15913419800945,gid://shopify/Product/15913419800945,https://chillgen.com/products/custom-running-horse-area-rug-31f0e158c5,https://chillgen.com/products/custom-running-horse-area-rug-31f0e158c5,en-US,US,PUBLIC_AVAILABLE,ACCESSIBLE_PUBLIC_JSON,DISCOVERED_PUBLIC_PRODUCTS_JSON,Rug,Custom Running Horse Area Rug with Optional Text and Reinforced Edges,UNKNOWN,EVERGREEN_OR_OTHER,296,products_json_page_2; https://chillgen.com/products.json?limit=250&page=2,2026-09-07T00:00:00+07:00,2026-09-07T00:00:00+07:00,admin_only_fields_unknown_without_shopify_csv,B030,COMPLETED,DRAFTED,NEEDS_REVIEW
1.0,2.4,chillgen_20260907_01,chillgen.com,personalized-classroom-doormat-teacher-name-notebook-pattern-42da091fe1-42da091fe1,personalized-classroom-doormat-teacher-name-notebook-pattern-42da091fe1-42da091fe1,15913422389617,gid://shopify/Product/15913422389617,https://chillgen.com/products/personalized-classroom-doormat-teacher-name-notebook-pattern-42da091fe1-42da091fe1,https://chillgen.com/products/personalized-classroom-doormat-teacher-name-notebook-pattern-42da091fe1-42da091fe1,en-US,US,PUBLIC_AVAILABLE,ACCESSIBLE_PUBLIC_JSON,DISCOVERED_PUBLIC_PRODUCTS_JSON,Rug,Personalized Composition Notebook Doormat with Teacher Name for Classroom Door,UNKNOWN,EVERGREEN_OR_OTHER,297,products_json_page_2; https://chillgen.com/products.json?limit=250&page=2,2026-09-07T00:00:00+07:00,2026-09-07T00:00:00+07:00,admin_only_fields_unknown_without_shopify_csv,B030,COMPLETED,DRAFTED,NEEDS_REVIEW
1.0,2.4,chillgen_20260907_01,chillgen.com,personalized-classroom-welcome-doormat-notebook-rug-8e1bdf83d4,personalized-classroom-welcome-doormat-notebook-rug-8e1bdf83d4,15913422487921,gid://shopify/Product/15913422487921,https://chillgen.com/products/personalized-classroom-welcome-doormat-notebook-rug-8e1bdf83d4,https://chillgen.com/products/personalized-classroom-welcome-doormat-notebook-rug-8e1bdf83d4,en-US,US,PUBLIC_AVAILABLE,ACCESSIBLE_PUBLIC_JSON,DISCOVERED_PUBLIC_PRODUCTS_JSON,Rug,Custom School Welcome Mat with Teacher Name and Notebook Design for Classroom,UNKNOWN,EVERGREEN_OR_OTHER,298,products_json_page_2; https://chillgen.com/products.json?limit=250&page=2,2026-09-07T00:00:00+07:00,2026-09-07T00:00:00+07:00,admin_only_fields_unknown_without_shopify_csv,B030,COMPLETED,DRAFTED,NEEDS_REVIEW
1.0,2.4,chillgen_20260907_01,chillgen.com,personalized-classroom-welcome-doormat-teacher-students-7f5a91b5a9,personalized-classroom-welcome-doormat-teacher-students-7f5a91b5a9,15913422553457,gid://shopify/Product/15913422553457,https://chillgen.com/products/personalized-classroom-welcome-doormat-teacher-students-7f5a91b5a9,https://chillgen.com/products/personalized-classroom-welcome-doormat-teacher-students-7f5a91b5a9,en-US,US,PUBLIC_AVAILABLE,ACCESSIBLE_PUBLIC_JSON,DISCOVERED_PUBLIC_PRODUCTS_JSON,Rug,Personalized Classroom Welcome Doormat with Teacher Name for School Hallway,UNKNOWN,EVERGREEN_OR_OTHER,299,products_json_page_2; https://chillgen.com/products.json?limit=250&page=2,2026-09-07T00:00:00+07:00,2026-09-07T00:00:00+07:00,admin_only_fields_unknown_without_shopify_csv,B030,COMPLETED,DRAFTED,NEEDS_REVIEW
1.0,2.4,chillgen_20260907_01,chillgen.com,personalized-classroom-welcome-mat-teacher-name-ff4e426bbe,personalized-classroom-welcome-mat-teacher-name-ff4e426bbe,15913422717297,gid://shopify/Product/15913422717297,https://chillgen.com/products/personalized-classroom-welcome-mat-teacher-name-ff4e426bbe,https://chillgen.com/products/personalized-classroom-welcome-mat-teacher-name-ff4e426bbe,en-US,US,PUBLIC_AVAILABLE,ACCESSIBLE_PUBLIC_JSON,DISCOVERED_PUBLIC_PRODUCTS_JSON,Rug,Custom Composition Notebook Welcome Mat with Teacher Name for Classroom Entry,UNKNOWN,EVERGREEN_OR_OTHER,300,products_json_page_2; https://chillgen.com/products.json?limit=250&page=2,2026-09-07T00:00:00+07:00,2026-09-07T00:00:00+07:00,admin_only_fields_unknown_without_shopify_csv,B030,COMPLETED,DRAFTED,NEEDS_REVIEW
1.0,2.4,chillgen_20260907_01,chillgen.com,personalized-classroom-doormat-welcome-class-door-mat-f34045b91d,personalized-classroom-doormat-welcome-class-door-mat-f34045b91d,15913422750065,gid://shopify/Product/15913422750065,https://chillgen.com/products/personalized-classroom-doormat-welcome-class-door-mat-f34045b91d,https://chillgen.com/products/personalized-classroom-doormat-welcome-class-door-mat-f34045b91d,en-US,US,PUBLIC_AVAILABLE,ACCESSIBLE_PUBLIC_JSON,DISCOVERED_PUBLIC_PRODUCTS_JSON,Rug,Personalized Back to School Doormat with Teacher Name for Classroom Door,UNKNOWN,EVERGREEN_OR_OTHER,301,products_json_page_2; https://chillgen.com/products.json?limit=250&page=2,2026-09-07T00:00:00+07:00,2026-09-07T00:00:00+07:00,admin_only_fields_unknown_without_shopify_csv,B031,COMPLETED,DRAFTED,NEEDS_REVIEW
1.0,2.4,chillgen_20260907_01,chillgen.com,personalized-classroom-welcome-doormat-notebook-rug-508fa38fe3,personalized-classroom-welcome-doormat-notebook-rug-508fa38fe3,15913422946673,gid://shopify/Product/15913422946673,https://chillgen.com/products/personalized-classroom-welcome-doormat-notebook-rug-508fa38fe3,https://chillgen.com/products/personalized-classroom-welcome-doormat-notebook-rug-508fa38fe3,en-US,US,PUBLIC_AVAILABLE,ACCESSIBLE_PUBLIC_JSON,DISCOVERED_PUBLIC_PRODUCTS_JSON,Rug,Custom Notebook Classroom Doormat with Teacher Name for School Entryway,UNKNOWN,EVERGREEN_OR_OTHER,302,products_json_page_2; https://chillgen.com/products.json?limit=250&page=2,2026-09-07T00:00:00+07:00,2026-09-07T00:00:00+07:00,admin_only_fields_unknown_without_shopify_csv,B031,COMPLETED,DRAFTED,NEEDS_REVIEW
1.0,2.4,chillgen_20260907_01,chillgen.com,personalized-classroom-doormat-with-custom-teacher-name-675f2e0900,personalized-classroom-doormat-with-custom-teacher-name-675f2e0900,15913423077745,gid://shopify/Product/15913423077745,https://chillgen.com/products/personalized-classroom-doormat-with-custom-teacher-name-675f2e0900,https://chillgen.com/products/personalized-classroom-doormat-with-custom-teacher-name-675f2e0900,en-US,US,PUBLIC_AVAILABLE,ACCESSIBLE_PUBLIC_JSON,DISCOVERED_PUBLIC_PRODUCTS_JSON,Rug,Personalized Composition Notebook Mat with Teacher Name for Classroom Entrance,UNKNOWN,EVERGREEN_OR_OTHER,303,products_json_page_2; https://chillgen.com/products.json?limit=250&page=2,2026-09-07T00:00:00+07:00,2026-09-07T00:00:00+07:00,admin_only_fields_unknown_without_shopify_csv,B031,COMPLETED,DRAFTED,NEEDS_REVIEW
1.0,2.4,chillgen_20260907_01,chillgen.com,personalized-classroom-welcome-doormat-2820e17d05-2820e17d05,personalized-classroom-welcome-doormat-2820e17d05-2820e17d05,15913423176049,gid://shopify/Product/15913423176049,https://chillgen.com/products/personalized-classroom-welcome-doormat-2820e17d05-2820e17d05,https://chillgen.com/products/personalized-classroom-welcome-doormat-2820e17d05-2820e17d05,en-US,US,PUBLIC_AVAILABLE,ACCESSIBLE_PUBLIC_JSON,DISCOVERED_PUBLIC_PRODUCTS_JSON,Rug,Custom Classroom Door Mat with Teacher Name and Notebook Theme for School,UNKNOWN,EVERGREEN_OR_OTHER,304,products_json_page_2; https://chillgen.com/products.json?limit=250&page=2,2026-09-07T00:00:00+07:00,2026-09-07T00:00:00+07:00,admin_only_fields_unknown_without_shopify_csv,B031,COMPLETED,DRAFTED,NEEDS_REVIEW
1.0,2.4,chillgen_20260907_01,chillgen.com,personalized-classroom-doormat-welcome-to-class-door-mat-1086025b51,personalized-classroom-doormat-welcome-to-class-door-mat-1086025b51,15913423339889,gid://shopify/Product/15913423339889,https://chillgen.com/products/personalized-classroom-doormat-welcome-to-class-door-mat-1086025b51,https://chillgen.com/products/personalized-classroom-doormat-welcome-to-class-door-mat-1086025b51,en-US,US,PUBLIC_AVAILABLE,ACCESSIBLE_PUBLIC_JSON,DISCOVERED_PUBLIC_PRODUCTS_JSON,Rug,Personalized Classroom Entry Mat with Teacher Name and Notebook Design,UNKNOWN,EVERGREEN_OR_OTHER,305,products_json_page_2; https://chillgen.com/products.json?limit=250&page=2,2026-09-07T00:00:00+07:00,2026-09-07T00:00:00+07:00,admin_only_fields_unknown_without_shopify_csv,B031,COMPLETED,DRAFTED,NEEDS_REVIEW
1.0,2.4,chillgen_20260907_01,chillgen.com,personalized-classroom-doormat-custom-teacher-name-753f4f3532-753f4f3532,personalized-classroom-doormat-custom-teacher-name-753f4f3532-753f4f3532,15913423470961,gid://shopify/Product/15913423470961,https://chillgen.com/products/personalized-classroom-doormat-custom-teacher-name-753f4f3532-753f4f3532,https://chillgen.com/products/personalized-classroom-doormat-custom-teacher-name-753f4f3532-753f4f3532,en-US,US,PUBLIC_AVAILABLE,ACCESSIBLE_PUBLIC_JSON,DISCOVERED_PUBLIC_PRODUCTS_JSON,Rug,Custom Composition Notebook Doormat with Teacher Name for Classroom Hallway,UNKNOWN,EVERGREEN_OR_OTHER,306,products_json_page_2; https://chillgen.com/products.json?limit=250&page=2,2026-09-07T00:00:00+07:00,2026-09-07T00:00:00+07:00,admin_only_fields_unknown_without_shopify_csv,B031,COMPLETED,DRAFTED,NEEDS_REVIEW
1.0,2.4,chillgen_20260907_01,chillgen.com,personalized-classroom-welcome-doormat-3d9f3ec373,personalized-classroom-welcome-doormat-3d9f3ec373,15913423536497,gid://shopify/Product/15913423536497,https://chillgen.com/products/personalized-classroom-welcome-doormat-3d9f3ec373,https://chillgen.com/products/personalized-classroom-welcome-doormat-3d9f3ec373,en-US,US,PUBLIC_AVAILABLE,ACCESSIBLE_PUBLIC_JSON,DISCOVERED_PUBLIC_PRODUCTS_JSON,Rug,Personalized Notebook Style Welcome Mat with Teacher Name for Classroom Door,UNKNOWN,EVERGREEN_OR_OTHER,307,products_json_page_2; https://chillgen.com/products.json?limit=250&page=2,2026-09-07T00:00:00+07:00,2026-09-07T00:00:00+07:00,admin_only_fields_unknown_without_shopify_csv,B031,COMPLETED,DRAFTED,NEEDS_REVIEW
1.0,2.4,chillgen_20260907_01,chillgen.com,personalized-classroom-doormat-teacher-notebook-a1ca00cc38-a1ca00cc38,personalized-classroom-doormat-teacher-notebook-a1ca00cc38-a1ca00cc38,15913423733105,gid://shopify/Product/15913423733105,https://chillgen.com/products/personalized-classroom-doormat-teacher-notebook-a1ca00cc38-a1ca00cc38,https://chillgen.com/products/personalized-classroom-doormat-teacher-notebook-a1ca00cc38-a1ca00cc38,en-US,US,PUBLIC_AVAILABLE,ACCESSIBLE_PUBLIC_JSON,DISCOVERED_PUBLIC_PRODUCTS_JSON,Rug,Custom Academic Classroom Welcome Mat with Teacher Name for School Entryway,UNKNOWN,EVERGREEN_OR_OTHER,308,products_json_page_2; https://chillgen.com/products.json?limit=250&page=2,2026-09-07T00:00:00+07:00,2026-09-07T00:00:00+07:00,admin_only_fields_unknown_without_shopify_csv,B031,COMPLETED,DRAFTED,NEEDS_REVIEW
1.0,2.4,chillgen_20260907_01,chillgen.com,personalized-classroom-doormat-welcome-to-class-door-mat-a74c09137b,personalized-classroom-doormat-welcome-to-class-door-mat-a74c09137b,15913423864177,gid://shopify/Product/15913423864177,https://chillgen.com/products/personalized-classroom-doormat-welcome-to-class-door-mat-a74c09137b,https://chillgen.com/products/personalized-classroom-doormat-welcome-to-class-door-mat-a74c09137b,en-US,US,PUBLIC_AVAILABLE,ACCESSIBLE_PUBLIC_JSON,DISCOVERED_PUBLIC_PRODUCTS_JSON,Rug,Personalized Back to School Welcome Mat with Teacher Name for Classroom,UNKNOWN,EVERGREEN_OR_OTHER,309,products_json_page_2; https://chillgen.com/products.json?limit=250&page=2,2026-09-07T00:00:00+07:00,2026-09-07T00:00:00+07:00,admin_only_fields_unknown_without_shopify_csv,B031,COMPLETED,DRAFTED,NEEDS_REVIEW
1.0,2.4,chillgen_20260907_01,chillgen.com,personalized-classroom-doormat-with-custom-teacher-name-ae6fef4505-ae6fef4505,personalized-classroom-doormat-with-custom-teacher-name-ae6fef4505-ae6fef4505,15913423929713,gid://shopify/Product/15913423929713,https://chillgen.com/products/personalized-classroom-doormat-with-custom-teacher-name-ae6fef4505-ae6fef4505,https://chillgen.com/products/personalized-classroom-doormat-with-custom-teacher-name-ae6fef4505-ae6fef4505,en-US,US,PUBLIC_AVAILABLE,ACCESSIBLE_PUBLIC_JSON,DISCOVERED_PUBLIC_PRODUCTS_JSON,Rug,Custom Printed Classroom Doormat with Teacher Name for School Door and Hallway,UNKNOWN,EVERGREEN_OR_OTHER,310,products_json_page_2; https://chillgen.com/products.json?limit=250&page=2,2026-09-07T00:00:00+07:00,2026-09-07T00:00:00+07:00,admin_only_fields_unknown_without_shopify_csv,B031,COMPLETED,DRAFTED,NEEDS_REVIEW
1.0,2.4,chillgen_20260907_01,chillgen.com,personalized-classroom-doormat-with-custom-teacher-name-956ffe5ee5,personalized-classroom-doormat-with-custom-teacher-name-956ffe5ee5,15913424126321,gid://shopify/Product/15913424126321,https://chillgen.com/products/personalized-classroom-doormat-with-custom-teacher-name-956ffe5ee5,https://chillgen.com/products/personalized-classroom-doormat-with-custom-teacher-name-956ffe5ee5,en-US,US,PUBLIC_AVAILABLE,ACCESSIBLE_PUBLIC_JSON,DISCOVERED_PUBLIC_PRODUCTS_JSON,Rug,Personalized Composition Notebook Classroom Mat with Teacher Name for Entryway,UNKNOWN,EVERGREEN_OR_OTHER,311,products_json_page_2; https://chillgen.com/products.json?limit=250&page=2,2026-09-07T00:00:00+07:00,2026-09-07T00:00:00+07:00,admin_only_fields_unknown_without_shopify_csv,B032,COMPLETED,DRAFTED,NEEDS_REVIEW
1.0,2.4,chillgen_20260907_01,chillgen.com,personalized-classroom-welcome-doormat-b404579ec3-b404579ec3,personalized-classroom-welcome-doormat-b404579ec3-b404579ec3,15913424191857,gid://shopify/Product/15913424191857,https://chillgen.com/products/personalized-classroom-welcome-doormat-b404579ec3-b404579ec3,https://chillgen.com/products/personalized-classroom-welcome-doormat-b404579ec3-b404579ec3,en-US,US,PUBLIC_AVAILABLE,ACCESSIBLE_PUBLIC_JSON,DISCOVERED_PUBLIC_PRODUCTS_JSON,Rug,Custom Classroom Welcome Doormat with Teacher Name for School Doorway,UNKNOWN,EVERGREEN_OR_OTHER,312,products_json_page_2; https://chillgen.com/products.json?limit=250&page=2,2026-09-07T00:00:00+07:00,2026-09-07T00:00:00+07:00,admin_only_fields_unknown_without_shopify_csv,B032,COMPLETED,DRAFTED,NEEDS_REVIEW
1.0,2.4,chillgen_20260907_01,chillgen.com,personalized-classroom-welcome-doormat-77047e9c34-77047e9c34,personalized-classroom-welcome-doormat-77047e9c34-77047e9c34,15913424290161,gid://shopify/Product/15913424290161,https://chillgen.com/products/personalized-classroom-welcome-doormat-77047e9c34-77047e9c34,https://chillgen.com/products/personalized-classroom-welcome-doormat-77047e9c34-77047e9c34,en-US,US,PUBLIC_AVAILABLE,ACCESSIBLE_PUBLIC_JSON,DISCOVERED_PUBLIC_PRODUCTS_JSON,Rug,Personalized Notebook Design Doormat with Teacher Name for Classroom Entryway,UNKNOWN,EVERGREEN_OR_OTHER,313,products_json_page_2; https://chillgen.com/products.json?limit=250&page=2,2026-09-07T00:00:00+07:00,2026-09-07T00:00:00+07:00,admin_only_fields_unknown_without_shopify_csv,B032,COMPLETED,DRAFTED,NEEDS_REVIEW
1.0,2.4,chillgen_20260907_01,chillgen.com,personalized-classroom-welcome-doormat-2f0308422b-2f0308422b,personalized-classroom-welcome-doormat-2f0308422b-2f0308422b,15913424421233,gid://shopify/Product/15913424421233,https://chillgen.com/products/personalized-classroom-welcome-doormat-2f0308422b-2f0308422b,https://chillgen.com/products/personalized-classroom-welcome-doormat-2f0308422b-2f0308422b,en-US,US,PUBLIC_AVAILABLE,ACCESSIBLE_PUBLIC_JSON,DISCOVERED_PUBLIC_PRODUCTS_JSON,Rug,Custom Welcome to Class Door Mat with Teacher Name for School Entrance,UNKNOWN,EVERGREEN_OR_OTHER,314,products_json_page_2; https://chillgen.com/products.json?limit=250&page=2,2026-09-07T00:00:00+07:00,2026-09-07T00:00:00+07:00,admin_only_fields_unknown_without_shopify_csv,B032,COMPLETED,DRAFTED,NEEDS_REVIEW
1.0,2.4,chillgen_20260907_01,chillgen.com,personalized-classroom-welcome-doormat-b5fe59f765-b5fe59f765,personalized-classroom-welcome-doormat-b5fe59f765-b5fe59f765,15913424486769,gid://shopify/Product/15913424486769,https://chillgen.com/products/personalized-classroom-welcome-doormat-b5fe59f765-b5fe59f765,https://chillgen.com/products/personalized-classroom-welcome-doormat-b5fe59f765-b5fe59f765,en-US,US,PUBLIC_AVAILABLE,ACCESSIBLE_PUBLIC_JSON,DISCOVERED_PUBLIC_PRODUCTS_JSON,Rug,Personalized Notebook Art Welcome Mat with Teacher Name for Classroom Door,UNKNOWN,EVERGREEN_OR_OTHER,315,products_json_page_2; https://chillgen.com/products.json?limit=250&page=2,2026-09-07T00:00:00+07:00,2026-09-07T00:00:00+07:00,admin_only_fields_unknown_without_shopify_csv,B032,COMPLETED,DRAFTED,NEEDS_REVIEW
1.0,2.4,chillgen_20260907_01,chillgen.com,personalized-soccer-2026-area-rug-73a22990b0-73a22990b0,personalized-soccer-2026-area-rug-73a22990b0-73a22990b0,15913451454833,gid://shopify/Product/15913451454833,https://chillgen.com/products/personalized-soccer-2026-area-rug-73a22990b0-73a22990b0,https://chillgen.com/products/personalized-soccer-2026-area-rug-73a22990b0-73a22990b0,en-US,US,PUBLIC_AVAILABLE,ACCESSIBLE_PUBLIC_JSON,DISCOVERED_PUBLIC_PRODUCTS_JSON,Rug,Custom Soccer Championship Area Rug with Trophy Flags for Living Room,UNKNOWN,EVERGREEN_OR_OTHER,316,products_json_page_2; https://chillgen.com/products.json?limit=250&page=2,2026-09-07T00:00:00+07:00,2026-09-07T00:00:00+07:00,admin_only_fields_unknown_without_shopify_csv,B032,COMPLETED,DRAFTED,NEEDS_REVIEW
1.0,2.4,chillgen_20260907_01,chillgen.com,personalized-soccer-trophy-world-flags-doormat-00f2f9bbfa,personalized-soccer-trophy-world-flags-doormat-00f2f9bbfa,15913451585905,gid://shopify/Product/15913451585905,https://chillgen.com/products/personalized-soccer-trophy-world-flags-doormat-00f2f9bbfa,https://chillgen.com/products/personalized-soccer-trophy-world-flags-doormat-00f2f9bbfa,en-US,US,PUBLIC_AVAILABLE,ACCESSIBLE_PUBLIC_JSON,DISCOVERED_PUBLIC_PRODUCTS_JSON,Rug,Personalized Soccer Trophy Area Rug with World Flags for Game Room,UNKNOWN,EVERGREEN_OR_OTHER,317,products_json_page_2; https://chillgen.com/products.json?limit=250&page=2,2026-09-07T00:00:00+07:00,2026-09-07T00:00:00+07:00,admin_only_fields_unknown_without_shopify_csv,B032,COMPLETED,DRAFTED,NEEDS_REVIEW
1.0,2.4,chillgen_20260907_01,chillgen.com,personalized-soccer-trophy-area-rug-05582886df,personalized-soccer-trophy-area-rug-05582886df,15913451716977,gid://shopify/Product/15913451716977,https://chillgen.com/products/personalized-soccer-trophy-area-rug-05582886df,https://chillgen.com/products/personalized-soccer-trophy-area-rug-05582886df,en-US,US,PUBLIC_AVAILABLE,ACCESSIBLE_PUBLIC_JSON,DISCOVERED_PUBLIC_PRODUCTS_JSON,Rug,Custom Soccer Trophy Area Rug with Text and Reinforced Edges for Bedroom,UNKNOWN,EVERGREEN_OR_OTHER,318,products_json_page_2; https://chillgen.com/products.json?limit=250&page=2,2026-09-07T00:00:00+07:00,2026-09-07T00:00:00+07:00,admin_only_fields_unknown_without_shopify_csv,B032,COMPLETED,DRAFTED,NEEDS_REVIEW
1.0,2.4,chillgen_20260907_01,chillgen.com,personalized-soccer-2026-area-rug-c2d07261b5,personalized-soccer-2026-area-rug-c2d07261b5,15913451848049,gid://shopify/Product/15913451848049,https://chillgen.com/products/personalized-soccer-2026-area-rug-c2d07261b5,https://chillgen.com/products/personalized-soccer-2026-area-rug-c2d07261b5,en-US,US,PUBLIC_AVAILABLE,ACCESSIBLE_PUBLIC_JSON,DISCOVERED_PUBLIC_PRODUCTS_JSON,Rug,Personalized Soccer World Flags Area Rug with Non Slip Backing for Living Room,UNKNOWN,EVERGREEN_OR_OTHER,319,products_json_page_2; https://chillgen.com/products.json?limit=250&page=2,2026-09-07T00:00:00+07:00,2026-09-07T00:00:00+07:00,admin_only_fields_unknown_without_shopify_csv,B032,COMPLETED,DRAFTED,NEEDS_REVIEW
1.0,2.4,chillgen_20260907_01,chillgen.com,personalized-soccer-2026-area-rug-a60ad6dcf9-a60ad6dcf9,personalized-soccer-2026-area-rug-a60ad6dcf9-a60ad6dcf9,15913452011889,gid://shopify/Product/15913452011889,https://chillgen.com/products/personalized-soccer-2026-area-rug-a60ad6dcf9-a60ad6dcf9,https://chillgen.com/products/personalized-soccer-2026-area-rug-a60ad6dcf9-a60ad6dcf9,en-US,US,PUBLIC_AVAILABLE,ACCESSIBLE_PUBLIC_JSON,DISCOVERED_PUBLIC_PRODUCTS_JSON,Rug,Custom Soccer Trophy Rug with Text and Low Pile Surface for Game Room,UNKNOWN,EVERGREEN_OR_OTHER,320,products_json_page_2; https://chillgen.com/products.json?limit=250&page=2,2026-09-07T00:00:00+07:00,2026-09-07T00:00:00+07:00,admin_only_fields_unknown_without_shopify_csv,B032,COMPLETED,DRAFTED,NEEDS_REVIEW
1.0,2.4,chillgen_20260907_01,chillgen.com,personalized-soccer-area-rug-trophy-football-868088cbf4-868088cbf4,personalized-soccer-area-rug-trophy-football-868088cbf4-868088cbf4,15913452044657,gid://shopify/Product/15913452044657,https://chillgen.com/products/personalized-soccer-area-rug-trophy-football-868088cbf4-868088cbf4,https://chillgen.com/products/personalized-soccer-area-rug-trophy-football-868088cbf4-868088cbf4,en-US,US,PUBLIC_AVAILABLE,ACCESSIBLE_PUBLIC_JSON,DISCOVERED_PUBLIC_PRODUCTS_JSON,Rug,Personalized Soccer Championship Rug with Memory Foam for Living Room,UNKNOWN,EVERGREEN_OR_OTHER,321,products_json_page_2; https://chillgen.com/products.json?limit=250&page=2,2026-09-07T00:00:00+07:00,2026-09-07T00:00:00+07:00,admin_only_fields_unknown_without_shopify_csv,B033,COMPLETED,DRAFTED,NEEDS_REVIEW
1.0,2.4,chillgen_20260907_01,chillgen.com,custom-soccer-tournament-trophy-area-rug-8d23acd520-8d23acd520,custom-soccer-tournament-trophy-area-rug-8d23acd520-8d23acd520,15913452110193,gid://shopify/Product/15913452110193,https://chillgen.com/products/custom-soccer-tournament-trophy-area-rug-8d23acd520-8d23acd520,https://chillgen.com/products/custom-soccer-tournament-trophy-area-rug-8d23acd520-8d23acd520,en-US,US,PUBLIC_AVAILABLE,ACCESSIBLE_PUBLIC_JSON,DISCOVERED_PUBLIC_PRODUCTS_JSON,Rug,Custom Soccer 2026 Area Rug with Golden Trophy for Kids Room and Man Cave,UNKNOWN,EVERGREEN_OR_OTHER,322,products_json_page_2; https://chillgen.com/products.json?limit=250&page=2,2026-09-07T00:00:00+07:00,2026-09-07T00:00:00+07:00,admin_only_fields_unknown_without_shopify_csv,B033,COMPLETED,DRAFTED,NEEDS_REVIEW
1.0,2.4,chillgen_20260907_01,chillgen.com,personalized-soccer-2026-area-rug-95231047da-95231047da,personalized-soccer-2026-area-rug-95231047da-95231047da,15913452175729,gid://shopify/Product/15913452175729,https://chillgen.com/products/personalized-soccer-2026-area-rug-95231047da-95231047da,https://chillgen.com/products/personalized-soccer-2026-area-rug-95231047da-95231047da,en-US,US,PUBLIC_AVAILABLE,ACCESSIBLE_PUBLIC_JSON,DISCOVERED_PUBLIC_PRODUCTS_JSON,Rug,Personalized Soccer Trophy and Flags Rug with Non Slip Backing for Bedroom,UNKNOWN,EVERGREEN_OR_OTHER,323,products_json_page_2; https://chillgen.com/products.json?limit=250&page=2,2026-09-07T00:00:00+07:00,2026-09-07T00:00:00+07:00,admin_only_fields_unknown_without_shopify_csv,B033,COMPLETED,DRAFTED,NEEDS_REVIEW
1.0,2.4,chillgen_20260907_01,chillgen.com,custom-soccer-round-rug-trophy-championship-043ff71141,custom-soccer-round-rug-trophy-championship-043ff71141,15913464955249,gid://shopify/Product/15913464955249,https://chillgen.com/products/custom-soccer-round-rug-trophy-championship-043ff71141,https://chillgen.com/products/custom-soccer-round-rug-trophy-championship-043ff71141,en-US,US,PUBLIC_AVAILABLE,ACCESSIBLE_PUBLIC_JSON,DISCOVERED_PUBLIC_PRODUCTS_JSON,Rug,Custom Soccer Trophy Round Rug with Low Pile Comfort for Bedroom Space,UNKNOWN,EVERGREEN_OR_OTHER,324,products_json_page_2; https://chillgen.com/products.json?limit=250&page=2,2026-09-07T00:00:00+07:00,2026-09-07T00:00:00+07:00,admin_only_fields_unknown_without_shopify_csv,B033,COMPLETED,DRAFTED,NEEDS_REVIEW
1.0,2.4,chillgen_20260907_01,chillgen.com,custom-soccer-tournament-round-rug-a7f6df2bd9-a7f6df2bd9,custom-soccer-tournament-round-rug-a7f6df2bd9-a7f6df2bd9,15913465315697,gid://shopify/Product/15913465315697,https://chillgen.com/products/custom-soccer-tournament-round-rug-a7f6df2bd9-a7f6df2bd9,https://chillgen.com/products/custom-soccer-tournament-round-rug-a7f6df2bd9-a7f6df2bd9,en-US,US,PUBLIC_AVAILABLE,ACCESSIBLE_PUBLIC_JSON,DISCOVERED_PUBLIC_PRODUCTS_JSON,Rug,Personalized Soccer Trophy Round Rug with Non Slip Backing for Playroom,UNKNOWN,EVERGREEN_OR_OTHER,325,products_json_page_2; https://chillgen.com/products.json?limit=250&page=2,2026-09-07T00:00:00+07:00,2026-09-07T00:00:00+07:00,admin_only_fields_unknown_without_shopify_csv,B033,COMPLETED,DRAFTED,NEEDS_REVIEW
1.0,2.4,chillgen_20260907_01,chillgen.com,personalized-dog-welcome-mat-front-door-36fdce22f9,personalized-dog-welcome-mat-front-door-36fdce22f9,15913476653425,gid://shopify/Product/15913476653425,https://chillgen.com/products/personalized-dog-welcome-mat-front-door-36fdce22f9,https://chillgen.com/products/personalized-dog-welcome-mat-front-door-36fdce22f9,en-US,US,PUBLIC_AVAILABLE,ACCESSIBLE_PUBLIC_JSON,DISCOVERED_PUBLIC_PRODUCTS_JSON,Rug,Custom Pet Welcome Mat with Washable Memory Foam and Non Slip Backing for Entryway,UNKNOWN,EVERGREEN_OR_OTHER,326,products_json_page_2; https://chillgen.com/products.json?limit=250&page=2,2026-09-07T00:00:00+07:00,2026-09-07T00:00:00+07:00,admin_only_fields_unknown_without_shopify_csv,B033,COMPLETED,DRAFTED,NEEDS_REVIEW
1.0,2.4,chillgen_20260907_01,chillgen.com,personalized-dog-welcome-mat-custom-pet-photo-7a71ecf37d,personalized-dog-welcome-mat-custom-pet-photo-7a71ecf37d,15913476620657,gid://shopify/Product/15913476620657,https://chillgen.com/products/personalized-dog-welcome-mat-custom-pet-photo-7a71ecf37d,https://chillgen.com/products/personalized-dog-welcome-mat-custom-pet-photo-7a71ecf37d,en-US,US,PUBLIC_AVAILABLE,ACCESSIBLE_PUBLIC_JSON,DISCOVERED_PUBLIC_PRODUCTS_JSON,Rug,Personalized Dog and Cat Welcome Mat with Memory Foam for Home Entryway,UNKNOWN,EVERGREEN_OR_OTHER,327,products_json_page_2; https://chillgen.com/products.json?limit=250&page=2,2026-09-07T00:00:00+07:00,2026-09-07T00:00:00+07:00,admin_only_fields_unknown_without_shopify_csv,B033,COMPLETED,DRAFTED,NEEDS_REVIEW
1.0,2.4,chillgen_20260907_01,chillgen.com,personalized-dog-welcome-mat-entryway-front-door-5385d11bb7,personalized-dog-welcome-mat-entryway-front-door-5385d11bb7,15913476489585,gid://shopify/Product/15913476489585,https://chillgen.com/products/personalized-dog-welcome-mat-entryway-front-door-5385d11bb7,https://chillgen.com/products/personalized-dog-welcome-mat-entryway-front-door-5385d11bb7,en-US,US,PUBLIC_AVAILABLE,ACCESSIBLE_PUBLIC_JSON,DISCOVERED_PUBLIC_PRODUCTS_JSON,Rug,Custom Dog and Cat Welcome Mat with Pet Text and Non Slip Backing for Entryway,UNKNOWN,EVERGREEN_OR_OTHER,328,products_json_page_2; https://chillgen.com/products.json?limit=250&page=2,2026-09-07T00:00:00+07:00,2026-09-07T00:00:00+07:00,admin_only_fields_unknown_without_shopify_csv,B033,COMPLETED,DRAFTED,NEEDS_REVIEW
1.0,2.4,chillgen_20260907_01,chillgen.com,personalized-dog-welcome-doormat-front-door-entryway-d819eb0e7c,personalized-dog-welcome-doormat-front-door-entryway-d819eb0e7c,15913476424049,gid://shopify/Product/15913476424049,https://chillgen.com/products/personalized-dog-welcome-doormat-front-door-entryway-d819eb0e7c,https://chillgen.com/products/personalized-dog-welcome-doormat-front-door-entryway-d819eb0e7c,en-US,US,PUBLIC_AVAILABLE,ACCESSIBLE_PUBLIC_JSON,DISCOVERED_PUBLIC_PRODUCTS_JSON,Rug,Personalized Single Pet Welcome Mat with Memory Foam for Front Door Entryway,UNKNOWN,EVERGREEN_OR_OTHER,329,products_json_page_2; https://chillgen.com/products.json?limit=250&page=2,2026-09-07T00:00:00+07:00,2026-09-07T00:00:00+07:00,admin_only_fields_unknown_without_shopify_csv,B033,COMPLETED,DRAFTED,NEEDS_REVIEW
1.0,2.4,chillgen_20260907_01,chillgen.com,personalized-dog-welcome-doormat-front-door-entryway-e2ef212662-e2ef212662,personalized-dog-welcome-doormat-front-door-entryway-e2ef212662-e2ef212662,15913476292977,gid://shopify/Product/15913476292977,https://chillgen.com/products/personalized-dog-welcome-doormat-front-door-entryway-e2ef212662-e2ef212662,https://chillgen.com/products/personalized-dog-welcome-doormat-front-door-entryway-e2ef212662-e2ef212662,en-US,US,PUBLIC_AVAILABLE,ACCESSIBLE_PUBLIC_JSON,DISCOVERED_PUBLIC_PRODUCTS_JSON,Rug,Custom Multi Pet Welcome Mat with Dog Cat Design and Memory Foam for Entryway,UNKNOWN,EVERGREEN_OR_OTHER,330,products_json_page_2; https://chillgen.com/products.json?limit=250&page=2,2026-09-07T00:00:00+07:00,2026-09-07T00:00:00+07:00,admin_only_fields_unknown_without_shopify_csv,B033,COMPLETED,DRAFTED,NEEDS_REVIEW
1.0,2.4,chillgen_20260907_01,chillgen.com,personalized-dog-welcome-mat-custom-pet-name-a66d52e9f8,personalized-dog-welcome-mat-custom-pet-name-a66d52e9f8,15913472786801,gid://shopify/Product/15913472786801,https://chillgen.com/products/personalized-dog-welcome-mat-custom-pet-name-a66d52e9f8,https://chillgen.com/products/personalized-dog-welcome-mat-custom-pet-name-a66d52e9f8,en-US,US,PUBLIC_AVAILABLE,ACCESSIBLE_PUBLIC_JSON,DISCOVERED_PUBLIC_PRODUCTS_JSON,Rug,Custom Dog Welcome Mat with Pet Text and Quick Dry Surface for Front Door,UNKNOWN,EVERGREEN_OR_OTHER,331,products_json_page_2; https://chillgen.com/products.json?limit=250&page=2,2026-09-07T00:00:00+07:00,2026-09-07T00:00:00+07:00,admin_only_fields_unknown_without_shopify_csv,B034,COMPLETED,DRAFTED,NEEDS_REVIEW
1.0,2.4,chillgen_20260907_01,chillgen.com,personalized-dog-welcome-mat-custom-name-fd965cdd3f,personalized-dog-welcome-mat-custom-name-fd965cdd3f,15913472655729,gid://shopify/Product/15913472655729,https://chillgen.com/products/personalized-dog-welcome-mat-custom-name-fd965cdd3f,https://chillgen.com/products/personalized-dog-welcome-mat-custom-name-fd965cdd3f,en-US,US,PUBLIC_AVAILABLE,ACCESSIBLE_PUBLIC_JSON,DISCOVERED_PUBLIC_PRODUCTS_JSON,Rug,Personalized Cartoon Dog Welcome Mat with Pet Name for Front Door Entryway,UNKNOWN,EVERGREEN_OR_OTHER,332,products_json_page_2; https://chillgen.com/products.json?limit=250&page=2,2026-09-07T00:00:00+07:00,2026-09-07T00:00:00+07:00,admin_only_fields_unknown_without_shopify_csv,B034,COMPLETED,DRAFTED,NEEDS_REVIEW
1.0,2.4,chillgen_20260907_01,chillgen.com,custom-halloween-dog-doormat-107f4d9fa1-107f4d9fa1,custom-halloween-dog-doormat-107f4d9fa1-107f4d9fa1,15913448440177,gid://shopify/Product/15913448440177,https://chillgen.com/products/custom-halloween-dog-doormat-107f4d9fa1-107f4d9fa1,https://chillgen.com/products/custom-halloween-dog-doormat-107f4d9fa1-107f4d9fa1,en-US,US,PUBLIC_AVAILABLE,ACCESSIBLE_PUBLIC_JSON,DISCOVERED_PUBLIC_PRODUCTS_JSON,Rug,Personalized Halloween Pet Doormat with Dogs Pumpkins and Bats for Entryway,UNKNOWN,HALLOWEEN,333,products_json_page_2; https://chillgen.com/products.json?limit=250&page=2,2026-09-07T00:00:00+07:00,2026-09-07T00:00:00+07:00,admin_only_fields_unknown_without_shopify_csv,B034,COMPLETED,DRAFTED,NEEDS_REVIEW
1.0,2.4,chillgen_20260907_01,chillgen.com,custom-halloween-dog-doormat-f86bd3c362-f86bd3c362,custom-halloween-dog-doormat-f86bd3c362-f86bd3c362,15913448407409,gid://shopify/Product/15913448407409,https://chillgen.com/products/custom-halloween-dog-doormat-f86bd3c362-f86bd3c362,https://chillgen.com/products/custom-halloween-dog-doormat-f86bd3c362-f86bd3c362,en-US,US,PUBLIC_AVAILABLE,ACCESSIBLE_PUBLIC_JSON,DISCOVERED_PUBLIC_PRODUCTS_JSON,Rug,Custom Halloween Dog Welcome Mat with Haunted Pet Artwork for Front Porch,UNKNOWN,HALLOWEEN,334,products_json_page_2; https://chillgen.com/products.json?limit=250&page=2,2026-09-07T00:00:00+07:00,2026-09-07T00:00:00+07:00,admin_only_fields_unknown_without_shopify_csv,B034,COMPLETED,DRAFTED,NEEDS_REVIEW
1.0,2.4,chillgen_20260907_01,chillgen.com,custom-halloween-dog-doormat-405e5466d4-405e5466d4,custom-halloween-dog-doormat-405e5466d4-405e5466d4,15913448309105,gid://shopify/Product/15913448309105,https://chillgen.com/products/custom-halloween-dog-doormat-405e5466d4-405e5466d4,https://chillgen.com/products/custom-halloween-dog-doormat-405e5466d4-405e5466d4,en-US,US,PUBLIC_AVAILABLE,ACCESSIBLE_PUBLIC_JSON,DISCOVERED_PUBLIC_PRODUCTS_JSON,Rug,Personalized Halloween Pet Welcome Mat with Spooky Cartoon Dogs for Entryway,UNKNOWN,HALLOWEEN,335,products_json_page_2; https://chillgen.com/products.json?limit=250&page=2,2026-09-07T00:00:00+07:00,2026-09-07T00:00:00+07:00,admin_only_fields_unknown_without_shopify_csv,B034,COMPLETED,DRAFTED,NEEDS_REVIEW
1.0,2.4,chillgen_20260907_01,chillgen.com,custom-halloween-dog-doormat-a6bfd1d512-a6bfd1d512,custom-halloween-dog-doormat-a6bfd1d512-a6bfd1d512,15913448276337,gid://shopify/Product/15913448276337,https://chillgen.com/products/custom-halloween-dog-doormat-a6bfd1d512-a6bfd1d512,https://chillgen.com/products/custom-halloween-dog-doormat-a6bfd1d512-a6bfd1d512,en-US,US,PUBLIC_AVAILABLE,ACCESSIBLE_PUBLIC_JSON,DISCOVERED_PUBLIC_PRODUCTS_JSON,Rug,Custom Halloween Dog Doormat with Pumpkins and Bats for Front Porch Entryway,UNKNOWN,HALLOWEEN,336,products_json_page_2; https://chillgen.com/products.json?limit=250&page=2,2026-09-07T00:00:00+07:00,2026-09-07T00:00:00+07:00,admin_only_fields_unknown_without_shopify_csv,B034,COMPLETED,DRAFTED,NEEDS_REVIEW
1.0,2.4,chillgen_20260907_01,chillgen.com,personalized-dog-welcome-mat-custom-text-non-slip-backing-17fda5bd64-17fda5bd64,personalized-dog-welcome-mat-custom-text-non-slip-backing-17fda5bd64-17fda5bd64,15912054718833,gid://shopify/Product/15912054718833,https://chillgen.com/products/personalized-dog-welcome-mat-custom-text-non-slip-backing-17fda5bd64-17fda5bd64,https://chillgen.com/products/personalized-dog-welcome-mat-custom-text-non-slip-backing-17fda5bd64-17fda5bd64,en-US,US,PUBLIC_AVAILABLE,ACCESSIBLE_PUBLIC_JSON,DISCOVERED_PUBLIC_PRODUCTS_JSON,Rug,Personalized Dog Welcome Mat with Custom Text and Quick Dry Surface for Entryway,UNKNOWN,EVERGREEN_OR_OTHER,337,products_json_page_2; https://chillgen.com/products.json?limit=250&page=2,2026-09-07T00:00:00+07:00,2026-09-07T00:00:00+07:00,admin_only_fields_unknown_without_shopify_csv,B034,COMPLETED,DRAFTED,NEEDS_REVIEW
1.0,2.4,chillgen_20260907_01,chillgen.com,personalized-dog-doormat-custom-text-non-slip-c76f704530,personalized-dog-doormat-custom-text-non-slip-c76f704530,15912054227313,gid://shopify/Product/15912054227313,https://chillgen.com/products/personalized-dog-doormat-custom-text-non-slip-c76f704530,https://chillgen.com/products/personalized-dog-doormat-custom-text-non-slip-c76f704530,en-US,US,PUBLIC_AVAILABLE,ACCESSIBLE_PUBLIC_JSON,DISCOVERED_PUBLIC_PRODUCTS_JSON,Rug,Custom Cartoon Dog Doormat with Text and Non Slip Backing for Home Entryway,UNKNOWN,EVERGREEN_OR_OTHER,338,products_json_page_2; https://chillgen.com/products.json?limit=250&page=2,2026-09-07T00:00:00+07:00,2026-09-07T00:00:00+07:00,admin_only_fields_unknown_without_shopify_csv,B034,COMPLETED,DRAFTED,NEEDS_REVIEW
1.0,2.4,chillgen_20260907_01,chillgen.com,custom-running-horse-welcome-mat-09686138f0,custom-running-horse-welcome-mat-09686138f0,15913419932017,gid://shopify/Product/15913419932017,https://chillgen.com/products/custom-running-horse-welcome-mat-09686138f0,https://chillgen.com/products/custom-running-horse-welcome-mat-09686138f0,en-US,US,PUBLIC_AVAILABLE,ACCESSIBLE_PUBLIC_JSON,DISCOVERED_PUBLIC_PRODUCTS_JSON,Rug,Personalized Western Horse Rug with Custom Text and Non Slip Backing,UNKNOWN,EVERGREEN_OR_OTHER,339,products_json_page_2; https://chillgen.com/products.json?limit=250&page=2,2026-09-07T00:00:00+07:00,2026-09-07T00:00:00+07:00,admin_only_fields_unknown_without_shopify_csv,B034,COMPLETED,DRAFTED,NEEDS_REVIEW
1.0,2.4,chillgen_20260907_01,chillgen.com,custom-running-horse-welcome-mat-4bd82949b1-4bd82949b1,custom-running-horse-welcome-mat-4bd82949b1-4bd82949b1,15913420030321,gid://shopify/Product/15913420030321,https://chillgen.com/products/custom-running-horse-welcome-mat-4bd82949b1-4bd82949b1,https://chillgen.com/products/custom-running-horse-welcome-mat-4bd82949b1-4bd82949b1,en-US,US,PUBLIC_AVAILABLE,ACCESSIBLE_PUBLIC_JSON,DISCOVERED_PUBLIC_PRODUCTS_JSON,Rug,Custom Running Horse Welcome Mat with Optional Text and Reinforced Edges,UNKNOWN,EVERGREEN_OR_OTHER,340,products_json_page_2; https://chillgen.com/products.json?limit=250&page=2,2026-09-07T00:00:00+07:00,2026-09-07T00:00:00+07:00,admin_only_fields_unknown_without_shopify_csv,B034,COMPLETED,DRAFTED,NEEDS_REVIEW
1.0,2.4,chillgen_20260907_01,chillgen.com,custom-running-horse-welcome-mat-b4cfa05f9b-b4cfa05f9b,custom-running-horse-welcome-mat-b4cfa05f9b-b4cfa05f9b,15913420128625,gid://shopify/Product/15913420128625,https://chillgen.com/products/custom-running-horse-welcome-mat-b4cfa05f9b-b4cfa05f9b,https://chillgen.com/products/custom-running-horse-welcome-mat-b4cfa05f9b-b4cfa05f9b,en-US,US,PUBLIC_AVAILABLE,ACCESSIBLE_PUBLIC_JSON,DISCOVERED_PUBLIC_PRODUCTS_JSON,Rug,Personalized Western Running Horse Rug with Custom Text for Home Decor,UNKNOWN,EVERGREEN_OR_OTHER,341,products_json_page_2; https://chillgen.com/products.json?limit=250&page=2,2026-09-07T00:00:00+07:00,2026-09-07T00:00:00+07:00,admin_only_fields_unknown_without_shopify_csv,B035,COMPLETED,DRAFTED,NEEDS_REVIEW
1.0,2.4,chillgen_20260907_01,chillgen.com,custom-running-horse-welcome-mat-7069b0c873-7069b0c873,custom-running-horse-welcome-mat-7069b0c873-7069b0c873,15913420390769,gid://shopify/Product/15913420390769,https://chillgen.com/products/custom-running-horse-welcome-mat-7069b0c873-7069b0c873,https://chillgen.com/products/custom-running-horse-welcome-mat-7069b0c873-7069b0c873,en-US,US,PUBLIC_AVAILABLE,ACCESSIBLE_PUBLIC_JSON,DISCOVERED_PUBLIC_PRODUCTS_JSON,Rug,Custom Western Horse Rug with Optional Text and Memory Foam for Indoor Spaces,UNKNOWN,EVERGREEN_OR_OTHER,342,products_json_page_2; https://chillgen.com/products.json?limit=250&page=2,2026-09-07T00:00:00+07:00,2026-09-07T00:00:00+07:00,admin_only_fields_unknown_without_shopify_csv,B035,COMPLETED,DRAFTED,NEEDS_REVIEW
1.0,2.4,chillgen_20260907_01,chillgen.com,custom-running-horse-area-rug-non-slip-384f7e6e8e,custom-running-horse-area-rug-non-slip-384f7e6e8e,15913420456305,gid://shopify/Product/15913420456305,https://chillgen.com/products/custom-running-horse-area-rug-non-slip-384f7e6e8e,https://chillgen.com/products/custom-running-horse-area-rug-non-slip-384f7e6e8e,en-US,US,PUBLIC_AVAILABLE,ACCESSIBLE_PUBLIC_JSON,DISCOVERED_PUBLIC_PRODUCTS_JSON,Rug,Personalized Running Horse Area Rug with Custom Text and Washable Low Pile,UNKNOWN,EVERGREEN_OR_OTHER,343,products_json_page_2; https://chillgen.com/products.json?limit=250&page=2,2026-09-07T00:00:00+07:00,2026-09-07T00:00:00+07:00,admin_only_fields_unknown_without_shopify_csv,B035,COMPLETED,DRAFTED,NEEDS_REVIEW
1.0,2.4,chillgen_20260907_01,chillgen.com,custom-running-horse-welcome-mat-60ae7781a9,custom-running-horse-welcome-mat-60ae7781a9,15913420521841,gid://shopify/Product/15913420521841,https://chillgen.com/products/custom-running-horse-welcome-mat-60ae7781a9,https://chillgen.com/products/custom-running-horse-welcome-mat-60ae7781a9,en-US,US,PUBLIC_AVAILABLE,ACCESSIBLE_PUBLIC_JSON,DISCOVERED_PUBLIC_PRODUCTS_JSON,Rug,Custom Horse Lover Area Rug with Optional Text and Memory Foam for Entryway,UNKNOWN,EVERGREEN_OR_OTHER,344,products_json_page_2; https://chillgen.com/products.json?limit=250&page=2,2026-09-07T00:00:00+07:00,2026-09-07T00:00:00+07:00,admin_only_fields_unknown_without_shopify_csv,B035,COMPLETED,DRAFTED,NEEDS_REVIEW
1.0,2.4,chillgen_20260907_01,chillgen.com,custom-western-running-horse-doormat-c4ecf71d0f-c4ecf71d0f,custom-western-running-horse-doormat-c4ecf71d0f-c4ecf71d0f,15913420652913,gid://shopify/Product/15913420652913,https://chillgen.com/products/custom-western-running-horse-doormat-c4ecf71d0f-c4ecf71d0f,https://chillgen.com/products/custom-western-running-horse-doormat-c4ecf71d0f-c4ecf71d0f,en-US,US,PUBLIC_AVAILABLE,ACCESSIBLE_PUBLIC_JSON,DISCOVERED_PUBLIC_PRODUCTS_JSON,Rug,Personalized Western Running Horse Doormat with Custom Text and Non Slip Backing,UNKNOWN,EVERGREEN_OR_OTHER,345,products_json_page_2; https://chillgen.com/products.json?limit=250&page=2,2026-09-07T00:00:00+07:00,2026-09-07T00:00:00+07:00,admin_only_fields_unknown_without_shopify_csv,B035,COMPLETED,DRAFTED,NEEDS_REVIEW
1.0,2.4,chillgen_20260907_01,chillgen.com,custom-galaxy-wolves-rug-bedroom-living-room-eb7c237d42-eb7c237d42,custom-galaxy-wolves-rug-bedroom-living-room-eb7c237d42-eb7c237d42,15913363702129,gid://shopify/Product/15913363702129,https://chillgen.com/products/custom-galaxy-wolves-rug-bedroom-living-room-eb7c237d42-eb7c237d42,https://chillgen.com/products/custom-galaxy-wolves-rug-bedroom-living-room-eb7c237d42-eb7c237d42,en-US,US,PUBLIC_AVAILABLE,ACCESSIBLE_PUBLIC_JSON,DISCOVERED_PUBLIC_PRODUCTS_JSON,Rug,Galaxy Wolves Area Rug with Custom Text and Memory Foam for Bedroom Living Room,UNKNOWN,EVERGREEN_OR_OTHER,346,products_json_page_2; https://chillgen.com/products.json?limit=250&page=2,2026-09-07T00:00:00+07:00,2026-09-07T00:00:00+07:00,admin_only_fields_unknown_without_shopify_csv,B035,COMPLETED,DRAFTED,NEEDS_REVIEW
1.0,2.4,chillgen_20260907_01,chillgen.com,wolf-galaxy-runner-rug-a1fc801242,wolf-galaxy-runner-rug-a1fc801242,15913363833201,gid://shopify/Product/15913363833201,https://chillgen.com/products/wolf-galaxy-runner-rug-a1fc801242,https://chillgen.com/products/wolf-galaxy-runner-rug-a1fc801242,en-US,US,PUBLIC_AVAILABLE,ACCESSIBLE_PUBLIC_JSON,DISCOVERED_PUBLIC_PRODUCTS_JSON,Rug,Wild Wolf Galaxy Runner Rug with Custom Text and Non Slip Backing for Hallway,UNKNOWN,EVERGREEN_OR_OTHER,347,products_json_page_2; https://chillgen.com/products.json?limit=250&page=2,2026-09-07T00:00:00+07:00,2026-09-07T00:00:00+07:00,admin_only_fields_unknown_without_shopify_csv,B035,COMPLETED,DRAFTED,NEEDS_REVIEW
1.0,2.4,chillgen_20260907_01,chillgen.com,custom-wolf-print-welcome-mat-89ae1c27ae,custom-wolf-print-welcome-mat-89ae1c27ae,15913363997041,gid://shopify/Product/15913363997041,https://chillgen.com/products/custom-wolf-print-welcome-mat-89ae1c27ae,https://chillgen.com/products/custom-wolf-print-welcome-mat-89ae1c27ae,en-US,US,PUBLIC_AVAILABLE,ACCESSIBLE_PUBLIC_JSON,DISCOVERED_PUBLIC_PRODUCTS_JSON,Rug,Wolf Print Welcome Mat with Personalized Text and Low Pile for Kids Room Entryway,UNKNOWN,EVERGREEN_OR_OTHER,348,products_json_page_2; https://chillgen.com/products.json?limit=250&page=2,2026-09-07T00:00:00+07:00,2026-09-07T00:00:00+07:00,admin_only_fields_unknown_without_shopify_csv,B035,COMPLETED,DRAFTED,NEEDS_REVIEW
1.0,2.4,chillgen_20260907_01,chillgen.com,custom-wolf-welcome-doormat-entryway-c00c6179a1-c00c6179a1,custom-wolf-welcome-doormat-entryway-c00c6179a1-c00c6179a1,15913364062577,gid://shopify/Product/15913364062577,https://chillgen.com/products/custom-wolf-welcome-doormat-entryway-c00c6179a1-c00c6179a1,https://chillgen.com/products/custom-wolf-welcome-doormat-entryway-c00c6179a1-c00c6179a1,en-US,US,PUBLIC_AVAILABLE,ACCESSIBLE_PUBLIC_JSON,DISCOVERED_PUBLIC_PRODUCTS_JSON,Rug,Howling Wolf Welcome Doormat with Custom Text and Memory Foam for Home Entryway,UNKNOWN,EVERGREEN_OR_OTHER,349,products_json_page_2; https://chillgen.com/products.json?limit=250&page=2,2026-09-07T00:00:00+07:00,2026-09-07T00:00:00+07:00,admin_only_fields_unknown_without_shopify_csv,B035,COMPLETED,DRAFTED,NEEDS_REVIEW
1.0,2.4,chillgen_20260907_01,chillgen.com,custom-galaxy-wolves-welcome-mat-f320a33157,custom-galaxy-wolves-welcome-mat-f320a33157,15913364128113,gid://shopify/Product/15913364128113,https://chillgen.com/products/custom-galaxy-wolves-welcome-mat-f320a33157,https://chillgen.com/products/custom-galaxy-wolves-welcome-mat-f320a33157,en-US,US,PUBLIC_AVAILABLE,ACCESSIBLE_PUBLIC_JSON,DISCOVERED_PUBLIC_PRODUCTS_JSON,Rug,Galaxy Wolves Welcome Mat with Personalized Text and Non Slip Backing for Kids Room,UNKNOWN,EVERGREEN_OR_OTHER,350,products_json_page_2; https://chillgen.com/products.json?limit=250&page=2,2026-09-07T00:00:00+07:00,2026-09-07T00:00:00+07:00,admin_only_fields_unknown_without_shopify_csv,B035,COMPLETED,DRAFTED,NEEDS_REVIEW
1.0,2.4,chillgen_20260907_01,chillgen.com,custom-road-map-area-rug-81bfb9cda4-81bfb9cda4,custom-road-map-area-rug-81bfb9cda4-81bfb9cda4,15913398206833,gid://shopify/Product/15913398206833,https://chillgen.com/products/custom-road-map-area-rug-81bfb9cda4-81bfb9cda4,https://chillgen.com/products/custom-road-map-area-rug-81bfb9cda4-81bfb9cda4,en-US,US,PUBLIC_AVAILABLE,ACCESSIBLE_PUBLIC_JSON,DISCOVERED_PUBLIC_PRODUCTS_JSON,Rug,Custom Road Map Area Rug with Name and Colorful Streets for Kids Playroom,UNKNOWN,EVERGREEN_OR_OTHER,351,products_json_page_2; https://chillgen.com/products.json?limit=250&page=2,2026-09-07T00:00:00+07:00,2026-09-07T00:00:00+07:00,admin_only_fields_unknown_without_shopify_csv,B036,COMPLETED,DRAFTED,NEEDS_REVIEW
1.0,2.4,chillgen_20260907_01,chillgen.com,custom-galaxy-wolves-rug-boy-room-bedroom-167aea55b4,custom-galaxy-wolves-rug-boy-room-bedroom-167aea55b4,15913364226417,gid://shopify/Product/15913364226417,https://chillgen.com/products/custom-galaxy-wolves-rug-boy-room-bedroom-167aea55b4,https://chillgen.com/products/custom-galaxy-wolves-rug-boy-room-bedroom-167aea55b4,en-US,US,PUBLIC_AVAILABLE,ACCESSIBLE_PUBLIC_JSON,DISCOVERED_PUBLIC_PRODUCTS_JSON,Rug,Galaxy Wolf Area Rug with Custom Text and Soft Cushioning for Boys Bedroom,UNKNOWN,EVERGREEN_OR_OTHER,352,products_json_page_2; https://chillgen.com/products.json?limit=250&page=2,2026-09-07T00:00:00+07:00,2026-09-07T00:00:00+07:00,admin_only_fields_unknown_without_shopify_csv,B036,COMPLETED,DRAFTED,NEEDS_REVIEW
1.0,2.4,chillgen_20260907_01,chillgen.com,galaxy-wolves-wild-wolf-print-area-rug-c951e785f7-c951e785f7,galaxy-wolves-wild-wolf-print-area-rug-c951e785f7-c951e785f7,15913364357489,gid://shopify/Product/15913364357489,https://chillgen.com/products/galaxy-wolves-wild-wolf-print-area-rug-c951e785f7-c951e785f7,https://chillgen.com/products/galaxy-wolves-wild-wolf-print-area-rug-c951e785f7-c951e785f7,en-US,US,PUBLIC_AVAILABLE,ACCESSIBLE_PUBLIC_JSON,DISCOVERED_PUBLIC_PRODUCTS_JSON,Rug,Galaxy Wolves Carpet with Personalized Text and Memory Foam for Wolf Lovers Room,UNKNOWN,EVERGREEN_OR_OTHER,353,products_json_page_2; https://chillgen.com/products.json?limit=250&page=2,2026-09-07T00:00:00+07:00,2026-09-07T00:00:00+07:00,admin_only_fields_unknown_without_shopify_csv,B036,COMPLETED,DRAFTED,NEEDS_REVIEW
1.0,2.4,chillgen_20260907_01,chillgen.com,custom-galaxy-wolves-rug-boy-room-a0375b4217-a0375b4217,custom-galaxy-wolves-rug-boy-room-a0375b4217-a0375b4217,15913364390257,gid://shopify/Product/15913364390257,https://chillgen.com/products/custom-galaxy-wolves-rug-boy-room-a0375b4217-a0375b4217,https://chillgen.com/products/custom-galaxy-wolves-rug-boy-room-a0375b4217-a0375b4217,en-US,US,PUBLIC_AVAILABLE,ACCESSIBLE_PUBLIC_JSON,DISCOVERED_PUBLIC_PRODUCTS_JSON,Rug,Howling Wolf Runner Rug with Custom Text and Non Slip Backing for Kitchen Hallway,UNKNOWN,EVERGREEN_OR_OTHER,354,products_json_page_2; https://chillgen.com/products.json?limit=250&page=2,2026-09-07T00:00:00+07:00,2026-09-07T00:00:00+07:00,admin_only_fields_unknown_without_shopify_csv,B036,COMPLETED,DRAFTED,NEEDS_REVIEW
1.0,2.4,chillgen_20260907_01,chillgen.com,galaxy-wolves-wolf-area-rug-94b47adf17-94b47adf17,galaxy-wolves-wolf-area-rug-94b47adf17-94b47adf17,15913364521329,gid://shopify/Product/15913364521329,https://chillgen.com/products/galaxy-wolves-wolf-area-rug-94b47adf17-94b47adf17,https://chillgen.com/products/galaxy-wolves-wolf-area-rug-94b47adf17-94b47adf17,en-US,US,PUBLIC_AVAILABLE,ACCESSIBLE_PUBLIC_JSON,DISCOVERED_PUBLIC_PRODUCTS_JSON,Rug,Galaxy Wolves Area Rug with Personalized Text and Low Pile for Bedroom Living Room,UNKNOWN,EVERGREEN_OR_OTHER,355,products_json_page_2; https://chillgen.com/products.json?limit=250&page=2,2026-09-07T00:00:00+07:00,2026-09-07T00:00:00+07:00,admin_only_fields_unknown_without_shopify_csv,B036,COMPLETED,DRAFTED,NEEDS_REVIEW
1.0,2.4,chillgen_20260907_01,chillgen.com,custom-galaxy-wolf-welcome-mat-0e4d706227,custom-galaxy-wolf-welcome-mat-0e4d706227,15913364685169,gid://shopify/Product/15913364685169,https://chillgen.com/products/custom-galaxy-wolf-welcome-mat-0e4d706227,https://chillgen.com/products/custom-galaxy-wolf-welcome-mat-0e4d706227,en-US,US,PUBLIC_AVAILABLE,ACCESSIBLE_PUBLIC_JSON,DISCOVERED_PUBLIC_PRODUCTS_JSON,Rug,Galaxy Wolf Welcome Mat with Custom Text and Memory Foam for Boys Room Living Room,UNKNOWN,EVERGREEN_OR_OTHER,356,products_json_page_2; https://chillgen.com/products.json?limit=250&page=2,2026-09-07T00:00:00+07:00,2026-09-07T00:00:00+07:00,admin_only_fields_unknown_without_shopify_csv,B036,COMPLETED,DRAFTED,NEEDS_REVIEW
1.0,2.4,chillgen_20260907_01,chillgen.com,custom-galaxy-wolves-welcome-mat-5ce46e57d9-5ce46e57d9,custom-galaxy-wolves-welcome-mat-5ce46e57d9-5ce46e57d9,15913364914545,gid://shopify/Product/15913364914545,https://chillgen.com/products/custom-galaxy-wolves-welcome-mat-5ce46e57d9-5ce46e57d9,https://chillgen.com/products/custom-galaxy-wolves-welcome-mat-5ce46e57d9-5ce46e57d9,en-US,US,PUBLIC_AVAILABLE,ACCESSIBLE_PUBLIC_JSON,DISCOVERED_PUBLIC_PRODUCTS_JSON,Rug,Galaxy Wolves Welcome Mat with Personalized Text and Soft Low Pile for Indoor Home,UNKNOWN,EVERGREEN_OR_OTHER,357,products_json_page_2; https://chillgen.com/products.json?limit=250&page=2,2026-09-07T00:00:00+07:00,2026-09-07T00:00:00+07:00,admin_only_fields_unknown_without_shopify_csv,B036,COMPLETED,DRAFTED,NEEDS_REVIEW
1.0,2.4,chillgen_20260907_01,chillgen.com,galaxy-wolves-wolf-area-rug-carpet-da377ca92e-da377ca92e,galaxy-wolves-wolf-area-rug-carpet-da377ca92e-da377ca92e,15913365209457,gid://shopify/Product/15913365209457,https://chillgen.com/products/galaxy-wolves-wolf-area-rug-carpet-da377ca92e-da377ca92e,https://chillgen.com/products/galaxy-wolves-wolf-area-rug-carpet-da377ca92e-da377ca92e,en-US,US,PUBLIC_AVAILABLE,ACCESSIBLE_PUBLIC_JSON,DISCOVERED_PUBLIC_PRODUCTS_JSON,Rug,Wild Wolf Print Area Rug with Custom Text and Non Slip Backing for Indoor Home,UNKNOWN,EVERGREEN_OR_OTHER,358,products_json_page_2; https://chillgen.com/products.json?limit=250&page=2,2026-09-07T00:00:00+07:00,2026-09-07T00:00:00+07:00,admin_only_fields_unknown_without_shopify_csv,B036,COMPLETED,DRAFTED,NEEDS_REVIEW
1.0,2.4,chillgen_20260907_01,chillgen.com,custom-galaxy-wolves-rug-boy-room-e0ded989b1,custom-galaxy-wolves-rug-boy-room-e0ded989b1,15913365438833,gid://shopify/Product/15913365438833,https://chillgen.com/products/custom-galaxy-wolves-rug-boy-room-e0ded989b1,https://chillgen.com/products/custom-galaxy-wolves-rug-boy-room-e0ded989b1,en-US,US,PUBLIC_AVAILABLE,ACCESSIBLE_PUBLIC_JSON,DISCOVERED_PUBLIC_PRODUCTS_JSON,Rug,Howling Wolf Area Rug with Personalized Text and Memory Foam for Boys Room,UNKNOWN,EVERGREEN_OR_OTHER,359,products_json_page_2; https://chillgen.com/products.json?limit=250&page=2,2026-09-07T00:00:00+07:00,2026-09-07T00:00:00+07:00,admin_only_fields_unknown_without_shopify_csv,B036,COMPLETED,DRAFTED,NEEDS_REVIEW
1.0,2.4,chillgen_20260907_01,chillgen.com,wolf-galaxy-wolves-area-rug-f49c8f2c6e-f49c8f2c6e,wolf-galaxy-wolves-area-rug-f49c8f2c6e-f49c8f2c6e,15913366258033,gid://shopify/Product/15913366258033,https://chillgen.com/products/wolf-galaxy-wolves-area-rug-f49c8f2c6e-f49c8f2c6e,https://chillgen.com/products/wolf-galaxy-wolves-area-rug-f49c8f2c6e-f49c8f2c6e,en-US,US,PUBLIC_AVAILABLE,ACCESSIBLE_PUBLIC_JSON,DISCOVERED_PUBLIC_PRODUCTS_JSON,Rug,Galaxy Wolf Area Rug with Custom Text and Soft Low Pile for Bedroom Entryway,UNKNOWN,EVERGREEN_OR_OTHER,360,products_json_page_2; https://chillgen.com/products.json?limit=250&page=2,2026-09-07T00:00:00+07:00,2026-09-07T00:00:00+07:00,admin_only_fields_unknown_without_shopify_csv,B036,COMPLETED,DRAFTED,NEEDS_REVIEW
1.0,2.4,chillgen_20260907_01,chillgen.com,wolf-galaxy-carpet-boy-room-decor-rug-4c471ed92f-4c471ed92f,wolf-galaxy-carpet-boy-room-decor-rug-4c471ed92f-4c471ed92f,15913366684017,gid://shopify/Product/15913366684017,https://chillgen.com/products/wolf-galaxy-carpet-boy-room-decor-rug-4c471ed92f-4c471ed92f,https://chillgen.com/products/wolf-galaxy-carpet-boy-room-decor-rug-4c471ed92f-4c471ed92f,en-US,US,PUBLIC_AVAILABLE,ACCESSIBLE_PUBLIC_JSON,DISCOVERED_PUBLIC_PRODUCTS_JSON,Rug,Wolf Galaxy Family Name Doormat with Monogram and Address for Front Entryway,UNKNOWN,EVERGREEN_OR_OTHER,361,products_json_page_2; https://chillgen.com/products.json?limit=250&page=2,2026-09-07T00:00:00+07:00,2026-09-07T00:00:00+07:00,admin_only_fields_unknown_without_shopify_csv,B037,COMPLETED,DRAFTED,NEEDS_REVIEW
1.0,2.4,chillgen_20260907_01,chillgen.com,custom-bear-paw-print-area-rug-4e14d548d7-4e14d548d7,custom-bear-paw-print-area-rug-4e14d548d7-4e14d548d7,15913379201393,gid://shopify/Product/15913379201393,https://chillgen.com/products/custom-bear-paw-print-area-rug-4e14d548d7-4e14d548d7,https://chillgen.com/products/custom-bear-paw-print-area-rug-4e14d548d7-4e14d548d7,en-US,US,PUBLIC_AVAILABLE,ACCESSIBLE_PUBLIC_JSON,DISCOVERED_PUBLIC_PRODUCTS_JSON,Rug,Custom Bear Paw Area Rug with Name and Southwestern Design for Cabin Decor,UNKNOWN,CHRISTMAS,362,products_json_page_2; https://chillgen.com/products.json?limit=250&page=2,2026-09-07T00:00:00+07:00,2026-09-07T00:00:00+07:00,admin_only_fields_unknown_without_shopify_csv,B037,COMPLETED,DRAFTED,NEEDS_REVIEW
1.0,2.4,chillgen_20260907_01,chillgen.com,custom-dog-paw-print-shaped-rug-39afbc78d5,custom-dog-paw-print-shaped-rug-39afbc78d5,15913379496305,gid://shopify/Product/15913379496305,https://chillgen.com/products/custom-dog-paw-print-shaped-rug-39afbc78d5,https://chillgen.com/products/custom-dog-paw-print-shaped-rug-39afbc78d5,en-US,US,PUBLIC_AVAILABLE,ACCESSIBLE_PUBLIC_JSON,DISCOVERED_PUBLIC_PRODUCTS_JSON,Rug,Bear Paw Shaped Area Rug with Southwestern Pattern for Cabin and Lodge,UNKNOWN,CHRISTMAS,363,products_json_page_2; https://chillgen.com/products.json?limit=250&page=2,2026-09-07T00:00:00+07:00,2026-09-07T00:00:00+07:00,admin_only_fields_unknown_without_shopify_csv,B037,COMPLETED,DRAFTED,NEEDS_REVIEW
1.0,2.4,chillgen_20260907_01,chillgen.com,custom-bear-paw-print-area-rug-a5abc100ab,custom-bear-paw-print-area-rug-a5abc100ab,15913379823985,gid://shopify/Product/15913379823985,https://chillgen.com/products/custom-bear-paw-print-area-rug-a5abc100ab,https://chillgen.com/products/custom-bear-paw-print-area-rug-a5abc100ab,en-US,US,PUBLIC_AVAILABLE,ACCESSIBLE_PUBLIC_JSON,DISCOVERED_PUBLIC_PRODUCTS_JSON,Rug,Custom Bear Paw Shaped Rug with Name and Plush Surface for Cabin Decor,UNKNOWN,CHRISTMAS,364,products_json_page_2; https://chillgen.com/products.json?limit=250&page=2,2026-09-07T00:00:00+07:00,2026-09-07T00:00:00+07:00,admin_only_fields_unknown_without_shopify_csv,B037,COMPLETED,DRAFTED,NEEDS_REVIEW
1.0,2.4,chillgen_20260907_01,chillgen.com,custom-bear-paw-print-area-rug-7ff5dd63e9,custom-bear-paw-print-area-rug-7ff5dd63e9,15913380151665,gid://shopify/Product/15913380151665,https://chillgen.com/products/custom-bear-paw-print-area-rug-7ff5dd63e9,https://chillgen.com/products/custom-bear-paw-print-area-rug-7ff5dd63e9,en-US,US,PUBLIC_AVAILABLE,ACCESSIBLE_PUBLIC_JSON,DISCOVERED_PUBLIC_PRODUCTS_JSON,Rug,Custom Rustic Bear Paw Area Rug with Name for Cabin Living Room Decor,UNKNOWN,CHRISTMAS,365,products_json_page_2; https://chillgen.com/products.json?limit=250&page=2,2026-09-07T00:00:00+07:00,2026-09-07T00:00:00+07:00,admin_only_fields_unknown_without_shopify_csv,B037,COMPLETED,DRAFTED,NEEDS_REVIEW
1.0,2.4,chillgen_20260907_01,chillgen.com,custom-bear-paw-print-area-rug-a43b3e3594,custom-bear-paw-print-area-rug-a43b3e3594,15913380446577,gid://shopify/Product/15913380446577,https://chillgen.com/products/custom-bear-paw-print-area-rug-a43b3e3594,https://chillgen.com/products/custom-bear-paw-print-area-rug-a43b3e3594,en-US,US,PUBLIC_AVAILABLE,ACCESSIBLE_PUBLIC_JSON,DISCOVERED_PUBLIC_PRODUCTS_JSON,Rug,Custom Southwestern Bear Paw Rug with Name and Memory Foam for Bedroom,UNKNOWN,CHRISTMAS,366,products_json_page_2; https://chillgen.com/products.json?limit=250&page=2,2026-09-07T00:00:00+07:00,2026-09-07T00:00:00+07:00,admin_only_fields_unknown_without_shopify_csv,B037,COMPLETED,DRAFTED,NEEDS_REVIEW
1.0,2.4,chillgen_20260907_01,chillgen.com,custom-bear-paw-print-area-rug-3821bbd1dc-3821bbd1dc,custom-bear-paw-print-area-rug-3821bbd1dc-3821bbd1dc,15913380839793,gid://shopify/Product/15913380839793,https://chillgen.com/products/custom-bear-paw-print-area-rug-3821bbd1dc-3821bbd1dc,https://chillgen.com/products/custom-bear-paw-print-area-rug-3821bbd1dc-3821bbd1dc,en-US,US,PUBLIC_AVAILABLE,ACCESSIBLE_PUBLIC_JSON,DISCOVERED_PUBLIC_PRODUCTS_JSON,Rug,Custom Bear Paw Area Rug with Name and Plush Surface for Lodge Home Decor,UNKNOWN,CHRISTMAS,367,products_json_page_2; https://chillgen.com/products.json?limit=250&page=2,2026-09-07T00:00:00+07:00,2026-09-07T00:00:00+07:00,admin_only_fields_unknown_without_shopify_csv,B037,COMPLETED,DRAFTED,NEEDS_REVIEW
1.0,2.4,chillgen_20260907_01,chillgen.com,custom-bear-paw-print-area-rug-bbb48cf1bd-bbb48cf1bd,custom-bear-paw-print-area-rug-bbb48cf1bd-bbb48cf1bd,15913381233009,gid://shopify/Product/15913381233009,https://chillgen.com/products/custom-bear-paw-print-area-rug-bbb48cf1bd-bbb48cf1bd,https://chillgen.com/products/custom-bear-paw-print-area-rug-bbb48cf1bd-bbb48cf1bd,en-US,US,PUBLIC_AVAILABLE,ACCESSIBLE_PUBLIC_JSON,DISCOVERED_PUBLIC_PRODUCTS_JSON,Rug,Custom Wildlife Bear Paw Rug with Name and Low Pile Surface for Cabin,UNKNOWN,CHRISTMAS,368,products_json_page_2; https://chillgen.com/products.json?limit=250&page=2,2026-09-07T00:00:00+07:00,2026-09-07T00:00:00+07:00,admin_only_fields_unknown_without_shopify_csv,B037,COMPLETED,DRAFTED,NEEDS_REVIEW
1.0,2.4,chillgen_20260907_01,chillgen.com,custom-road-map-area-rug-play-mat-baa948f510-baa948f510,custom-road-map-area-rug-play-mat-baa948f510-baa948f510,15913395913073,gid://shopify/Product/15913395913073,https://chillgen.com/products/custom-road-map-area-rug-play-mat-baa948f510-baa948f510,https://chillgen.com/products/custom-road-map-area-rug-play-mat-baa948f510-baa948f510,en-US,US,PUBLIC_AVAILABLE,ACCESSIBLE_PUBLIC_JSON,DISCOVERED_PUBLIC_PRODUCTS_JSON,Rug,Personalized Road Map Play Rug with Name for Kids Bedroom and Playroom,UNKNOWN,EVERGREEN_OR_OTHER,369,products_json_page_2; https://chillgen.com/products.json?limit=250&page=2,2026-09-07T00:00:00+07:00,2026-09-07T00:00:00+07:00,admin_only_fields_unknown_without_shopify_csv,B037,COMPLETED,DRAFTED,NEEDS_REVIEW
1.0,2.4,chillgen_20260907_01,chillgen.com,custom-road-map-area-rug-play-mat-9cf6abf61b,custom-road-map-area-rug-play-mat-9cf6abf61b,15913396371825,gid://shopify/Product/15913396371825,https://chillgen.com/products/custom-road-map-area-rug-play-mat-9cf6abf61b,https://chillgen.com/products/custom-road-map-area-rug-play-mat-9cf6abf61b,en-US,US,PUBLIC_AVAILABLE,ACCESSIBLE_PUBLIC_JSON,DISCOVERED_PUBLIC_PRODUCTS_JSON,Rug,Custom City Street Car Rug with Name for Nursery Classroom and Playroom,UNKNOWN,EVERGREEN_OR_OTHER,370,products_json_page_2; https://chillgen.com/products.json?limit=250&page=2,2026-09-07T00:00:00+07:00,2026-09-07T00:00:00+07:00,admin_only_fields_unknown_without_shopify_csv,B037,COMPLETED,DRAFTED,NEEDS_REVIEW
1.0,2.4,chillgen_20260907_01,chillgen.com,personalized-christmas-doormat-with-custom-family-name-315531dc75-315531dc75,personalized-christmas-doormat-with-custom-family-name-315531dc75-315531dc75,15913396765041,gid://shopify/Product/15913396765041,https://chillgen.com/products/personalized-christmas-doormat-with-custom-family-name-315531dc75-315531dc75,https://chillgen.com/products/personalized-christmas-doormat-with-custom-family-name-315531dc75-315531dc75,en-US,US,PUBLIC_AVAILABLE,ACCESSIBLE_PUBLIC_JSON,DISCOVERED_PUBLIC_PRODUCTS_JSON,Rug,Custom Christmas Name Doormat with Family Name for Holiday Entryway Decor,UNKNOWN,CHRISTMAS,371,products_json_page_2; https://chillgen.com/products.json?limit=250&page=2,2026-09-07T00:00:00+07:00,2026-09-07T00:00:00+07:00,admin_only_fields_unknown_without_shopify_csv,B038,COMPLETED,DRAFTED,NEEDS_REVIEW
1.0,2.4,chillgen_20260907_01,chillgen.com,custom-road-map-play-mat-rug-38a585717c-38a585717c,custom-road-map-play-mat-rug-38a585717c-38a585717c,15913397289329,gid://shopify/Product/15913397289329,https://chillgen.com/products/custom-road-map-play-mat-rug-38a585717c-38a585717c,https://chillgen.com/products/custom-road-map-play-mat-rug-38a585717c-38a585717c,en-US,US,PUBLIC_AVAILABLE,ACCESSIBLE_PUBLIC_JSON,DISCOVERED_PUBLIC_PRODUCTS_JSON,Rug,Personalized Town Road Map Rug with Name for Kids Room and Creative Play,UNKNOWN,EVERGREEN_OR_OTHER,372,products_json_page_2; https://chillgen.com/products.json?limit=250&page=2,2026-09-07T00:00:00+07:00,2026-09-07T00:00:00+07:00,admin_only_fields_unknown_without_shopify_csv,B038,COMPLETED,DRAFTED,NEEDS_REVIEW
1.0,2.4,chillgen_20260907_01,chillgen.com,wheel-of-feelings-and-emotions-round-rug-ec03e55978,wheel-of-feelings-and-emotions-round-rug-ec03e55978,15912092434801,gid://shopify/Product/15912092434801,https://chillgen.com/products/wheel-of-feelings-and-emotions-round-rug-ec03e55978,https://chillgen.com/products/wheel-of-feelings-and-emotions-round-rug-ec03e55978,en-US,US,PUBLIC_AVAILABLE,ACCESSIBLE_PUBLIC_JSON,DISCOVERED_PUBLIC_PRODUCTS_JSON,Rug,Personalized Emotions Wheel Round Rug with Name for Classroom Calm Corner,UNKNOWN,EVERGREEN_OR_OTHER,373,products_json_page_2; https://chillgen.com/products.json?limit=250&page=2,2026-09-07T00:00:00+07:00,2026-09-07T00:00:00+07:00,admin_only_fields_unknown_without_shopify_csv,B038,COMPLETED,DRAFTED,NEEDS_REVIEW
1.0,2.4,chillgen_20260907_01,chillgen.com,wheel-of-feelings-and-emotions-round-rug-01636a663b,wheel-of-feelings-and-emotions-round-rug-01636a663b,15912092696945,gid://shopify/Product/15912092696945,https://chillgen.com/products/wheel-of-feelings-and-emotions-round-rug-01636a663b,https://chillgen.com/products/wheel-of-feelings-and-emotions-round-rug-01636a663b,en-US,US,PUBLIC_AVAILABLE,ACCESSIBLE_PUBLIC_JSON,DISCOVERED_PUBLIC_PRODUCTS_JSON,Rug,Custom Feelings Wheel Classroom Rug with Name for Emotional Learning,UNKNOWN,EVERGREEN_OR_OTHER,374,products_json_page_2; https://chillgen.com/products.json?limit=250&page=2,2026-09-07T00:00:00+07:00,2026-09-07T00:00:00+07:00,admin_only_fields_unknown_without_shopify_csv,B038,COMPLETED,DRAFTED,NEEDS_REVIEW
1.0,2.4,chillgen_20260907_01,chillgen.com,feelings-wheel-emotions-round-rug-0f979e072d-0f979e072d,feelings-wheel-emotions-round-rug-0f979e072d-0f979e072d,15912092828017,gid://shopify/Product/15912092828017,https://chillgen.com/products/feelings-wheel-emotions-round-rug-0f979e072d-0f979e072d,https://chillgen.com/products/feelings-wheel-emotions-round-rug-0f979e072d-0f979e072d,en-US,US,PUBLIC_AVAILABLE,ACCESSIBLE_PUBLIC_JSON,DISCOVERED_PUBLIC_PRODUCTS_JSON,Rug,Personalized Feelings Wheel Round Rug with Name for Classroom and Daycare,UNKNOWN,EVERGREEN_OR_OTHER,375,products_json_page_2; https://chillgen.com/products.json?limit=250&page=2,2026-09-07T00:00:00+07:00,2026-09-07T00:00:00+07:00,admin_only_fields_unknown_without_shopify_csv,B038,COMPLETED,DRAFTED,NEEDS_REVIEW
1.0,2.4,chillgen_20260907_01,chillgen.com,wheel-of-feelings-and-emotions-round-rug-8a745f7f62,wheel-of-feelings-and-emotions-round-rug-8a745f7f62,15912092959089,gid://shopify/Product/15912092959089,https://chillgen.com/products/wheel-of-feelings-and-emotions-round-rug-8a745f7f62,https://chillgen.com/products/wheel-of-feelings-and-emotions-round-rug-8a745f7f62,en-US,US,PUBLIC_AVAILABLE,ACCESSIBLE_PUBLIC_JSON,DISCOVERED_PUBLIC_PRODUCTS_JSON,Rug,Custom Emotions Chart Round Rug with Name for Classroom Calm Corner,UNKNOWN,EVERGREEN_OR_OTHER,376,products_json_page_2; https://chillgen.com/products.json?limit=250&page=2,2026-09-07T00:00:00+07:00,2026-09-07T00:00:00+07:00,admin_only_fields_unknown_without_shopify_csv,B038,COMPLETED,DRAFTED,NEEDS_REVIEW
1.0,2.4,chillgen_20260907_01,chillgen.com,wheel-of-feelings-and-emotions-round-rug-697b1d04c9,wheel-of-feelings-and-emotions-round-rug-697b1d04c9,15912094007665,gid://shopify/Product/15912094007665,https://chillgen.com/products/wheel-of-feelings-and-emotions-round-rug-697b1d04c9,https://chillgen.com/products/wheel-of-feelings-and-emotions-round-rug-697b1d04c9,en-US,US,PUBLIC_AVAILABLE,ACCESSIBLE_PUBLIC_JSON,DISCOVERED_PUBLIC_PRODUCTS_JSON,Rug,Custom Colorful Feelings Wheel Rug with Name for Classroom Calm Corner,UNKNOWN,EVERGREEN_OR_OTHER,377,products_json_page_2; https://chillgen.com/products.json?limit=250&page=2,2026-09-07T00:00:00+07:00,2026-09-07T00:00:00+07:00,admin_only_fields_unknown_without_shopify_csv,B038,COMPLETED,DRAFTED,NEEDS_REVIEW
1.0,2.4,chillgen_20260907_01,chillgen.com,custom-abc-educational-classroom-round-rug-33de96c620-33de96c620,custom-abc-educational-classroom-round-rug-33de96c620-33de96c620,15912094204273,gid://shopify/Product/15912094204273,https://chillgen.com/products/custom-abc-educational-classroom-round-rug-33de96c620-33de96c620,https://chillgen.com/products/custom-abc-educational-classroom-round-rug-33de96c620-33de96c620,en-US,US,PUBLIC_AVAILABLE,ACCESSIBLE_PUBLIC_JSON,DISCOVERED_PUBLIC_PRODUCTS_JSON,Rug,Personalized ABC Feelings Wheel Rug for Preschool Classroom Playroom,UNKNOWN,EVERGREEN_OR_OTHER,378,products_json_page_2; https://chillgen.com/products.json?limit=250&page=2,2026-09-07T00:00:00+07:00,2026-09-07T00:00:00+07:00,admin_only_fields_unknown_without_shopify_csv,B038,COMPLETED,DRAFTED,NEEDS_REVIEW
1.0,2.4,chillgen_20260907_01,chillgen.com,classroom-round-rug-educational-feelings-carpet-6f4ceb729b,classroom-round-rug-educational-feelings-carpet-6f4ceb729b,15912094630257,gid://shopify/Product/15912094630257,https://chillgen.com/products/classroom-round-rug-educational-feelings-carpet-6f4ceb729b,https://chillgen.com/products/classroom-round-rug-educational-feelings-carpet-6f4ceb729b,en-US,US,PUBLIC_AVAILABLE,ACCESSIBLE_PUBLIC_JSON,DISCOVERED_PUBLIC_PRODUCTS_JSON,Rug,Personalized Rainbow Feelings Wheel Rug for Classroom Calm Corner,UNKNOWN,EVERGREEN_OR_OTHER,379,products_json_page_2; https://chillgen.com/products.json?limit=250&page=2,2026-09-07T00:00:00+07:00,2026-09-07T00:00:00+07:00,admin_only_fields_unknown_without_shopify_csv,B038,COMPLETED,DRAFTED,NEEDS_REVIEW
1.0,2.4,chillgen_20260907_01,chillgen.com,custom-abc-educational-welcome-mat-bed98ba4ec-bed98ba4ec,custom-abc-educational-welcome-mat-bed98ba4ec-bed98ba4ec,15912094695793,gid://shopify/Product/15912094695793,https://chillgen.com/products/custom-abc-educational-welcome-mat-bed98ba4ec-bed98ba4ec,https://chillgen.com/products/custom-abc-educational-welcome-mat-bed98ba4ec-bed98ba4ec,en-US,US,PUBLIC_AVAILABLE,ACCESSIBLE_PUBLIC_JSON,DISCOVERED_PUBLIC_PRODUCTS_JSON,Rug,Custom ABC Feelings Wheel Round Rug with Name for Classroom Playroom,UNKNOWN,EVERGREEN_OR_OTHER,380,products_json_page_2; https://chillgen.com/products.json?limit=250&page=2,2026-09-07T00:00:00+07:00,2026-09-07T00:00:00+07:00,admin_only_fields_unknown_without_shopify_csv,B038,COMPLETED,DRAFTED,NEEDS_REVIEW
1.0,2.4,chillgen_20260907_01,chillgen.com,custom-composition-notebook-classroom-kids-rug-4e7e4d40cf-4e7e4d40cf,custom-composition-notebook-classroom-kids-rug-4e7e4d40cf-4e7e4d40cf,15913201893745,gid://shopify/Product/15913201893745,https://chillgen.com/products/custom-composition-notebook-classroom-kids-rug-4e7e4d40cf-4e7e4d40cf,https://chillgen.com/products/custom-composition-notebook-classroom-kids-rug-4e7e4d40cf-4e7e4d40cf,en-US,US,PUBLIC_AVAILABLE,ACCESSIBLE_PUBLIC_JSON,DISCOVERED_PUBLIC_PRODUCTS_JSON,Rug,Composition Notebook Classroom Rug with Alphabet and Numbers for Learning,UNKNOWN,EVERGREEN_OR_OTHER,381,products_json_page_2; https://chillgen.com/products.json?limit=250&page=2,2026-09-07T00:00:00+07:00,2026-09-07T00:00:00+07:00,admin_only_fields_unknown_without_shopify_csv,B039,COMPLETED,DRAFTED,NEEDS_REVIEW
1.0,2.4,chillgen_20260907_01,chillgen.com,custom-composition-notebook-classroom-rug-for-kids-64af3c74f1,custom-composition-notebook-classroom-rug-for-kids-64af3c74f1,15913202090353,gid://shopify/Product/15913202090353,https://chillgen.com/products/custom-composition-notebook-classroom-rug-for-kids-64af3c74f1,https://chillgen.com/products/custom-composition-notebook-classroom-rug-for-kids-64af3c74f1,en-US,US,PUBLIC_AVAILABLE,ACCESSIBLE_PUBLIC_JSON,DISCOVERED_PUBLIC_PRODUCTS_JSON,Rug,Custom Galaxy Composition Notebook Rug with Name for Classroom Playroom,UNKNOWN,EVERGREEN_OR_OTHER,382,products_json_page_2; https://chillgen.com/products.json?limit=250&page=2,2026-09-07T00:00:00+07:00,2026-09-07T00:00:00+07:00,admin_only_fields_unknown_without_shopify_csv,B039,COMPLETED,DRAFTED,NEEDS_REVIEW
1.0,2.4,chillgen_20260907_01,chillgen.com,custom-composition-notebook-classroom-rugs-for-kids-88021773b3,custom-composition-notebook-classroom-rugs-for-kids-88021773b3,15913202418033,gid://shopify/Product/15913202418033,https://chillgen.com/products/custom-composition-notebook-classroom-rugs-for-kids-88021773b3,https://chillgen.com/products/custom-composition-notebook-classroom-rugs-for-kids-88021773b3,en-US,US,PUBLIC_AVAILABLE,ACCESSIBLE_PUBLIC_JSON,DISCOVERED_PUBLIC_PRODUCTS_JSON,Rug,Composition Notebook Area Rug with Alphabet for Classroom Learning,UNKNOWN,EVERGREEN_OR_OTHER,383,products_json_page_2; https://chillgen.com/products.json?limit=250&page=2,2026-09-07T00:00:00+07:00,2026-09-07T00:00:00+07:00,admin_only_fields_unknown_without_shopify_csv,B039,COMPLETED,DRAFTED,NEEDS_REVIEW
1.0,2.4,chillgen_20260907_01,chillgen.com,custom-composition-notebook-classroom-rug-for-kids-d5b3be8848-d5b3be8848,custom-composition-notebook-classroom-rug-for-kids-d5b3be8848-d5b3be8848,15913203401073,gid://shopify/Product/15913203401073,https://chillgen.com/products/custom-composition-notebook-classroom-rug-for-kids-d5b3be8848-d5b3be8848,https://chillgen.com/products/custom-composition-notebook-classroom-rug-for-kids-d5b3be8848-d5b3be8848,en-US,US,PUBLIC_AVAILABLE,ACCESSIBLE_PUBLIC_JSON,DISCOVERED_PUBLIC_PRODUCTS_JSON,Rug,Custom Clipboard Composition Notebook Rug with Name for Classroom,UNKNOWN,EVERGREEN_OR_OTHER,384,products_json_page_2; https://chillgen.com/products.json?limit=250&page=2,2026-09-07T00:00:00+07:00,2026-09-07T00:00:00+07:00,admin_only_fields_unknown_without_shopify_csv,B039,COMPLETED,DRAFTED,NEEDS_REVIEW
1.0,2.4,chillgen_20260907_01,chillgen.com,custom-composition-notebook-classroom-rug-for-kids-95c57fb741,custom-composition-notebook-classroom-rug-for-kids-95c57fb741,15913203499377,gid://shopify/Product/15913203499377,https://chillgen.com/products/custom-composition-notebook-classroom-rug-for-kids-95c57fb741,https://chillgen.com/products/custom-composition-notebook-classroom-rug-for-kids-95c57fb741,en-US,US,PUBLIC_AVAILABLE,ACCESSIBLE_PUBLIC_JSON,DISCOVERED_PUBLIC_PRODUCTS_JSON,Rug,Personalized Composition Notebook Learning Rug with Name for Classroom,UNKNOWN,EVERGREEN_OR_OTHER,385,products_json_page_2; https://chillgen.com/products.json?limit=250&page=2,2026-09-07T00:00:00+07:00,2026-09-07T00:00:00+07:00,admin_only_fields_unknown_without_shopify_csv,B039,COMPLETED,DRAFTED,NEEDS_REVIEW
1.0,2.4,chillgen_20260907_01,chillgen.com,custom-composition-notebook-classroom-rug-for-kids-592c6d1fa7,custom-composition-notebook-classroom-rug-for-kids-592c6d1fa7,15913203728753,gid://shopify/Product/15913203728753,https://chillgen.com/products/custom-composition-notebook-classroom-rug-for-kids-592c6d1fa7,https://chillgen.com/products/custom-composition-notebook-classroom-rug-for-kids-592c6d1fa7,en-US,US,PUBLIC_AVAILABLE,ACCESSIBLE_PUBLIC_JSON,DISCOVERED_PUBLIC_PRODUCTS_JSON,Rug,Custom Alphabet Notebook Area Rug with Name for Preschool Playroom,UNKNOWN,EVERGREEN_OR_OTHER,386,products_json_page_2; https://chillgen.com/products.json?limit=250&page=2,2026-09-07T00:00:00+07:00,2026-09-07T00:00:00+07:00,admin_only_fields_unknown_without_shopify_csv,B039,COMPLETED,DRAFTED,NEEDS_REVIEW
1.0,2.4,chillgen_20260907_01,chillgen.com,custom-composition-notebook-classroom-rug-kids-f215fce7cb,custom-composition-notebook-classroom-rug-kids-f215fce7cb,15913203925361,gid://shopify/Product/15913203925361,https://chillgen.com/products/custom-composition-notebook-classroom-rug-kids-f215fce7cb,https://chillgen.com/products/custom-composition-notebook-classroom-rug-kids-f215fce7cb,en-US,US,PUBLIC_AVAILABLE,ACCESSIBLE_PUBLIC_JSON,DISCOVERED_PUBLIC_PRODUCTS_JSON,Rug,Galaxy Composition Notebook Classroom Rug with Alphabet and Numbers,UNKNOWN,EVERGREEN_OR_OTHER,387,products_json_page_2; https://chillgen.com/products.json?limit=250&page=2,2026-09-07T00:00:00+07:00,2026-09-07T00:00:00+07:00,admin_only_fields_unknown_without_shopify_csv,B039,COMPLETED,DRAFTED,NEEDS_REVIEW
1.0,2.4,chillgen_20260907_01,chillgen.com,custom-composition-notebook-classroom-rug-kids-850c621ca3-850c621ca3,custom-composition-notebook-classroom-rug-kids-850c621ca3-850c621ca3,15913204089201,gid://shopify/Product/15913204089201,https://chillgen.com/products/custom-composition-notebook-classroom-rug-kids-850c621ca3-850c621ca3,https://chillgen.com/products/custom-composition-notebook-classroom-rug-kids-850c621ca3-850c621ca3,en-US,US,PUBLIC_AVAILABLE,ACCESSIBLE_PUBLIC_JSON,DISCOVERED_PUBLIC_PRODUCTS_JSON,Rug,Custom Pencil Bow Composition Notebook Rug with Name for Classroom,UNKNOWN,EVERGREEN_OR_OTHER,388,products_json_page_2; https://chillgen.com/products.json?limit=250&page=2,2026-09-07T00:00:00+07:00,2026-09-07T00:00:00+07:00,admin_only_fields_unknown_without_shopify_csv,B039,COMPLETED,DRAFTED,NEEDS_REVIEW
1.0,2.4,chillgen_20260907_01,chillgen.com,custom-composition-notebook-classroom-rug-for-kids-8106743a5b,custom-composition-notebook-classroom-rug-for-kids-8106743a5b,15913204253041,gid://shopify/Product/15913204253041,https://chillgen.com/products/custom-composition-notebook-classroom-rug-for-kids-8106743a5b,https://chillgen.com/products/custom-composition-notebook-classroom-rug-for-kids-8106743a5b,en-US,US,PUBLIC_AVAILABLE,ACCESSIBLE_PUBLIC_JSON,DISCOVERED_PUBLIC_PRODUCTS_JSON,Rug,Composition Notebook Learning Rug with Alphabet and Numbers for Classroom,UNKNOWN,EVERGREEN_OR_OTHER,389,products_json_page_2; https://chillgen.com/products.json?limit=250&page=2,2026-09-07T00:00:00+07:00,2026-09-07T00:00:00+07:00,admin_only_fields_unknown_without_shopify_csv,B039,COMPLETED,DRAFTED,NEEDS_REVIEW
1.0,2.4,chillgen_20260907_01,chillgen.com,custom-composition-notebook-classroom-rug-7445b86039-7445b86039,custom-composition-notebook-classroom-rug-7445b86039-7445b86039,15913204384113,gid://shopify/Product/15913204384113,https://chillgen.com/products/custom-composition-notebook-classroom-rug-7445b86039-7445b86039,https://chillgen.com/products/custom-composition-notebook-classroom-rug-7445b86039-7445b86039,en-US,US,PUBLIC_AVAILABLE,ACCESSIBLE_PUBLIC_JSON,DISCOVERED_PUBLIC_PRODUCTS_JSON,Rug,Custom Composition Notebook Rug with Alphabet and Numbers for Classroom,UNKNOWN,EVERGREEN_OR_OTHER,390,products_json_page_2; https://chillgen.com/products.json?limit=250&page=2,2026-09-07T00:00:00+07:00,2026-09-07T00:00:00+07:00,admin_only_fields_unknown_without_shopify_csv,B039,COMPLETED,DRAFTED,NEEDS_REVIEW
1.0,2.4,chillgen_20260907_01,chillgen.com,celtic-tree-of-life-welcome-mat-5798e850b0,celtic-tree-of-life-welcome-mat-5798e850b0,15913349316977,gid://shopify/Product/15913349316977,https://chillgen.com/products/celtic-tree-of-life-welcome-mat-5798e850b0,https://chillgen.com/products/celtic-tree-of-life-welcome-mat-5798e850b0,en-US,US,PUBLIC_AVAILABLE,ACCESSIBLE_PUBLIC_JSON,DISCOVERED_PUBLIC_PRODUCTS_JSON,Rug,Custom Celtic Tree of Life Rug with Text and Memory Foam for Living Room,UNKNOWN,EVERGREEN_OR_OTHER,391,products_json_page_2; https://chillgen.com/products.json?limit=250&page=2,2026-09-07T00:00:00+07:00,2026-09-07T00:00:00+07:00,admin_only_fields_unknown_without_shopify_csv,B040,COMPLETED,DRAFTED,NEEDS_REVIEW
1.0,2.4,chillgen_20260907_01,chillgen.com,tree-of-life-celtic-indoor-rug-89f894eb42,tree-of-life-celtic-indoor-rug-89f894eb42,15913349742961,gid://shopify/Product/15913349742961,https://chillgen.com/products/tree-of-life-celtic-indoor-rug-89f894eb42,https://chillgen.com/products/tree-of-life-celtic-indoor-rug-89f894eb42,en-US,US,PUBLIC_AVAILABLE,ACCESSIBLE_PUBLIC_JSON,DISCOVERED_PUBLIC_PRODUCTS_JSON,Rug,Personalized Tree of Life Floor Mat with Text and Non Slip Backing for Home,UNKNOWN,EVERGREEN_OR_OTHER,392,products_json_page_2; https://chillgen.com/products.json?limit=250&page=2,2026-09-07T00:00:00+07:00,2026-09-07T00:00:00+07:00,admin_only_fields_unknown_without_shopify_csv,B040,COMPLETED,DRAFTED,NEEDS_REVIEW
1.0,2.4,chillgen_20260907_01,chillgen.com,custom-tree-of-life-welcome-mat-1cdb86df37-1cdb86df37,custom-tree-of-life-welcome-mat-1cdb86df37-1cdb86df37,15913349972337,gid://shopify/Product/15913349972337,https://chillgen.com/products/custom-tree-of-life-welcome-mat-1cdb86df37-1cdb86df37,https://chillgen.com/products/custom-tree-of-life-welcome-mat-1cdb86df37-1cdb86df37,en-US,US,PUBLIC_AVAILABLE,ACCESSIBLE_PUBLIC_JSON,DISCOVERED_PUBLIC_PRODUCTS_JSON,Rug,Custom Yggdrasil Welcome Mat with Optional Text for Entryway and Living Room,UNKNOWN,EVERGREEN_OR_OTHER,393,products_json_page_2; https://chillgen.com/products.json?limit=250&page=2,2026-09-07T00:00:00+07:00,2026-09-07T00:00:00+07:00,admin_only_fields_unknown_without_shopify_csv,B040,COMPLETED,DRAFTED,NEEDS_REVIEW
1.0,2.4,chillgen_20260907_01,chillgen.com,tree-of-life-celtic-area-rug-d16ac94729,tree-of-life-celtic-area-rug-d16ac94729,15913350136177,gid://shopify/Product/15913350136177,https://chillgen.com/products/tree-of-life-celtic-area-rug-d16ac94729,https://chillgen.com/products/tree-of-life-celtic-area-rug-d16ac94729,en-US,US,PUBLIC_AVAILABLE,ACCESSIBLE_PUBLIC_JSON,DISCOVERED_PUBLIC_PRODUCTS_JSON,Rug,Personalized Family Name Tree of Life Doormat with Monogram for Front Door,UNKNOWN,EVERGREEN_OR_OTHER,394,products_json_page_2; https://chillgen.com/products.json?limit=250&page=2,2026-09-07T00:00:00+07:00,2026-09-07T00:00:00+07:00,admin_only_fields_unknown_without_shopify_csv,B040,COMPLETED,DRAFTED,NEEDS_REVIEW
1.0,2.4,chillgen_20260907_01,chillgen.com,custom-tree-of-life-celtic-doormat-e8451c7e99-e8451c7e99,custom-tree-of-life-celtic-doormat-e8451c7e99-e8451c7e99,15913350267249,gid://shopify/Product/15913350267249,https://chillgen.com/products/custom-tree-of-life-celtic-doormat-e8451c7e99-e8451c7e99,https://chillgen.com/products/custom-tree-of-life-celtic-doormat-e8451c7e99-e8451c7e99,en-US,US,PUBLIC_AVAILABLE,ACCESSIBLE_PUBLIC_JSON,DISCOVERED_PUBLIC_PRODUCTS_JSON,Rug,Custom Celtic Tree Rug with Optional Text and Memory Foam for Bedroom Decor,UNKNOWN,EVERGREEN_OR_OTHER,395,products_json_page_2; https://chillgen.com/products.json?limit=250&page=2,2026-09-07T00:00:00+07:00,2026-09-07T00:00:00+07:00,admin_only_fields_unknown_without_shopify_csv,B040,COMPLETED,DRAFTED,NEEDS_REVIEW
1.0,2.4,chillgen_20260907_01,chillgen.com,custom-tree-of-life-welcome-mat-22c37718e3-22c37718e3,custom-tree-of-life-welcome-mat-22c37718e3-22c37718e3,15913350463857,gid://shopify/Product/15913350463857,https://chillgen.com/products/custom-tree-of-life-welcome-mat-22c37718e3-22c37718e3,https://chillgen.com/products/custom-tree-of-life-welcome-mat-22c37718e3-22c37718e3,en-US,US,PUBLIC_AVAILABLE,ACCESSIBLE_PUBLIC_JSON,DISCOVERED_PUBLIC_PRODUCTS_JSON,Rug,Personalized Tree of Life Area Rug with Text and Non Slip Backing for Home,UNKNOWN,EVERGREEN_OR_OTHER,396,products_json_page_2; https://chillgen.com/products.json?limit=250&page=2,2026-09-07T00:00:00+07:00,2026-09-07T00:00:00+07:00,admin_only_fields_unknown_without_shopify_csv,B040,COMPLETED,DRAFTED,NEEDS_REVIEW
1.0,2.4,chillgen_20260907_01,chillgen.com,tree-of-life-celtic-indoor-rug-e74720f30a,tree-of-life-celtic-indoor-rug-e74720f30a,15913350627697,gid://shopify/Product/15913350627697,https://chillgen.com/products/tree-of-life-celtic-indoor-rug-e74720f30a,https://chillgen.com/products/tree-of-life-celtic-indoor-rug-e74720f30a,en-US,US,PUBLIC_AVAILABLE,ACCESSIBLE_PUBLIC_JSON,DISCOVERED_PUBLIC_PRODUCTS_JSON,Rug,Custom Yggdrasil Tree of Life Mat with Text and Low Pile for Living Room,UNKNOWN,EVERGREEN_OR_OTHER,397,products_json_page_2; https://chillgen.com/products.json?limit=250&page=2,2026-09-07T00:00:00+07:00,2026-09-07T00:00:00+07:00,admin_only_fields_unknown_without_shopify_csv,B040,COMPLETED,DRAFTED,NEEDS_REVIEW
1.0,2.4,chillgen_20260907_01,chillgen.com,custom-celtic-tree-of-life-welcome-mat-1e4bffd67c,custom-celtic-tree-of-life-welcome-mat-1e4bffd67c,15913350824305,gid://shopify/Product/15913350824305,https://chillgen.com/products/custom-celtic-tree-of-life-welcome-mat-1e4bffd67c,https://chillgen.com/products/custom-celtic-tree-of-life-welcome-mat-1e4bffd67c,en-US,US,PUBLIC_AVAILABLE,ACCESSIBLE_PUBLIC_JSON,DISCOVERED_PUBLIC_PRODUCTS_JSON,Rug,Personalized Celtic Tree of Life Welcome Mat with Text for Home Entryway,UNKNOWN,EVERGREEN_OR_OTHER,398,products_json_page_2; https://chillgen.com/products.json?limit=250&page=2,2026-09-07T00:00:00+07:00,2026-09-07T00:00:00+07:00,admin_only_fields_unknown_without_shopify_csv,B040,COMPLETED,DRAFTED,NEEDS_REVIEW
1.0,2.4,chillgen_20260907_01,chillgen.com,custom-tree-of-life-welcome-mat-celtic-design-7a9bd2508d-7a9bd2508d,custom-tree-of-life-welcome-mat-celtic-design-7a9bd2508d-7a9bd2508d,15913351020913,gid://shopify/Product/15913351020913,https://chillgen.com/products/custom-tree-of-life-welcome-mat-celtic-design-7a9bd2508d-7a9bd2508d,https://chillgen.com/products/custom-tree-of-life-welcome-mat-celtic-design-7a9bd2508d-7a9bd2508d,en-US,US,PUBLIC_AVAILABLE,ACCESSIBLE_PUBLIC_JSON,DISCOVERED_PUBLIC_PRODUCTS_JSON,Rug,Custom Yggdrasil Celtic Area Rug with Text and Non Slip Backing for Bedroom,UNKNOWN,EVERGREEN_OR_OTHER,399,products_json_page_2; https://chillgen.com/products.json?limit=250&page=2,2026-09-07T00:00:00+07:00,2026-09-07T00:00:00+07:00,admin_only_fields_unknown_without_shopify_csv,B040,COMPLETED,DRAFTED,NEEDS_REVIEW
1.0,2.4,chillgen_20260907_01,chillgen.com,custom-tree-of-life-celtic-doormat-eaeb60bb6c-eaeb60bb6c,custom-tree-of-life-celtic-doormat-eaeb60bb6c-eaeb60bb6c,15913351184753,gid://shopify/Product/15913351184753,https://chillgen.com/products/custom-tree-of-life-celtic-doormat-eaeb60bb6c-eaeb60bb6c,https://chillgen.com/products/custom-tree-of-life-celtic-doormat-eaeb60bb6c-eaeb60bb6c,en-US,US,PUBLIC_AVAILABLE,ACCESSIBLE_PUBLIC_JSON,DISCOVERED_PUBLIC_PRODUCTS_JSON,Rug,Personalized Tree of Life Area Rug with Text and Memory Foam for Living Room,UNKNOWN,EVERGREEN_OR_OTHER,400,products_json_page_2; https://chillgen.com/products.json?limit=250&page=2,2026-09-07T00:00:00+07:00,2026-09-07T00:00:00+07:00,admin_only_fields_unknown_without_shopify_csv,B040,COMPLETED,DRAFTED,NEEDS_REVIEW
1.0,2.4,chillgen_20260907_01,chillgen.com,celtic-tree-of-life-doormat-f3b9ef9591-f3b9ef9591,celtic-tree-of-life-doormat-f3b9ef9591-f3b9ef9591,15913351315825,gid://shopify/Product/15913351315825,https://chillgen.com/products/celtic-tree-of-life-doormat-f3b9ef9591-f3b9ef9591,https://chillgen.com/products/celtic-tree-of-life-doormat-f3b9ef9591-f3b9ef9591,en-US,US,PUBLIC_AVAILABLE,ACCESSIBLE_PUBLIC_JSON,DISCOVERED_PUBLIC_PRODUCTS_JSON,Rug,Custom Celtic Yggdrasil Rug with Optional Text and Low Pile for Bedroom,UNKNOWN,EVERGREEN_OR_OTHER,401,products_json_page_2; https://chillgen.com/products.json?limit=250&page=2,2026-09-07T00:00:00+07:00,2026-09-07T00:00:00+07:00,admin_only_fields_unknown_without_shopify_csv,B041,COMPLETED,DRAFTED,NEEDS_REVIEW
1.0,2.4,chillgen_20260907_01,chillgen.com,celtic-tree-of-life-indoor-area-rug-aa71e362a6-aa71e362a6,celtic-tree-of-life-indoor-area-rug-aa71e362a6-aa71e362a6,15913351446897,gid://shopify/Product/15913351446897,https://chillgen.com/products/celtic-tree-of-life-indoor-area-rug-aa71e362a6-aa71e362a6,https://chillgen.com/products/celtic-tree-of-life-indoor-area-rug-aa71e362a6-aa71e362a6,en-US,US,PUBLIC_AVAILABLE,ACCESSIBLE_PUBLIC_JSON,DISCOVERED_PUBLIC_PRODUCTS_JSON,Rug,Personalized Celtic Tree of Life Rug with Text for Living Room and Bedroom,UNKNOWN,EVERGREEN_OR_OTHER,402,products_json_page_2; https://chillgen.com/products.json?limit=250&page=2,2026-09-07T00:00:00+07:00,2026-09-07T00:00:00+07:00,admin_only_fields_unknown_without_shopify_csv,B041,COMPLETED,DRAFTED,NEEDS_REVIEW
1.0,2.4,chillgen_20260907_01,chillgen.com,custom-tree-of-life-welcome-mat-e20613a50e-e20613a50e,custom-tree-of-life-welcome-mat-e20613a50e-e20613a50e,15913351774577,gid://shopify/Product/15913351774577,https://chillgen.com/products/custom-tree-of-life-welcome-mat-e20613a50e-e20613a50e,https://chillgen.com/products/custom-tree-of-life-welcome-mat-e20613a50e-e20613a50e,en-US,US,PUBLIC_AVAILABLE,ACCESSIBLE_PUBLIC_JSON,DISCOVERED_PUBLIC_PRODUCTS_JSON,Rug,Custom Celtic Tree of Life Welcome Mat with Text for Front Door Entryway,UNKNOWN,EVERGREEN_OR_OTHER,403,products_json_page_2; https://chillgen.com/products.json?limit=250&page=2,2026-09-07T00:00:00+07:00,2026-09-07T00:00:00+07:00,admin_only_fields_unknown_without_shopify_csv,B041,COMPLETED,DRAFTED,NEEDS_REVIEW
1.0,2.4,chillgen_20260907_01,chillgen.com,tree-of-life-celtic-rug-40c2af5cd2,tree-of-life-celtic-rug-40c2af5cd2,15913351971185,gid://shopify/Product/15913351971185,https://chillgen.com/products/tree-of-life-celtic-rug-40c2af5cd2,https://chillgen.com/products/tree-of-life-celtic-rug-40c2af5cd2,en-US,US,PUBLIC_AVAILABLE,ACCESSIBLE_PUBLIC_JSON,DISCOVERED_PUBLIC_PRODUCTS_JSON,Rug,Personalized Tree of Life Doormat with Celtic Monogram for Front Door,UNKNOWN,EVERGREEN_OR_OTHER,404,products_json_page_2; https://chillgen.com/products.json?limit=250&page=2,2026-09-07T00:00:00+07:00,2026-09-07T00:00:00+07:00,admin_only_fields_unknown_without_shopify_csv,B041,COMPLETED,DRAFTED,NEEDS_REVIEW
1.0,2.4,chillgen_20260907_01,chillgen.com,tree-of-life-celtic-indoor-floor-mat-57eef60356,tree-of-life-celtic-indoor-floor-mat-57eef60356,15913352200561,gid://shopify/Product/15913352200561,https://chillgen.com/products/tree-of-life-celtic-indoor-floor-mat-57eef60356,https://chillgen.com/products/tree-of-life-celtic-indoor-floor-mat-57eef60356,en-US,US,PUBLIC_AVAILABLE,ACCESSIBLE_PUBLIC_JSON,DISCOVERED_PUBLIC_PRODUCTS_JSON,Rug,Custom Tree of Life Floor Mat with Text and Non Slip Backing for Indoor Home,UNKNOWN,EVERGREEN_OR_OTHER,405,products_json_page_2; https://chillgen.com/products.json?limit=250&page=2,2026-09-07T00:00:00+07:00,2026-09-07T00:00:00+07:00,admin_only_fields_unknown_without_shopify_csv,B041,COMPLETED,DRAFTED,NEEDS_REVIEW
1.0,2.4,chillgen_20260907_01,chillgen.com,tree-of-life-rug-yggdrasil-celtic-tree-of-lifes-large-area-rug-modern-indoor-floor-mat-soft-carpet-with-non-slip-backing-home-decor-for-living-room-bedroom-gifts-for-tree-of-life-d-346d281f76,tree-of-life-rug-yggdrasil-celtic-tree-of-lifes-large-area-rug-modern-indoor-floor-mat-soft-carpet-with-non-slip-backing-home-decor-for-living-room-bedroom-gifts-for-tree-of-life-d-346d281f76,15913352495473,gid://shopify/Product/15913352495473,https://chillgen.com/products/tree-of-life-rug-yggdrasil-celtic-tree-of-lifes-large-area-rug-modern-indoor-floor-mat-soft-carpet-with-non-slip-backing-home-decor-for-living-room-bedroom-gifts-for-tree-of-life-d-346d281f76,https://chillgen.com/products/tree-of-life-rug-yggdrasil-celtic-tree-of-lifes-large-area-rug-modern-indoor-floor-mat-soft-carpet-with-non-slip-backing-home-decor-for-living-room-bedroom-gifts-for-tree-of-life-d-346d281f76,en-US,US,PUBLIC_AVAILABLE,ACCESSIBLE_PUBLIC_JSON,DISCOVERED_PUBLIC_PRODUCTS_JSON,Rug,Personalized Yggdrasil Tree of Life Rug with Text for Living Room and Bedroom,UNKNOWN,EVERGREEN_OR_OTHER,406,products_json_page_2; https://chillgen.com/products.json?limit=250&page=2,2026-09-07T00:00:00+07:00,2026-09-07T00:00:00+07:00,admin_only_fields_unknown_without_shopify_csv,B041,COMPLETED,DRAFTED,NEEDS_REVIEW
1.0,2.4,chillgen_20260907_01,chillgen.com,tree-of-life-yggdrasil-celtic-area-rug-e8cc0189f2-e8cc0189f2,tree-of-life-yggdrasil-celtic-area-rug-e8cc0189f2-e8cc0189f2,15913352692081,gid://shopify/Product/15913352692081,https://chillgen.com/products/tree-of-life-yggdrasil-celtic-area-rug-e8cc0189f2-e8cc0189f2,https://chillgen.com/products/tree-of-life-yggdrasil-celtic-area-rug-e8cc0189f2-e8cc0189f2,en-US,US,PUBLIC_AVAILABLE,ACCESSIBLE_PUBLIC_JSON,DISCOVERED_PUBLIC_PRODUCTS_JSON,Rug,Custom Family Name Tree of Life Welcome Mat with Address for Front Door,UNKNOWN,EVERGREEN_OR_OTHER,407,products_json_page_2; https://chillgen.com/products.json?limit=250&page=2,2026-09-07T00:00:00+07:00,2026-09-07T00:00:00+07:00,admin_only_fields_unknown_without_shopify_csv,B041,COMPLETED,DRAFTED,NEEDS_REVIEW
1.0,2.4,chillgen_20260907_01,chillgen.com,custom-composition-notebook-classroom-kids-rug-a5df2f88fd-a5df2f88fd,custom-composition-notebook-classroom-kids-rug-a5df2f88fd-a5df2f88fd,15913204580721,gid://shopify/Product/15913204580721,https://chillgen.com/products/custom-composition-notebook-classroom-kids-rug-a5df2f88fd-a5df2f88fd,https://chillgen.com/products/custom-composition-notebook-classroom-kids-rug-a5df2f88fd-a5df2f88fd,en-US,US,PUBLIC_AVAILABLE,ACCESSIBLE_PUBLIC_JSON,DISCOVERED_PUBLIC_PRODUCTS_JSON,Rug,Personalized Colorful Notebook Rug with Alphabet for Preschool and Kids Room,UNKNOWN,EVERGREEN_OR_OTHER,408,products_json_page_2; https://chillgen.com/products.json?limit=250&page=2,2026-09-07T00:00:00+07:00,2026-09-07T00:00:00+07:00,admin_only_fields_unknown_without_shopify_csv,B041,COMPLETED,DRAFTED,NEEDS_REVIEW
1.0,2.4,chillgen_20260907_01,chillgen.com,custom-composition-notebook-classroom-rug-for-kids-975402570a-975402570a,custom-composition-notebook-classroom-rug-for-kids-975402570a-975402570a,15913204973937,gid://shopify/Product/15913204973937,https://chillgen.com/products/custom-composition-notebook-classroom-rug-for-kids-975402570a-975402570a,https://chillgen.com/products/custom-composition-notebook-classroom-rug-for-kids-975402570a-975402570a,en-US,US,PUBLIC_AVAILABLE,ACCESSIBLE_PUBLIC_JSON,DISCOVERED_PUBLIC_PRODUCTS_JSON,Rug,Alphabet Composition Notebook Rug with Non Slip Backing for Classroom,UNKNOWN,EVERGREEN_OR_OTHER,409,products_json_page_2; https://chillgen.com/products.json?limit=250&page=2,2026-09-07T00:00:00+07:00,2026-09-07T00:00:00+07:00,admin_only_fields_unknown_without_shopify_csv,B041,COMPLETED,DRAFTED,NEEDS_REVIEW
1.0,2.4,chillgen_20260907_01,chillgen.com,custom-composition-notebook-classroom-rug-for-kids-6480284917-6480284917,custom-composition-notebook-classroom-rug-for-kids-6480284917-6480284917,15913205236081,gid://shopify/Product/15913205236081,https://chillgen.com/products/custom-composition-notebook-classroom-rug-for-kids-6480284917-6480284917,https://chillgen.com/products/custom-composition-notebook-classroom-rug-for-kids-6480284917-6480284917,en-US,US,PUBLIC_AVAILABLE,ACCESSIBLE_PUBLIC_JSON,DISCOVERED_PUBLIC_PRODUCTS_JSON,Rug,Composition Notebook Classroom Rug with Memory Foam for Kids Learning Space,UNKNOWN,EVERGREEN_OR_OTHER,410,products_json_page_2; https://chillgen.com/products.json?limit=250&page=2,2026-09-07T00:00:00+07:00,2026-09-07T00:00:00+07:00,admin_only_fields_unknown_without_shopify_csv,B041,COMPLETED,DRAFTED,NEEDS_REVIEW
1.0,2.4,chillgen_20260907_01,chillgen.com,custom-composition-notebook-classroom-rug-e78523a9ef-e78523a9ef,custom-composition-notebook-classroom-rug-e78523a9ef-e78523a9ef,15913205399921,gid://shopify/Product/15913205399921,https://chillgen.com/products/custom-composition-notebook-classroom-rug-e78523a9ef-e78523a9ef,https://chillgen.com/products/custom-composition-notebook-classroom-rug-e78523a9ef-e78523a9ef,en-US,US,PUBLIC_AVAILABLE,ACCESSIBLE_PUBLIC_JSON,DISCOVERED_PUBLIC_PRODUCTS_JSON,Rug,Custom Floral Composition Notebook Rug with Name for Classroom and Playroom,UNKNOWN,EVERGREEN_OR_OTHER,411,products_json_page_2; https://chillgen.com/products.json?limit=250&page=2,2026-09-07T00:00:00+07:00,2026-09-07T00:00:00+07:00,admin_only_fields_unknown_without_shopify_csv,B042,COMPLETED,DRAFTED,NEEDS_REVIEW
1.0,2.4,chillgen_20260907_01,chillgen.com,custom-composition-notebook-classroom-rug-kids-3e5de6246c,custom-composition-notebook-classroom-rug-kids-3e5de6246c,15913205596529,gid://shopify/Product/15913205596529,https://chillgen.com/products/custom-composition-notebook-classroom-rug-kids-3e5de6246c,https://chillgen.com/products/custom-composition-notebook-classroom-rug-kids-3e5de6246c,en-US,US,PUBLIC_AVAILABLE,ACCESSIBLE_PUBLIC_JSON,DISCOVERED_PUBLIC_PRODUCTS_JSON,Rug,Composition Notebook Learning Rug with Low Pile for Classroom and Playroom,UNKNOWN,EVERGREEN_OR_OTHER,412,products_json_page_2; https://chillgen.com/products.json?limit=250&page=2,2026-09-07T00:00:00+07:00,2026-09-07T00:00:00+07:00,admin_only_fields_unknown_without_shopify_csv,B042,COMPLETED,DRAFTED,NEEDS_REVIEW
1.0,2.4,chillgen_20260907_01,chillgen.com,custom-mathematics-education-rug-6494449be8-6494449be8,custom-mathematics-education-rug-6494449be8-6494449be8,15913229812081,gid://shopify/Product/15913229812081,https://chillgen.com/products/custom-mathematics-education-rug-6494449be8-6494449be8,https://chillgen.com/products/custom-mathematics-education-rug-6494449be8-6494449be8,en-US,US,PUBLIC_AVAILABLE,ACCESSIBLE_PUBLIC_JSON,DISCOVERED_PUBLIC_PRODUCTS_JSON,Rug,Custom Math Formula Area Rug for Classroom Playroom and Study Space,UNKNOWN,EVERGREEN_OR_OTHER,413,products_json_page_2; https://chillgen.com/products.json?limit=250&page=2,2026-09-07T00:00:00+07:00,2026-09-07T00:00:00+07:00,admin_only_fields_unknown_without_shopify_csv,B042,COMPLETED,DRAFTED,NEEDS_REVIEW
1.0,2.4,chillgen_20260907_01,chillgen.com,custom-mathematics-educational-welcome-mat-627c4013d4,custom-mathematics-educational-welcome-mat-627c4013d4,15913230205297,gid://shopify/Product/15913230205297,https://chillgen.com/products/custom-mathematics-educational-welcome-mat-627c4013d4,https://chillgen.com/products/custom-mathematics-educational-welcome-mat-627c4013d4,en-US,US,PUBLIC_AVAILABLE,ACCESSIBLE_PUBLIC_JSON,DISCOVERED_PUBLIC_PRODUCTS_JSON,Rug,Custom Math Formula Classroom Rug for School Learning and Play Space,UNKNOWN,EVERGREEN_OR_OTHER,414,products_json_page_2; https://chillgen.com/products.json?limit=250&page=2,2026-09-07T00:00:00+07:00,2026-09-07T00:00:00+07:00,admin_only_fields_unknown_without_shopify_csv,B042,COMPLETED,DRAFTED,NEEDS_REVIEW
1.0,2.4,chillgen_20260907_01,chillgen.com,custom-mathematics-education-classroom-rug-0639e24f25,custom-mathematics-education-classroom-rug-0639e24f25,15913231352177,gid://shopify/Product/15913231352177,https://chillgen.com/products/custom-mathematics-education-classroom-rug-0639e24f25,https://chillgen.com/products/custom-mathematics-education-classroom-rug-0639e24f25,en-US,US,PUBLIC_AVAILABLE,ACCESSIBLE_PUBLIC_JSON,DISCOVERED_PUBLIC_PRODUCTS_JSON,Rug,Personalized Math Formula Rug for Classroom and Kids Learning Space,UNKNOWN,EVERGREEN_OR_OTHER,415,products_json_page_2; https://chillgen.com/products.json?limit=250&page=2,2026-09-07T00:00:00+07:00,2026-09-07T00:00:00+07:00,admin_only_fields_unknown_without_shopify_csv,B042,COMPLETED,DRAFTED,NEEDS_REVIEW
1.0,2.4,chillgen_20260907_01,chillgen.com,custom-a-good-day-to-read-book-rug-d1d331ba7d-d1d331ba7d,custom-a-good-day-to-read-book-rug-d1d331ba7d-d1d331ba7d,15913269592433,gid://shopify/Product/15913269592433,https://chillgen.com/products/custom-a-good-day-to-read-book-rug-d1d331ba7d-d1d331ba7d,https://chillgen.com/products/custom-a-good-day-to-read-book-rug-d1d331ba7d-d1d331ba7d,en-US,US,PUBLIC_AVAILABLE,ACCESSIBLE_PUBLIC_JSON,DISCOVERED_PUBLIC_PRODUCTS_JSON,Rug,Personalized Reading Corner Rug with Book Theme for Classroom Library,UNKNOWN,EVERGREEN_OR_OTHER,416,products_json_page_2; https://chillgen.com/products.json?limit=250&page=2,2026-09-07T00:00:00+07:00,2026-09-07T00:00:00+07:00,admin_only_fields_unknown_without_shopify_csv,B042,COMPLETED,DRAFTED,NEEDS_REVIEW
1.0,2.4,chillgen_20260907_01,chillgen.com,custom-vintage-book-classroom-reading-rug-3c50e8b414,custom-vintage-book-classroom-reading-rug-3c50e8b414,15913269756273,gid://shopify/Product/15913269756273,https://chillgen.com/products/custom-vintage-book-classroom-reading-rug-3c50e8b414,https://chillgen.com/products/custom-vintage-book-classroom-reading-rug-3c50e8b414,en-US,US,PUBLIC_AVAILABLE,ACCESSIBLE_PUBLIC_JSON,DISCOVERED_PUBLIC_PRODUCTS_JSON,Rug,Custom Vintage Book and Cat Rug for Library Reading Nook and Classroom,UNKNOWN,EVERGREEN_OR_OTHER,417,products_json_page_2; https://chillgen.com/products.json?limit=250&page=2,2026-09-07T00:00:00+07:00,2026-09-07T00:00:00+07:00,admin_only_fields_unknown_without_shopify_csv,B042,COMPLETED,DRAFTED,NEEDS_REVIEW
1.0,2.4,chillgen_20260907_01,chillgen.com,custom-tree-of-knowledge-classroom-library-rug-077de4a60b,custom-tree-of-knowledge-classroom-library-rug-077de4a60b,15913270313329,gid://shopify/Product/15913270313329,https://chillgen.com/products/custom-tree-of-knowledge-classroom-library-rug-077de4a60b,https://chillgen.com/products/custom-tree-of-knowledge-classroom-library-rug-077de4a60b,en-US,US,PUBLIC_AVAILABLE,ACCESSIBLE_PUBLIC_JSON,DISCOVERED_PUBLIC_PRODUCTS_JSON,Rug,Personalized Tree of Knowledge Rug for Classroom Library Reading Nook,UNKNOWN,EVERGREEN_OR_OTHER,418,products_json_page_2; https://chillgen.com/products.json?limit=250&page=2,2026-09-07T00:00:00+07:00,2026-09-07T00:00:00+07:00,admin_only_fields_unknown_without_shopify_csv,B042,COMPLETED,DRAFTED,NEEDS_REVIEW
1.0,2.4,chillgen_20260907_01,chillgen.com,custom-reading-tree-classroom-rug-b66c4b4a97,custom-reading-tree-classroom-rug-b66c4b4a97,15913270542705,gid://shopify/Product/15913270542705,https://chillgen.com/products/custom-reading-tree-classroom-rug-b66c4b4a97,https://chillgen.com/products/custom-reading-tree-classroom-rug-b66c4b4a97,en-US,US,PUBLIC_AVAILABLE,ACCESSIBLE_PUBLIC_JSON,DISCOVERED_PUBLIC_PRODUCTS_JSON,Rug,Custom Reading Tree Library Rug for Kids Classroom and Book Corner,UNKNOWN,EVERGREEN_OR_OTHER,419,products_json_page_2; https://chillgen.com/products.json?limit=250&page=2,2026-09-07T00:00:00+07:00,2026-09-07T00:00:00+07:00,admin_only_fields_unknown_without_shopify_csv,B042,COMPLETED,DRAFTED,NEEDS_REVIEW
1.0,2.4,chillgen_20260907_01,chillgen.com,custom-reading-adventure-classroom-library-rug-7956abd8c9,custom-reading-adventure-classroom-library-rug-7956abd8c9,15913270608241,gid://shopify/Product/15913270608241,https://chillgen.com/products/custom-reading-adventure-classroom-library-rug-7956abd8c9,https://chillgen.com/products/custom-reading-adventure-classroom-library-rug-7956abd8c9,en-US,US,PUBLIC_AVAILABLE,ACCESSIBLE_PUBLIC_JSON,DISCOVERED_PUBLIC_PRODUCTS_JSON,Rug,Personalized Reading Adventure Rug for Classroom Library Story Time,UNKNOWN,EVERGREEN_OR_OTHER,420,products_json_page_2; https://chillgen.com/products.json?limit=250&page=2,2026-09-07T00:00:00+07:00,2026-09-07T00:00:00+07:00,admin_only_fields_unknown_without_shopify_csv,B042,COMPLETED,DRAFTED,NEEDS_REVIEW
1.0,2.4,chillgen_20260907_01,chillgen.com,custom-reading-corner-welcome-mat-classroom-library-9e72982546-9e72982546,custom-reading-corner-welcome-mat-classroom-library-9e72982546-9e72982546,15913270772081,gid://shopify/Product/15913270772081,https://chillgen.com/products/custom-reading-corner-welcome-mat-classroom-library-9e72982546-9e72982546,https://chillgen.com/products/custom-reading-corner-welcome-mat-classroom-library-9e72982546-9e72982546,en-US,US,PUBLIC_AVAILABLE,ACCESSIBLE_PUBLIC_JSON,DISCOVERED_PUBLIC_PRODUCTS_JSON,Rug,Custom Reading Corner Rug with Name for School Library and Book Nook,UNKNOWN,EVERGREEN_OR_OTHER,421,products_json_page_2; https://chillgen.com/products.json?limit=250&page=2,2026-09-07T00:00:00+07:00,2026-09-07T00:00:00+07:00,admin_only_fields_unknown_without_shopify_csv,B043,COMPLETED,DRAFTED,NEEDS_REVIEW
1.0,2.4,chillgen_20260907_01,chillgen.com,custom-reading-corner-classroom-library-rug-f3d87bd3da,custom-reading-corner-classroom-library-rug-f3d87bd3da,15913270903153,gid://shopify/Product/15913270903153,https://chillgen.com/products/custom-reading-corner-classroom-library-rug-f3d87bd3da,https://chillgen.com/products/custom-reading-corner-classroom-library-rug-f3d87bd3da,en-US,US,PUBLIC_AVAILABLE,ACCESSIBLE_PUBLIC_JSON,DISCOVERED_PUBLIC_PRODUCTS_JSON,Rug,Personalized Reading Nook Rug for Classroom Bedroom and Home Library,UNKNOWN,EVERGREEN_OR_OTHER,422,products_json_page_2; https://chillgen.com/products.json?limit=250&page=2,2026-09-07T00:00:00+07:00,2026-09-07T00:00:00+07:00,admin_only_fields_unknown_without_shopify_csv,B043,COMPLETED,DRAFTED,NEEDS_REVIEW
1.0,2.4,chillgen_20260907_01,chillgen.com,custom-bookshelf-classroom-library-reading-rug-110e79f122,custom-bookshelf-classroom-library-reading-rug-110e79f122,15913271001457,gid://shopify/Product/15913271001457,https://chillgen.com/products/custom-bookshelf-classroom-library-reading-rug-110e79f122,https://chillgen.com/products/custom-bookshelf-classroom-library-reading-rug-110e79f122,en-US,US,PUBLIC_AVAILABLE,ACCESSIBLE_PUBLIC_JSON,DISCOVERED_PUBLIC_PRODUCTS_JSON,Rug,Custom Bookshelf Classroom Rug with Text for Library Reading Corner,UNKNOWN,EVERGREEN_OR_OTHER,423,products_json_page_2; https://chillgen.com/products.json?limit=250&page=2,2026-09-07T00:00:00+07:00,2026-09-07T00:00:00+07:00,admin_only_fields_unknown_without_shopify_csv,B043,COMPLETED,DRAFTED,NEEDS_REVIEW
1.0,2.4,chillgen_20260907_01,chillgen.com,custom-book-rug-classroom-reading-nooks-da82e7625c-da82e7625c,custom-book-rug-classroom-reading-nooks-da82e7625c-da82e7625c,15913271198065,gid://shopify/Product/15913271198065,https://chillgen.com/products/custom-book-rug-classroom-reading-nooks-da82e7625c-da82e7625c,https://chillgen.com/products/custom-book-rug-classroom-reading-nooks-da82e7625c-da82e7625c,en-US,US,PUBLIC_AVAILABLE,ACCESSIBLE_PUBLIC_JSON,DISCOVERED_PUBLIC_PRODUCTS_JSON,Rug,Personalized Book Theme Area Rug with Text for Classroom Reading Nook,UNKNOWN,EVERGREEN_OR_OTHER,424,products_json_page_2; https://chillgen.com/products.json?limit=250&page=2,2026-09-07T00:00:00+07:00,2026-09-07T00:00:00+07:00,admin_only_fields_unknown_without_shopify_csv,B043,COMPLETED,DRAFTED,NEEDS_REVIEW
1.0,2.4,chillgen_20260907_01,chillgen.com,personalized-teachers-classroom-rules-area-rug-df4fbe7b91,personalized-teachers-classroom-rules-area-rug-df4fbe7b91,15913336701297,gid://shopify/Product/15913336701297,https://chillgen.com/products/personalized-teachers-classroom-rules-area-rug-df4fbe7b91,https://chillgen.com/products/personalized-teachers-classroom-rules-area-rug-df4fbe7b91,en-US,US,PUBLIC_AVAILABLE,ACCESSIBLE_PUBLIC_JSON,DISCOVERED_PUBLIC_PRODUCTS_JSON,Rug,Custom School Theme Classroom Rules Rug with Name for Preschool and Playroom,UNKNOWN,EVERGREEN_OR_OTHER,425,products_json_page_2; https://chillgen.com/products.json?limit=250&page=2,2026-09-07T00:00:00+07:00,2026-09-07T00:00:00+07:00,admin_only_fields_unknown_without_shopify_csv,B043,COMPLETED,DRAFTED,NEEDS_REVIEW
1.0,2.4,chillgen_20260907_01,chillgen.com,personalized-classroom-rules-teacher-area-rug-c01b2868b7,personalized-classroom-rules-teacher-area-rug-c01b2868b7,15913337028977,gid://shopify/Product/15913337028977,https://chillgen.com/products/personalized-classroom-rules-teacher-area-rug-c01b2868b7,https://chillgen.com/products/personalized-classroom-rules-teacher-area-rug-c01b2868b7,en-US,US,PUBLIC_AVAILABLE,ACCESSIBLE_PUBLIC_JSON,DISCOVERED_PUBLIC_PRODUCTS_JSON,Rug,Custom Rainbow Classroom Rules Rug with Name for Preschool and Kids Room,UNKNOWN,EVERGREEN_OR_OTHER,426,products_json_page_2; https://chillgen.com/products.json?limit=250&page=2,2026-09-07T00:00:00+07:00,2026-09-07T00:00:00+07:00,admin_only_fields_unknown_without_shopify_csv,B043,COMPLETED,DRAFTED,NEEDS_REVIEW
1.0,2.4,chillgen_20260907_01,chillgen.com,personalized-teachers-classroom-rules-area-rug-3c846a8f41,personalized-teachers-classroom-rules-area-rug-3c846a8f41,15913337258353,gid://shopify/Product/15913337258353,https://chillgen.com/products/personalized-teachers-classroom-rules-area-rug-3c846a8f41,https://chillgen.com/products/personalized-teachers-classroom-rules-area-rug-3c846a8f41,en-US,US,PUBLIC_AVAILABLE,ACCESSIBLE_PUBLIC_JSON,DISCOVERED_PUBLIC_PRODUCTS_JSON,Rug,Custom Educational Classroom Rules Rug with Name for School Learning Space,UNKNOWN,EVERGREEN_OR_OTHER,427,products_json_page_2; https://chillgen.com/products.json?limit=250&page=2,2026-09-07T00:00:00+07:00,2026-09-07T00:00:00+07:00,admin_only_fields_unknown_without_shopify_csv,B043,COMPLETED,DRAFTED,NEEDS_REVIEW
1.0,2.4,chillgen_20260907_01,chillgen.com,personalized-teachers-classroom-rules-area-rug-a85c01cff2-a85c01cff2,personalized-teachers-classroom-rules-area-rug-a85c01cff2-a85c01cff2,15913337749873,gid://shopify/Product/15913337749873,https://chillgen.com/products/personalized-teachers-classroom-rules-area-rug-a85c01cff2-a85c01cff2,https://chillgen.com/products/personalized-teachers-classroom-rules-area-rug-a85c01cff2-a85c01cff2,en-US,US,PUBLIC_AVAILABLE,ACCESSIBLE_PUBLIC_JSON,DISCOVERED_PUBLIC_PRODUCTS_JSON,Rug,Personalized School Rules Area Rug with Teacher Name for Classroom Learning Space,UNKNOWN,EVERGREEN_OR_OTHER,428,products_json_page_2; https://chillgen.com/products.json?limit=250&page=2,2026-09-07T00:00:00+07:00,2026-09-07T00:00:00+07:00,admin_only_fields_unknown_without_shopify_csv,B043,COMPLETED,DRAFTED,NEEDS_REVIEW
1.0,2.4,chillgen_20260907_01,chillgen.com,custom-octopus-sea-monster-welcome-mat-273aa005c8,custom-octopus-sea-monster-welcome-mat-273aa005c8,15913338175857,gid://shopify/Product/15913338175857,https://chillgen.com/products/custom-octopus-sea-monster-welcome-mat-273aa005c8,https://chillgen.com/products/custom-octopus-sea-monster-welcome-mat-273aa005c8,en-US,US,PUBLIC_AVAILABLE,ACCESSIBLE_PUBLIC_JSON,DISCOVERED_PUBLIC_PRODUCTS_JSON,Rug,Personalized Sea Monster Octopus Shaped Rug for Bedroom and Game Room,UNKNOWN,EVERGREEN_OR_OTHER,429,products_json_page_2; https://chillgen.com/products.json?limit=250&page=2,2026-09-07T00:00:00+07:00,2026-09-07T00:00:00+07:00,admin_only_fields_unknown_without_shopify_csv,B043,COMPLETED,DRAFTED,NEEDS_REVIEW
1.0,2.4,chillgen_20260907_01,chillgen.com,custom-octopus-shaped-area-rug-personalized-sea-monster-tentacle-724ae62b5b,custom-octopus-shaped-area-rug-personalized-sea-monster-tentacle-724ae62b5b,15913338634609,gid://shopify/Product/15913338634609,https://chillgen.com/products/custom-octopus-shaped-area-rug-personalized-sea-monster-tentacle-724ae62b5b,https://chillgen.com/products/custom-octopus-shaped-area-rug-personalized-sea-monster-tentacle-724ae62b5b,en-US,US,PUBLIC_AVAILABLE,ACCESSIBLE_PUBLIC_JSON,DISCOVERED_PUBLIC_PRODUCTS_JSON,Rug,Personalized Tentacle Octopus Shaped Rug with Ocean Waves for Living Room,UNKNOWN,EVERGREEN_OR_OTHER,430,products_json_page_2; https://chillgen.com/products.json?limit=250&page=2,2026-09-07T00:00:00+07:00,2026-09-07T00:00:00+07:00,admin_only_fields_unknown_without_shopify_csv,B043,COMPLETED,DRAFTED,NEEDS_REVIEW
1.0,2.4,chillgen_20260907_01,chillgen.com,custom-octopus-shaped-area-rug-0acb5a8130-0acb5a8130,custom-octopus-shaped-area-rug-0acb5a8130-0acb5a8130,15913338995057,gid://shopify/Product/15913338995057,https://chillgen.com/products/custom-octopus-shaped-area-rug-0acb5a8130-0acb5a8130,https://chillgen.com/products/custom-octopus-shaped-area-rug-0acb5a8130-0acb5a8130,en-US,US,PUBLIC_AVAILABLE,ACCESSIBLE_PUBLIC_JSON,DISCOVERED_PUBLIC_PRODUCTS_JSON,Rug,Personalized Octopus Shaped Area Rug with Wave Design for Bedroom and Game Room,UNKNOWN,EVERGREEN_OR_OTHER,431,products_json_page_2; https://chillgen.com/products.json?limit=250&page=2,2026-09-07T00:00:00+07:00,2026-09-07T00:00:00+07:00,admin_only_fields_unknown_without_shopify_csv,B044,COMPLETED,DRAFTED,NEEDS_REVIEW
1.0,2.4,chillgen_20260907_01,chillgen.com,custom-classroom-library-reading-rug-dfdbf660e0,custom-classroom-library-reading-rug-dfdbf660e0,15913271427441,gid://shopify/Product/15913271427441,https://chillgen.com/products/custom-classroom-library-reading-rug-dfdbf660e0,https://chillgen.com/products/custom-classroom-library-reading-rug-dfdbf660e0,en-US,US,PUBLIC_AVAILABLE,ACCESSIBLE_PUBLIC_JSON,DISCOVERED_PUBLIC_PRODUCTS_JSON,Rug,Custom Classroom Library Rug with Book and Cat Design for Kids Reading,UNKNOWN,EVERGREEN_OR_OTHER,432,products_json_page_2; https://chillgen.com/products.json?limit=250&page=2,2026-09-07T00:00:00+07:00,2026-09-07T00:00:00+07:00,admin_only_fields_unknown_without_shopify_csv,B044,COMPLETED,DRAFTED,NEEDS_REVIEW
1.0,2.4,chillgen_20260907_01,chillgen.com,custom-reading-classroom-library-rug-29b9f9b43d-29b9f9b43d,custom-reading-classroom-library-rug-29b9f9b43d-29b9f9b43d,15913271624049,gid://shopify/Product/15913271624049,https://chillgen.com/products/custom-reading-classroom-library-rug-29b9f9b43d-29b9f9b43d,https://chillgen.com/products/custom-reading-classroom-library-rug-29b9f9b43d-29b9f9b43d,en-US,US,PUBLIC_AVAILABLE,ACCESSIBLE_PUBLIC_JSON,DISCOVERED_PUBLIC_PRODUCTS_JSON,Rug,Personalized Floral Reading Area Rug with Name for Classroom Library,UNKNOWN,EVERGREEN_OR_OTHER,433,products_json_page_2; https://chillgen.com/products.json?limit=250&page=2,2026-09-07T00:00:00+07:00,2026-09-07T00:00:00+07:00,admin_only_fields_unknown_without_shopify_csv,B044,COMPLETED,DRAFTED,NEEDS_REVIEW
1.0,2.4,chillgen_20260907_01,chillgen.com,custom-reading-corner-welcome-mat-941ccd58e8-941ccd58e8,custom-reading-corner-welcome-mat-941ccd58e8-941ccd58e8,15913272181105,gid://shopify/Product/15913272181105,https://chillgen.com/products/custom-reading-corner-welcome-mat-941ccd58e8-941ccd58e8,https://chillgen.com/products/custom-reading-corner-welcome-mat-941ccd58e8-941ccd58e8,en-US,US,PUBLIC_AVAILABLE,ACCESSIBLE_PUBLIC_JSON,DISCOVERED_PUBLIC_PRODUCTS_JSON,Rug,Custom Book Nook Area Rug for Classroom Library and Reading Corner,UNKNOWN,EVERGREEN_OR_OTHER,434,products_json_page_2; https://chillgen.com/products.json?limit=250&page=2,2026-09-07T00:00:00+07:00,2026-09-07T00:00:00+07:00,admin_only_fields_unknown_without_shopify_csv,B044,COMPLETED,DRAFTED,NEEDS_REVIEW
1.0,2.4,chillgen_20260907_01,chillgen.com,personalized-motivational-classroom-rug-kids-c08ac9a601,personalized-motivational-classroom-rug-kids-c08ac9a601,15913318711665,gid://shopify/Product/15913318711665,https://chillgen.com/products/personalized-motivational-classroom-rug-kids-c08ac9a601,https://chillgen.com/products/personalized-motivational-classroom-rug-kids-c08ac9a601,en-US,US,PUBLIC_AVAILABLE,ACCESSIBLE_PUBLIC_JSON,DISCOVERED_PUBLIC_PRODUCTS_JSON,Rug,Custom You Are Affirmation Rug with Teacher Name for Preschool and Playroom,UNKNOWN,EVERGREEN_OR_OTHER,435,products_json_page_2; https://chillgen.com/products.json?limit=250&page=2,2026-09-07T00:00:00+07:00,2026-09-07T00:00:00+07:00,admin_only_fields_unknown_without_shopify_csv,B044,COMPLETED,DRAFTED,NEEDS_REVIEW
1.0,2.4,chillgen_20260907_01,chillgen.com,personalized-motivational-classroom-rug-for-kids-ff1188740c,personalized-motivational-classroom-rug-for-kids-ff1188740c,15913318777201,gid://shopify/Product/15913318777201,https://chillgen.com/products/personalized-motivational-classroom-rug-for-kids-ff1188740c,https://chillgen.com/products/personalized-motivational-classroom-rug-for-kids-ff1188740c,en-US,US,PUBLIC_AVAILABLE,ACCESSIBLE_PUBLIC_JSON,DISCOVERED_PUBLIC_PRODUCTS_JSON,Rug,Personalized I Am Affirmation Rug for Classroom and Kids Reading Corner,UNKNOWN,EVERGREEN_OR_OTHER,436,products_json_page_2; https://chillgen.com/products.json?limit=250&page=2,2026-09-07T00:00:00+07:00,2026-09-07T00:00:00+07:00,admin_only_fields_unknown_without_shopify_csv,B044,COMPLETED,DRAFTED,NEEDS_REVIEW
1.0,2.4,chillgen_20260907_01,chillgen.com,personalized-motivational-classroom-rug-for-kids-ec5fda4b1c,personalized-motivational-classroom-rug-for-kids-ec5fda4b1c,15913319137649,gid://shopify/Product/15913319137649,https://chillgen.com/products/personalized-motivational-classroom-rug-for-kids-ec5fda4b1c,https://chillgen.com/products/personalized-motivational-classroom-rug-for-kids-ec5fda4b1c,en-US,US,PUBLIC_AVAILABLE,ACCESSIBLE_PUBLIC_JSON,DISCOVERED_PUBLIC_PRODUCTS_JSON,Rug,Custom Positive Message Classroom Rug with Name for Preschool Learning Space,UNKNOWN,EVERGREEN_OR_OTHER,437,products_json_page_2; https://chillgen.com/products.json?limit=250&page=2,2026-09-07T00:00:00+07:00,2026-09-07T00:00:00+07:00,admin_only_fields_unknown_without_shopify_csv,B044,COMPLETED,DRAFTED,NEEDS_REVIEW
1.0,2.4,chillgen_20260907_01,chillgen.com,personalized-motivational-classroom-rug-for-kids-dbde19466a,personalized-motivational-classroom-rug-for-kids-dbde19466a,15913319203185,gid://shopify/Product/15913319203185,https://chillgen.com/products/personalized-motivational-classroom-rug-for-kids-dbde19466a,https://chillgen.com/products/personalized-motivational-classroom-rug-for-kids-dbde19466a,en-US,US,PUBLIC_AVAILABLE,ACCESSIBLE_PUBLIC_JSON,DISCOVERED_PUBLIC_PRODUCTS_JSON,Rug,Personalized Sunshine Affirmation Rug with Name for Classroom and Playroom,UNKNOWN,EVERGREEN_OR_OTHER,438,products_json_page_2; https://chillgen.com/products.json?limit=250&page=2,2026-09-07T00:00:00+07:00,2026-09-07T00:00:00+07:00,admin_only_fields_unknown_without_shopify_csv,B044,COMPLETED,DRAFTED,NEEDS_REVIEW
1.0,2.4,chillgen_20260907_01,chillgen.com,personalized-motivational-classroom-rug-for-kids-50daea8577,personalized-motivational-classroom-rug-for-kids-50daea8577,15913319432561,gid://shopify/Product/15913319432561,https://chillgen.com/products/personalized-motivational-classroom-rug-for-kids-50daea8577,https://chillgen.com/products/personalized-motivational-classroom-rug-for-kids-50daea8577,en-US,US,PUBLIC_AVAILABLE,ACCESSIBLE_PUBLIC_JSON,DISCOVERED_PUBLIC_PRODUCTS_JSON,Rug,Custom You Are Classroom Rug with Name for Kids Bedroom and Learning Space,UNKNOWN,EVERGREEN_OR_OTHER,439,products_json_page_2; https://chillgen.com/products.json?limit=250&page=2,2026-09-07T00:00:00+07:00,2026-09-07T00:00:00+07:00,admin_only_fields_unknown_without_shopify_csv,B044,COMPLETED,DRAFTED,NEEDS_REVIEW
1.0,2.4,chillgen_20260907_01,chillgen.com,personalized-motivational-classroom-rug-for-kids-2f14feb0aa,personalized-motivational-classroom-rug-for-kids-2f14feb0aa,15913319596401,gid://shopify/Product/15913319596401,https://chillgen.com/products/personalized-motivational-classroom-rug-for-kids-2f14feb0aa,https://chillgen.com/products/personalized-motivational-classroom-rug-for-kids-2f14feb0aa,en-US,US,PUBLIC_AVAILABLE,ACCESSIBLE_PUBLIC_JSON,DISCOVERED_PUBLIC_PRODUCTS_JSON,Rug,Personalized Cute Affirmation Rug with Name for Preschool and Classroom,UNKNOWN,EVERGREEN_OR_OTHER,440,products_json_page_2; https://chillgen.com/products.json?limit=250&page=2,2026-09-07T00:00:00+07:00,2026-09-07T00:00:00+07:00,admin_only_fields_unknown_without_shopify_csv,B044,COMPLETED,DRAFTED,NEEDS_REVIEW
1.0,2.4,chillgen_20260907_01,chillgen.com,personalized-motivational-classroom-rug-for-kids-85959c63a9-85959c63a9,personalized-motivational-classroom-rug-for-kids-85959c63a9-85959c63a9,15913319793009,gid://shopify/Product/15913319793009,https://chillgen.com/products/personalized-motivational-classroom-rug-for-kids-85959c63a9-85959c63a9,https://chillgen.com/products/personalized-motivational-classroom-rug-for-kids-85959c63a9-85959c63a9,en-US,US,PUBLIC_AVAILABLE,ACCESSIBLE_PUBLIC_JSON,DISCOVERED_PUBLIC_PRODUCTS_JSON,Rug,Custom Crossword Affirmation Rug with Name for Kids Classroom and Playroom,UNKNOWN,EVERGREEN_OR_OTHER,441,products_json_page_2; https://chillgen.com/products.json?limit=250&page=2,2026-09-07T00:00:00+07:00,2026-09-07T00:00:00+07:00,admin_only_fields_unknown_without_shopify_csv,B045,COMPLETED,DRAFTED,NEEDS_REVIEW
1.0,2.4,chillgen_20260907_01,chillgen.com,personalized-motivational-classroom-rug-for-kids-34838f57f6-34838f57f6,personalized-motivational-classroom-rug-for-kids-34838f57f6-34838f57f6,15913320022385,gid://shopify/Product/15913320022385,https://chillgen.com/products/personalized-motivational-classroom-rug-for-kids-34838f57f6-34838f57f6,https://chillgen.com/products/personalized-motivational-classroom-rug-for-kids-34838f57f6-34838f57f6,en-US,US,PUBLIC_AVAILABLE,ACCESSIBLE_PUBLIC_JSON,DISCOVERED_PUBLIC_PRODUCTS_JSON,Rug,Personalized Quote Classroom Rug with Name for Learning Space and Kids Room,UNKNOWN,EVERGREEN_OR_OTHER,442,products_json_page_2; https://chillgen.com/products.json?limit=250&page=2,2026-09-07T00:00:00+07:00,2026-09-07T00:00:00+07:00,admin_only_fields_unknown_without_shopify_csv,B045,COMPLETED,DRAFTED,NEEDS_REVIEW
1.0,2.4,chillgen_20260907_01,chillgen.com,personalized-motivational-classroom-rug-for-kids-bb1a76e628,personalized-motivational-classroom-rug-for-kids-bb1a76e628,15913320218993,gid://shopify/Product/15913320218993,https://chillgen.com/products/personalized-motivational-classroom-rug-for-kids-bb1a76e628,https://chillgen.com/products/personalized-motivational-classroom-rug-for-kids-bb1a76e628,en-US,US,PUBLIC_AVAILABLE,ACCESSIBLE_PUBLIC_JSON,DISCOVERED_PUBLIC_PRODUCTS_JSON,Rug,Custom Growth Mindset Classroom Rug with Teacher Name for Preschool Playroom,UNKNOWN,EVERGREEN_OR_OTHER,443,products_json_page_2; https://chillgen.com/products.json?limit=250&page=2,2026-09-07T00:00:00+07:00,2026-09-07T00:00:00+07:00,admin_only_fields_unknown_without_shopify_csv,B045,COMPLETED,DRAFTED,NEEDS_REVIEW
1.0,2.4,chillgen_20260907_01,chillgen.com,personalized-motivational-classroom-rug-kids-ab8fce16b6-ab8fce16b6,personalized-motivational-classroom-rug-kids-ab8fce16b6-ab8fce16b6,15913320382833,gid://shopify/Product/15913320382833,https://chillgen.com/products/personalized-motivational-classroom-rug-kids-ab8fce16b6-ab8fce16b6,https://chillgen.com/products/personalized-motivational-classroom-rug-kids-ab8fce16b6-ab8fce16b6,en-US,US,PUBLIC_AVAILABLE,ACCESSIBLE_PUBLIC_JSON,DISCOVERED_PUBLIC_PRODUCTS_JSON,Rug,Personalized Positive Affirmation Rug with Name for Classroom and Kids Bedroom,UNKNOWN,EVERGREEN_OR_OTHER,444,products_json_page_2; https://chillgen.com/products.json?limit=250&page=2,2026-09-07T00:00:00+07:00,2026-09-07T00:00:00+07:00,admin_only_fields_unknown_without_shopify_csv,B045,COMPLETED,DRAFTED,NEEDS_REVIEW
1.0,2.4,chillgen_20260907_01,chillgen.com,personalized-motivational-classroom-rug-kids-d760f89ce0-d760f89ce0,personalized-motivational-classroom-rug-kids-d760f89ce0-d760f89ce0,15913320546673,gid://shopify/Product/15913320546673,https://chillgen.com/products/personalized-motivational-classroom-rug-kids-d760f89ce0-d760f89ce0,https://chillgen.com/products/personalized-motivational-classroom-rug-kids-d760f89ce0-d760f89ce0,en-US,US,PUBLIC_AVAILABLE,ACCESSIBLE_PUBLIC_JSON,DISCOVERED_PUBLIC_PRODUCTS_JSON,Rug,Custom Mistakes Are Okay Classroom Rug with Name for Learning Space,UNKNOWN,EVERGREEN_OR_OTHER,445,products_json_page_2; https://chillgen.com/products.json?limit=250&page=2,2026-09-07T00:00:00+07:00,2026-09-07T00:00:00+07:00,admin_only_fields_unknown_without_shopify_csv,B045,COMPLETED,DRAFTED,NEEDS_REVIEW
1.0,2.4,chillgen_20260907_01,chillgen.com,personalized-motivational-classroom-rug-for-kids-fe3841c6fe,personalized-motivational-classroom-rug-for-kids-fe3841c6fe,15913320776049,gid://shopify/Product/15913320776049,https://chillgen.com/products/personalized-motivational-classroom-rug-for-kids-fe3841c6fe,https://chillgen.com/products/personalized-motivational-classroom-rug-for-kids-fe3841c6fe,en-US,US,PUBLIC_AVAILABLE,ACCESSIBLE_PUBLIC_JSON,DISCOVERED_PUBLIC_PRODUCTS_JSON,Rug,Personalized In This Classroom Rug with Teacher Name for Preschool,UNKNOWN,EVERGREEN_OR_OTHER,446,products_json_page_2; https://chillgen.com/products.json?limit=250&page=2,2026-09-07T00:00:00+07:00,2026-09-07T00:00:00+07:00,admin_only_fields_unknown_without_shopify_csv,B045,COMPLETED,DRAFTED,NEEDS_REVIEW
1.0,2.4,chillgen_20260907_01,chillgen.com,personalized-motivational-classroom-rug-for-kids-7d4f70bdd2-7d4f70bdd2,personalized-motivational-classroom-rug-for-kids-7d4f70bdd2-7d4f70bdd2,15913322971505,gid://shopify/Product/15913322971505,https://chillgen.com/products/personalized-motivational-classroom-rug-for-kids-7d4f70bdd2-7d4f70bdd2,https://chillgen.com/products/personalized-motivational-classroom-rug-for-kids-7d4f70bdd2-7d4f70bdd2,en-US,US,PUBLIC_AVAILABLE,ACCESSIBLE_PUBLIC_JSON,DISCOVERED_PUBLIC_PRODUCTS_JSON,Rug,Custom Vintage Affirmation Rug with Name for Classroom Reading Corner,UNKNOWN,EVERGREEN_OR_OTHER,447,products_json_page_2; https://chillgen.com/products.json?limit=250&page=2,2026-09-07T00:00:00+07:00,2026-09-07T00:00:00+07:00,admin_only_fields_unknown_without_shopify_csv,B045,COMPLETED,DRAFTED,NEEDS_REVIEW
1.0,2.4,chillgen_20260907_01,chillgen.com,personalized-music-album-cover-area-rug-d939ed2f4e,personalized-music-album-cover-area-rug-d939ed2f4e,15913265365361,gid://shopify/Product/15913265365361,https://chillgen.com/products/personalized-music-album-cover-area-rug-d939ed2f4e,https://chillgen.com/products/personalized-music-album-cover-area-rug-d939ed2f4e,en-US,US,PUBLIC_AVAILABLE,ACCESSIBLE_PUBLIC_JSON,DISCOVERED_PUBLIC_PRODUCTS_JSON,Rug,Personalized Album Cover Rug with Non Slip Low Pile for Home Entryway,UNKNOWN,EVERGREEN_OR_OTHER,448,products_json_page_2; https://chillgen.com/products.json?limit=250&page=2,2026-09-07T00:00:00+07:00,2026-09-07T00:00:00+07:00,admin_only_fields_unknown_without_shopify_csv,B045,COMPLETED,DRAFTED,NEEDS_REVIEW
1.0,2.4,chillgen_20260907_01,chillgen.com,personalized-hunting-welcome-doormat-custom-family-name-e9839e2783,personalized-hunting-welcome-doormat-custom-family-name-e9839e2783,15912095613297,gid://shopify/Product/15912095613297,https://chillgen.com/products/personalized-hunting-welcome-doormat-custom-family-name-e9839e2783,https://chillgen.com/products/personalized-hunting-welcome-doormat-custom-family-name-e9839e2783,en-US,US,PUBLIC_AVAILABLE,ACCESSIBLE_PUBLIC_JSON,DISCOVERED_PUBLIC_PRODUCTS_JSON,Rug,Personalized Hunting Doormat with Family Name and Non Slip Backing for Entryway,UNKNOWN,EVERGREEN_OR_OTHER,449,products_json_page_2; https://chillgen.com/products.json?limit=250&page=2,2026-09-07T00:00:00+07:00,2026-09-07T00:00:00+07:00,admin_only_fields_unknown_without_shopify_csv,B045,COMPLETED,DRAFTED,NEEDS_REVIEW
1.0,2.4,chillgen_20260907_01,chillgen.com,personalized-family-name-patriotic-hunting-doormat-5997abfebc-5997abfebc,personalized-family-name-patriotic-hunting-doormat-5997abfebc-5997abfebc,15912096301425,gid://shopify/Product/15912096301425,https://chillgen.com/products/personalized-family-name-patriotic-hunting-doormat-5997abfebc-5997abfebc,https://chillgen.com/products/personalized-family-name-patriotic-hunting-doormat-5997abfebc-5997abfebc,en-US,US,PUBLIC_AVAILABLE,ACCESSIBLE_PUBLIC_JSON,DISCOVERED_PUBLIC_PRODUCTS_JSON,Rug,Custom 250th Anniversary Hunting Doormat with Family Name for Patriotic Entryway,UNKNOWN,EVERGREEN_OR_OTHER,450,products_json_page_2; https://chillgen.com/products.json?limit=250&page=2,2026-09-07T00:00:00+07:00,2026-09-07T00:00:00+07:00,admin_only_fields_unknown_without_shopify_csv,B045,COMPLETED,DRAFTED,NEEDS_REVIEW
1.0,2.4,chillgen_20260907_01,chillgen.com,personalized-patriotic-hunting-doormat-ee02618b87,personalized-patriotic-hunting-doormat-ee02618b87,15912096629105,gid://shopify/Product/15912096629105,https://chillgen.com/products/personalized-patriotic-hunting-doormat-ee02618b87,https://chillgen.com/products/personalized-patriotic-hunting-doormat-ee02618b87,en-US,US,PUBLIC_AVAILABLE,ACCESSIBLE_PUBLIC_JSON,DISCOVERED_PUBLIC_PRODUCTS_JSON,Rug,Personalized American Flag Hunting Doormat with Family Name for Front Door,UNKNOWN,EVERGREEN_OR_OTHER,451,products_json_page_2; https://chillgen.com/products.json?limit=250&page=2,2026-09-07T00:00:00+07:00,2026-09-07T00:00:00+07:00,admin_only_fields_unknown_without_shopify_csv,B046,COMPLETED,DRAFTED,NEEDS_REVIEW
1.0,2.4,chillgen_20260907_01,chillgen.com,personalized-hunting-welcome-mat-with-custom-family-name-bcc03694c3-bcc03694c3,personalized-hunting-welcome-mat-with-custom-family-name-bcc03694c3-bcc03694c3,15912096956785,gid://shopify/Product/15912096956785,https://chillgen.com/products/personalized-hunting-welcome-mat-with-custom-family-name-bcc03694c3-bcc03694c3,https://chillgen.com/products/personalized-hunting-welcome-mat-with-custom-family-name-bcc03694c3-bcc03694c3,en-US,US,PUBLIC_AVAILABLE,ACCESSIBLE_PUBLIC_JSON,DISCOVERED_PUBLIC_PRODUCTS_JSON,Rug,Custom Deer Duck and Fishing Doormat with Family Name for Cabin Entryway,UNKNOWN,EVERGREEN_OR_OTHER,452,products_json_page_2; https://chillgen.com/products.json?limit=250&page=2,2026-09-07T00:00:00+07:00,2026-09-07T00:00:00+07:00,admin_only_fields_unknown_without_shopify_csv,B046,COMPLETED,DRAFTED,NEEDS_REVIEW
1.0,2.4,chillgen_20260907_01,chillgen.com,personalized-hunting-doormat-custom-family-name-6e74ed97c6,personalized-hunting-doormat-custom-family-name-6e74ed97c6,15913203695985,gid://shopify/Product/15913203695985,https://chillgen.com/products/personalized-hunting-doormat-custom-family-name-6e74ed97c6,https://chillgen.com/products/personalized-hunting-doormat-custom-family-name-6e74ed97c6,en-US,US,PUBLIC_AVAILABLE,ACCESSIBLE_PUBLIC_JSON,DISCOVERED_PUBLIC_PRODUCTS_JSON,Rug,Personalized Patriotic Hunting Doormat with Family Name for Cabin and Entryway,UNKNOWN,EVERGREEN_OR_OTHER,453,products_json_page_2; https://chillgen.com/products.json?limit=250&page=2,2026-09-07T00:00:00+07:00,2026-09-07T00:00:00+07:00,admin_only_fields_unknown_without_shopify_csv,B046,COMPLETED,DRAFTED,NEEDS_REVIEW
1.0,2.4,chillgen_20260907_01,chillgen.com,personalized-hunting-doormat-custom-family-name-flag-67dd3817f2-67dd3817f2,personalized-hunting-doormat-custom-family-name-flag-67dd3817f2-67dd3817f2,15913206972785,gid://shopify/Product/15913206972785,https://chillgen.com/products/personalized-hunting-doormat-custom-family-name-flag-67dd3817f2-67dd3817f2,https://chillgen.com/products/personalized-hunting-doormat-custom-family-name-flag-67dd3817f2-67dd3817f2,en-US,US,PUBLIC_AVAILABLE,ACCESSIBLE_PUBLIC_JSON,DISCOVERED_PUBLIC_PRODUCTS_JSON,Rug,Custom 1776 2026 Hunting Doormat with Family Name and American Flag Design,UNKNOWN,EVERGREEN_OR_OTHER,454,products_json_page_2; https://chillgen.com/products.json?limit=250&page=2,2026-09-07T00:00:00+07:00,2026-09-07T00:00:00+07:00,admin_only_fields_unknown_without_shopify_csv,B046,COMPLETED,DRAFTED,NEEDS_REVIEW
1.0,2.4,chillgen_20260907_01,chillgen.com,personalized-hunting-doormat-custom-family-name-d3fa485b6b-d3fa485b6b,personalized-hunting-doormat-custom-family-name-d3fa485b6b-d3fa485b6b,15913207071089,gid://shopify/Product/15913207071089,https://chillgen.com/products/personalized-hunting-doormat-custom-family-name-d3fa485b6b-d3fa485b6b,https://chillgen.com/products/personalized-hunting-doormat-custom-family-name-d3fa485b6b-d3fa485b6b,en-US,US,PUBLIC_AVAILABLE,ACCESSIBLE_PUBLIC_JSON,DISCOVERED_PUBLIC_PRODUCTS_JSON,Rug,Personalized 250th Anniversary Hunting Doormat with Family Name for Front Door,UNKNOWN,EVERGREEN_OR_OTHER,455,products_json_page_2; https://chillgen.com/products.json?limit=250&page=2,2026-09-07T00:00:00+07:00,2026-09-07T00:00:00+07:00,admin_only_fields_unknown_without_shopify_csv,B046,COMPLETED,DRAFTED,NEEDS_REVIEW
1.0,2.4,chillgen_20260907_01,chillgen.com,custom-golf-area-rug-living-room-mat-566b4cb491-566b4cb491,custom-golf-area-rug-living-room-mat-566b4cb491-566b4cb491,15912046788977,gid://shopify/Product/15912046788977,https://chillgen.com/products/custom-golf-area-rug-living-room-mat-566b4cb491-566b4cb491,https://chillgen.com/products/custom-golf-area-rug-living-room-mat-566b4cb491-566b4cb491,en-US,US,PUBLIC_AVAILABLE,ACCESSIBLE_PUBLIC_JSON,DISCOVERED_PUBLIC_PRODUCTS_JSON,Rug,Golf Equipment Area Rug with Memory Foam and Non Slip Backing for Home Office,UNKNOWN,EVERGREEN_OR_OTHER,456,products_json_page_2; https://chillgen.com/products.json?limit=250&page=2,2026-09-07T00:00:00+07:00,2026-09-07T00:00:00+07:00,admin_only_fields_unknown_without_shopify_csv,B046,COMPLETED,DRAFTED,NEEDS_REVIEW
1.0,2.4,chillgen_20260907_01,chillgen.com,custom-golf-welcome-mat-7fa10153d4-7fa10153d4,custom-golf-welcome-mat-7fa10153d4-7fa10153d4,15912047706481,gid://shopify/Product/15912047706481,https://chillgen.com/products/custom-golf-welcome-mat-7fa10153d4-7fa10153d4,https://chillgen.com/products/custom-golf-welcome-mat-7fa10153d4-7fa10153d4,en-US,US,PUBLIC_AVAILABLE,ACCESSIBLE_PUBLIC_JSON,DISCOVERED_PUBLIC_PRODUCTS_JSON,Rug,Golf Theme Area Rug with Soft Cushion and Low Pile for Living Room and Game Room,UNKNOWN,EVERGREEN_OR_OTHER,457,products_json_page_2; https://chillgen.com/products.json?limit=250&page=2,2026-09-07T00:00:00+07:00,2026-09-07T00:00:00+07:00,admin_only_fields_unknown_without_shopify_csv,B046,COMPLETED,DRAFTED,NEEDS_REVIEW
1.0,2.4,chillgen_20260907_01,chillgen.com,custom-golf-area-rug-living-room-mat-91136ada2c-91136ada2c,custom-golf-area-rug-living-room-mat-91136ada2c-91136ada2c,15912047804785,gid://shopify/Product/15912047804785,https://chillgen.com/products/custom-golf-area-rug-living-room-mat-91136ada2c-91136ada2c,https://chillgen.com/products/custom-golf-area-rug-living-room-mat-91136ada2c-91136ada2c,en-US,US,PUBLIC_AVAILABLE,ACCESSIBLE_PUBLIC_JSON,DISCOVERED_PUBLIC_PRODUCTS_JSON,Rug,Golf Area Rug with Black Background and Non Slip Backing for Boys Room,UNKNOWN,EVERGREEN_OR_OTHER,458,products_json_page_2; https://chillgen.com/products.json?limit=250&page=2,2026-09-07T00:00:00+07:00,2026-09-07T00:00:00+07:00,admin_only_fields_unknown_without_shopify_csv,B046,COMPLETED,DRAFTED,NEEDS_REVIEW
1.0,2.4,chillgen_20260907_01,chillgen.com,custom-golf-area-rug-living-room-mat-39dea6cb42,custom-golf-area-rug-living-room-mat-39dea6cb42,15913195209073,gid://shopify/Product/15913195209073,https://chillgen.com/products/custom-golf-area-rug-living-room-mat-39dea6cb42,https://chillgen.com/products/custom-golf-area-rug-living-room-mat-39dea6cb42,en-US,US,PUBLIC_AVAILABLE,ACCESSIBLE_PUBLIC_JSON,DISCOVERED_PUBLIC_PRODUCTS_JSON,Rug,Vibrant Golf Equipment Area Rug with Memory Foam for Bedroom and Office,UNKNOWN,EVERGREEN_OR_OTHER,459,products_json_page_2; https://chillgen.com/products.json?limit=250&page=2,2026-09-07T00:00:00+07:00,2026-09-07T00:00:00+07:00,admin_only_fields_unknown_without_shopify_csv,B046,COMPLETED,DRAFTED,NEEDS_REVIEW
1.0,2.4,chillgen_20260907_01,chillgen.com,custom-golf-welcome-mat-front-door-5bd40453c1-5bd40453c1,custom-golf-welcome-mat-front-door-5bd40453c1-5bd40453c1,15913196355953,gid://shopify/Product/15913196355953,https://chillgen.com/products/custom-golf-welcome-mat-front-door-5bd40453c1-5bd40453c1,https://chillgen.com/products/custom-golf-welcome-mat-front-door-5bd40453c1-5bd40453c1,en-US,US,PUBLIC_AVAILABLE,ACCESSIBLE_PUBLIC_JSON,DISCOVERED_PUBLIC_PRODUCTS_JSON,Rug,Golf Quote Floor Mat with Non Slip Backing for Living Room and Home Office,UNKNOWN,EVERGREEN_OR_OTHER,460,products_json_page_2; https://chillgen.com/products.json?limit=250&page=2,2026-09-07T00:00:00+07:00,2026-09-07T00:00:00+07:00,admin_only_fields_unknown_without_shopify_csv,B046,COMPLETED,DRAFTED,NEEDS_REVIEW
1.0,2.4,chillgen_20260907_01,chillgen.com,custom-golf-area-rug-living-room-mat-51b65f4454,custom-golf-area-rug-living-room-mat-51b65f4454,15913196716401,gid://shopify/Product/15913196716401,https://chillgen.com/products/custom-golf-area-rug-living-room-mat-51b65f4454,https://chillgen.com/products/custom-golf-area-rug-living-room-mat-51b65f4454,en-US,US,PUBLIC_AVAILABLE,ACCESSIBLE_PUBLIC_JSON,DISCOVERED_PUBLIC_PRODUCTS_JSON,Rug,Golf Area Carpet with Reinforced Edges and Memory Foam for Bedroom and Office,UNKNOWN,EVERGREEN_OR_OTHER,461,products_json_page_2; https://chillgen.com/products.json?limit=250&page=2,2026-09-07T00:00:00+07:00,2026-09-07T00:00:00+07:00,admin_only_fields_unknown_without_shopify_csv,B047,COMPLETED,DRAFTED,NEEDS_REVIEW
1.0,2.4,chillgen_20260907_01,chillgen.com,custom-golf-area-rug-living-room-mat-f6f3c16862,custom-golf-area-rug-living-room-mat-f6f3c16862,15913197142385,gid://shopify/Product/15913197142385,https://chillgen.com/products/custom-golf-area-rug-living-room-mat-f6f3c16862,https://chillgen.com/products/custom-golf-area-rug-living-room-mat-f6f3c16862,en-US,US,PUBLIC_AVAILABLE,ACCESSIBLE_PUBLIC_JSON,DISCOVERED_PUBLIC_PRODUCTS_JSON,Rug,Golf Theme Rug with Stain Resistant Surface for Game Room and Office,UNKNOWN,EVERGREEN_OR_OTHER,462,products_json_page_2; https://chillgen.com/products.json?limit=250&page=2,2026-09-07T00:00:00+07:00,2026-09-07T00:00:00+07:00,admin_only_fields_unknown_without_shopify_csv,B047,COMPLETED,DRAFTED,NEEDS_REVIEW
1.0,2.4,chillgen_20260907_01,chillgen.com,custom-golf-area-rug-fd79165e9f-fd79165e9f,custom-golf-area-rug-fd79165e9f-fd79165e9f,15913197371761,gid://shopify/Product/15913197371761,https://chillgen.com/products/custom-golf-area-rug-fd79165e9f-fd79165e9f,https://chillgen.com/products/custom-golf-area-rug-fd79165e9f-fd79165e9f,en-US,US,PUBLIC_AVAILABLE,ACCESSIBLE_PUBLIC_JSON,DISCOVERED_PUBLIC_PRODUCTS_JSON,Rug,Washable Golf Area Rug with Memory Foam for Living Room and Home Office,UNKNOWN,EVERGREEN_OR_OTHER,463,products_json_page_2; https://chillgen.com/products.json?limit=250&page=2,2026-09-07T00:00:00+07:00,2026-09-07T00:00:00+07:00,admin_only_fields_unknown_without_shopify_csv,B047,COMPLETED,DRAFTED,NEEDS_REVIEW
1.0,2.4,chillgen_20260907_01,chillgen.com,custom-golf-area-rug-living-room-decor-d120c386b8-d120c386b8,custom-golf-area-rug-living-room-decor-d120c386b8-d120c386b8,15913197633905,gid://shopify/Product/15913197633905,https://chillgen.com/products/custom-golf-area-rug-living-room-decor-d120c386b8-d120c386b8,https://chillgen.com/products/custom-golf-area-rug-living-room-decor-d120c386b8-d120c386b8,en-US,US,PUBLIC_AVAILABLE,ACCESSIBLE_PUBLIC_JSON,DISCOVERED_PUBLIC_PRODUCTS_JSON,Rug,Golf Lover Rug with Reinforced Edges and Non Slip Backing for Indoor Home Decor,UNKNOWN,EVERGREEN_OR_OTHER,464,products_json_page_2; https://chillgen.com/products.json?limit=250&page=2,2026-09-07T00:00:00+07:00,2026-09-07T00:00:00+07:00,admin_only_fields_unknown_without_shopify_csv,B047,COMPLETED,DRAFTED,NEEDS_REVIEW
1.0,2.4,chillgen_20260907_01,chillgen.com,custom-mathematics-education-rug-80ab855e16-80ab855e16,custom-mathematics-education-rug-80ab855e16-80ab855e16,15913231712625,gid://shopify/Product/15913231712625,https://chillgen.com/products/custom-mathematics-education-rug-80ab855e16-80ab855e16,https://chillgen.com/products/custom-mathematics-education-rug-80ab855e16-80ab855e16,en-US,US,PUBLIC_AVAILABLE,ACCESSIBLE_PUBLIC_JSON,DISCOVERED_PUBLIC_PRODUCTS_JSON,Rug,Custom School Math Formula Rug for Classroom Playroom and Study Room,UNKNOWN,EVERGREEN_OR_OTHER,465,products_json_page_2; https://chillgen.com/products.json?limit=250&page=2,2026-09-07T00:00:00+07:00,2026-09-07T00:00:00+07:00,admin_only_fields_unknown_without_shopify_csv,B047,COMPLETED,DRAFTED,NEEDS_REVIEW
1.0,2.4,chillgen_20260907_01,chillgen.com,custom-mathematics-education-classroom-playroom-rug-0f607da0b3,custom-mathematics-education-classroom-playroom-rug-0f607da0b3,15913232236913,gid://shopify/Product/15913232236913,https://chillgen.com/products/custom-mathematics-education-classroom-playroom-rug-0f607da0b3,https://chillgen.com/products/custom-mathematics-education-classroom-playroom-rug-0f607da0b3,en-US,US,PUBLIC_AVAILABLE,ACCESSIBLE_PUBLIC_JSON,DISCOVERED_PUBLIC_PRODUCTS_JSON,Rug,Personalized Mathematics Education Rug for Classroom and Playroom,UNKNOWN,EVERGREEN_OR_OTHER,466,products_json_page_2; https://chillgen.com/products.json?limit=250&page=2,2026-09-07T00:00:00+07:00,2026-09-07T00:00:00+07:00,admin_only_fields_unknown_without_shopify_csv,B047,COMPLETED,DRAFTED,NEEDS_REVIEW
1.0,2.4,chillgen_20260907_01,chillgen.com,custom-mathematics-classroom-rug-for-school-and-playroom-7ae72f2960,custom-mathematics-classroom-rug-for-school-and-playroom-7ae72f2960,15913232728433,gid://shopify/Product/15913232728433,https://chillgen.com/products/custom-mathematics-classroom-rug-for-school-and-playroom-7ae72f2960,https://chillgen.com/products/custom-mathematics-classroom-rug-for-school-and-playroom-7ae72f2960,en-US,US,PUBLIC_AVAILABLE,ACCESSIBLE_PUBLIC_JSON,DISCOVERED_PUBLIC_PRODUCTS_JSON,Rug,Custom Mathematics Formula Rug for Classroom Playroom and Study Area,UNKNOWN,EVERGREEN_OR_OTHER,467,products_json_page_2; https://chillgen.com/products.json?limit=250&page=2,2026-09-07T00:00:00+07:00,2026-09-07T00:00:00+07:00,admin_only_fields_unknown_without_shopify_csv,B047,COMPLETED,DRAFTED,NEEDS_REVIEW
1.0,2.4,chillgen_20260907_01,chillgen.com,custom-mathematics-classroom-rug-ec81d3501a,custom-mathematics-classroom-rug-ec81d3501a,15913233023345,gid://shopify/Product/15913233023345,https://chillgen.com/products/custom-mathematics-classroom-rug-ec81d3501a,https://chillgen.com/products/custom-mathematics-classroom-rug-ec81d3501a,en-US,US,PUBLIC_AVAILABLE,ACCESSIBLE_PUBLIC_JSON,DISCOVERED_PUBLIC_PRODUCTS_JSON,Rug,Personalized Mathematics Area Rug for School Classroom and Playroom,UNKNOWN,EVERGREEN_OR_OTHER,468,products_json_page_2; https://chillgen.com/products.json?limit=250&page=2,2026-09-07T00:00:00+07:00,2026-09-07T00:00:00+07:00,admin_only_fields_unknown_without_shopify_csv,B047,COMPLETED,DRAFTED,NEEDS_REVIEW
1.0,2.4,chillgen_20260907_01,chillgen.com,custom-math-education-welcome-mat-for-classroom-and-school-f81e324d95-f81e324d95,custom-math-education-welcome-mat-for-classroom-and-school-f81e324d95-f81e324d95,15913233383793,gid://shopify/Product/15913233383793,https://chillgen.com/products/custom-math-education-welcome-mat-for-classroom-and-school-f81e324d95-f81e324d95,https://chillgen.com/products/custom-math-education-welcome-mat-for-classroom-and-school-f81e324d95-f81e324d95,en-US,US,PUBLIC_AVAILABLE,ACCESSIBLE_PUBLIC_JSON,DISCOVERED_PUBLIC_PRODUCTS_JSON,Rug,Custom Math Education Welcome Mat with Formulas for Classroom Entryway,UNKNOWN,EVERGREEN_OR_OTHER,469,products_json_page_2; https://chillgen.com/products.json?limit=250&page=2,2026-09-07T00:00:00+07:00,2026-09-07T00:00:00+07:00,admin_only_fields_unknown_without_shopify_csv,B047,COMPLETED,DRAFTED,NEEDS_REVIEW
1.0,2.4,chillgen_20260907_01,chillgen.com,custom-math-education-rug-for-playroom-and-classroom-d0ac821f02-d0ac821f02,custom-math-education-rug-for-playroom-and-classroom-d0ac821f02-d0ac821f02,15913233711473,gid://shopify/Product/15913233711473,https://chillgen.com/products/custom-math-education-rug-for-playroom-and-classroom-d0ac821f02-d0ac821f02,https://chillgen.com/products/custom-math-education-rug-for-playroom-and-classroom-d0ac821f02-d0ac821f02,en-US,US,PUBLIC_AVAILABLE,ACCESSIBLE_PUBLIC_JSON,DISCOVERED_PUBLIC_PRODUCTS_JSON,Rug,Personalized Math Learning Area Rug for Classroom and Study Space,UNKNOWN,EVERGREEN_OR_OTHER,470,products_json_page_2; https://chillgen.com/products.json?limit=250&page=2,2026-09-07T00:00:00+07:00,2026-09-07T00:00:00+07:00,admin_only_fields_unknown_without_shopify_csv,B047,COMPLETED,DRAFTED,NEEDS_REVIEW
1.0,2.4,chillgen_20260907_01,chillgen.com,custom-mathematics-education-rug-677ea4d8b5-677ea4d8b5,custom-mathematics-education-rug-677ea4d8b5-677ea4d8b5,15913234006385,gid://shopify/Product/15913234006385,https://chillgen.com/products/custom-mathematics-education-rug-677ea4d8b5-677ea4d8b5,https://chillgen.com/products/custom-mathematics-education-rug-677ea4d8b5-677ea4d8b5,en-US,US,PUBLIC_AVAILABLE,ACCESSIBLE_PUBLIC_JSON,DISCOVERED_PUBLIC_PRODUCTS_JSON,Rug,Custom Mathematics Classroom Rug for Student Learning and Study Space,UNKNOWN,EVERGREEN_OR_OTHER,471,products_json_page_2; https://chillgen.com/products.json?limit=250&page=2,2026-09-07T00:00:00+07:00,2026-09-07T00:00:00+07:00,admin_only_fields_unknown_without_shopify_csv,B048,COMPLETED,DRAFTED,NEEDS_REVIEW
1.0,2.4,chillgen_20260907_01,chillgen.com,personalized-motivational-classroom-rug-for-kids-185af7709b,personalized-motivational-classroom-rug-for-kids-185af7709b,15913234301297,gid://shopify/Product/15913234301297,https://chillgen.com/products/personalized-motivational-classroom-rug-for-kids-185af7709b,https://chillgen.com/products/personalized-motivational-classroom-rug-for-kids-185af7709b,en-US,US,PUBLIC_AVAILABLE,ACCESSIBLE_PUBLIC_JSON,DISCOVERED_PUBLIC_PRODUCTS_JSON,Rug,Positive Affirmation Classroom Rug with Custom Name for Growth Mindset,UNKNOWN,EVERGREEN_OR_OTHER,472,products_json_page_2; https://chillgen.com/products.json?limit=250&page=2,2026-09-07T00:00:00+07:00,2026-09-07T00:00:00+07:00,admin_only_fields_unknown_without_shopify_csv,B048,COMPLETED,DRAFTED,NEEDS_REVIEW
1.0,2.4,chillgen_20260907_01,chillgen.com,custom-math-classroom-welcome-mat-93506f16cb-93506f16cb,custom-math-classroom-welcome-mat-93506f16cb-93506f16cb,15913234334065,gid://shopify/Product/15913234334065,https://chillgen.com/products/custom-math-classroom-welcome-mat-93506f16cb-93506f16cb,https://chillgen.com/products/custom-math-classroom-welcome-mat-93506f16cb-93506f16cb,en-US,US,PUBLIC_AVAILABLE,ACCESSIBLE_PUBLIC_JSON,DISCOVERED_PUBLIC_PRODUCTS_JSON,Rug,Personalized Math Formula Area Rug for Classroom Study and Playroom,UNKNOWN,EVERGREEN_OR_OTHER,473,products_json_page_2; https://chillgen.com/products.json?limit=250&page=2,2026-09-07T00:00:00+07:00,2026-09-07T00:00:00+07:00,admin_only_fields_unknown_without_shopify_csv,B048,COMPLETED,DRAFTED,NEEDS_REVIEW
1.0,2.4,chillgen_20260907_01,chillgen.com,personalized-motivational-classroom-rug-kids-c5c4db7870,personalized-motivational-classroom-rug-kids-c5c4db7870,15913235677553,gid://shopify/Product/15913235677553,https://chillgen.com/products/personalized-motivational-classroom-rug-kids-c5c4db7870,https://chillgen.com/products/personalized-motivational-classroom-rug-kids-c5c4db7870,en-US,US,PUBLIC_AVAILABLE,ACCESSIBLE_PUBLIC_JSON,DISCOVERED_PUBLIC_PRODUCTS_JSON,Rug,Growth Mindset Classroom Rug with Custom Name and Non Slip Backing,UNKNOWN,EVERGREEN_OR_OTHER,474,products_json_page_2; https://chillgen.com/products.json?limit=250&page=2,2026-09-07T00:00:00+07:00,2026-09-07T00:00:00+07:00,admin_only_fields_unknown_without_shopify_csv,B048,COMPLETED,DRAFTED,NEEDS_REVIEW
1.0,2.4,chillgen_20260907_01,chillgen.com,personalized-motivational-classroom-rug-for-kids-12e7574dd3-12e7574dd3,personalized-motivational-classroom-rug-for-kids-12e7574dd3-12e7574dd3,15913236660593,gid://shopify/Product/15913236660593,https://chillgen.com/products/personalized-motivational-classroom-rug-for-kids-12e7574dd3-12e7574dd3,https://chillgen.com/products/personalized-motivational-classroom-rug-for-kids-12e7574dd3-12e7574dd3,en-US,US,PUBLIC_AVAILABLE,ACCESSIBLE_PUBLIC_JSON,DISCOVERED_PUBLIC_PRODUCTS_JSON,Rug,Motivational Affirmation Rug for Classroom Playroom and Learning Space,UNKNOWN,EVERGREEN_OR_OTHER,475,products_json_page_2; https://chillgen.com/products.json?limit=250&page=2,2026-09-07T00:00:00+07:00,2026-09-07T00:00:00+07:00,admin_only_fields_unknown_without_shopify_csv,B048,COMPLETED,DRAFTED,NEEDS_REVIEW
1.0,2.4,chillgen_20260907_01,chillgen.com,personalized-motivational-classroom-rug-for-kids-6b9a9da243,personalized-motivational-classroom-rug-for-kids-6b9a9da243,15913237578097,gid://shopify/Product/15913237578097,https://chillgen.com/products/personalized-motivational-classroom-rug-for-kids-6b9a9da243,https://chillgen.com/products/personalized-motivational-classroom-rug-for-kids-6b9a9da243,en-US,US,PUBLIC_AVAILABLE,ACCESSIBLE_PUBLIC_JSON,DISCOVERED_PUBLIC_PRODUCTS_JSON,Rug,Positive Message Rug with Custom Name for Reading Corner and Classroom,UNKNOWN,EVERGREEN_OR_OTHER,476,products_json_page_2; https://chillgen.com/products.json?limit=250&page=2,2026-09-07T00:00:00+07:00,2026-09-07T00:00:00+07:00,admin_only_fields_unknown_without_shopify_csv,B048,COMPLETED,DRAFTED,NEEDS_REVIEW
1.0,2.4,chillgen_20260907_01,chillgen.com,personalized-motivational-classroom-rug-kids-dcd5b3d508,personalized-motivational-classroom-rug-kids-dcd5b3d508,15913238495601,gid://shopify/Product/15913238495601,https://chillgen.com/products/personalized-motivational-classroom-rug-kids-dcd5b3d508,https://chillgen.com/products/personalized-motivational-classroom-rug-kids-dcd5b3d508,en-US,US,PUBLIC_AVAILABLE,ACCESSIBLE_PUBLIC_JSON,DISCOVERED_PUBLIC_PRODUCTS_JSON,Rug,Inspirational Quote Classroom Rug with Custom Name for Play and Learning,UNKNOWN,EVERGREEN_OR_OTHER,477,products_json_page_2; https://chillgen.com/products.json?limit=250&page=2,2026-09-07T00:00:00+07:00,2026-09-07T00:00:00+07:00,admin_only_fields_unknown_without_shopify_csv,B048,COMPLETED,DRAFTED,NEEDS_REVIEW
1.0,2.4,chillgen_20260907_01,chillgen.com,personalized-motivational-classroom-rug-for-kids-75356d9313-75356d9313,personalized-motivational-classroom-rug-for-kids-75356d9313-75356d9313,15913239708017,gid://shopify/Product/15913239708017,https://chillgen.com/products/personalized-motivational-classroom-rug-for-kids-75356d9313-75356d9313,https://chillgen.com/products/personalized-motivational-classroom-rug-for-kids-75356d9313-75356d9313,en-US,US,PUBLIC_AVAILABLE,ACCESSIBLE_PUBLIC_JSON,DISCOVERED_PUBLIC_PRODUCTS_JSON,Rug,Vintage Affirmation Rug for Classroom Bedroom and Learning Activities,UNKNOWN,EVERGREEN_OR_OTHER,478,products_json_page_2; https://chillgen.com/products.json?limit=250&page=2,2026-09-07T00:00:00+07:00,2026-09-07T00:00:00+07:00,admin_only_fields_unknown_without_shopify_csv,B048,COMPLETED,DRAFTED,NEEDS_REVIEW
1.0,2.4,chillgen_20260907_01,chillgen.com,personalized-motivational-classroom-rug-for-kids-71bb812a4f,personalized-motivational-classroom-rug-for-kids-71bb812a4f,15913240166769,gid://shopify/Product/15913240166769,https://chillgen.com/products/personalized-motivational-classroom-rug-for-kids-71bb812a4f,https://chillgen.com/products/personalized-motivational-classroom-rug-for-kids-71bb812a4f,en-US,US,PUBLIC_AVAILABLE,ACCESSIBLE_PUBLIC_JSON,DISCOVERED_PUBLIC_PRODUCTS_JSON,Rug,Crossword Affirmation Rug with Custom Name for Classroom Learning Space,UNKNOWN,EVERGREEN_OR_OTHER,479,products_json_page_2; https://chillgen.com/products.json?limit=250&page=2,2026-09-07T00:00:00+07:00,2026-09-07T00:00:00+07:00,admin_only_fields_unknown_without_shopify_csv,B048,COMPLETED,DRAFTED,NEEDS_REVIEW
1.0,2.4,chillgen_20260907_01,chillgen.com,personalized-motivational-classroom-rug-for-kids-fcc5a59bce-fcc5a59bce,personalized-motivational-classroom-rug-for-kids-fcc5a59bce-fcc5a59bce,15913241411953,gid://shopify/Product/15913241411953,https://chillgen.com/products/personalized-motivational-classroom-rug-for-kids-fcc5a59bce-fcc5a59bce,https://chillgen.com/products/personalized-motivational-classroom-rug-for-kids-fcc5a59bce-fcc5a59bce,en-US,US,PUBLIC_AVAILABLE,ACCESSIBLE_PUBLIC_JSON,DISCOVERED_PUBLIC_PRODUCTS_JSON,Rug,Cute Affirmation Rug with Custom Text for Social Emotional Learning,UNKNOWN,EVERGREEN_OR_OTHER,480,products_json_page_2; https://chillgen.com/products.json?limit=250&page=2,2026-09-07T00:00:00+07:00,2026-09-07T00:00:00+07:00,admin_only_fields_unknown_without_shopify_csv,B048,COMPLETED,DRAFTED,NEEDS_REVIEW
1.0,2.4,chillgen_20260907_01,chillgen.com,personalized-motivational-classroom-rug-for-kids-1499e819f7-1499e819f7,personalized-motivational-classroom-rug-for-kids-1499e819f7-1499e819f7,15913242165617,gid://shopify/Product/15913242165617,https://chillgen.com/products/personalized-motivational-classroom-rug-for-kids-1499e819f7-1499e819f7,https://chillgen.com/products/personalized-motivational-classroom-rug-for-kids-1499e819f7-1499e819f7,en-US,US,PUBLIC_AVAILABLE,ACCESSIBLE_PUBLIC_JSON,DISCOVERED_PUBLIC_PRODUCTS_JSON,Rug,You Are Affirmation Rug with Custom Name for Classroom and Calm Corner,UNKNOWN,EVERGREEN_OR_OTHER,481,products_json_page_2; https://chillgen.com/products.json?limit=250&page=2,2026-09-07T00:00:00+07:00,2026-09-07T00:00:00+07:00,admin_only_fields_unknown_without_shopify_csv,B049,COMPLETED,DRAFTED,NEEDS_REVIEW
1.0,2.4,chillgen_20260907_01,chillgen.com,personalized-motivational-classroom-rug-for-kids-d58c24b35d,personalized-motivational-classroom-rug-for-kids-d58c24b35d,15913242952049,gid://shopify/Product/15913242952049,https://chillgen.com/products/personalized-motivational-classroom-rug-for-kids-d58c24b35d,https://chillgen.com/products/personalized-motivational-classroom-rug-for-kids-d58c24b35d,en-US,US,PUBLIC_AVAILABLE,ACCESSIBLE_PUBLIC_JSON,DISCOVERED_PUBLIC_PRODUCTS_JSON,Rug,Sunshine Affirmation Rug with Custom Name for Classroom and Playroom,UNKNOWN,EVERGREEN_OR_OTHER,482,products_json_page_2; https://chillgen.com/products.json?limit=250&page=2,2026-09-07T00:00:00+07:00,2026-09-07T00:00:00+07:00,admin_only_fields_unknown_without_shopify_csv,B049,COMPLETED,DRAFTED,NEEDS_REVIEW
1.0,2.4,chillgen_20260907_01,chillgen.com,personalized-motivational-classroom-rug-kids-803fa89d09,personalized-motivational-classroom-rug-kids-803fa89d09,15913243607409,gid://shopify/Product/15913243607409,https://chillgen.com/products/personalized-motivational-classroom-rug-kids-803fa89d09,https://chillgen.com/products/personalized-motivational-classroom-rug-kids-803fa89d09,en-US,US,PUBLIC_AVAILABLE,ACCESSIBLE_PUBLIC_JSON,DISCOVERED_PUBLIC_PRODUCTS_JSON,Rug,Colorful Growth Mindset Rug for Reading Corner and Learning Space,UNKNOWN,EVERGREEN_OR_OTHER,483,products_json_page_2; https://chillgen.com/products.json?limit=250&page=2,2026-09-07T00:00:00+07:00,2026-09-07T00:00:00+07:00,admin_only_fields_unknown_without_shopify_csv,B049,COMPLETED,DRAFTED,NEEDS_REVIEW
1.0,2.4,chillgen_20260907_01,chillgen.com,personalized-motivational-classroom-rug-for-kids-43aa6a180c,personalized-motivational-classroom-rug-for-kids-43aa6a180c,15913243967857,gid://shopify/Product/15913243967857,https://chillgen.com/products/personalized-motivational-classroom-rug-for-kids-43aa6a180c,https://chillgen.com/products/personalized-motivational-classroom-rug-for-kids-43aa6a180c,en-US,US,PUBLIC_AVAILABLE,ACCESSIBLE_PUBLIC_JSON,DISCOVERED_PUBLIC_PRODUCTS_JSON,Rug,I Am Affirmation Rug with Custom Name for Classroom and Calm Corner,UNKNOWN,EVERGREEN_OR_OTHER,484,products_json_page_2; https://chillgen.com/products.json?limit=250&page=2,2026-09-07T00:00:00+07:00,2026-09-07T00:00:00+07:00,admin_only_fields_unknown_without_shopify_csv,B049,COMPLETED,DRAFTED,NEEDS_REVIEW
1.0,2.4,chillgen_20260907_01,chillgen.com,personalized-motivational-classroom-rug-for-kids-c304c62374-c304c62374,personalized-motivational-classroom-rug-for-kids-c304c62374-c304c62374,15913244655985,gid://shopify/Product/15913244655985,https://chillgen.com/products/personalized-motivational-classroom-rug-for-kids-c304c62374-c304c62374,https://chillgen.com/products/personalized-motivational-classroom-rug-for-kids-c304c62374-c304c62374,en-US,US,PUBLIC_AVAILABLE,ACCESSIBLE_PUBLIC_JSON,DISCOVERED_PUBLIC_PRODUCTS_JSON,Rug,Pastel Affirmation Classroom Rug with Custom Text and Non Slip Backing,UNKNOWN,EVERGREEN_OR_OTHER,485,products_json_page_2; https://chillgen.com/products.json?limit=250&page=2,2026-09-07T00:00:00+07:00,2026-09-07T00:00:00+07:00,admin_only_fields_unknown_without_shopify_csv,B049,COMPLETED,DRAFTED,NEEDS_REVIEW
1.0,2.4,chillgen_20260907_01,chillgen.com,custom-music-album-doormat-front-door-b42677b9b9,custom-music-album-doormat-front-door-b42677b9b9,15913264972145,gid://shopify/Product/15913264972145,https://chillgen.com/products/custom-music-album-doormat-front-door-b42677b9b9,https://chillgen.com/products/custom-music-album-doormat-front-door-b42677b9b9,en-US,US,PUBLIC_AVAILABLE,ACCESSIBLE_PUBLIC_JSON,DISCOVERED_PUBLIC_PRODUCTS_JSON,Rug,Custom Album Cover Area Rug with Reinforced Edges for Living Room,UNKNOWN,EVERGREEN_OR_OTHER,486,products_json_page_2; https://chillgen.com/products.json?limit=250&page=2,2026-09-07T00:00:00+07:00,2026-09-07T00:00:00+07:00,admin_only_fields_unknown_without_shopify_csv,B049,COMPLETED,DRAFTED,NEEDS_REVIEW
1.0,2.4,chillgen_20260907_01,chillgen.com,personalized-music-album-cover-welcome-mat-4a66513e5d-4a66513e5d,personalized-music-album-cover-welcome-mat-4a66513e5d-4a66513e5d,15913265824113,gid://shopify/Product/15913265824113,https://chillgen.com/products/personalized-music-album-cover-welcome-mat-4a66513e5d-4a66513e5d,https://chillgen.com/products/personalized-music-album-cover-welcome-mat-4a66513e5d-4a66513e5d,en-US,US,PUBLIC_AVAILABLE,ACCESSIBLE_PUBLIC_JSON,DISCOVERED_PUBLIC_PRODUCTS_JSON,Rug,Custom Music Album Area Rug with Soft Sponge Comfort for Bedroom Decor,UNKNOWN,EVERGREEN_OR_OTHER,487,products_json_page_2; https://chillgen.com/products.json?limit=250&page=2,2026-09-07T00:00:00+07:00,2026-09-07T00:00:00+07:00,admin_only_fields_unknown_without_shopify_csv,B049,COMPLETED,DRAFTED,NEEDS_REVIEW
1.0,2.4,chillgen_20260907_01,chillgen.com,personalized-music-album-cover-area-rug-9547d6169f-9547d6169f,personalized-music-album-cover-area-rug-9547d6169f-9547d6169f,15913266184561,gid://shopify/Product/15913266184561,https://chillgen.com/products/personalized-music-album-cover-area-rug-9547d6169f-9547d6169f,https://chillgen.com/products/personalized-music-album-cover-area-rug-9547d6169f-9547d6169f,en-US,US,PUBLIC_AVAILABLE,ACCESSIBLE_PUBLIC_JSON,DISCOVERED_PUBLIC_PRODUCTS_JSON,Rug,Personalized Album Cover Rug with Easy Care Low Pile for Home Office,UNKNOWN,EVERGREEN_OR_OTHER,488,products_json_page_2; https://chillgen.com/products.json?limit=250&page=2,2026-09-07T00:00:00+07:00,2026-09-07T00:00:00+07:00,admin_only_fields_unknown_without_shopify_csv,B049,COMPLETED,DRAFTED,NEEDS_REVIEW
1.0,2.4,chillgen_20260907_01,chillgen.com,custom-3d-dragon-round-rug-5315fbccc7,custom-3d-dragon-round-rug-5315fbccc7,15912045543793,gid://shopify/Product/15912045543793,https://chillgen.com/products/custom-3d-dragon-round-rug-5315fbccc7,https://chillgen.com/products/custom-3d-dragon-round-rug-5315fbccc7,en-US,US,PUBLIC_AVAILABLE,ACCESSIBLE_PUBLIC_JSON,DISCOVERED_PUBLIC_PRODUCTS_JSON,Rug,Custom Enchanted Dragon Round Rug with Text for Reading Nook and Bedroom,UNKNOWN,EVERGREEN_OR_OTHER,489,products_json_page_2; https://chillgen.com/products.json?limit=250&page=2,2026-09-07T00:00:00+07:00,2026-09-07T00:00:00+07:00,admin_only_fields_unknown_without_shopify_csv,B049,COMPLETED,DRAFTED,NEEDS_REVIEW
1.0,2.4,chillgen_20260907_01,chillgen.com,custom-dragon-round-rug-3d-illusion-4ca1b4fcd0,custom-dragon-round-rug-3d-illusion-4ca1b4fcd0,15912044790129,gid://shopify/Product/15912044790129,https://chillgen.com/products/custom-dragon-round-rug-3d-illusion-4ca1b4fcd0,https://chillgen.com/products/custom-dragon-round-rug-3d-illusion-4ca1b4fcd0,en-US,US,PUBLIC_AVAILABLE,ACCESSIBLE_PUBLIC_JSON,DISCOVERED_PUBLIC_PRODUCTS_JSON,Rug,Personalized Dragon Book Round Rug with Low Pile for Readers and Fantasy Fans,UNKNOWN,EVERGREEN_OR_OTHER,490,products_json_page_2; https://chillgen.com/products.json?limit=250&page=2,2026-09-07T00:00:00+07:00,2026-09-07T00:00:00+07:00,admin_only_fields_unknown_without_shopify_csv,B049,COMPLETED,DRAFTED,NEEDS_REVIEW
1.0,2.4,chillgen_20260907_01,chillgen.com,custom-3d-dragon-round-rug-77aa65f879,custom-3d-dragon-round-rug-77aa65f879,15912043676017,gid://shopify/Product/15912043676017,https://chillgen.com/products/custom-3d-dragon-round-rug-77aa65f879,https://chillgen.com/products/custom-3d-dragon-round-rug-77aa65f879,en-US,US,PUBLIC_AVAILABLE,ACCESSIBLE_PUBLIC_JSON,DISCOVERED_PUBLIC_PRODUCTS_JSON,Rug,Custom 3D Dragon Round Rug with Memory Foam for Living Room and Bedroom,UNKNOWN,EVERGREEN_OR_OTHER,491,products_json_page_2; https://chillgen.com/products.json?limit=250&page=2,2026-09-07T00:00:00+07:00,2026-09-07T00:00:00+07:00,admin_only_fields_unknown_without_shopify_csv,B050,COMPLETED,DRAFTED,NEEDS_REVIEW
1.0,2.4,chillgen_20260907_01,chillgen.com,custom-dragon-optical-illusion-round-rug-3de0273603,custom-dragon-optical-illusion-round-rug-3de0273603,15912041283953,gid://shopify/Product/15912041283953,https://chillgen.com/products/custom-dragon-optical-illusion-round-rug-3de0273603,https://chillgen.com/products/custom-dragon-optical-illusion-round-rug-3de0273603,en-US,US,PUBLIC_AVAILABLE,ACCESSIBLE_PUBLIC_JSON,DISCOVERED_PUBLIC_PRODUCTS_JSON,Rug,Personalized Dragon Bookshelf Round Rug with 3D Illusion for Book Lovers,UNKNOWN,EVERGREEN_OR_OTHER,492,products_json_page_2; https://chillgen.com/products.json?limit=250&page=2,2026-09-07T00:00:00+07:00,2026-09-07T00:00:00+07:00,admin_only_fields_unknown_without_shopify_csv,B050,COMPLETED,DRAFTED,NEEDS_REVIEW
1.0,2.4,chillgen_20260907_01,chillgen.com,custom-3d-dragon-round-rug-7df46cf462,custom-3d-dragon-round-rug-7df46cf462,15912040071537,gid://shopify/Product/15912040071537,https://chillgen.com/products/custom-3d-dragon-round-rug-7df46cf462,https://chillgen.com/products/custom-3d-dragon-round-rug-7df46cf462,en-US,US,PUBLIC_AVAILABLE,ACCESSIBLE_PUBLIC_JSON,DISCOVERED_PUBLIC_PRODUCTS_JSON,Rug,Custom Fantasy Dragon Round Rug with Text for Reading Room and Bedroom,UNKNOWN,EVERGREEN_OR_OTHER,493,products_json_page_2; https://chillgen.com/products.json?limit=250&page=2,2026-09-07T00:00:00+07:00,2026-09-07T00:00:00+07:00,admin_only_fields_unknown_without_shopify_csv,B050,COMPLETED,DRAFTED,NEEDS_REVIEW
1.0,2.4,chillgen_20260907_01,chillgen.com,personalized-dragon-round-rug-db93e1ad22,personalized-dragon-round-rug-db93e1ad22,15912038105457,gid://shopify/Product/15912038105457,https://chillgen.com/products/personalized-dragon-round-rug-db93e1ad22,https://chillgen.com/products/personalized-dragon-round-rug-db93e1ad22,en-US,US,PUBLIC_AVAILABLE,ACCESSIBLE_PUBLIC_JSON,DISCOVERED_PUBLIC_PRODUCTS_JSON,Rug,Personalized Dragon Library Round Rug with Low Pile for Reading Nook,UNKNOWN,EVERGREEN_OR_OTHER,494,products_json_page_2; https://chillgen.com/products.json?limit=250&page=2,2026-09-07T00:00:00+07:00,2026-09-07T00:00:00+07:00,admin_only_fields_unknown_without_shopify_csv,B050,COMPLETED,DRAFTED,NEEDS_REVIEW
1.0,2.4,chillgen_20260907_01,chillgen.com,personalized-3d-dragon-round-rug-library-illusion-0ba25b8c93,personalized-3d-dragon-round-rug-library-illusion-0ba25b8c93,15912037941617,gid://shopify/Product/15912037941617,https://chillgen.com/products/personalized-3d-dragon-round-rug-library-illusion-0ba25b8c93,https://chillgen.com/products/personalized-3d-dragon-round-rug-library-illusion-0ba25b8c93,en-US,US,PUBLIC_AVAILABLE,ACCESSIBLE_PUBLIC_JSON,DISCOVERED_PUBLIC_PRODUCTS_JSON,Rug,Custom 3D Dragon Round Rug with Non Slip Backing for Bedroom Library,UNKNOWN,EVERGREEN_OR_OTHER,495,products_json_page_2; https://chillgen.com/products.json?limit=250&page=2,2026-09-07T00:00:00+07:00,2026-09-07T00:00:00+07:00,admin_only_fields_unknown_without_shopify_csv,B050,COMPLETED,DRAFTED,NEEDS_REVIEW
1.0,2.4,chillgen_20260907_01,chillgen.com,custom-3d-dragon-round-rug-c5c3c2de5b,custom-3d-dragon-round-rug-c5c3c2de5b,15912037581169,gid://shopify/Product/15912037581169,https://chillgen.com/products/custom-3d-dragon-round-rug-c5c3c2de5b,https://chillgen.com/products/custom-3d-dragon-round-rug-c5c3c2de5b,en-US,US,PUBLIC_AVAILABLE,ACCESSIBLE_PUBLIC_JSON,DISCOVERED_PUBLIC_PRODUCTS_JSON,Rug,Personalized Dragon Bookshelf Round Rug for Book Lovers Reading Nook,UNKNOWN,EVERGREEN_OR_OTHER,496,products_json_page_2; https://chillgen.com/products.json?limit=250&page=2,2026-09-07T00:00:00+07:00,2026-09-07T00:00:00+07:00,admin_only_fields_unknown_without_shopify_csv,B050,COMPLETED,DRAFTED,NEEDS_REVIEW
1.0,2.4,chillgen_20260907_01,chillgen.com,custom-dragon-round-rug-3d-illusion-library-pattern-66ba99d7f5,custom-dragon-round-rug-3d-illusion-library-pattern-66ba99d7f5,15912034861425,gid://shopify/Product/15912034861425,https://chillgen.com/products/custom-dragon-round-rug-3d-illusion-library-pattern-66ba99d7f5,https://chillgen.com/products/custom-dragon-round-rug-3d-illusion-library-pattern-66ba99d7f5,en-US,US,PUBLIC_AVAILABLE,ACCESSIBLE_PUBLIC_JSON,DISCOVERED_PUBLIC_PRODUCTS_JSON,Rug,Custom Dragon Library Round Rug with 3D Illusion for Reading Room,UNKNOWN,EVERGREEN_OR_OTHER,497,products_json_page_2; https://chillgen.com/products.json?limit=250&page=2,2026-09-07T00:00:00+07:00,2026-09-07T00:00:00+07:00,admin_only_fields_unknown_without_shopify_csv,B050,COMPLETED,DRAFTED,NEEDS_REVIEW
1.0,2.4,chillgen_20260907_01,chillgen.com,custom-3d-effect-dragon-round-rug-47b32027ce,custom-3d-effect-dragon-round-rug-47b32027ce,15912033845617,gid://shopify/Product/15912033845617,https://chillgen.com/products/custom-3d-effect-dragon-round-rug-47b32027ce,https://chillgen.com/products/custom-3d-effect-dragon-round-rug-47b32027ce,en-US,US,PUBLIC_AVAILABLE,ACCESSIBLE_PUBLIC_JSON,DISCOVERED_PUBLIC_PRODUCTS_JSON,Rug,Custom 3D Dragon Round Rug with Text for Library Bedroom and Reading Nook,UNKNOWN,EVERGREEN_OR_OTHER,498,products_json_page_2; https://chillgen.com/products.json?limit=250&page=2,2026-09-07T00:00:00+07:00,2026-09-07T00:00:00+07:00,admin_only_fields_unknown_without_shopify_csv,B050,COMPLETED,DRAFTED,NEEDS_REVIEW
1.0,2.4,chillgen_20260907_01,chillgen.com,personalized-classroom-doormat-605767e184,personalized-classroom-doormat-605767e184,15912102920561,gid://shopify/Product/15912102920561,https://chillgen.com/products/personalized-classroom-doormat-605767e184,https://chillgen.com/products/personalized-classroom-doormat-605767e184,en-US,US,PUBLIC_AVAILABLE,ACCESSIBLE_PUBLIC_JSON,DISCOVERED_PUBLIC_PRODUCTS_JSON,Rug,Custom Composition Notebook Classroom Doormat with Teacher Name for Entryway,UNKNOWN,EVERGREEN_OR_OTHER,499,products_json_page_2; https://chillgen.com/products.json?limit=250&page=2,2026-09-07T00:00:00+07:00,2026-09-07T00:00:00+07:00,admin_only_fields_unknown_without_shopify_csv,B050,COMPLETED,DRAFTED,NEEDS_REVIEW
1.0,2.4,chillgen_20260907_01,chillgen.com,custom-flamingo-doormat-pink-bird-floral-b8f6e38c9d,custom-flamingo-doormat-pink-bird-floral-b8f6e38c9d,15912103117169,gid://shopify/Product/15912103117169,https://chillgen.com/products/custom-flamingo-doormat-pink-bird-floral-b8f6e38c9d,https://chillgen.com/products/custom-flamingo-doormat-pink-bird-floral-b8f6e38c9d,en-US,US,PUBLIC_AVAILABLE,ACCESSIBLE_PUBLIC_JSON,DISCOVERED_PUBLIC_PRODUCTS_JSON,Rug,Tropical Flamingo Area Rug with Non Slip Backing for Living Room Decor,UNKNOWN,EVERGREEN_OR_OTHER,500,products_json_page_2; https://chillgen.com/products.json?limit=250&page=2,2026-09-07T00:00:00+07:00,2026-09-07T00:00:00+07:00,admin_only_fields_unknown_without_shopify_csv,B050,COMPLETED,DRAFTED,NEEDS_REVIEW
1.0,2.4,chillgen_20260907_01,chillgen.com,personalized-welcome-doormat-class-teacher-f81a80f527,personalized-welcome-doormat-class-teacher-f81a80f527,15912103903601,gid://shopify/Product/15912103903601,https://chillgen.com/products/personalized-welcome-doormat-class-teacher-f81a80f527,https://chillgen.com/products/personalized-welcome-doormat-class-teacher-f81a80f527,en-US,US,PUBLIC_AVAILABLE,ACCESSIBLE_PUBLIC_JSON,DISCOVERED_PUBLIC_PRODUCTS_JSON,Rug,Personalized Composition Notebook Welcome Mat for Classroom Door Hallway,UNKNOWN,EVERGREEN_OR_OTHER,501,products_json_page_3; https://chillgen.com/products.json?limit=250&page=3,2026-09-07T00:00:00+07:00,2026-09-07T00:00:00+07:00,admin_only_fields_unknown_without_shopify_csv,B051,COMPLETED,DRAFTED,NEEDS_REVIEW
1.0,2.4,chillgen_20260907_01,chillgen.com,custom-flamingo-welcome-mat-for-front-door-2096a15fdb,custom-flamingo-welcome-mat-for-front-door-2096a15fdb,15912104329585,gid://shopify/Product/15912104329585,https://chillgen.com/products/custom-flamingo-welcome-mat-for-front-door-2096a15fdb,https://chillgen.com/products/custom-flamingo-welcome-mat-for-front-door-2096a15fdb,en-US,US,PUBLIC_AVAILABLE,ACCESSIBLE_PUBLIC_JSON,DISCOVERED_PUBLIC_PRODUCTS_JSON,Rug,Watercolor Flamingo Area Rug with Soft Flannel Surface for Bedroom and Dorm,UNKNOWN,EVERGREEN_OR_OTHER,502,products_json_page_3; https://chillgen.com/products.json?limit=250&page=3,2026-09-07T00:00:00+07:00,2026-09-07T00:00:00+07:00,admin_only_fields_unknown_without_shopify_csv,B051,COMPLETED,DRAFTED,NEEDS_REVIEW
1.0,2.4,chillgen_20260907_01,chillgen.com,personalized-classroom-doormat-custom-teacher-name-23d2140383,personalized-classroom-doormat-custom-teacher-name-23d2140383,15912104460657,gid://shopify/Product/15912104460657,https://chillgen.com/products/personalized-classroom-doormat-custom-teacher-name-23d2140383,https://chillgen.com/products/personalized-classroom-doormat-custom-teacher-name-23d2140383,en-US,US,PUBLIC_AVAILABLE,ACCESSIBLE_PUBLIC_JSON,DISCOVERED_PUBLIC_PRODUCTS_JSON,Rug,Custom Back to School Notebook Mat with Teacher Name for Entryway,UNKNOWN,EVERGREEN_OR_OTHER,503,products_json_page_3; https://chillgen.com/products.json?limit=250&page=3,2026-09-07T00:00:00+07:00,2026-09-07T00:00:00+07:00,admin_only_fields_unknown_without_shopify_csv,B051,COMPLETED,DRAFTED,NEEDS_REVIEW
1.0,2.4,chillgen_20260907_01,chillgen.com,custom-pink-flamingo-welcome-mat-98ad4e675e,custom-pink-flamingo-welcome-mat-98ad4e675e,15912104624497,gid://shopify/Product/15912104624497,https://chillgen.com/products/custom-pink-flamingo-welcome-mat-98ad4e675e,https://chillgen.com/products/custom-pink-flamingo-welcome-mat-98ad4e675e,en-US,US,PUBLIC_AVAILABLE,ACCESSIBLE_PUBLIC_JSON,DISCOVERED_PUBLIC_PRODUCTS_JSON,Rug,Custom Flamingo Area Rug with Message and Washable Low Pile Surface for Entryway,UNKNOWN,EVERGREEN_OR_OTHER,504,products_json_page_3; https://chillgen.com/products.json?limit=250&page=3,2026-09-07T00:00:00+07:00,2026-09-07T00:00:00+07:00,admin_only_fields_unknown_without_shopify_csv,B051,COMPLETED,DRAFTED,NEEDS_REVIEW
1.0,2.4,chillgen_20260907_01,chillgen.com,personalized-classroom-doormat-welcome-to-class-door-mat-d4e1808fcb,personalized-classroom-doormat-welcome-to-class-door-mat-d4e1808fcb,15912104657265,gid://shopify/Product/15912104657265,https://chillgen.com/products/personalized-classroom-doormat-welcome-to-class-door-mat-d4e1808fcb,https://chillgen.com/products/personalized-classroom-doormat-welcome-to-class-door-mat-d4e1808fcb,en-US,US,PUBLIC_AVAILABLE,ACCESSIBLE_PUBLIC_JSON,DISCOVERED_PUBLIC_PRODUCTS_JSON,Rug,Personalized Composition Notebook Classroom Mat for School Entrance,UNKNOWN,EVERGREEN_OR_OTHER,505,products_json_page_3; https://chillgen.com/products.json?limit=250&page=3,2026-09-07T00:00:00+07:00,2026-09-07T00:00:00+07:00,admin_only_fields_unknown_without_shopify_csv,B051,COMPLETED,DRAFTED,NEEDS_REVIEW
1.0,2.4,chillgen_20260907_01,chillgen.com,custom-classroom-welcome-mat-for-front-door-ca10b2ead1,custom-classroom-welcome-mat-for-front-door-ca10b2ead1,15912104690033,gid://shopify/Product/15912104690033,https://chillgen.com/products/custom-classroom-welcome-mat-for-front-door-ca10b2ead1,https://chillgen.com/products/custom-classroom-welcome-mat-for-front-door-ca10b2ead1,en-US,US,PUBLIC_AVAILABLE,ACCESSIBLE_PUBLIC_JSON,DISCOVERED_PUBLIC_PRODUCTS_JSON,Rug,Custom Composition Notebook Welcome Mat with Teacher Name for Classroom,UNKNOWN,EVERGREEN_OR_OTHER,506,products_json_page_3; https://chillgen.com/products.json?limit=250&page=3,2026-09-07T00:00:00+07:00,2026-09-07T00:00:00+07:00,admin_only_fields_unknown_without_shopify_csv,B051,COMPLETED,DRAFTED,NEEDS_REVIEW
1.0,2.4,chillgen_20260907_01,chillgen.com,personalized-classroom-doormat-custom-teacher-name-45bc0142b3,personalized-classroom-doormat-custom-teacher-name-45bc0142b3,15912104788337,gid://shopify/Product/15912104788337,https://chillgen.com/products/personalized-classroom-doormat-custom-teacher-name-45bc0142b3,https://chillgen.com/products/personalized-classroom-doormat-custom-teacher-name-45bc0142b3,en-US,US,PUBLIC_AVAILABLE,ACCESSIBLE_PUBLIC_JSON,DISCOVERED_PUBLIC_PRODUCTS_JSON,Rug,Custom Composition Notebook Doormat with Teacher Name for Classroom,UNKNOWN,EVERGREEN_OR_OTHER,507,products_json_page_3; https://chillgen.com/products.json?limit=250&page=3,2026-09-07T00:00:00+07:00,2026-09-07T00:00:00+07:00,admin_only_fields_unknown_without_shopify_csv,B051,COMPLETED,DRAFTED,NEEDS_REVIEW
1.0,2.4,chillgen_20260907_01,chillgen.com,custom-pink-flamingo-welcome-mat-for-entrance-and-living-room-c2beb658ca,custom-pink-flamingo-welcome-mat-for-entrance-and-living-room-c2beb658ca,15912104853873,gid://shopify/Product/15912104853873,https://chillgen.com/products/custom-pink-flamingo-welcome-mat-for-entrance-and-living-room-c2beb658ca,https://chillgen.com/products/custom-pink-flamingo-welcome-mat-for-entrance-and-living-room-c2beb658ca,en-US,US,PUBLIC_AVAILABLE,ACCESSIBLE_PUBLIC_JSON,DISCOVERED_PUBLIC_PRODUCTS_JSON,Rug,Flamingo Couple Area Rug with Memory Foam Comfort for Living Room Decor,UNKNOWN,EVERGREEN_OR_OTHER,508,products_json_page_3; https://chillgen.com/products.json?limit=250&page=3,2026-09-07T00:00:00+07:00,2026-09-07T00:00:00+07:00,admin_only_fields_unknown_without_shopify_csv,B051,COMPLETED,DRAFTED,NEEDS_REVIEW
1.0,2.4,chillgen_20260907_01,chillgen.com,custom-pink-flamingo-area-rug-doormat-e7ac68e9c9,custom-pink-flamingo-area-rug-doormat-e7ac68e9c9,15912105083249,gid://shopify/Product/15912105083249,https://chillgen.com/products/custom-pink-flamingo-area-rug-doormat-e7ac68e9c9,https://chillgen.com/products/custom-pink-flamingo-area-rug-doormat-e7ac68e9c9,en-US,US,PUBLIC_AVAILABLE,ACCESSIBLE_PUBLIC_JSON,DISCOVERED_PUBLIC_PRODUCTS_JSON,Rug,Tropical Flamingo Floor Rug with Reinforced Edges for Kids Room and Office,UNKNOWN,EVERGREEN_OR_OTHER,509,products_json_page_3; https://chillgen.com/products.json?limit=250&page=3,2026-09-07T00:00:00+07:00,2026-09-07T00:00:00+07:00,admin_only_fields_unknown_without_shopify_csv,B051,COMPLETED,DRAFTED,NEEDS_REVIEW
1.0,2.4,chillgen_20260907_01,chillgen.com,custom-koi-fish-shaped-area-rug-3b4acfcd3b,custom-koi-fish-shaped-area-rug-3b4acfcd3b,15912113373553,gid://shopify/Product/15912113373553,https://chillgen.com/products/custom-koi-fish-shaped-area-rug-3b4acfcd3b,https://chillgen.com/products/custom-koi-fish-shaped-area-rug-3b4acfcd3b,en-US,US,PUBLIC_AVAILABLE,ACCESSIBLE_PUBLIC_JSON,DISCOVERED_PUBLIC_PRODUCTS_JSON,Rug,Custom Koi Fish Shaped Area Rug with 3D Pond Design for Living Room,UNKNOWN,EVERGREEN_OR_OTHER,510,products_json_page_3; https://chillgen.com/products.json?limit=250&page=3,2026-09-07T00:00:00+07:00,2026-09-07T00:00:00+07:00,admin_only_fields_unknown_without_shopify_csv,B051,COMPLETED,DRAFTED,NEEDS_REVIEW
1.0,2.4,chillgen_20260907_01,chillgen.com,custom-japanese-koi-fish-shaped-area-rug-940fcac253,custom-japanese-koi-fish-shaped-area-rug-940fcac253,15912113471857,gid://shopify/Product/15912113471857,https://chillgen.com/products/custom-japanese-koi-fish-shaped-area-rug-940fcac253,https://chillgen.com/products/custom-japanese-koi-fish-shaped-area-rug-940fcac253,en-US,US,PUBLIC_AVAILABLE,ACCESSIBLE_PUBLIC_JSON,DISCOVERED_PUBLIC_PRODUCTS_JSON,Rug,Personalized Japanese Koi Pond Rug with Non Slip Backing for Bedroom,UNKNOWN,EVERGREEN_OR_OTHER,511,products_json_page_3; https://chillgen.com/products.json?limit=250&page=3,2026-09-07T00:00:00+07:00,2026-09-07T00:00:00+07:00,admin_only_fields_unknown_without_shopify_csv,B052,COMPLETED,DRAFTED,NEEDS_REVIEW
1.0,2.4,chillgen_20260907_01,chillgen.com,custom-japanese-koi-fish-shaped-area-rug-925e5d0767,custom-japanese-koi-fish-shaped-area-rug-925e5d0767,15912113504625,gid://shopify/Product/15912113504625,https://chillgen.com/products/custom-japanese-koi-fish-shaped-area-rug-925e5d0767,https://chillgen.com/products/custom-japanese-koi-fish-shaped-area-rug-925e5d0767,en-US,US,PUBLIC_AVAILABLE,ACCESSIBLE_PUBLIC_JSON,DISCOVERED_PUBLIC_PRODUCTS_JSON,Rug,Custom Koi Pond Area Rug with Lotus Design and Washable Low Pile for Entryway,UNKNOWN,EVERGREEN_OR_OTHER,512,products_json_page_3; https://chillgen.com/products.json?limit=250&page=3,2026-09-07T00:00:00+07:00,2026-09-07T00:00:00+07:00,admin_only_fields_unknown_without_shopify_csv,B052,COMPLETED,DRAFTED,NEEDS_REVIEW
1.0,2.4,chillgen_20260907_01,chillgen.com,custom-koi-fish-shaped-area-rug-027c867fc1,custom-koi-fish-shaped-area-rug-027c867fc1,15912113734001,gid://shopify/Product/15912113734001,https://chillgen.com/products/custom-koi-fish-shaped-area-rug-027c867fc1,https://chillgen.com/products/custom-koi-fish-shaped-area-rug-027c867fc1,en-US,US,PUBLIC_AVAILABLE,ACCESSIBLE_PUBLIC_JSON,DISCOVERED_PUBLIC_PRODUCTS_JSON,Rug,Custom Koi Fish Shaped Rug with Text and Memory Foam for Bedroom and Office,UNKNOWN,EVERGREEN_OR_OTHER,513,products_json_page_3; https://chillgen.com/products.json?limit=250&page=3,2026-09-07T00:00:00+07:00,2026-09-07T00:00:00+07:00,admin_only_fields_unknown_without_shopify_csv,B052,COMPLETED,DRAFTED,NEEDS_REVIEW
1.0,2.4,chillgen_20260907_01,chillgen.com,custom-japanese-koi-fish-shaped-area-rug-aa33e1b43a,custom-japanese-koi-fish-shaped-area-rug-aa33e1b43a,15912113799537,gid://shopify/Product/15912113799537,https://chillgen.com/products/custom-japanese-koi-fish-shaped-area-rug-aa33e1b43a,https://chillgen.com/products/custom-japanese-koi-fish-shaped-area-rug-aa33e1b43a,en-US,US,PUBLIC_AVAILABLE,ACCESSIBLE_PUBLIC_JSON,DISCOVERED_PUBLIC_PRODUCTS_JSON,Rug,Personalized Koi Pond Area Rug with Fade Resistant Low Pile for Living Room,UNKNOWN,EVERGREEN_OR_OTHER,514,products_json_page_3; https://chillgen.com/products.json?limit=250&page=3,2026-09-07T00:00:00+07:00,2026-09-07T00:00:00+07:00,admin_only_fields_unknown_without_shopify_csv,B052,COMPLETED,DRAFTED,NEEDS_REVIEW
1.0,2.4,chillgen_20260907_01,chillgen.com,custom-japanese-koi-fish-shaped-area-rug-3e3d07aa66,custom-japanese-koi-fish-shaped-area-rug-3e3d07aa66,15912113832305,gid://shopify/Product/15912113832305,https://chillgen.com/products/custom-japanese-koi-fish-shaped-area-rug-3e3d07aa66,https://chillgen.com/products/custom-japanese-koi-fish-shaped-area-rug-3e3d07aa66,en-US,US,PUBLIC_AVAILABLE,ACCESSIBLE_PUBLIC_JSON,DISCOVERED_PUBLIC_PRODUCTS_JSON,Rug,Custom Japanese Koi Fish Rug with Reinforced Edges for Meditation Room,UNKNOWN,EVERGREEN_OR_OTHER,515,products_json_page_3; https://chillgen.com/products.json?limit=250&page=3,2026-09-07T00:00:00+07:00,2026-09-07T00:00:00+07:00,admin_only_fields_unknown_without_shopify_csv,B052,COMPLETED,DRAFTED,NEEDS_REVIEW
1.0,2.4,chillgen_20260907_01,chillgen.com,custom-notebook-welcome-mat-for-classroom-and-back-to-school-083d60a52a,custom-notebook-welcome-mat-for-classroom-and-back-to-school-083d60a52a,15912114028913,gid://shopify/Product/15912114028913,https://chillgen.com/products/custom-notebook-welcome-mat-for-classroom-and-back-to-school-083d60a52a,https://chillgen.com/products/custom-notebook-welcome-mat-for-classroom-and-back-to-school-083d60a52a,en-US,US,PUBLIC_AVAILABLE,ACCESSIBLE_PUBLIC_JSON,DISCOVERED_PUBLIC_PRODUCTS_JSON,Rug,Custom Notebook Classroom Welcome Mat with Name for School Entryway,UNKNOWN,EVERGREEN_OR_OTHER,516,products_json_page_3; https://chillgen.com/products.json?limit=250&page=3,2026-09-07T00:00:00+07:00,2026-09-07T00:00:00+07:00,admin_only_fields_unknown_without_shopify_csv,B052,COMPLETED,DRAFTED,NEEDS_REVIEW
1.0,2.4,chillgen_20260907_01,chillgen.com,personalized-welcome-mat-custom-teacher-name-chibi-design-40e329a6be,personalized-welcome-mat-custom-teacher-name-chibi-design-40e329a6be,15912114127217,gid://shopify/Product/15912114127217,https://chillgen.com/products/personalized-welcome-mat-custom-teacher-name-chibi-design-40e329a6be,https://chillgen.com/products/personalized-welcome-mat-custom-teacher-name-chibi-design-40e329a6be,en-US,US,PUBLIC_AVAILABLE,ACCESSIBLE_PUBLIC_JSON,DISCOVERED_PUBLIC_PRODUCTS_JSON,Rug,Custom Chibi Classroom Welcome Mat with Teacher Name and Grade Level,UNKNOWN,EVERGREEN_OR_OTHER,517,products_json_page_3; https://chillgen.com/products.json?limit=250&page=3,2026-09-07T00:00:00+07:00,2026-09-07T00:00:00+07:00,admin_only_fields_unknown_without_shopify_csv,B052,COMPLETED,DRAFTED,NEEDS_REVIEW
1.0,2.4,chillgen_20260907_01,chillgen.com,personalized-teacher-welcome-mat-for-classroom-and-school-decor-524e2c0f63,personalized-teacher-welcome-mat-for-classroom-and-school-decor-524e2c0f63,15912114159985,gid://shopify/Product/15912114159985,https://chillgen.com/products/personalized-teacher-welcome-mat-for-classroom-and-school-decor-524e2c0f63,https://chillgen.com/products/personalized-teacher-welcome-mat-for-classroom-and-school-decor-524e2c0f63,en-US,US,PUBLIC_AVAILABLE,ACCESSIBLE_PUBLIC_JSON,DISCOVERED_PUBLIC_PRODUCTS_JSON,Rug,Personalized Teacher Welcome Mat with Name for Classroom Entrance,UNKNOWN,EVERGREEN_OR_OTHER,518,products_json_page_3; https://chillgen.com/products.json?limit=250&page=3,2026-09-07T00:00:00+07:00,2026-09-07T00:00:00+07:00,admin_only_fields_unknown_without_shopify_csv,B052,COMPLETED,DRAFTED,NEEDS_REVIEW
1.0,2.4,chillgen_20260907_01,chillgen.com,personalized-teacher-classroom-doormat-20d4a8ff55,personalized-teacher-classroom-doormat-20d4a8ff55,15912114323825,gid://shopify/Product/15912114323825,https://chillgen.com/products/personalized-teacher-classroom-doormat-20d4a8ff55,https://chillgen.com/products/personalized-teacher-classroom-doormat-20d4a8ff55,en-US,US,PUBLIC_AVAILABLE,ACCESSIBLE_PUBLIC_JSON,DISCOVERED_PUBLIC_PRODUCTS_JSON,Rug,Custom Colorful Classroom Doormat with Name and Soft Low Pile for School Door,UNKNOWN,EVERGREEN_OR_OTHER,519,products_json_page_3; https://chillgen.com/products.json?limit=250&page=3,2026-09-07T00:00:00+07:00,2026-09-07T00:00:00+07:00,admin_only_fields_unknown_without_shopify_csv,B052,COMPLETED,DRAFTED,NEEDS_REVIEW
1.0,2.4,chillgen_20260907_01,chillgen.com,personalized-teacher-classroom-doormat-98fd058bd0,personalized-teacher-classroom-doormat-98fd058bd0,15912114389361,gid://shopify/Product/15912114389361,https://chillgen.com/products/personalized-teacher-classroom-doormat-98fd058bd0,https://chillgen.com/products/personalized-teacher-classroom-doormat-98fd058bd0,en-US,US,PUBLIC_AVAILABLE,ACCESSIBLE_PUBLIC_JSON,DISCOVERED_PUBLIC_PRODUCTS_JSON,Rug,Personalized Back to School Doormat with Teacher Name for Classroom,UNKNOWN,EVERGREEN_OR_OTHER,520,products_json_page_3; https://chillgen.com/products.json?limit=250&page=3,2026-09-07T00:00:00+07:00,2026-09-07T00:00:00+07:00,admin_only_fields_unknown_without_shopify_csv,B052,COMPLETED,DRAFTED,NEEDS_REVIEW
1.0,2.4,chillgen_20260907_01,chillgen.com,custom-teacher-welcome-doormat-classroom-school-gym-f138369d41,custom-teacher-welcome-doormat-classroom-school-gym-f138369d41,15912114520433,gid://shopify/Product/15912114520433,https://chillgen.com/products/custom-teacher-welcome-doormat-classroom-school-gym-f138369d41,https://chillgen.com/products/custom-teacher-welcome-doormat-classroom-school-gym-f138369d41,en-US,US,PUBLIC_AVAILABLE,ACCESSIBLE_PUBLIC_JSON,DISCOVERED_PUBLIC_PRODUCTS_JSON,Rug,Custom Classroom Gym Welcome Mat with Teacher Name and Soft Surface,UNKNOWN,EVERGREEN_OR_OTHER,521,products_json_page_3; https://chillgen.com/products.json?limit=250&page=3,2026-09-07T00:00:00+07:00,2026-09-07T00:00:00+07:00,admin_only_fields_unknown_without_shopify_csv,B053,COMPLETED,DRAFTED,NEEDS_REVIEW
1.0,2.4,chillgen_20260907_01,chillgen.com,custom-teacher-classroom-welcome-doormat-513babf582,custom-teacher-classroom-welcome-doormat-513babf582,15912114618737,gid://shopify/Product/15912114618737,https://chillgen.com/products/custom-teacher-classroom-welcome-doormat-513babf582,https://chillgen.com/products/custom-teacher-classroom-welcome-doormat-513babf582,en-US,US,PUBLIC_AVAILABLE,ACCESSIBLE_PUBLIC_JSON,DISCOVERED_PUBLIC_PRODUCTS_JSON,Rug,Custom Classroom Theme Doormat with Teacher Name for Preschool Entryway,UNKNOWN,EVERGREEN_OR_OTHER,522,products_json_page_3; https://chillgen.com/products.json?limit=250&page=3,2026-09-07T00:00:00+07:00,2026-09-07T00:00:00+07:00,admin_only_fields_unknown_without_shopify_csv,B053,COMPLETED,DRAFTED,NEEDS_REVIEW
1.0,2.4,chillgen_20260907_01,chillgen.com,personalized-name-teacher-doormat-classroom-school-e7cafd4fd8,personalized-name-teacher-doormat-classroom-school-e7cafd4fd8,15912114651505,gid://shopify/Product/15912114651505,https://chillgen.com/products/personalized-name-teacher-doormat-classroom-school-e7cafd4fd8,https://chillgen.com/products/personalized-name-teacher-doormat-classroom-school-e7cafd4fd8,en-US,US,PUBLIC_AVAILABLE,ACCESSIBLE_PUBLIC_JSON,DISCOVERED_PUBLIC_PRODUCTS_JSON,Rug,Custom Teacher Name Doormat with Non Slip Backing for School Entryway,UNKNOWN,EVERGREEN_OR_OTHER,523,products_json_page_3; https://chillgen.com/products.json?limit=250&page=3,2026-09-07T00:00:00+07:00,2026-09-07T00:00:00+07:00,admin_only_fields_unknown_without_shopify_csv,B053,COMPLETED,DRAFTED,NEEDS_REVIEW
1.0,2.4,chillgen_20260907_01,chillgen.com,personalized-vinyl-record-rug-with-photo-and-song-name-9a545dcd49,personalized-vinyl-record-rug-with-photo-and-song-name-9a545dcd49,15911622574449,gid://shopify/Product/15911622574449,https://chillgen.com/products/personalized-vinyl-record-rug-with-photo-and-song-name-9a545dcd49,https://chillgen.com/products/personalized-vinyl-record-rug-with-photo-and-song-name-9a545dcd49,en-US,US,PUBLIC_AVAILABLE,ACCESSIBLE_PUBLIC_JSON,DISCOVERED_PUBLIC_PRODUCTS_JSON,Rug,Personalized Vinyl Record Rug with Photo and Song Name for Music Rooms,UNKNOWN,EVERGREEN_OR_OTHER,524,products_json_page_3; https://chillgen.com/products.json?limit=250&page=3,2026-09-07T00:00:00+07:00,2026-09-07T00:00:00+07:00,admin_only_fields_unknown_without_shopify_csv,B053,COMPLETED,DRAFTED,NEEDS_REVIEW
1.0,2.4,chillgen_20260907_01,chillgen.com,personalized-vinyl-record-rug-with-photo-and-song-name-9667c97a3c,personalized-vinyl-record-rug-with-photo-and-song-name-9667c97a3c,15911627227505,gid://shopify/Product/15911627227505,https://chillgen.com/products/personalized-vinyl-record-rug-with-photo-and-song-name-9667c97a3c,https://chillgen.com/products/personalized-vinyl-record-rug-with-photo-and-song-name-9667c97a3c,en-US,US,PUBLIC_AVAILABLE,ACCESSIBLE_PUBLIC_JSON,DISCOVERED_PUBLIC_PRODUCTS_JSON,Rug,Custom Round Vinyl Record Rug with Song Title and Artist for Couples,UNKNOWN,EVERGREEN_OR_OTHER,525,products_json_page_3; https://chillgen.com/products.json?limit=250&page=3,2026-09-07T00:00:00+07:00,2026-09-07T00:00:00+07:00,admin_only_fields_unknown_without_shopify_csv,B053,COMPLETED,DRAFTED,NEEDS_REVIEW
1.0,2.4,chillgen_20260907_01,chillgen.com,personalized-vinyl-record-rug-with-photo-and-song-name-19f23f2bc0,personalized-vinyl-record-rug-with-photo-and-song-name-19f23f2bc0,15911628145009,gid://shopify/Product/15911628145009,https://chillgen.com/products/personalized-vinyl-record-rug-with-photo-and-song-name-19f23f2bc0,https://chillgen.com/products/personalized-vinyl-record-rug-with-photo-and-song-name-19f23f2bc0,en-US,US,PUBLIC_AVAILABLE,ACCESSIBLE_PUBLIC_JSON,DISCOVERED_PUBLIC_PRODUCTS_JSON,Rug,Personalized Record Rug with Photo and Favorite Song for Dorm Rooms,UNKNOWN,EVERGREEN_OR_OTHER,526,products_json_page_3; https://chillgen.com/products.json?limit=250&page=3,2026-09-07T00:00:00+07:00,2026-09-07T00:00:00+07:00,admin_only_fields_unknown_without_shopify_csv,B053,COMPLETED,DRAFTED,NEEDS_REVIEW
1.0,2.4,chillgen_20260907_01,chillgen.com,custom-3d-effect-dragon-round-rug-9cee675fdf,custom-3d-effect-dragon-round-rug-9cee675fdf,15912046100849,gid://shopify/Product/15912046100849,https://chillgen.com/products/custom-3d-effect-dragon-round-rug-9cee675fdf,https://chillgen.com/products/custom-3d-effect-dragon-round-rug-9cee675fdf,en-US,US,PUBLIC_AVAILABLE,ACCESSIBLE_PUBLIC_JSON,DISCOVERED_PUBLIC_PRODUCTS_JSON,Rug,Personalized Dragon Round Rug with Bookshelf Design for Bedroom Reading Nook,UNKNOWN,EVERGREEN_OR_OTHER,527,products_json_page_3; https://chillgen.com/products.json?limit=250&page=3,2026-09-07T00:00:00+07:00,2026-09-07T00:00:00+07:00,admin_only_fields_unknown_without_shopify_csv,B053,COMPLETED,DRAFTED,NEEDS_REVIEW
1.0,2.4,chillgen_20260907_01,chillgen.com,custom-3d-effect-dragon-round-rug-personalized-3d-printed-dragon-book-lovers-library-optical-illusion-rug-c5c462d4c8,custom-3d-effect-dragon-round-rug-personalized-3d-printed-dragon-book-lovers-library-optical-illusion-rug-c5c462d4c8,15912046362993,gid://shopify/Product/15912046362993,https://chillgen.com/products/custom-3d-effect-dragon-round-rug-personalized-3d-printed-dragon-book-lovers-library-optical-illusion-rug-c5c462d4c8,https://chillgen.com/products/custom-3d-effect-dragon-round-rug-personalized-3d-printed-dragon-book-lovers-library-optical-illusion-rug-c5c462d4c8,en-US,US,PUBLIC_AVAILABLE,ACCESSIBLE_PUBLIC_JSON,DISCOVERED_PUBLIC_PRODUCTS_JSON,Rug,Custom 3D Dragon Bookshelf Round Rug with Non Slip Backing for Library,UNKNOWN,EVERGREEN_OR_OTHER,528,products_json_page_3; https://chillgen.com/products.json?limit=250&page=3,2026-09-07T00:00:00+07:00,2026-09-07T00:00:00+07:00,admin_only_fields_unknown_without_shopify_csv,B053,COMPLETED,DRAFTED,NEEDS_REVIEW
1.0,2.4,chillgen_20260907_01,chillgen.com,custom-classroom-welcome-mat-for-front-door-and-entryway-74cdb5663b,custom-classroom-welcome-mat-for-front-door-and-entryway-74cdb5663b,15912046494065,gid://shopify/Product/15912046494065,https://chillgen.com/products/custom-classroom-welcome-mat-for-front-door-and-entryway-74cdb5663b,https://chillgen.com/products/custom-classroom-welcome-mat-for-front-door-and-entryway-74cdb5663b,en-US,US,PUBLIC_AVAILABLE,ACCESSIBLE_PUBLIC_JSON,DISCOVERED_PUBLIC_PRODUCTS_JSON,Rug,Coping Skills Classroom Rug with Custom Name for Calm Corner Learning,UNKNOWN,EVERGREEN_OR_OTHER,529,products_json_page_3; https://chillgen.com/products.json?limit=250&page=3,2026-09-07T00:00:00+07:00,2026-09-07T00:00:00+07:00,admin_only_fields_unknown_without_shopify_csv,B053,COMPLETED,DRAFTED,NEEDS_REVIEW
1.0,2.4,chillgen_20260907_01,chillgen.com,personalized-dragon-round-rug-3d-effect-dcdcc98f68,personalized-dragon-round-rug-3d-effect-dcdcc98f68,15912046559601,gid://shopify/Product/15912046559601,https://chillgen.com/products/personalized-dragon-round-rug-3d-effect-dcdcc98f68,https://chillgen.com/products/personalized-dragon-round-rug-3d-effect-dcdcc98f68,en-US,US,PUBLIC_AVAILABLE,ACCESSIBLE_PUBLIC_JSON,DISCOVERED_PUBLIC_PRODUCTS_JSON,Rug,Personalized Dragon Library Round Rug with Memory Foam for Bedroom,UNKNOWN,EVERGREEN_OR_OTHER,530,products_json_page_3; https://chillgen.com/products.json?limit=250&page=3,2026-09-07T00:00:00+07:00,2026-09-07T00:00:00+07:00,admin_only_fields_unknown_without_shopify_csv,B053,COMPLETED,DRAFTED,NEEDS_REVIEW
1.0,2.4,chillgen_20260907_01,chillgen.com,feeling-rugs-kids-mental-health-brain-area-rug-fae7deacd8,feeling-rugs-kids-mental-health-brain-area-rug-fae7deacd8,15912046887281,gid://shopify/Product/15912046887281,https://chillgen.com/products/feeling-rugs-kids-mental-health-brain-area-rug-fae7deacd8,https://chillgen.com/products/feeling-rugs-kids-mental-health-brain-area-rug-fae7deacd8,en-US,US,PUBLIC_AVAILABLE,ACCESSIBLE_PUBLIC_JSON,DISCOVERED_PUBLIC_PRODUCTS_JSON,Rug,Feelings Wheel Area Rug for Classroom Therapy Office and Playroom,UNKNOWN,EVERGREEN_OR_OTHER,531,products_json_page_3; https://chillgen.com/products.json?limit=250&page=3,2026-09-07T00:00:00+07:00,2026-09-07T00:00:00+07:00,admin_only_fields_unknown_without_shopify_csv,B054,COMPLETED,DRAFTED,NEEDS_REVIEW
1.0,2.4,chillgen_20260907_01,chillgen.com,custom-classroom-notebook-educational-round-rug-a132085cd6,custom-classroom-notebook-educational-round-rug-a132085cd6,15912059076977,gid://shopify/Product/15912059076977,https://chillgen.com/products/custom-classroom-notebook-educational-round-rug-a132085cd6,https://chillgen.com/products/custom-classroom-notebook-educational-round-rug-a132085cd6,en-US,US,PUBLIC_AVAILABLE,ACCESSIBLE_PUBLIC_JSON,DISCOVERED_PUBLIC_PRODUCTS_JSON,Rug,Round Composition Notebook Rug with Custom Name for Classroom Learning,UNKNOWN,EVERGREEN_OR_OTHER,532,products_json_page_3; https://chillgen.com/products.json?limit=250&page=3,2026-09-07T00:00:00+07:00,2026-09-07T00:00:00+07:00,admin_only_fields_unknown_without_shopify_csv,B054,COMPLETED,DRAFTED,NEEDS_REVIEW
1.0,2.4,chillgen_20260907_01,chillgen.com,custom-notebook-classroom-welcome-mat-debe0fd4d9,custom-notebook-classroom-welcome-mat-debe0fd4d9,15912059371889,gid://shopify/Product/15912059371889,https://chillgen.com/products/custom-notebook-classroom-welcome-mat-debe0fd4d9,https://chillgen.com/products/custom-notebook-classroom-welcome-mat-debe0fd4d9,en-US,US,PUBLIC_AVAILABLE,ACCESSIBLE_PUBLIC_JSON,DISCOVERED_PUBLIC_PRODUCTS_JSON,Rug,Round Composition Notebook Rug with Custom Text and Rainbow Design,UNKNOWN,EVERGREEN_OR_OTHER,533,products_json_page_3; https://chillgen.com/products.json?limit=250&page=3,2026-09-07T00:00:00+07:00,2026-09-07T00:00:00+07:00,admin_only_fields_unknown_without_shopify_csv,B054,COMPLETED,DRAFTED,NEEDS_REVIEW
1.0,2.4,chillgen_20260907_01,chillgen.com,custom-notebook-welcome-mat-for-classroom-and-school-864ed94fd6,custom-notebook-welcome-mat-for-classroom-and-school-864ed94fd6,15912059470193,gid://shopify/Product/15912059470193,https://chillgen.com/products/custom-notebook-welcome-mat-for-classroom-and-school-864ed94fd6,https://chillgen.com/products/custom-notebook-welcome-mat-for-classroom-and-school-864ed94fd6,en-US,US,PUBLIC_AVAILABLE,ACCESSIBLE_PUBLIC_JSON,DISCOVERED_PUBLIC_PRODUCTS_JSON,Rug,Round School Theme Notebook Rug with Custom Text for Classroom Playroom,UNKNOWN,EVERGREEN_OR_OTHER,534,products_json_page_3; https://chillgen.com/products.json?limit=250&page=3,2026-09-07T00:00:00+07:00,2026-09-07T00:00:00+07:00,admin_only_fields_unknown_without_shopify_csv,B054,COMPLETED,DRAFTED,NEEDS_REVIEW
1.0,2.4,chillgen_20260907_01,chillgen.com,classroom-notebook-educational-circle-rug-3b91056f15,classroom-notebook-educational-circle-rug-3b91056f15,15912059634033,gid://shopify/Product/15912059634033,https://chillgen.com/products/classroom-notebook-educational-circle-rug-3b91056f15,https://chillgen.com/products/classroom-notebook-educational-circle-rug-3b91056f15,en-US,US,PUBLIC_AVAILABLE,ACCESSIBLE_PUBLIC_JSON,DISCOVERED_PUBLIC_PRODUCTS_JSON,Rug,Round Composition Notebook Classroom Rug with Custom Name and School Art,UNKNOWN,EVERGREEN_OR_OTHER,535,products_json_page_3; https://chillgen.com/products.json?limit=250&page=3,2026-09-07T00:00:00+07:00,2026-09-07T00:00:00+07:00,admin_only_fields_unknown_without_shopify_csv,B054,COMPLETED,DRAFTED,NEEDS_REVIEW
1.0,2.4,chillgen_20260907_01,chillgen.com,wheel-of-feelings-and-emotions-round-rug-de39e76902,wheel-of-feelings-and-emotions-round-rug-de39e76902,15912061829489,gid://shopify/Product/15912061829489,https://chillgen.com/products/wheel-of-feelings-and-emotions-round-rug-de39e76902,https://chillgen.com/products/wheel-of-feelings-and-emotions-round-rug-de39e76902,en-US,US,PUBLIC_AVAILABLE,ACCESSIBLE_PUBLIC_JSON,DISCOVERED_PUBLIC_PRODUCTS_JSON,Rug,Custom Feelings Wheel Round Rug with Name for Classroom Calm Corner,UNKNOWN,EVERGREEN_OR_OTHER,536,products_json_page_3; https://chillgen.com/products.json?limit=250&page=3,2026-09-07T00:00:00+07:00,2026-09-07T00:00:00+07:00,admin_only_fields_unknown_without_shopify_csv,B054,COMPLETED,DRAFTED,NEEDS_REVIEW
1.0,2.4,chillgen_20260907_01,chillgen.com,spanish-abc-classroom-rug-learning-alphabet-mat-f6acb4ba58,spanish-abc-classroom-rug-learning-alphabet-mat-f6acb4ba58,15912062615921,gid://shopify/Product/15912062615921,https://chillgen.com/products/spanish-abc-classroom-rug-learning-alphabet-mat-f6acb4ba58,https://chillgen.com/products/spanish-abc-classroom-rug-learning-alphabet-mat-f6acb4ba58,en-US,US,PUBLIC_AVAILABLE,ACCESSIBLE_PUBLIC_JSON,DISCOVERED_PUBLIC_PRODUCTS_JSON,Rug,Personalized Spanish ABC Classroom Rug with Teacher Name for Preschool Learning,UNKNOWN,EVERGREEN_OR_OTHER,537,products_json_page_3; https://chillgen.com/products.json?limit=250&page=3,2026-09-07T00:00:00+07:00,2026-09-07T00:00:00+07:00,admin_only_fields_unknown_without_shopify_csv,B054,COMPLETED,DRAFTED,NEEDS_REVIEW
1.0,2.4,chillgen_20260907_01,chillgen.com,spanish-abc-classroom-rug-d3f56c3b42,spanish-abc-classroom-rug-d3f56c3b42,15912064057713,gid://shopify/Product/15912064057713,https://chillgen.com/products/spanish-abc-classroom-rug-d3f56c3b42,https://chillgen.com/products/spanish-abc-classroom-rug-d3f56c3b42,en-US,US,PUBLIC_AVAILABLE,ACCESSIBLE_PUBLIC_JSON,DISCOVERED_PUBLIC_PRODUCTS_JSON,Rug,Custom Bilingual Alphabet Rug with Teacher Name and Numbers for Kindergarten,UNKNOWN,EVERGREEN_OR_OTHER,538,products_json_page_3; https://chillgen.com/products.json?limit=250&page=3,2026-09-07T00:00:00+07:00,2026-09-07T00:00:00+07:00,admin_only_fields_unknown_without_shopify_csv,B054,COMPLETED,DRAFTED,NEEDS_REVIEW
1.0,2.4,chillgen_20260907_01,chillgen.com,custom-spanish-abc-classroom-rug-playroom-school-bee973bfe4,custom-spanish-abc-classroom-rug-playroom-school-bee973bfe4,15912065532273,gid://shopify/Product/15912065532273,https://chillgen.com/products/custom-spanish-abc-classroom-rug-playroom-school-bee973bfe4,https://chillgen.com/products/custom-spanish-abc-classroom-rug-playroom-school-bee973bfe4,en-US,US,PUBLIC_AVAILABLE,ACCESSIBLE_PUBLIC_JSON,DISCOVERED_PUBLIC_PRODUCTS_JSON,Rug,Personalized Spanish Learning Rug with Teacher Name and Non Slip Backing,UNKNOWN,EVERGREEN_OR_OTHER,539,products_json_page_3; https://chillgen.com/products.json?limit=250&page=3,2026-09-07T00:00:00+07:00,2026-09-07T00:00:00+07:00,admin_only_fields_unknown_without_shopify_csv,B054,COMPLETED,DRAFTED,NEEDS_REVIEW
1.0,2.4,chillgen_20260907_01,chillgen.com,spanish-abc-classroom-rug-0f9ffdff41,spanish-abc-classroom-rug-0f9ffdff41,15912069235057,gid://shopify/Product/15912069235057,https://chillgen.com/products/spanish-abc-classroom-rug-0f9ffdff41,https://chillgen.com/products/spanish-abc-classroom-rug-0f9ffdff41,en-US,US,PUBLIC_AVAILABLE,ACCESSIBLE_PUBLIC_JSON,DISCOVERED_PUBLIC_PRODUCTS_JSON,Rug,Custom Spanish ABC Classroom Rug with Teacher Name and Memory Foam Comfort,UNKNOWN,EVERGREEN_OR_OTHER,540,products_json_page_3; https://chillgen.com/products.json?limit=250&page=3,2026-09-07T00:00:00+07:00,2026-09-07T00:00:00+07:00,admin_only_fields_unknown_without_shopify_csv,B054,COMPLETED,DRAFTED,NEEDS_REVIEW
1.0,2.4,chillgen_20260907_01,chillgen.com,custom-abc-spanish-educational-rug-6cefdc1a95,custom-abc-spanish-educational-rug-6cefdc1a95,15912070807921,gid://shopify/Product/15912070807921,https://chillgen.com/products/custom-abc-spanish-educational-rug-6cefdc1a95,https://chillgen.com/products/custom-abc-spanish-educational-rug-6cefdc1a95,en-US,US,PUBLIC_AVAILABLE,ACCESSIBLE_PUBLIC_JSON,DISCOVERED_PUBLIC_PRODUCTS_JSON,Rug,Personalized Spanish Alphabet Area Rug with Teacher Name for Elementary Classrooms,UNKNOWN,EVERGREEN_OR_OTHER,541,products_json_page_3; https://chillgen.com/products.json?limit=250&page=3,2026-09-07T00:00:00+07:00,2026-09-07T00:00:00+07:00,admin_only_fields_unknown_without_shopify_csv,B055,COMPLETED,DRAFTED,NEEDS_REVIEW
1.0,2.4,chillgen_20260907_01,chillgen.com,custom-composition-notebook-classroom-rug-03facf229f,custom-composition-notebook-classroom-rug-03facf229f,15912074936689,gid://shopify/Product/15912074936689,https://chillgen.com/products/custom-composition-notebook-classroom-rug-03facf229f,https://chillgen.com/products/custom-composition-notebook-classroom-rug-03facf229f,en-US,US,PUBLIC_AVAILABLE,ACCESSIBLE_PUBLIC_JSON,DISCOVERED_PUBLIC_PRODUCTS_JSON,Rug,Composition Notebook Rug with Custom Name for Classroom and Study Area,UNKNOWN,EVERGREEN_OR_OTHER,542,products_json_page_3; https://chillgen.com/products.json?limit=250&page=3,2026-09-07T00:00:00+07:00,2026-09-07T00:00:00+07:00,admin_only_fields_unknown_without_shopify_csv,B055,COMPLETED,DRAFTED,NEEDS_REVIEW
1.0,2.4,chillgen_20260907_01,chillgen.com,customized-composition-notebook-classroom-rug-bf478c5c0a,customized-composition-notebook-classroom-rug-bf478c5c0a,15912075034993,gid://shopify/Product/15912075034993,https://chillgen.com/products/customized-composition-notebook-classroom-rug-bf478c5c0a,https://chillgen.com/products/customized-composition-notebook-classroom-rug-bf478c5c0a,en-US,US,PUBLIC_AVAILABLE,ACCESSIBLE_PUBLIC_JSON,DISCOVERED_PUBLIC_PRODUCTS_JSON,Rug,Notebook Style Classroom Rug with Custom Text for Preschool Learning Space,UNKNOWN,EVERGREEN_OR_OTHER,543,products_json_page_3; https://chillgen.com/products.json?limit=250&page=3,2026-09-07T00:00:00+07:00,2026-09-07T00:00:00+07:00,admin_only_fields_unknown_without_shopify_csv,B055,COMPLETED,DRAFTED,NEEDS_REVIEW
1.0,2.4,chillgen_20260907_01,chillgen.com,personalized-composition-notebook-welcome-doormat-379c157fc5,personalized-composition-notebook-welcome-doormat-379c157fc5,15912075100529,gid://shopify/Product/15912075100529,https://chillgen.com/products/personalized-composition-notebook-welcome-doormat-379c157fc5,https://chillgen.com/products/personalized-composition-notebook-welcome-doormat-379c157fc5,en-US,US,PUBLIC_AVAILABLE,ACCESSIBLE_PUBLIC_JSON,DISCOVERED_PUBLIC_PRODUCTS_JSON,Rug,Composition Notebook Area Rug with Custom Name and School Bus Design,UNKNOWN,EVERGREEN_OR_OTHER,544,products_json_page_3; https://chillgen.com/products.json?limit=250&page=3,2026-09-07T00:00:00+07:00,2026-09-07T00:00:00+07:00,admin_only_fields_unknown_without_shopify_csv,B055,COMPLETED,DRAFTED,NEEDS_REVIEW
1.0,2.4,chillgen_20260907_01,chillgen.com,customized-composition-notebook-classroom-rug-33c4fbd370,customized-composition-notebook-classroom-rug-33c4fbd370,15912075395441,gid://shopify/Product/15912075395441,https://chillgen.com/products/customized-composition-notebook-classroom-rug-33c4fbd370,https://chillgen.com/products/customized-composition-notebook-classroom-rug-33c4fbd370,en-US,US,PUBLIC_AVAILABLE,ACCESSIBLE_PUBLIC_JSON,DISCOVERED_PUBLIC_PRODUCTS_JSON,Rug,Rainbow Notebook Classroom Rug with Custom Text for Daycare and School,UNKNOWN,EVERGREEN_OR_OTHER,545,products_json_page_3; https://chillgen.com/products.json?limit=250&page=3,2026-09-07T00:00:00+07:00,2026-09-07T00:00:00+07:00,admin_only_fields_unknown_without_shopify_csv,B055,COMPLETED,DRAFTED,NEEDS_REVIEW
1.0,2.4,chillgen_20260907_01,chillgen.com,custom-composition-notebook-classroom-rug-with-plush-memory-foam-75c4b7b9bc,custom-composition-notebook-classroom-rug-with-plush-memory-foam-75c4b7b9bc,15912075526513,gid://shopify/Product/15912075526513,https://chillgen.com/products/custom-composition-notebook-classroom-rug-with-plush-memory-foam-75c4b7b9bc,https://chillgen.com/products/custom-composition-notebook-classroom-rug-with-plush-memory-foam-75c4b7b9bc,en-US,US,PUBLIC_AVAILABLE,ACCESSIBLE_PUBLIC_JSON,DISCOVERED_PUBLIC_PRODUCTS_JSON,Rug,Composition Notebook Rug with Custom Name and Soft Memory Foam Surface,UNKNOWN,EVERGREEN_OR_OTHER,546,products_json_page_3; https://chillgen.com/products.json?limit=250&page=3,2026-09-07T00:00:00+07:00,2026-09-07T00:00:00+07:00,admin_only_fields_unknown_without_shopify_csv,B055,COMPLETED,DRAFTED,NEEDS_REVIEW
1.0,2.4,chillgen_20260907_01,chillgen.com,custom-classroom-notebook-rug-32dd233cb2,custom-classroom-notebook-rug-32dd233cb2,15912075723121,gid://shopify/Product/15912075723121,https://chillgen.com/products/custom-classroom-notebook-rug-32dd233cb2,https://chillgen.com/products/custom-classroom-notebook-rug-32dd233cb2,en-US,US,PUBLIC_AVAILABLE,ACCESSIBLE_PUBLIC_JSON,DISCOVERED_PUBLIC_PRODUCTS_JSON,Rug,School Bus Notebook Area Rug with Custom Text for Classroom and Playroom,UNKNOWN,EVERGREEN_OR_OTHER,547,products_json_page_3; https://chillgen.com/products.json?limit=250&page=3,2026-09-07T00:00:00+07:00,2026-09-07T00:00:00+07:00,admin_only_fields_unknown_without_shopify_csv,B055,COMPLETED,DRAFTED,NEEDS_REVIEW
1.0,2.4,chillgen_20260907_01,chillgen.com,custom-composition-notebook-classroom-rug-non-slip-a1d50055bf,custom-composition-notebook-classroom-rug-non-slip-a1d50055bf,15912075886961,gid://shopify/Product/15912075886961,https://chillgen.com/products/custom-composition-notebook-classroom-rug-non-slip-a1d50055bf,https://chillgen.com/products/custom-composition-notebook-classroom-rug-non-slip-a1d50055bf,en-US,US,PUBLIC_AVAILABLE,ACCESSIBLE_PUBLIC_JSON,DISCOVERED_PUBLIC_PRODUCTS_JSON,Rug,Composition Notebook Classroom Rug with Custom Name and Non Slip Backing,UNKNOWN,EVERGREEN_OR_OTHER,548,products_json_page_3; https://chillgen.com/products.json?limit=250&page=3,2026-09-07T00:00:00+07:00,2026-09-07T00:00:00+07:00,admin_only_fields_unknown_without_shopify_csv,B055,COMPLETED,DRAFTED,NEEDS_REVIEW
1.0,2.4,chillgen_20260907_01,chillgen.com,customized-composition-notebook-classroom-rug-7b0ed5679d,customized-composition-notebook-classroom-rug-7b0ed5679d,15912075985265,gid://shopify/Product/15912075985265,https://chillgen.com/products/customized-composition-notebook-classroom-rug-7b0ed5679d,https://chillgen.com/products/customized-composition-notebook-classroom-rug-7b0ed5679d,en-US,US,PUBLIC_AVAILABLE,ACCESSIBLE_PUBLIC_JSON,DISCOVERED_PUBLIC_PRODUCTS_JSON,Rug,Colorful Notebook Classroom Rug with Custom Name for Daycare and Playroom,UNKNOWN,EVERGREEN_OR_OTHER,549,products_json_page_3; https://chillgen.com/products.json?limit=250&page=3,2026-09-07T00:00:00+07:00,2026-09-07T00:00:00+07:00,admin_only_fields_unknown_without_shopify_csv,B055,COMPLETED,DRAFTED,NEEDS_REVIEW
1.0,2.4,chillgen_20260907_01,chillgen.com,customized-composition-notebook-classroom-rug-3fad5212e6,customized-composition-notebook-classroom-rug-3fad5212e6,15912076181873,gid://shopify/Product/15912076181873,https://chillgen.com/products/customized-composition-notebook-classroom-rug-3fad5212e6,https://chillgen.com/products/customized-composition-notebook-classroom-rug-3fad5212e6,en-US,US,PUBLIC_AVAILABLE,ACCESSIBLE_PUBLIC_JSON,DISCOVERED_PUBLIC_PRODUCTS_JSON,Rug,Notebook Welcome Rug with Custom Teacher Name for Classroom Learning Area,UNKNOWN,EVERGREEN_OR_OTHER,550,products_json_page_3; https://chillgen.com/products.json?limit=250&page=3,2026-09-07T00:00:00+07:00,2026-09-07T00:00:00+07:00,admin_only_fields_unknown_without_shopify_csv,B055,COMPLETED,DRAFTED,NEEDS_REVIEW
1.0,2.4,chillgen_20260907_01,chillgen.com,custom-classroom-notebook-rug-5152bc0672,custom-classroom-notebook-rug-5152bc0672,15912076575089,gid://shopify/Product/15912076575089,https://chillgen.com/products/custom-classroom-notebook-rug-5152bc0672,https://chillgen.com/products/custom-classroom-notebook-rug-5152bc0672,en-US,US,PUBLIC_AVAILABLE,ACCESSIBLE_PUBLIC_JSON,DISCOVERED_PUBLIC_PRODUCTS_JSON,Rug,Explore and Learn Notebook Rug with Custom Name for Classroom Play Area,UNKNOWN,EVERGREEN_OR_OTHER,551,products_json_page_3; https://chillgen.com/products.json?limit=250&page=3,2026-09-07T00:00:00+07:00,2026-09-07T00:00:00+07:00,admin_only_fields_unknown_without_shopify_csv,B056,COMPLETED,DRAFTED,NEEDS_REVIEW
1.0,2.4,chillgen_20260907_01,chillgen.com,customized-composition-notebook-classroom-rug-for-kids-94f3ffcafa,customized-composition-notebook-classroom-rug-for-kids-94f3ffcafa,15912076673393,gid://shopify/Product/15912076673393,https://chillgen.com/products/customized-composition-notebook-classroom-rug-for-kids-94f3ffcafa,https://chillgen.com/products/customized-composition-notebook-classroom-rug-for-kids-94f3ffcafa,en-US,US,PUBLIC_AVAILABLE,ACCESSIBLE_PUBLIC_JSON,DISCOVERED_PUBLIC_PRODUCTS_JSON,Rug,Composition Notebook Play Rug with Custom Name for Daycare and Classroom,UNKNOWN,EVERGREEN_OR_OTHER,552,products_json_page_3; https://chillgen.com/products.json?limit=250&page=3,2026-09-07T00:00:00+07:00,2026-09-07T00:00:00+07:00,admin_only_fields_unknown_without_shopify_csv,B056,COMPLETED,DRAFTED,NEEDS_REVIEW
1.0,2.4,chillgen_20260907_01,chillgen.com,custom-octopus-welcome-mat-for-front-door-and-entryway-f282a58169,custom-octopus-welcome-mat-for-front-door-and-entryway-f282a58169,15912082080113,gid://shopify/Product/15912082080113,https://chillgen.com/products/custom-octopus-welcome-mat-for-front-door-and-entryway-f282a58169,https://chillgen.com/products/custom-octopus-welcome-mat-for-front-door-and-entryway-f282a58169,en-US,US,PUBLIC_AVAILABLE,ACCESSIBLE_PUBLIC_JSON,DISCOVERED_PUBLIC_PRODUCTS_JSON,Rug,Blue Octopus Welcome Mat with Coastal Design for Entryway and Living Room,UNKNOWN,EVERGREEN_OR_OTHER,553,products_json_page_3; https://chillgen.com/products.json?limit=250&page=3,2026-09-07T00:00:00+07:00,2026-09-07T00:00:00+07:00,admin_only_fields_unknown_without_shopify_csv,B056,COMPLETED,DRAFTED,NEEDS_REVIEW
1.0,2.4,chillgen_20260907_01,chillgen.com,custom-octopus-coastal-welcome-mat-entryway-0942996125,custom-octopus-coastal-welcome-mat-entryway-0942996125,15912082833777,gid://shopify/Product/15912082833777,https://chillgen.com/products/custom-octopus-coastal-welcome-mat-entryway-0942996125,https://chillgen.com/products/custom-octopus-coastal-welcome-mat-entryway-0942996125,en-US,US,PUBLIC_AVAILABLE,ACCESSIBLE_PUBLIC_JSON,DISCOVERED_PUBLIC_PRODUCTS_JSON,Rug,Coastal Octopus Area Rug with Low Pile Surface for Living Room and Entryway,UNKNOWN,CHRISTMAS,554,products_json_page_3; https://chillgen.com/products.json?limit=250&page=3,2026-09-07T00:00:00+07:00,2026-09-07T00:00:00+07:00,admin_only_fields_unknown_without_shopify_csv,B056,COMPLETED,DRAFTED,NEEDS_REVIEW
1.0,2.4,chillgen_20260907_01,chillgen.com,custom-octopus-welcome-mat-entryway-living-room-3387fa82d0,custom-octopus-welcome-mat-entryway-living-room-3387fa82d0,15912083128689,gid://shopify/Product/15912083128689,https://chillgen.com/products/custom-octopus-welcome-mat-entryway-living-room-3387fa82d0,https://chillgen.com/products/custom-octopus-welcome-mat-entryway-living-room-3387fa82d0,en-US,US,PUBLIC_AVAILABLE,ACCESSIBLE_PUBLIC_JSON,DISCOVERED_PUBLIC_PRODUCTS_JSON,Rug,Ocean Octopus Welcome Mat with Low Pile Design for Entryway and Playroom,UNKNOWN,EVERGREEN_OR_OTHER,555,products_json_page_3; https://chillgen.com/products.json?limit=250&page=3,2026-09-07T00:00:00+07:00,2026-09-07T00:00:00+07:00,admin_only_fields_unknown_without_shopify_csv,B056,COMPLETED,DRAFTED,NEEDS_REVIEW
1.0,2.4,chillgen_20260907_01,chillgen.com,custom-octopus-welcome-mat-for-front-door-and-entryway-13d8d7f994,custom-octopus-welcome-mat-for-front-door-and-entryway-13d8d7f994,15912083390833,gid://shopify/Product/15912083390833,https://chillgen.com/products/custom-octopus-welcome-mat-for-front-door-and-entryway-13d8d7f994,https://chillgen.com/products/custom-octopus-welcome-mat-for-front-door-and-entryway-13d8d7f994,en-US,US,PUBLIC_AVAILABLE,ACCESSIBLE_PUBLIC_JSON,DISCOVERED_PUBLIC_PRODUCTS_JSON,Rug,Ocean Octopus Area Rug with Memory Foam Comfort for Bedroom and Home Office,UNKNOWN,EVERGREEN_OR_OTHER,556,products_json_page_3; https://chillgen.com/products.json?limit=250&page=3,2026-09-07T00:00:00+07:00,2026-09-07T00:00:00+07:00,admin_only_fields_unknown_without_shopify_csv,B056,COMPLETED,DRAFTED,NEEDS_REVIEW
1.0,2.4,chillgen_20260907_01,chillgen.com,custom-golf-welcome-mat-for-front-door-dfb4d14fc9,custom-golf-welcome-mat-for-front-door-dfb4d14fc9,15912083456369,gid://shopify/Product/15912083456369,https://chillgen.com/products/custom-golf-welcome-mat-for-front-door-dfb4d14fc9,https://chillgen.com/products/custom-golf-welcome-mat-for-front-door-dfb4d14fc9,en-US,US,PUBLIC_AVAILABLE,ACCESSIBLE_PUBLIC_JSON,DISCOVERED_PUBLIC_PRODUCTS_JSON,Rug,Golf Area Rug for Boys Bedroom Office and Living Room Decor,UNKNOWN,EVERGREEN_OR_OTHER,557,products_json_page_3; https://chillgen.com/products.json?limit=250&page=3,2026-09-07T00:00:00+07:00,2026-09-07T00:00:00+07:00,admin_only_fields_unknown_without_shopify_csv,B056,COMPLETED,DRAFTED,NEEDS_REVIEW
1.0,2.4,chillgen_20260907_01,chillgen.com,custom-golf-welcome-mat-bf5c20e2dd,custom-golf-welcome-mat-bf5c20e2dd,15912083554673,gid://shopify/Product/15912083554673,https://chillgen.com/products/custom-golf-welcome-mat-bf5c20e2dd,https://chillgen.com/products/custom-golf-welcome-mat-bf5c20e2dd,en-US,US,PUBLIC_AVAILABLE,ACCESSIBLE_PUBLIC_JSON,DISCOVERED_PUBLIC_PRODUCTS_JSON,Rug,Non Slip Golf Rug for Office Living Room and Indoor Home Decor,UNKNOWN,EVERGREEN_OR_OTHER,558,products_json_page_3; https://chillgen.com/products.json?limit=250&page=3,2026-09-07T00:00:00+07:00,2026-09-07T00:00:00+07:00,admin_only_fields_unknown_without_shopify_csv,B056,COMPLETED,DRAFTED,NEEDS_REVIEW
1.0,2.4,chillgen_20260907_01,chillgen.com,custom-octopus-welcome-mat-coastal-beach-design-9b577a6e0a,custom-octopus-welcome-mat-coastal-beach-design-9b577a6e0a,15912083620209,gid://shopify/Product/15912083620209,https://chillgen.com/products/custom-octopus-welcome-mat-coastal-beach-design-9b577a6e0a,https://chillgen.com/products/custom-octopus-welcome-mat-coastal-beach-design-9b577a6e0a,en-US,US,PUBLIC_AVAILABLE,ACCESSIBLE_PUBLIC_JSON,DISCOVERED_PUBLIC_PRODUCTS_JSON,Rug,Floral Octopus Welcome Mat with Coastal Design for Kitchen and Entryway,UNKNOWN,EVERGREEN_OR_OTHER,559,products_json_page_3; https://chillgen.com/products.json?limit=250&page=3,2026-09-07T00:00:00+07:00,2026-09-07T00:00:00+07:00,admin_only_fields_unknown_without_shopify_csv,B056,COMPLETED,DRAFTED,NEEDS_REVIEW
1.0,2.4,chillgen_20260907_01,chillgen.com,custom-coastal-octopus-welcome-mat-for-entryway-and-bathroom-e11dfb0c2f,custom-coastal-octopus-welcome-mat-for-entryway-and-bathroom-e11dfb0c2f,15912083784049,gid://shopify/Product/15912083784049,https://chillgen.com/products/custom-coastal-octopus-welcome-mat-for-entryway-and-bathroom-e11dfb0c2f,https://chillgen.com/products/custom-coastal-octopus-welcome-mat-for-entryway-and-bathroom-e11dfb0c2f,en-US,US,PUBLIC_AVAILABLE,ACCESSIBLE_PUBLIC_JSON,DISCOVERED_PUBLIC_PRODUCTS_JSON,Rug,Coastal Octopus Area Rug with Flower Pattern for Bathroom and Living Room,UNKNOWN,EVERGREEN_OR_OTHER,560,products_json_page_3; https://chillgen.com/products.json?limit=250&page=3,2026-09-07T00:00:00+07:00,2026-09-07T00:00:00+07:00,admin_only_fields_unknown_without_shopify_csv,B056,COMPLETED,DRAFTED,NEEDS_REVIEW
1.0,2.4,chillgen_20260907_01,chillgen.com,custom-golf-area-rug-d8623da216,custom-golf-area-rug-d8623da216,15912083849585,gid://shopify/Product/15912083849585,https://chillgen.com/products/custom-golf-area-rug-d8623da216,https://chillgen.com/products/custom-golf-area-rug-d8623da216,en-US,US,PUBLIC_AVAILABLE,ACCESSIBLE_PUBLIC_JSON,DISCOVERED_PUBLIC_PRODUCTS_JSON,Rug,Custom Golf Area Rug for Living Room and Home Office Decor,UNKNOWN,EVERGREEN_OR_OTHER,561,products_json_page_3; https://chillgen.com/products.json?limit=250&page=3,2026-09-07T00:00:00+07:00,2026-09-07T00:00:00+07:00,admin_only_fields_unknown_without_shopify_csv,B057,COMPLETED,DRAFTED,NEEDS_REVIEW
1.0,2.4,chillgen_20260907_01,chillgen.com,custom-octopus-welcome-mat-87bf0d33b5,custom-octopus-welcome-mat-87bf0d33b5,15912084242801,gid://shopify/Product/15912084242801,https://chillgen.com/products/custom-octopus-welcome-mat-87bf0d33b5,https://chillgen.com/products/custom-octopus-welcome-mat-87bf0d33b5,en-US,US,PUBLIC_AVAILABLE,ACCESSIBLE_PUBLIC_JSON,DISCOVERED_PUBLIC_PRODUCTS_JSON,Rug,Octopus Skull Welcome Mat with Coastal Artwork for Entryway and Bedroom,UNKNOWN,HALLOWEEN,562,products_json_page_3; https://chillgen.com/products.json?limit=250&page=3,2026-09-07T00:00:00+07:00,2026-09-07T00:00:00+07:00,admin_only_fields_unknown_without_shopify_csv,B057,COMPLETED,DRAFTED,NEEDS_REVIEW
1.0,2.4,chillgen_20260907_01,chillgen.com,custom-octopus-welcome-mat-entryway-464c692e0a,custom-octopus-welcome-mat-entryway-464c692e0a,15912084537713,gid://shopify/Product/15912084537713,https://chillgen.com/products/custom-octopus-welcome-mat-entryway-464c692e0a,https://chillgen.com/products/custom-octopus-welcome-mat-entryway-464c692e0a,en-US,US,PUBLIC_AVAILABLE,ACCESSIBLE_PUBLIC_JSON,DISCOVERED_PUBLIC_PRODUCTS_JSON,Rug,Coastal Octopus Area Rug with Low Pile Surface for Classroom and Bedroom,UNKNOWN,EVERGREEN_OR_OTHER,563,products_json_page_3; https://chillgen.com/products.json?limit=250&page=3,2026-09-07T00:00:00+07:00,2026-09-07T00:00:00+07:00,admin_only_fields_unknown_without_shopify_csv,B057,COMPLETED,DRAFTED,NEEDS_REVIEW
1.0,2.4,chillgen_20260907_01,chillgen.com,custom-octopus-welcome-mat-for-front-door-cf228fd538,custom-octopus-welcome-mat-for-front-door-cf228fd538,15912084767089,gid://shopify/Product/15912084767089,https://chillgen.com/products/custom-octopus-welcome-mat-for-front-door-cf228fd538,https://chillgen.com/products/custom-octopus-welcome-mat-for-front-door-cf228fd538,en-US,US,PUBLIC_AVAILABLE,ACCESSIBLE_PUBLIC_JSON,DISCOVERED_PUBLIC_PRODUCTS_JSON,Rug,Octopus Mandala Welcome Mat with Coastal Art for Entryway and Living Room,UNKNOWN,EVERGREEN_OR_OTHER,564,products_json_page_3; https://chillgen.com/products.json?limit=250&page=3,2026-09-07T00:00:00+07:00,2026-09-07T00:00:00+07:00,admin_only_fields_unknown_without_shopify_csv,B057,COMPLETED,DRAFTED,NEEDS_REVIEW
1.0,2.4,chillgen_20260907_01,chillgen.com,custom-octopus-welcome-mat-for-front-door-and-entryway-6c5a0747da,custom-octopus-welcome-mat-for-front-door-and-entryway-6c5a0747da,15912084963697,gid://shopify/Product/15912084963697,https://chillgen.com/products/custom-octopus-welcome-mat-for-front-door-and-entryway-6c5a0747da,https://chillgen.com/products/custom-octopus-welcome-mat-for-front-door-and-entryway-6c5a0747da,en-US,US,PUBLIC_AVAILABLE,ACCESSIBLE_PUBLIC_JSON,DISCOVERED_PUBLIC_PRODUCTS_JSON,Rug,Octopus Mosaic Area Rug with Low Pile Surface for Living Room and Bedroom,UNKNOWN,CHRISTMAS,565,products_json_page_3; https://chillgen.com/products.json?limit=250&page=3,2026-09-07T00:00:00+07:00,2026-09-07T00:00:00+07:00,admin_only_fields_unknown_without_shopify_csv,B057,COMPLETED,DRAFTED,NEEDS_REVIEW
1.0,2.4,chillgen_20260907_01,chillgen.com,custom-octopus-coastal-welcome-mat-330b515744,custom-octopus-coastal-welcome-mat-330b515744,15912085160305,gid://shopify/Product/15912085160305,https://chillgen.com/products/custom-octopus-coastal-welcome-mat-330b515744,https://chillgen.com/products/custom-octopus-coastal-welcome-mat-330b515744,en-US,US,PUBLIC_AVAILABLE,ACCESSIBLE_PUBLIC_JSON,DISCOVERED_PUBLIC_PRODUCTS_JSON,Rug,Vintage Octopus Welcome Mat with Coastal Theme for Kitchen and Entryway,UNKNOWN,EVERGREEN_OR_OTHER,566,products_json_page_3; https://chillgen.com/products.json?limit=250&page=3,2026-09-07T00:00:00+07:00,2026-09-07T00:00:00+07:00,admin_only_fields_unknown_without_shopify_csv,B057,COMPLETED,DRAFTED,NEEDS_REVIEW
1.0,2.4,chillgen_20260907_01,chillgen.com,custom-octopus-coastal-welcome-mat-2e91144f8b,custom-octopus-coastal-welcome-mat-2e91144f8b,15912085455217,gid://shopify/Product/15912085455217,https://chillgen.com/products/custom-octopus-coastal-welcome-mat-2e91144f8b,https://chillgen.com/products/custom-octopus-coastal-welcome-mat-2e91144f8b,en-US,US,PUBLIC_AVAILABLE,ACCESSIBLE_PUBLIC_JSON,DISCOVERED_PUBLIC_PRODUCTS_JSON,Rug,Colorful Coastal Octopus Area Rug with Reinforced Edges for Living Room,UNKNOWN,EVERGREEN_OR_OTHER,567,products_json_page_3; https://chillgen.com/products.json?limit=250&page=3,2026-09-07T00:00:00+07:00,2026-09-07T00:00:00+07:00,admin_only_fields_unknown_without_shopify_csv,B057,COMPLETED,DRAFTED,NEEDS_REVIEW
1.0,2.4,chillgen_20260907_01,chillgen.com,custom-octopus-welcome-mat-coastal-front-door-5012959a0b,custom-octopus-welcome-mat-coastal-front-door-5012959a0b,15912085782897,gid://shopify/Product/15912085782897,https://chillgen.com/products/custom-octopus-welcome-mat-coastal-front-door-5012959a0b,https://chillgen.com/products/custom-octopus-welcome-mat-coastal-front-door-5012959a0b,en-US,US,PUBLIC_AVAILABLE,ACCESSIBLE_PUBLIC_JSON,DISCOVERED_PUBLIC_PRODUCTS_JSON,Rug,Coastal Octopus Welcome Mat with Low Pile Design for Entryway and Kitchen,UNKNOWN,EVERGREEN_OR_OTHER,568,products_json_page_3; https://chillgen.com/products.json?limit=250&page=3,2026-09-07T00:00:00+07:00,2026-09-07T00:00:00+07:00,admin_only_fields_unknown_without_shopify_csv,B057,COMPLETED,DRAFTED,NEEDS_REVIEW
1.0,2.4,chillgen_20260907_01,chillgen.com,personalized-teacher-round-rug-with-name-0e0fa122bd,personalized-teacher-round-rug-with-name-0e0fa122bd,15912097677681,gid://shopify/Product/15912097677681,https://chillgen.com/products/personalized-teacher-round-rug-with-name-0e0fa122bd,https://chillgen.com/products/personalized-teacher-round-rug-with-name-0e0fa122bd,en-US,US,PUBLIC_AVAILABLE,ACCESSIBLE_PUBLIC_JSON,DISCOVERED_PUBLIC_PRODUCTS_JSON,Rug,Custom Crayon Classroom Round Rug with Name for Reading Corner Storytime,UNKNOWN,EVERGREEN_OR_OTHER,569,products_json_page_3; https://chillgen.com/products.json?limit=250&page=3,2026-09-07T00:00:00+07:00,2026-09-07T00:00:00+07:00,admin_only_fields_unknown_without_shopify_csv,B057,COMPLETED,DRAFTED,NEEDS_REVIEW
