schema_version,prompt_version,run_id,shop_domain,product_key,Handle,product_id,product_gid,url,canonical_url,locale,market,public_status,access_status,discovery_status,identity_status,admin_status,published,product_type,product_category_current,title_discovery,collections,season_priority,inventory_order,source_refs,source_file,source_file_sha256,source_row_start,source_row_end,variant_count,image_count,discovered_at,last_checked_at,issues,assigned_batch,batch_status,research_status,review_status
1.0,2.4,chillgen_20260911_01,chillgen.com,chillgen.com::custom-christian-floral-cross-area-rug-non-skid-church-decor,custom-christian-floral-cross-area-rug-non-skid-church-decor,16000581763441,gid://shopify/Product/16000581763441,https://chillgen.com/products/custom-christian-floral-cross-area-rug-non-skid-church-decor,https://chillgen.com/products/custom-christian-floral-cross-area-rug-non-skid-church-decor,en-US,US,PUBLIC_AVAILABLE,ACCESSIBLE_PUBLIC_JSON,DISCOVERED_PUBLIC_PRODUCTS_JSON_AFTER_ACTIVATION,VERIFIED,active,true,Rug,,"Custom Christian Floral Cross Area Rug, Non-Skid, Church Decor",UNKNOWN,UNCONFIRMED,1,SRC01#records=2-7,products_export (1).zip,b861e4b348db1d6d7eafaf5afca0aeec3326c0b6e4c70656e32ca8e3cd904db1,2,7,4,6,2026-09-11T06:18:55Z,2026-09-11T07:05:58Z,product_category_blank;identity_bound_from_public_products_json_after_activation;admin_export_product_id_not_provided,B001,READY_AWAITING_CONFIRMATION,NOT_STARTED,NEEDS_REVIEW
1.0,2.4,chillgen_20260911_01,chillgen.com,chillgen.com::custom-ornate-floral-gold-cross-area-rug-non-skid,custom-ornate-floral-gold-cross-area-rug-non-skid,16000581861745,gid://shopify/Product/16000581861745,https://chillgen.com/products/custom-ornate-floral-gold-cross-area-rug-non-skid,https://chillgen.com/products/custom-ornate-floral-gold-cross-area-rug-non-skid,en-US,US,PUBLIC_AVAILABLE,ACCESSIBLE_PUBLIC_JSON,DISCOVERED_PUBLIC_PRODUCTS_JSON_AFTER_ACTIVATION,VERIFIED,active,true,Rug,,"Custom Ornate Floral Gold Cross Area Rug, Non-Skid",UNKNOWN,UNCONFIRMED,2,SRC01#records=8-13,products_export (1).zip,b861e4b348db1d6d7eafaf5afca0aeec3326c0b6e4c70656e32ca8e3cd904db1,8,13,4,6,2026-09-11T06:18:55Z,2026-09-11T07:05:58Z,product_category_blank;identity_bound_from_public_products_json_after_activation;admin_export_product_id_not_provided,B001,READY_AWAITING_CONFIRMATION,NOT_STARTED,NEEDS_REVIEW
1.0,2.4,chillgen_20260911_01,chillgen.com,chillgen.com::custom-ornate-christian-floral-area-rug-non-skid-church-design-06,custom-ornate-christian-floral-area-rug-non-skid-church-design-06,16000581894513,gid://shopify/Product/16000581894513,https://chillgen.com/products/custom-ornate-christian-floral-area-rug-non-skid-church-design-06,https://chillgen.com/products/custom-ornate-christian-floral-area-rug-non-skid-church-design-06,en-US,US,PUBLIC_AVAILABLE,ACCESSIBLE_PUBLIC_JSON,DISCOVERED_PUBLIC_PRODUCTS_JSON_AFTER_ACTIVATION,VERIFIED,active,true,Rug,,"Custom Ornate Christian Floral Area Rug, Non-Skid, Church - Design 06",UNKNOWN,UNCONFIRMED,3,SRC01#records=14-19,products_export (1).zip,b861e4b348db1d6d7eafaf5afca0aeec3326c0b6e4c70656e32ca8e3cd904db1,14,19,4,6,2026-09-11T06:18:55Z,2026-09-11T07:05:58Z,product_category_blank;identity_bound_from_public_products_json_after_activation;admin_export_product_id_not_provided,B001,READY_AWAITING_CONFIRMATION,NOT_STARTED,NEEDS_REVIEW
1.0,2.4,chillgen_20260911_01,chillgen.com,chillgen.com::custom-ornate-golden-cross-crucifixion-area-rug-non-skid,custom-ornate-golden-cross-crucifixion-area-rug-non-skid,16000582484337,gid://shopify/Product/16000582484337,https://chillgen.com/products/custom-ornate-golden-cross-crucifixion-area-rug-non-skid,https://chillgen.com/products/custom-ornate-golden-cross-crucifixion-area-rug-non-skid,en-US,US,PUBLIC_AVAILABLE,ACCESSIBLE_PUBLIC_JSON,DISCOVERED_PUBLIC_PRODUCTS_JSON_AFTER_ACTIVATION,VERIFIED,active,true,Rug,,"Custom Ornate Golden Cross Crucifixion Area Rug, Non-Skid",UNKNOWN,UNCONFIRMED,4,SRC01#records=20-25,products_export (1).zip,b861e4b348db1d6d7eafaf5afca0aeec3326c0b6e4c70656e32ca8e3cd904db1,20,25,4,6,2026-09-11T06:18:55Z,2026-09-11T07:05:58Z,product_category_blank;identity_bound_from_public_products_json_after_activation;admin_export_product_id_not_provided,B001,READY_AWAITING_CONFIRMATION,NOT_STARTED,NEEDS_REVIEW
1.0,2.4,chillgen_20260911_01,chillgen.com,chillgen.com::custom-red-gold-ornate-cross-area-rug-non-skid-church-decor,custom-red-gold-ornate-cross-area-rug-non-skid-church-decor,16000582582641,gid://shopify/Product/16000582582641,https://chillgen.com/products/custom-red-gold-ornate-cross-area-rug-non-skid-church-decor,https://chillgen.com/products/custom-red-gold-ornate-cross-area-rug-non-skid-church-decor,en-US,US,PUBLIC_AVAILABLE,ACCESSIBLE_PUBLIC_JSON,DISCOVERED_PUBLIC_PRODUCTS_JSON_AFTER_ACTIVATION,VERIFIED,active,true,Rug,,"Custom Red Gold Ornate Cross Area Rug, Non-Skid, Church Decor",UNKNOWN,UNCONFIRMED,5,SRC01#records=26-31,products_export (1).zip,b861e4b348db1d6d7eafaf5afca0aeec3326c0b6e4c70656e32ca8e3cd904db1,26,31,4,6,2026-09-11T06:18:55Z,2026-09-11T07:05:58Z,product_category_blank;identity_bound_from_public_products_json_after_activation;admin_export_product_id_not_provided,B001,READY_AWAITING_CONFIRMATION,NOT_STARTED,NEEDS_REVIEW
1.0,2.4,chillgen_20260911_01,chillgen.com,chillgen.com::custom-gothic-cross-radiant-heart-area-rug-non-skid,custom-gothic-cross-radiant-heart-area-rug-non-skid,16000582615409,gid://shopify/Product/16000582615409,https://chillgen.com/products/custom-gothic-cross-radiant-heart-area-rug-non-skid,https://chillgen.com/products/custom-gothic-cross-radiant-heart-area-rug-non-skid,en-US,US,PUBLIC_AVAILABLE,ACCESSIBLE_PUBLIC_JSON,DISCOVERED_PUBLIC_PRODUCTS_JSON_AFTER_ACTIVATION,VERIFIED,active,true,Rug,Furniture > Chairs > Rocking Chairs > Classic Rocking Chairs,"Custom Gothic Cross Radiant Heart Area Rug, Non-Skid",UNKNOWN,UNCONFIRMED,6,SRC01#records=32-38,products_export (1).zip,b861e4b348db1d6d7eafaf5afca0aeec3326c0b6e4c70656e32ca8e3cd904db1,32,38,4,7,2026-09-11T06:18:55Z,2026-09-11T07:05:58Z,identity_bound_from_public_products_json_after_activation;admin_export_product_id_not_provided,B001,READY_AWAITING_CONFIRMATION,NOT_STARTED,NEEDS_REVIEW
1.0,2.4,chillgen_20260911_01,chillgen.com,chillgen.com::custom-our-lady-stained-glass-flowers-area-rug-non-skid,custom-our-lady-stained-glass-flowers-area-rug-non-skid,16000583795057,gid://shopify/Product/16000583795057,https://chillgen.com/products/custom-our-lady-stained-glass-flowers-area-rug-non-skid,https://chillgen.com/products/custom-our-lady-stained-glass-flowers-area-rug-non-skid,en-US,US,PUBLIC_AVAILABLE,ACCESSIBLE_PUBLIC_JSON,DISCOVERED_PUBLIC_PRODUCTS_JSON_AFTER_ACTIVATION,VERIFIED,active,true,Rug,,"Custom Our Lady Stained Glass Flowers Area Rug, Non-Skid",UNKNOWN,UNCONFIRMED,7,SRC01#records=39-44,products_export (1).zip,b861e4b348db1d6d7eafaf5afca0aeec3326c0b6e4c70656e32ca8e3cd904db1,39,44,4,6,2026-09-11T06:18:55Z,2026-09-11T07:05:58Z,product_category_blank;identity_bound_from_public_products_json_after_activation;admin_export_product_id_not_provided,B001,READY_AWAITING_CONFIRMATION,NOT_STARTED,NEEDS_REVIEW
1.0,2.4,chillgen_20260911_01,chillgen.com,chillgen.com::custom-ornate-cross-vine-border-area-rug-non-skid,custom-ornate-cross-vine-border-area-rug-non-skid,16000583827825,gid://shopify/Product/16000583827825,https://chillgen.com/products/custom-ornate-cross-vine-border-area-rug-non-skid,https://chillgen.com/products/custom-ornate-cross-vine-border-area-rug-non-skid,en-US,US,PUBLIC_AVAILABLE,ACCESSIBLE_PUBLIC_JSON,DISCOVERED_PUBLIC_PRODUCTS_JSON_AFTER_ACTIVATION,VERIFIED,active,true,Rug,,"Custom Ornate Cross Vine Border Area Rug, Non-Skid",UNKNOWN,UNCONFIRMED,8,SRC01#records=45-50,products_export (1).zip,b861e4b348db1d6d7eafaf5afca0aeec3326c0b6e4c70656e32ca8e3cd904db1,45,50,4,6,2026-09-11T06:18:55Z,2026-09-11T07:05:58Z,product_category_blank;identity_bound_from_public_products_json_after_activation;admin_export_product_id_not_provided,B001,READY_AWAITING_CONFIRMATION,NOT_STARTED,NEEDS_REVIEW
1.0,2.4,chillgen_20260911_01,chillgen.com,chillgen.com::custom-ornate-cross-area-rug-non-skid-church-decor-design-01,custom-ornate-cross-area-rug-non-skid-church-decor-design-01,16000583860593,gid://shopify/Product/16000583860593,https://chillgen.com/products/custom-ornate-cross-area-rug-non-skid-church-decor-design-01,https://chillgen.com/products/custom-ornate-cross-area-rug-non-skid-church-decor-design-01,en-US,US,PUBLIC_AVAILABLE,ACCESSIBLE_PUBLIC_JSON,DISCOVERED_PUBLIC_PRODUCTS_JSON_AFTER_ACTIVATION,VERIFIED,active,true,Rug,Uncategorized,"Custom Ornate Cross Area Rug, Non-Skid, Church Decor - Design 01",UNKNOWN,UNCONFIRMED,9,SRC01#records=51-56,products_export (1).zip,b861e4b348db1d6d7eafaf5afca0aeec3326c0b6e4c70656e32ca8e3cd904db1,51,56,4,6,2026-09-11T06:18:55Z,2026-09-11T07:05:58Z,identity_bound_from_public_products_json_after_activation;admin_export_product_id_not_provided,B001,READY_AWAITING_CONFIRMATION,NOT_STARTED,NEEDS_REVIEW
1.0,2.4,chillgen_20260911_01,chillgen.com,chillgen.com::personalized-bigfoot-under-the-moon-area-rug-home-decor,personalized-bigfoot-under-the-moon-area-rug-home-decor,16000591921521,gid://shopify/Product/16000591921521,https://chillgen.com/products/personalized-bigfoot-under-the-moon-area-rug-home-decor,https://chillgen.com/products/personalized-bigfoot-under-the-moon-area-rug-home-decor,en-US,US,PUBLIC_AVAILABLE,ACCESSIBLE_PUBLIC_JSON,DISCOVERED_PUBLIC_PRODUCTS_JSON_AFTER_ACTIVATION,VERIFIED,active,true,Rug,Arts & Entertainment > Hobbies & Creative Arts > Arts & Crafts > Crafting Patterns & Molds > Sewing Patterns > Home Decor Sewing Patterns,"Personalized Bigfoot Under The Moon Area Rug, Home Decor",UNKNOWN,UNCONFIRMED,10,SRC01#records=57-62,products_export (1).zip,b861e4b348db1d6d7eafaf5afca0aeec3326c0b6e4c70656e32ca8e3cd904db1,57,62,4,6,2026-09-11T06:18:55Z,2026-09-11T07:05:58Z,identity_bound_from_public_products_json_after_activation;admin_export_product_id_not_provided,B001,READY_AWAITING_CONFIRMATION,NOT_STARTED,NEEDS_REVIEW
1.0,2.4,chillgen_20260911_01,chillgen.com,chillgen.com::personalized-stained-glass-bigfoot-forest-area-rug-non-slip-backing,personalized-stained-glass-bigfoot-forest-area-rug-non-slip-backing,16000591954289,gid://shopify/Product/16000591954289,https://chillgen.com/products/personalized-stained-glass-bigfoot-forest-area-rug-non-slip-backing,https://chillgen.com/products/personalized-stained-glass-bigfoot-forest-area-rug-non-slip-backing,en-US,US,PUBLIC_AVAILABLE,ACCESSIBLE_PUBLIC_JSON,DISCOVERED_PUBLIC_PRODUCTS_JSON_AFTER_ACTIVATION,VERIFIED,active,true,Rug,Hardware > Building Materials > Staircases,"Personalized Stained Glass Bigfoot Forest Area Rug, Non-Slip Backing",UNKNOWN,UNCONFIRMED,11,SRC01#records=63-68,products_export (1).zip,b861e4b348db1d6d7eafaf5afca0aeec3326c0b6e4c70656e32ca8e3cd904db1,63,68,4,6,2026-09-11T06:18:55Z,2026-09-11T07:05:58Z,identity_bound_from_public_products_json_after_activation;admin_export_product_id_not_provided,B002,PLANNED_LOCKED,NOT_STARTED,NEEDS_REVIEW
1.0,2.4,chillgen_20260911_01,chillgen.com,chillgen.com::personalized-bigfoot-peace-sign-forest-area-rug-home-decor-bigfoot,personalized-bigfoot-peace-sign-forest-area-rug-home-decor-bigfoot,16000591987057,gid://shopify/Product/16000591987057,https://chillgen.com/products/personalized-bigfoot-peace-sign-forest-area-rug-home-decor-bigfoot,https://chillgen.com/products/personalized-bigfoot-peace-sign-forest-area-rug-home-decor-bigfoot,en-US,US,PUBLIC_AVAILABLE,ACCESSIBLE_PUBLIC_JSON,DISCOVERED_PUBLIC_PRODUCTS_JSON_AFTER_ACTIVATION,VERIFIED,active,true,Rug,Arts & Entertainment > Hobbies & Creative Arts > Arts & Crafts > Crafting Patterns & Molds > Sewing Patterns > Home Decor Sewing Patterns,"Personalized Bigfoot Peace Sign Forest Area Rug, Home Decor - Bigfoot",UNKNOWN,UNCONFIRMED,12,SRC01#records=69-74,products_export (1).zip,b861e4b348db1d6d7eafaf5afca0aeec3326c0b6e4c70656e32ca8e3cd904db1,69,74,4,6,2026-09-11T06:18:55Z,2026-09-11T07:05:58Z,identity_bound_from_public_products_json_after_activation;admin_export_product_id_not_provided,B002,PLANNED_LOCKED,NOT_STARTED,NEEDS_REVIEW
1.0,2.4,chillgen_20260911_01,chillgen.com,chillgen.com::personalized-bigfoot-silhouette-with-full-moon-area-rug-design-01,personalized-bigfoot-silhouette-with-full-moon-area-rug-design-01,16000592478577,gid://shopify/Product/16000592478577,https://chillgen.com/products/personalized-bigfoot-silhouette-with-full-moon-area-rug-design-01,https://chillgen.com/products/personalized-bigfoot-silhouette-with-full-moon-area-rug-design-01,en-US,US,PUBLIC_AVAILABLE,ACCESSIBLE_PUBLIC_JSON,DISCOVERED_PUBLIC_PRODUCTS_JSON_AFTER_ACTIVATION,VERIFIED,active,true,Rug,Arts & Entertainment > Hobbies & Creative Arts > Arts & Crafts > Crafting Patterns & Molds > Sewing Patterns > Home Decor Sewing Patterns,Personalized Bigfoot Silhouette with Full Moon Area Rug - Design 01,UNKNOWN,UNCONFIRMED,13,SRC01#records=75-80,products_export (1).zip,b861e4b348db1d6d7eafaf5afca0aeec3326c0b6e4c70656e32ca8e3cd904db1,75,80,4,6,2026-09-11T06:18:55Z,2026-09-11T07:05:58Z,identity_bound_from_public_products_json_after_activation;admin_export_product_id_not_provided,B002,PLANNED_LOCKED,NOT_STARTED,NEEDS_REVIEW
1.0,2.4,chillgen_20260911_01,chillgen.com,chillgen.com::personalized-bigfoot-silhouette-full-moon-forest-area-rug,personalized-bigfoot-silhouette-full-moon-forest-area-rug,16000592511345,gid://shopify/Product/16000592511345,https://chillgen.com/products/personalized-bigfoot-silhouette-full-moon-forest-area-rug,https://chillgen.com/products/personalized-bigfoot-silhouette-full-moon-forest-area-rug,en-US,US,PUBLIC_AVAILABLE,ACCESSIBLE_PUBLIC_JSON,DISCOVERED_PUBLIC_PRODUCTS_JSON_AFTER_ACTIVATION,VERIFIED,active,true,Rug,Arts & Entertainment > Hobbies & Creative Arts > Arts & Crafts > Crafting Patterns & Molds > Sewing Patterns > Home Decor Sewing Patterns,Personalized Bigfoot Silhouette Full Moon Forest Area Rug,UNKNOWN,UNCONFIRMED,14,SRC01#records=81-86,products_export (1).zip,b861e4b348db1d6d7eafaf5afca0aeec3326c0b6e4c70656e32ca8e3cd904db1,81,86,4,6,2026-09-11T06:18:55Z,2026-09-11T07:05:58Z,identity_bound_from_public_products_json_after_activation;admin_export_product_id_not_provided,B002,PLANNED_LOCKED,NOT_STARTED,NEEDS_REVIEW
1.0,2.4,chillgen_20260911_01,chillgen.com,chillgen.com::personalized-bird-nature-with-mountains-and-trees-area-rug-home-decor,personalized-bird-nature-with-mountains-and-trees-area-rug-home-decor,16000592707953,gid://shopify/Product/16000592707953,https://chillgen.com/products/personalized-bird-nature-with-mountains-and-trees-area-rug-home-decor,https://chillgen.com/products/personalized-bird-nature-with-mountains-and-trees-area-rug-home-decor,en-US,US,PUBLIC_AVAILABLE,ACCESSIBLE_PUBLIC_JSON,DISCOVERED_PUBLIC_PRODUCTS_JSON_AFTER_ACTIVATION,VERIFIED,active,true,Rug,Arts & Entertainment > Hobbies & Creative Arts > Arts & Crafts > Crafting Patterns & Molds > Sewing Patterns > Home Decor Sewing Patterns,"Personalized Bird nature with mountains and trees Area Rug, Home Decor",UNKNOWN,UNCONFIRMED,15,SRC01#records=87-92,products_export (1).zip,b861e4b348db1d6d7eafaf5afca0aeec3326c0b6e4c70656e32ca8e3cd904db1,87,92,4,6,2026-09-11T06:18:55Z,2026-09-11T07:05:58Z,identity_bound_from_public_products_json_after_activation;admin_export_product_id_not_provided,B002,PLANNED_LOCKED,NOT_STARTED,NEEDS_REVIEW
1.0,2.4,chillgen_20260911_01,chillgen.com,chillgen.com::personalized-bigfoot-outdoor-adventure-area-rug-non-slip-backing,personalized-bigfoot-outdoor-adventure-area-rug-non-slip-backing,16000593068401,gid://shopify/Product/16000593068401,https://chillgen.com/products/personalized-bigfoot-outdoor-adventure-area-rug-non-slip-backing,https://chillgen.com/products/personalized-bigfoot-outdoor-adventure-area-rug-non-slip-backing,en-US,US,PUBLIC_AVAILABLE,ACCESSIBLE_PUBLIC_JSON,DISCOVERED_PUBLIC_PRODUCTS_JSON_AFTER_ACTIVATION,VERIFIED,active,true,Rug,Arts & Entertainment > Hobbies & Creative Arts > Arts & Crafts > Crafting Patterns & Molds > Sewing Patterns > Home Decor Sewing Patterns,"Personalized Bigfoot Outdoor Adventure Area Rug, Non-Slip Backing",UNKNOWN,UNCONFIRMED,16,SRC01#records=93-98,products_export (1).zip,b861e4b348db1d6d7eafaf5afca0aeec3326c0b6e4c70656e32ca8e3cd904db1,93,98,4,6,2026-09-11T06:18:55Z,2026-09-11T07:05:58Z,identity_bound_from_public_products_json_after_activation;admin_export_product_id_not_provided,B002,PLANNED_LOCKED,NOT_STARTED,NEEDS_REVIEW
1.0,2.4,chillgen_20260911_01,chillgen.com,chillgen.com::personalized-bigfoot-stained-glass-forest-area-rug-home-decor,personalized-bigfoot-stained-glass-forest-area-rug-home-decor,16000593133937,gid://shopify/Product/16000593133937,https://chillgen.com/products/personalized-bigfoot-stained-glass-forest-area-rug-home-decor,https://chillgen.com/products/personalized-bigfoot-stained-glass-forest-area-rug-home-decor,en-US,US,PUBLIC_AVAILABLE,ACCESSIBLE_PUBLIC_JSON,DISCOVERED_PUBLIC_PRODUCTS_JSON_AFTER_ACTIVATION,VERIFIED,active,true,Rug,Hardware > Building Materials > Staircases,"Personalized Bigfoot Stained Glass Forest Area Rug, Home Decor",UNKNOWN,UNCONFIRMED,17,SRC01#records=99-104,products_export (1).zip,b861e4b348db1d6d7eafaf5afca0aeec3326c0b6e4c70656e32ca8e3cd904db1,99,104,4,6,2026-09-11T06:18:55Z,2026-09-11T07:05:58Z,identity_bound_from_public_products_json_after_activation;admin_export_product_id_not_provided,B002,PLANNED_LOCKED,NOT_STARTED,NEEDS_REVIEW
1.0,2.4,chillgen_20260911_01,chillgen.com,chillgen.com::personalized-by-campfire-forest-area-rug-for-outdoor-adventure,personalized-by-campfire-forest-area-rug-for-outdoor-adventure,16000593330545,gid://shopify/Product/16000593330545,https://chillgen.com/products/personalized-by-campfire-forest-area-rug-for-outdoor-adventure,https://chillgen.com/products/personalized-by-campfire-forest-area-rug-for-outdoor-adventure,en-US,US,PUBLIC_AVAILABLE,ACCESSIBLE_PUBLIC_JSON,DISCOVERED_PUBLIC_PRODUCTS_JSON_AFTER_ACTIVATION,VERIFIED,active,true,Rug,Arts & Entertainment > Hobbies & Creative Arts > Arts & Crafts > Crafting Patterns & Molds > Sewing Patterns > Home Decor Sewing Patterns,Personalized by Campfire Forest Area Rug for Outdoor Adventure,UNKNOWN,UNCONFIRMED,18,SRC01#records=105-110,products_export (1).zip,b861e4b348db1d6d7eafaf5afca0aeec3326c0b6e4c70656e32ca8e3cd904db1,105,110,4,6,2026-09-11T06:18:55Z,2026-09-11T07:05:58Z,identity_bound_from_public_products_json_after_activation;admin_export_product_id_not_provided,B002,PLANNED_LOCKED,NOT_STARTED,NEEDS_REVIEW
1.0,2.4,chillgen_20260911_01,chillgen.com,chillgen.com::personalized-bigfoot-night-full-moon-forest-area-rug-home-decor,personalized-bigfoot-night-full-moon-forest-area-rug-home-decor,16000593887601,gid://shopify/Product/16000593887601,https://chillgen.com/products/personalized-bigfoot-night-full-moon-forest-area-rug-home-decor,https://chillgen.com/products/personalized-bigfoot-night-full-moon-forest-area-rug-home-decor,en-US,US,PUBLIC_AVAILABLE,ACCESSIBLE_PUBLIC_JSON,DISCOVERED_PUBLIC_PRODUCTS_JSON_AFTER_ACTIVATION,VERIFIED,active,true,Rug,Arts & Entertainment > Hobbies & Creative Arts > Arts & Crafts > Crafting Patterns & Molds > Sewing Patterns > Home Decor Sewing Patterns,"Personalized Bigfoot Night Full Moon Forest Area Rug, Home Decor",UNKNOWN,UNCONFIRMED,19,SRC01#records=111-116,products_export (1).zip,b861e4b348db1d6d7eafaf5afca0aeec3326c0b6e4c70656e32ca8e3cd904db1,111,116,4,6,2026-09-11T06:18:55Z,2026-09-11T07:05:58Z,identity_bound_from_public_products_json_after_activation;admin_export_product_id_not_provided,B002,PLANNED_LOCKED,NOT_STARTED,NEEDS_REVIEW
1.0,2.4,chillgen_20260911_01,chillgen.com,chillgen.com::personalized-bigfoot-sunset-forest-silhouette-area-rug,personalized-bigfoot-sunset-forest-silhouette-area-rug,16000593920369,gid://shopify/Product/16000593920369,https://chillgen.com/products/personalized-bigfoot-sunset-forest-silhouette-area-rug,https://chillgen.com/products/personalized-bigfoot-sunset-forest-silhouette-area-rug,en-US,US,PUBLIC_AVAILABLE,ACCESSIBLE_PUBLIC_JSON,DISCOVERED_PUBLIC_PRODUCTS_JSON_AFTER_ACTIVATION,VERIFIED,active,true,Rug,Arts & Entertainment > Hobbies & Creative Arts > Arts & Crafts > Crafting Patterns & Molds > Sewing Patterns > Home Decor Sewing Patterns,Personalized Bigfoot Sunset Forest Silhouette Area Rug,UNKNOWN,UNCONFIRMED,20,SRC01#records=117-122,products_export (1).zip,b861e4b348db1d6d7eafaf5afca0aeec3326c0b6e4c70656e32ca8e3cd904db1,117,122,4,6,2026-09-11T06:18:55Z,2026-09-11T07:05:58Z,identity_bound_from_public_products_json_after_activation;admin_export_product_id_not_provided,B002,PLANNED_LOCKED,NOT_STARTED,NEEDS_REVIEW
1.0,2.4,chillgen_20260911_01,chillgen.com,chillgen.com::personalized-bigfoot-camping-sunset-forest-area-rug,personalized-bigfoot-camping-sunset-forest-area-rug,16000594280817,gid://shopify/Product/16000594280817,https://chillgen.com/products/personalized-bigfoot-camping-sunset-forest-area-rug,https://chillgen.com/products/personalized-bigfoot-camping-sunset-forest-area-rug,en-US,US,PUBLIC_AVAILABLE,ACCESSIBLE_PUBLIC_JSON,DISCOVERED_PUBLIC_PRODUCTS_JSON_AFTER_ACTIVATION,VERIFIED,active,true,Rug,Arts & Entertainment > Hobbies & Creative Arts > Arts & Crafts > Crafting Patterns & Molds > Sewing Patterns > Home Decor Sewing Patterns,Personalized Bigfoot Camping Sunset Forest Area Rug,UNKNOWN,UNCONFIRMED,21,SRC01#records=123-128,products_export (1).zip,b861e4b348db1d6d7eafaf5afca0aeec3326c0b6e4c70656e32ca8e3cd904db1,123,128,4,6,2026-09-11T06:18:55Z,2026-09-11T07:05:58Z,identity_bound_from_public_products_json_after_activation;admin_export_product_id_not_provided,B003,PLANNED_LOCKED,NOT_STARTED,NEEDS_REVIEW
1.0,2.4,chillgen_20260911_01,chillgen.com,chillgen.com::personalized-bigfoot-camping-night-scene-area-rug-home-decor,personalized-bigfoot-camping-night-scene-area-rug-home-decor,16000594608497,gid://shopify/Product/16000594608497,https://chillgen.com/products/personalized-bigfoot-camping-night-scene-area-rug-home-decor,https://chillgen.com/products/personalized-bigfoot-camping-night-scene-area-rug-home-decor,en-US,US,PUBLIC_AVAILABLE,ACCESSIBLE_PUBLIC_JSON,DISCOVERED_PUBLIC_PRODUCTS_JSON_AFTER_ACTIVATION,VERIFIED,active,true,Rug,Arts & Entertainment > Hobbies & Creative Arts > Arts & Crafts > Crafting Patterns & Molds > Sewing Patterns > Home Decor Sewing Patterns,"Personalized Bigfoot Camping Night Scene Area Rug, Home Decor",UNKNOWN,UNCONFIRMED,22,SRC01#records=129-134,products_export (1).zip,b861e4b348db1d6d7eafaf5afca0aeec3326c0b6e4c70656e32ca8e3cd904db1,129,134,4,6,2026-09-11T06:18:55Z,2026-09-11T07:05:58Z,identity_bound_from_public_products_json_after_activation;admin_export_product_id_not_provided,B003,PLANNED_LOCKED,NOT_STARTED,NEEDS_REVIEW
1.0,2.4,chillgen_20260911_01,chillgen.com,chillgen.com::personalized-checkered-flag-racing-area-rug-non-slip-design-05,personalized-checkered-flag-racing-area-rug-non-slip-design-05,16000629932401,gid://shopify/Product/16000629932401,https://chillgen.com/products/personalized-checkered-flag-racing-area-rug-non-slip-design-05,https://chillgen.com/products/personalized-checkered-flag-racing-area-rug-non-slip-design-05,en-US,US,PUBLIC_AVAILABLE,ACCESSIBLE_PUBLIC_JSON,DISCOVERED_PUBLIC_PRODUCTS_JSON_AFTER_ACTIVATION,VERIFIED,active,true,Rug,Arts & Entertainment > Hobbies & Creative Arts > Arts & Crafts > Crafting Patterns & Molds > Sewing Patterns > Home Decor Sewing Patterns,"Personalized Checkered Flag Racing Area Rug, Non-Slip - Design 05",UNKNOWN,UNCONFIRMED,23,SRC01#records=135-140,products_export (1).zip,b861e4b348db1d6d7eafaf5afca0aeec3326c0b6e4c70656e32ca8e3cd904db1,135,140,5,6,2026-09-11T06:18:55Z,2026-09-11T07:05:58Z,identity_bound_from_public_products_json_after_activation;admin_export_product_id_not_provided,B003,PLANNED_LOCKED,NOT_STARTED,NEEDS_REVIEW
1.0,2.4,chillgen_20260911_01,chillgen.com,chillgen.com::personalized-checkered-flag-racing-area-rug-non-slip-design-07,personalized-checkered-flag-racing-area-rug-non-slip-design-07,16000630030705,gid://shopify/Product/16000630030705,https://chillgen.com/products/personalized-checkered-flag-racing-area-rug-non-slip-design-07,https://chillgen.com/products/personalized-checkered-flag-racing-area-rug-non-slip-design-07,en-US,US,PUBLIC_AVAILABLE,ACCESSIBLE_PUBLIC_JSON,DISCOVERED_PUBLIC_PRODUCTS_JSON_AFTER_ACTIVATION,VERIFIED,active,true,Rug,Arts & Entertainment > Hobbies & Creative Arts > Arts & Crafts > Crafting Patterns & Molds > Sewing Patterns > Home Decor Sewing Patterns,"Personalized Checkered Flag Racing Area Rug, Non-Slip - Design 07",UNKNOWN,UNCONFIRMED,24,SRC01#records=141-147,products_export (1).zip,b861e4b348db1d6d7eafaf5afca0aeec3326c0b6e4c70656e32ca8e3cd904db1,141,147,5,7,2026-09-11T06:18:55Z,2026-09-11T07:05:58Z,identity_bound_from_public_products_json_after_activation;admin_export_product_id_not_provided,B003,PLANNED_LOCKED,NOT_STARTED,NEEDS_REVIEW
1.0,2.4,chillgen_20260911_01,chillgen.com,chillgen.com::personalized-racing-checkered-flag-area-rug-non-slip-design-06,personalized-racing-checkered-flag-area-rug-non-slip-design-06,16000630063473,gid://shopify/Product/16000630063473,https://chillgen.com/products/personalized-racing-checkered-flag-area-rug-non-slip-design-06,https://chillgen.com/products/personalized-racing-checkered-flag-area-rug-non-slip-design-06,en-US,US,PUBLIC_AVAILABLE,ACCESSIBLE_PUBLIC_JSON,DISCOVERED_PUBLIC_PRODUCTS_JSON_AFTER_ACTIVATION,VERIFIED,active,true,Rug,Arts & Entertainment > Hobbies & Creative Arts > Arts & Crafts > Crafting Patterns & Molds > Sewing Patterns > Home Decor Sewing Patterns,"Personalized Racing Checkered Flag Area Rug, Non-Slip - Design 06",UNKNOWN,UNCONFIRMED,25,SRC01#records=148-154,products_export (1).zip,b861e4b348db1d6d7eafaf5afca0aeec3326c0b6e4c70656e32ca8e3cd904db1,148,154,5,7,2026-09-11T06:18:55Z,2026-09-11T07:05:58Z,identity_bound_from_public_products_json_after_activation;admin_export_product_id_not_provided,B003,PLANNED_LOCKED,NOT_STARTED,NEEDS_REVIEW
1.0,2.4,chillgen_20260911_01,chillgen.com,chillgen.com::personalized-black-checkered-flag-racing-name-area-rug-non-slip,personalized-black-checkered-flag-racing-name-area-rug-non-slip,16000631570801,gid://shopify/Product/16000631570801,https://chillgen.com/products/personalized-black-checkered-flag-racing-name-area-rug-non-slip,https://chillgen.com/products/personalized-black-checkered-flag-racing-name-area-rug-non-slip,en-US,US,PUBLIC_AVAILABLE,ACCESSIBLE_PUBLIC_JSON,DISCOVERED_PUBLIC_PRODUCTS_JSON_AFTER_ACTIVATION,VERIFIED,active,true,Rug,Arts & Entertainment > Hobbies & Creative Arts > Arts & Crafts > Crafting Patterns & Molds > Sewing Patterns > Home Decor Sewing Patterns,"Personalized Black Checkered Flag Racing Name Area Rug, Non-Slip",UNKNOWN,UNCONFIRMED,26,SRC01#records=155-160,products_export (1).zip,b861e4b348db1d6d7eafaf5afca0aeec3326c0b6e4c70656e32ca8e3cd904db1,155,160,5,6,2026-09-11T06:18:55Z,2026-09-11T07:05:58Z,identity_bound_from_public_products_json_after_activation;admin_export_product_id_not_provided,B003,PLANNED_LOCKED,NOT_STARTED,NEEDS_REVIEW
1.0,2.4,chillgen_20260911_01,chillgen.com,chillgen.com::personalized-checkered-flag-race-track-area-rug-non-slip-design-01,personalized-checkered-flag-race-track-area-rug-non-slip-design-01,16000631701873,gid://shopify/Product/16000631701873,https://chillgen.com/products/personalized-checkered-flag-race-track-area-rug-non-slip-design-01,https://chillgen.com/products/personalized-checkered-flag-race-track-area-rug-non-slip-design-01,en-US,US,PUBLIC_AVAILABLE,ACCESSIBLE_PUBLIC_JSON,DISCOVERED_PUBLIC_PRODUCTS_JSON_AFTER_ACTIVATION,VERIFIED,active,true,Rug,Arts & Entertainment > Hobbies & Creative Arts > Arts & Crafts > Crafting Patterns & Molds > Sewing Patterns > Home Decor Sewing Patterns,"Personalized Checkered Flag Race Track Area Rug, Non-Slip - Design 01",UNKNOWN,UNCONFIRMED,27,SRC01#records=161-166,products_export (1).zip,b861e4b348db1d6d7eafaf5afca0aeec3326c0b6e4c70656e32ca8e3cd904db1,161,166,5,6,2026-09-11T06:18:55Z,2026-09-11T07:05:58Z,identity_bound_from_public_products_json_after_activation;admin_export_product_id_not_provided,B003,PLANNED_LOCKED,NOT_STARTED,NEEDS_REVIEW
1.0,2.4,chillgen_20260911_01,chillgen.com,chillgen.com::personalized-checkered-flag-race-car-area-rug-non-slip-racing-rug,personalized-checkered-flag-race-car-area-rug-non-slip-racing-rug,16000631865713,gid://shopify/Product/16000631865713,https://chillgen.com/products/personalized-checkered-flag-race-car-area-rug-non-slip-racing-rug,https://chillgen.com/products/personalized-checkered-flag-race-car-area-rug-non-slip-racing-rug,en-US,US,PUBLIC_AVAILABLE,ACCESSIBLE_PUBLIC_JSON,DISCOVERED_PUBLIC_PRODUCTS_JSON_AFTER_ACTIVATION,VERIFIED,active,true,Rug,Arts & Entertainment > Hobbies & Creative Arts > Arts & Crafts > Crafting Patterns & Molds > Sewing Patterns > Home Decor Sewing Patterns,"Personalized Checkered Flag Race Car Area Rug, Non-Slip - Racing Rug",UNKNOWN,UNCONFIRMED,28,SRC01#records=167-173,products_export (1).zip,b861e4b348db1d6d7eafaf5afca0aeec3326c0b6e4c70656e32ca8e3cd904db1,167,173,5,7,2026-09-11T06:18:55Z,2026-09-11T07:05:58Z,identity_bound_from_public_products_json_after_activation;admin_export_product_id_not_provided,B003,PLANNED_LOCKED,NOT_STARTED,NEEDS_REVIEW
1.0,2.4,chillgen_20260911_01,chillgen.com,chillgen.com::personalized-checkered-flag-race-track-area-rug-non-slip-design-04,personalized-checkered-flag-race-track-area-rug-non-slip-design-04,16000633241969,gid://shopify/Product/16000633241969,https://chillgen.com/products/personalized-checkered-flag-race-track-area-rug-non-slip-design-04,https://chillgen.com/products/personalized-checkered-flag-race-track-area-rug-non-slip-design-04,en-US,US,PUBLIC_AVAILABLE,ACCESSIBLE_PUBLIC_JSON,DISCOVERED_PUBLIC_PRODUCTS_JSON_AFTER_ACTIVATION,VERIFIED,active,true,Rug,Arts & Entertainment > Hobbies & Creative Arts > Arts & Crafts > Crafting Patterns & Molds > Sewing Patterns > Home Decor Sewing Patterns,"Personalized Checkered Flag Race Track Area Rug, Non-Slip - Design 04",UNKNOWN,UNCONFIRMED,29,SRC01#records=174-179,products_export (1).zip,b861e4b348db1d6d7eafaf5afca0aeec3326c0b6e4c70656e32ca8e3cd904db1,174,179,5,6,2026-09-11T06:18:55Z,2026-09-11T07:05:58Z,identity_bound_from_public_products_json_after_activation;admin_export_product_id_not_provided,B003,PLANNED_LOCKED,NOT_STARTED,NEEDS_REVIEW
1.0,2.4,chillgen_20260911_01,chillgen.com,chillgen.com::personalized-checkered-racing-flags-with-name-area-rug-non-slip,personalized-checkered-racing-flags-with-name-area-rug-non-slip,16000633504113,gid://shopify/Product/16000633504113,https://chillgen.com/products/personalized-checkered-racing-flags-with-name-area-rug-non-slip,https://chillgen.com/products/personalized-checkered-racing-flags-with-name-area-rug-non-slip,en-US,US,PUBLIC_AVAILABLE,ACCESSIBLE_PUBLIC_JSON,DISCOVERED_PUBLIC_PRODUCTS_JSON_AFTER_ACTIVATION,VERIFIED,active,true,Rug,Arts & Entertainment > Hobbies & Creative Arts > Arts & Crafts > Crafting Patterns & Molds > Sewing Patterns > Home Decor Sewing Patterns,"Personalized Checkered Racing Flags With Name Area Rug, Non-Slip",UNKNOWN,UNCONFIRMED,30,SRC01#records=180-185,products_export (1).zip,b861e4b348db1d6d7eafaf5afca0aeec3326c0b6e4c70656e32ca8e3cd904db1,180,185,5,6,2026-09-11T06:18:55Z,2026-09-11T07:05:58Z,identity_bound_from_public_products_json_after_activation;admin_export_product_id_not_provided,B003,PLANNED_LOCKED,NOT_STARTED,NEEDS_REVIEW
1.0,2.4,chillgen_20260911_01,chillgen.com,chillgen.com::personalized-checkered-flag-sport-area-rug-non-slip,personalized-checkered-flag-sport-area-rug-non-slip,16000633635185,gid://shopify/Product/16000633635185,https://chillgen.com/products/personalized-checkered-flag-sport-area-rug-non-slip,https://chillgen.com/products/personalized-checkered-flag-sport-area-rug-non-slip,en-US,US,PUBLIC_AVAILABLE,ACCESSIBLE_PUBLIC_JSON,DISCOVERED_PUBLIC_PRODUCTS_JSON_AFTER_ACTIVATION,VERIFIED,active,true,Rug,Arts & Entertainment > Hobbies & Creative Arts > Arts & Crafts > Crafting Patterns & Molds > Sewing Patterns > Home Decor Sewing Patterns,"Personalized Checkered Flag Sport Area Rug, Non-Slip",UNKNOWN,UNCONFIRMED,31,SRC01#records=186-192,products_export (1).zip,b861e4b348db1d6d7eafaf5afca0aeec3326c0b6e4c70656e32ca8e3cd904db1,186,192,5,7,2026-09-11T06:18:55Z,2026-09-11T07:05:58Z,identity_bound_from_public_products_json_after_activation;admin_export_product_id_not_provided,B004,PLANNED_LOCKED,NOT_STARTED,NEEDS_REVIEW
1.0,2.4,chillgen_20260911_01,chillgen.com,chillgen.com::personalized-emotion-chart-face-emojis-rug-machine-washable-wheel,personalized-emotion-chart-face-emojis-rug-machine-washable-wheel,16000650576241,gid://shopify/Product/16000650576241,https://chillgen.com/products/personalized-emotion-chart-face-emojis-rug-machine-washable-wheel,https://chillgen.com/products/personalized-emotion-chart-face-emojis-rug-machine-washable-wheel,en-US,US,PUBLIC_AVAILABLE,ACCESSIBLE_PUBLIC_JSON,DISCOVERED_PUBLIC_PRODUCTS_JSON_AFTER_ACTIVATION,VERIFIED,active,true,Rug,Home & Garden > Decor > Rugs,"Personalized Emotion Chart Face Emojis Rug, Machine Washable - Wheel",UNKNOWN,UNCONFIRMED,32,SRC01#records=193-198,products_export (1).zip,b861e4b348db1d6d7eafaf5afca0aeec3326c0b6e4c70656e32ca8e3cd904db1,193,198,6,6,2026-09-11T06:18:55Z,2026-09-11T07:05:58Z,identity_bound_from_public_products_json_after_activation;admin_export_product_id_not_provided,B004,PLANNED_LOCKED,NOT_STARTED,NEEDS_REVIEW
1.0,2.4,chillgen_20260911_01,chillgen.com,chillgen.com::personalized-colorful-emotion-wheel-chart-mat-non-slip,personalized-colorful-emotion-wheel-chart-mat-non-slip,16000650674545,gid://shopify/Product/16000650674545,https://chillgen.com/products/personalized-colorful-emotion-wheel-chart-mat-non-slip,https://chillgen.com/products/personalized-colorful-emotion-wheel-chart-mat-non-slip,en-US,US,PUBLIC_AVAILABLE,ACCESSIBLE_PUBLIC_JSON,DISCOVERED_PUBLIC_PRODUCTS_JSON_AFTER_ACTIVATION,VERIFIED,active,true,Rug,Home & Garden > Decor > Rugs,"Personalized Colorful Emotion Wheel Chart Mat, Non Slip",UNKNOWN,UNCONFIRMED,33,SRC01#records=199-204,products_export (1).zip,b861e4b348db1d6d7eafaf5afca0aeec3326c0b6e4c70656e32ca8e3cd904db1,199,204,6,6,2026-09-11T06:18:55Z,2026-09-11T07:05:58Z,identity_bound_from_public_products_json_after_activation;admin_export_product_id_not_provided,B004,PLANNED_LOCKED,NOT_STARTED,NEEDS_REVIEW
1.0,2.4,chillgen_20260911_01,chillgen.com,chillgen.com::personalized-feeling-wheel-chart-rug-machine-washable,personalized-feeling-wheel-chart-rug-machine-washable,16000650772849,gid://shopify/Product/16000650772849,https://chillgen.com/products/personalized-feeling-wheel-chart-rug-machine-washable,https://chillgen.com/products/personalized-feeling-wheel-chart-rug-machine-washable,en-US,US,PUBLIC_AVAILABLE,ACCESSIBLE_PUBLIC_JSON,DISCOVERED_PUBLIC_PRODUCTS_JSON_AFTER_ACTIVATION,VERIFIED,active,true,Rug,Home & Garden > Decor > Rugs,"Personalized Feeling Wheel Chart Rug, Machine Washable",UNKNOWN,UNCONFIRMED,34,SRC01#records=205-210,products_export (1).zip,b861e4b348db1d6d7eafaf5afca0aeec3326c0b6e4c70656e32ca8e3cd904db1,205,210,6,6,2026-09-11T06:18:55Z,2026-09-11T07:05:58Z,identity_bound_from_public_products_json_after_activation;admin_export_product_id_not_provided,B004,PLANNED_LOCKED,NOT_STARTED,NEEDS_REVIEW
1.0,2.4,chillgen_20260911_01,chillgen.com,chillgen.com::personalized-feeling-wheel-composition-notebook-art-area-rug-non-slip,personalized-feeling-wheel-composition-notebook-art-area-rug-non-slip,16000652312945,gid://shopify/Product/16000652312945,https://chillgen.com/products/personalized-feeling-wheel-composition-notebook-art-area-rug-non-slip,https://chillgen.com/products/personalized-feeling-wheel-composition-notebook-art-area-rug-non-slip,en-US,US,PUBLIC_AVAILABLE,ACCESSIBLE_PUBLIC_JSON,DISCOVERED_PUBLIC_PRODUCTS_JSON_AFTER_ACTIVATION,VERIFIED,active,true,Rug,Home & Garden > Decor > Rugs,"Personalized Feeling Wheel Composition Notebook Art Area Rug, Non Slip",UNKNOWN,UNCONFIRMED,35,SRC01#records=211-216,products_export (1).zip,b861e4b348db1d6d7eafaf5afca0aeec3326c0b6e4c70656e32ca8e3cd904db1,211,216,6,6,2026-09-11T06:18:55Z,2026-09-11T07:05:58Z,identity_bound_from_public_products_json_after_activation;admin_export_product_id_not_provided,B004,PLANNED_LOCKED,NOT_STARTED,NEEDS_REVIEW
1.0,2.4,chillgen_20260911_01,chillgen.com,chillgen.com::personalized-emotions-wheel-learning-rug-machine-washable,personalized-emotions-wheel-learning-rug-machine-washable,16000652345713,gid://shopify/Product/16000652345713,https://chillgen.com/products/personalized-emotions-wheel-learning-rug-machine-washable,https://chillgen.com/products/personalized-emotions-wheel-learning-rug-machine-washable,en-US,US,PUBLIC_AVAILABLE,ACCESSIBLE_PUBLIC_JSON,DISCOVERED_PUBLIC_PRODUCTS_JSON_AFTER_ACTIVATION,VERIFIED,active,true,Rug,Home & Garden > Decor > Rugs,"Personalized Emotions Wheel Learning Rug, Machine Washable",UNKNOWN,UNCONFIRMED,36,SRC01#records=217-222,products_export (1).zip,b861e4b348db1d6d7eafaf5afca0aeec3326c0b6e4c70656e32ca8e3cd904db1,217,222,6,6,2026-09-11T06:18:55Z,2026-09-11T07:05:58Z,identity_bound_from_public_products_json_after_activation;admin_export_product_id_not_provided,B004,PLANNED_LOCKED,NOT_STARTED,NEEDS_REVIEW
1.0,2.4,chillgen_20260911_01,chillgen.com,chillgen.com::personalized-religious-quote-with-family-name-doormat-entryway-decor,personalized-religious-quote-with-family-name-doormat-entryway-decor,16000669319537,gid://shopify/Product/16000669319537,https://chillgen.com/products/personalized-religious-quote-with-family-name-doormat-entryway-decor,https://chillgen.com/products/personalized-religious-quote-with-family-name-doormat-entryway-decor,en-US,US,PUBLIC_AVAILABLE,ACCESSIBLE_PUBLIC_JSON,DISCOVERED_PUBLIC_PRODUCTS_JSON_AFTER_ACTIVATION,VERIFIED,active,true,Rug,Home & Garden > Decor > Door Mats,"Personalized Religious Quote with Family Name Doormat, Entryway Decor",UNKNOWN,UNCONFIRMED,37,SRC01#records=223-234,products_export (1).zip,b861e4b348db1d6d7eafaf5afca0aeec3326c0b6e4c70656e32ca8e3cd904db1,223,234,4,12,2026-09-11T06:18:55Z,2026-09-11T07:05:58Z,identity_bound_from_public_products_json_after_activation;admin_export_product_id_not_provided,B004,PLANNED_LOCKED,NOT_STARTED,NEEDS_REVIEW
1.0,2.4,chillgen_20260911_01,chillgen.com,chillgen.com::personalized-nautical-anchor-with-rope-doormat-design-12,personalized-nautical-anchor-with-rope-doormat-design-12,16000688128369,gid://shopify/Product/16000688128369,https://chillgen.com/products/personalized-nautical-anchor-with-rope-doormat-design-12,https://chillgen.com/products/personalized-nautical-anchor-with-rope-doormat-design-12,en-US,US,PUBLIC_AVAILABLE,ACCESSIBLE_PUBLIC_JSON,DISCOVERED_PUBLIC_PRODUCTS_JSON_AFTER_ACTIVATION,VERIFIED,active,true,Rug,Services > Building & Construction Services > Outdoor Construction,Personalized Nautical Anchor with Rope Doormat - Design 12,UNKNOWN,UNCONFIRMED,38,SRC01#records=235-240,products_export (1).zip,b861e4b348db1d6d7eafaf5afca0aeec3326c0b6e4c70656e32ca8e3cd904db1,235,240,4,6,2026-09-11T06:18:55Z,2026-09-11T07:05:58Z,identity_bound_from_public_products_json_after_activation;admin_export_product_id_not_provided,B004,PLANNED_LOCKED,NOT_STARTED,NEEDS_REVIEW
1.0,2.4,chillgen_20260911_01,chillgen.com,chillgen.com::personalized-nautical-anchor-with-boat-name-doormat-nautical-15,personalized-nautical-anchor-with-boat-name-doormat-nautical-15,16000688226673,gid://shopify/Product/16000688226673,https://chillgen.com/products/personalized-nautical-anchor-with-boat-name-doormat-nautical-15,https://chillgen.com/products/personalized-nautical-anchor-with-boat-name-doormat-nautical-15,en-US,US,PUBLIC_AVAILABLE,ACCESSIBLE_PUBLIC_JSON,DISCOVERED_PUBLIC_PRODUCTS_JSON_AFTER_ACTIVATION,VERIFIED,active,true,Rug,Services > Building & Construction Services > Outdoor Construction,Personalized Nautical Anchor with Boat Name Doormat - Nautical 15,UNKNOWN,UNCONFIRMED,39,SRC01#records=241-246,products_export (1).zip,b861e4b348db1d6d7eafaf5afca0aeec3326c0b6e4c70656e32ca8e3cd904db1,241,246,4,6,2026-09-11T06:18:55Z,2026-09-11T07:05:58Z,identity_bound_from_public_products_json_after_activation;admin_export_product_id_not_provided,B004,PLANNED_LOCKED,NOT_STARTED,NEEDS_REVIEW
1.0,2.4,chillgen_20260911_01,chillgen.com,chillgen.com::personalized-nautical-compass-rose-with-boat-name-doormat,personalized-nautical-compass-rose-with-boat-name-doormat,16000688259441,gid://shopify/Product/16000688259441,https://chillgen.com/products/personalized-nautical-compass-rose-with-boat-name-doormat,https://chillgen.com/products/personalized-nautical-compass-rose-with-boat-name-doormat,en-US,US,PUBLIC_AVAILABLE,ACCESSIBLE_PUBLIC_JSON,DISCOVERED_PUBLIC_PRODUCTS_JSON_AFTER_ACTIVATION,VERIFIED,active,true,Rug,Services > Building & Construction Services > Outdoor Construction,Personalized Nautical Compass Rose with Boat Name Doormat,UNKNOWN,UNCONFIRMED,40,SRC01#records=247-252,products_export (1).zip,b861e4b348db1d6d7eafaf5afca0aeec3326c0b6e4c70656e32ca8e3cd904db1,247,252,4,6,2026-09-11T06:18:55Z,2026-09-11T07:05:58Z,identity_bound_from_public_products_json_after_activation;admin_export_product_id_not_provided,B004,PLANNED_LOCKED,NOT_STARTED,NEEDS_REVIEW
1.0,2.4,chillgen_20260911_01,chillgen.com,chillgen.com::personalized-anchor-rope-pattern-doormat-for-boat-owners,personalized-anchor-rope-pattern-doormat-for-boat-owners,16000689308017,gid://shopify/Product/16000689308017,https://chillgen.com/products/personalized-anchor-rope-pattern-doormat-for-boat-owners,https://chillgen.com/products/personalized-anchor-rope-pattern-doormat-for-boat-owners,en-US,US,PUBLIC_AVAILABLE,ACCESSIBLE_PUBLIC_JSON,DISCOVERED_PUBLIC_PRODUCTS_JSON_AFTER_ACTIVATION,VERIFIED,active,true,Rug,Services > Building & Construction Services > Outdoor Construction,Personalized Anchor Rope Pattern Doormat for Boat Owners,UNKNOWN,UNCONFIRMED,41,SRC01#records=253-260,products_export (1).zip,b861e4b348db1d6d7eafaf5afca0aeec3326c0b6e4c70656e32ca8e3cd904db1,253,260,8,6,2026-09-11T06:18:55Z,2026-09-11T07:05:58Z,identity_bound_from_public_products_json_after_activation;admin_export_product_id_not_provided,B005,PLANNED_LOCKED,NOT_STARTED,NEEDS_REVIEW
1.0,2.4,chillgen_20260911_01,chillgen.com,chillgen.com::personalized-nautical-anchor-doormat-water-repellent,personalized-nautical-anchor-doormat-water-repellent,16000689439089,gid://shopify/Product/16000689439089,https://chillgen.com/products/personalized-nautical-anchor-doormat-water-repellent,https://chillgen.com/products/personalized-nautical-anchor-doormat-water-repellent,en-US,US,PUBLIC_AVAILABLE,ACCESSIBLE_PUBLIC_JSON,DISCOVERED_PUBLIC_PRODUCTS_JSON_AFTER_ACTIVATION,VERIFIED,active,true,Rug,Services > Building & Construction Services > Outdoor Construction,"Personalized Nautical Anchor Doormat, Water Repellent",UNKNOWN,UNCONFIRMED,42,SRC01#records=261-266,products_export (1).zip,b861e4b348db1d6d7eafaf5afca0aeec3326c0b6e4c70656e32ca8e3cd904db1,261,266,4,6,2026-09-11T06:18:55Z,2026-09-11T07:05:58Z,identity_bound_from_public_products_json_after_activation;admin_export_product_id_not_provided,B005,PLANNED_LOCKED,NOT_STARTED,NEEDS_REVIEW
1.0,2.4,chillgen_20260911_01,chillgen.com,chillgen.com::personalized-striped-nautical-anchor-doormat-water-repell-design-13,personalized-striped-nautical-anchor-doormat-water-repell-design-13,16000689635697,gid://shopify/Product/16000689635697,https://chillgen.com/products/personalized-striped-nautical-anchor-doormat-water-repell-design-13,https://chillgen.com/products/personalized-striped-nautical-anchor-doormat-water-repell-design-13,en-US,US,PUBLIC_AVAILABLE,ACCESSIBLE_PUBLIC_JSON,DISCOVERED_PUBLIC_PRODUCTS_JSON_AFTER_ACTIVATION,VERIFIED,active,true,Rug,Services > Building & Construction Services > Outdoor Construction,"Personalized Striped Nautical Anchor Doormat, Water Repell - Design 13",UNKNOWN,UNCONFIRMED,43,SRC01#records=267-272,products_export (1).zip,b861e4b348db1d6d7eafaf5afca0aeec3326c0b6e4c70656e32ca8e3cd904db1,267,272,4,6,2026-09-11T06:18:55Z,2026-09-11T07:05:58Z,identity_bound_from_public_products_json_after_activation;admin_export_product_id_not_provided,B005,PLANNED_LOCKED,NOT_STARTED,NEEDS_REVIEW
1.0,2.4,chillgen_20260911_01,chillgen.com,chillgen.com::personalized-nautical-anchor-with-boat-name-doormat-water-design-08,personalized-nautical-anchor-with-boat-name-doormat-water-design-08,16000690749809,gid://shopify/Product/16000690749809,https://chillgen.com/products/personalized-nautical-anchor-with-boat-name-doormat-water-design-08,https://chillgen.com/products/personalized-nautical-anchor-with-boat-name-doormat-water-design-08,en-US,US,PUBLIC_AVAILABLE,ACCESSIBLE_PUBLIC_JSON,DISCOVERED_PUBLIC_PRODUCTS_JSON_AFTER_ACTIVATION,VERIFIED,active,true,Rug,Services > Building & Construction Services > Outdoor Construction,"Personalized Nautical Anchor with Boat Name Doormat, Water - Design 08",UNKNOWN,UNCONFIRMED,44,SRC01#records=273-278,products_export (1).zip,b861e4b348db1d6d7eafaf5afca0aeec3326c0b6e4c70656e32ca8e3cd904db1,273,278,4,6,2026-09-11T06:18:55Z,2026-09-11T07:05:58Z,identity_bound_from_public_products_json_after_activation;admin_export_product_id_not_provided,B005,PLANNED_LOCKED,NOT_STARTED,NEEDS_REVIEW
1.0,2.4,chillgen_20260911_01,chillgen.com,chillgen.com::personalized-nautical-anchor-with-ship-wheel-doormat-water-repellent,personalized-nautical-anchor-with-ship-wheel-doormat-water-repellent,16000690815345,gid://shopify/Product/16000690815345,https://chillgen.com/products/personalized-nautical-anchor-with-ship-wheel-doormat-water-repellent,https://chillgen.com/products/personalized-nautical-anchor-with-ship-wheel-doormat-water-repellent,en-US,US,PUBLIC_AVAILABLE,ACCESSIBLE_PUBLIC_JSON,DISCOVERED_PUBLIC_PRODUCTS_JSON_AFTER_ACTIVATION,VERIFIED,active,true,Rug,Services > Building & Construction Services > Outdoor Construction,"Personalized Nautical Anchor with Ship Wheel Doormat, Water Repellent",UNKNOWN,UNCONFIRMED,45,SRC01#records=279-284,products_export (1).zip,b861e4b348db1d6d7eafaf5afca0aeec3326c0b6e4c70656e32ca8e3cd904db1,279,284,4,6,2026-09-11T06:18:55Z,2026-09-11T07:05:58Z,identity_bound_from_public_products_json_after_activation;admin_export_product_id_not_provided,B005,PLANNED_LOCKED,NOT_STARTED,NEEDS_REVIEW
1.0,2.4,chillgen_20260911_01,chillgen.com,chillgen.com::personalized-nautical-anchor-with-boat-name-doormat-water-design-14,personalized-nautical-anchor-with-boat-name-doormat-water-design-14,16000691044721,gid://shopify/Product/16000691044721,https://chillgen.com/products/personalized-nautical-anchor-with-boat-name-doormat-water-design-14,https://chillgen.com/products/personalized-nautical-anchor-with-boat-name-doormat-water-design-14,en-US,US,PUBLIC_AVAILABLE,ACCESSIBLE_PUBLIC_JSON,DISCOVERED_PUBLIC_PRODUCTS_JSON_AFTER_ACTIVATION,VERIFIED,active,true,Rug,Services > Building & Construction Services > Outdoor Construction,"Personalized Nautical Anchor With Boat Name Doormat, Water - Design 14",UNKNOWN,UNCONFIRMED,46,SRC01#records=285-290,products_export (1).zip,b861e4b348db1d6d7eafaf5afca0aeec3326c0b6e4c70656e32ca8e3cd904db1,285,290,4,6,2026-09-11T06:18:55Z,2026-09-11T07:05:58Z,identity_bound_from_public_products_json_after_activation;admin_export_product_id_not_provided,B005,PLANNED_LOCKED,NOT_STARTED,NEEDS_REVIEW
1.0,2.4,chillgen_20260911_01,chillgen.com,chillgen.com::personalized-nautical-anchor-welcome-aboard-doormat-water-repellent,personalized-nautical-anchor-welcome-aboard-doormat-water-repellent,16000692093297,gid://shopify/Product/16000692093297,https://chillgen.com/products/personalized-nautical-anchor-welcome-aboard-doormat-water-repellent,https://chillgen.com/products/personalized-nautical-anchor-welcome-aboard-doormat-water-repellent,en-US,US,PUBLIC_AVAILABLE,ACCESSIBLE_PUBLIC_JSON,DISCOVERED_PUBLIC_PRODUCTS_JSON_AFTER_ACTIVATION,VERIFIED,active,true,Rug,Services > Building & Construction Services > Outdoor Construction,"Personalized Nautical Anchor Welcome Aboard Doormat, Water Repellent",UNKNOWN,UNCONFIRMED,47,SRC01#records=291-296,products_export (1).zip,b861e4b348db1d6d7eafaf5afca0aeec3326c0b6e4c70656e32ca8e3cd904db1,291,296,4,6,2026-09-11T06:18:55Z,2026-09-11T07:05:58Z,identity_bound_from_public_products_json_after_activation;admin_export_product_id_not_provided,B005,PLANNED_LOCKED,NOT_STARTED,NEEDS_REVIEW
1.0,2.4,chillgen_20260911_01,chillgen.com,chillgen.com::personalized-anchor-welcome-aboard-doormat-for-fishing-boat,personalized-anchor-welcome-aboard-doormat-for-fishing-boat,16000692158833,gid://shopify/Product/16000692158833,https://chillgen.com/products/personalized-anchor-welcome-aboard-doormat-for-fishing-boat,https://chillgen.com/products/personalized-anchor-welcome-aboard-doormat-for-fishing-boat,en-US,US,PUBLIC_AVAILABLE,ACCESSIBLE_PUBLIC_JSON,DISCOVERED_PUBLIC_PRODUCTS_JSON_AFTER_ACTIVATION,VERIFIED,active,true,Rug,Services > Building & Construction Services > Outdoor Construction,Personalized Anchor Welcome Aboard Doormat for Fishing Boat,UNKNOWN,UNCONFIRMED,48,SRC01#records=297-302,products_export (1).zip,b861e4b348db1d6d7eafaf5afca0aeec3326c0b6e4c70656e32ca8e3cd904db1,297,302,4,6,2026-09-11T06:18:55Z,2026-09-11T07:05:58Z,identity_bound_from_public_products_json_after_activation;admin_export_product_id_not_provided,B005,PLANNED_LOCKED,NOT_STARTED,NEEDS_REVIEW
1.0,2.4,chillgen_20260911_01,chillgen.com,chillgen.com::personalized-anchor-with-boat-name-and-location-doormat,personalized-anchor-with-boat-name-and-location-doormat,16000692289905,gid://shopify/Product/16000692289905,https://chillgen.com/products/personalized-anchor-with-boat-name-and-location-doormat,https://chillgen.com/products/personalized-anchor-with-boat-name-and-location-doormat,en-US,US,PUBLIC_AVAILABLE,ACCESSIBLE_PUBLIC_JSON,DISCOVERED_PUBLIC_PRODUCTS_JSON_AFTER_ACTIVATION,VERIFIED,active,true,Rug,Services > Building & Construction Services > Outdoor Construction,Personalized Anchor with Boat Name and Location Doormat,UNKNOWN,UNCONFIRMED,49,SRC01#records=303-308,products_export (1).zip,b861e4b348db1d6d7eafaf5afca0aeec3326c0b6e4c70656e32ca8e3cd904db1,303,308,4,6,2026-09-11T06:18:55Z,2026-09-11T07:05:58Z,identity_bound_from_public_products_json_after_activation;admin_export_product_id_not_provided,B005,PLANNED_LOCKED,NOT_STARTED,NEEDS_REVIEW
1.0,2.4,chillgen_20260911_01,chillgen.com,chillgen.com::personalized-classroom-welcome-rainbow-welcome-doormat,personalized-classroom-welcome-rainbow-welcome-doormat,16001043726705,gid://shopify/Product/16001043726705,https://chillgen.com/products/personalized-classroom-welcome-rainbow-welcome-doormat,https://chillgen.com/products/personalized-classroom-welcome-rainbow-welcome-doormat,en-US,US,PUBLIC_AVAILABLE,ACCESSIBLE_PUBLIC_JSON,DISCOVERED_PUBLIC_PRODUCTS_JSON_AFTER_ACTIVATION,VERIFIED,active,true,Rug,Services > Building & Construction Services > Outdoor Construction,Personalized Classroom Welcome Rainbow Welcome Doormat,UNKNOWN,UNCONFIRMED,50,SRC01#records=309-314,products_export (1).zip,b861e4b348db1d6d7eafaf5afca0aeec3326c0b6e4c70656e32ca8e3cd904db1,309,314,6,6,2026-09-11T06:18:55Z,2026-09-11T07:05:58Z,identity_bound_from_public_products_json_after_activation;admin_export_product_id_not_provided,B005,PLANNED_LOCKED,NOT_STARTED,NEEDS_REVIEW
1.0,2.4,chillgen_20260911_01,chillgen.com,chillgen.com::personalized-cheerful-school-themed-welcome-doormat-non-slip-backing,personalized-cheerful-school-themed-welcome-doormat-non-slip-backing,16001043759473,gid://shopify/Product/16001043759473,https://chillgen.com/products/personalized-cheerful-school-themed-welcome-doormat-non-slip-backing,https://chillgen.com/products/personalized-cheerful-school-themed-welcome-doormat-non-slip-backing,en-US,US,PUBLIC_AVAILABLE,ACCESSIBLE_PUBLIC_JSON,DISCOVERED_PUBLIC_PRODUCTS_JSON_AFTER_ACTIVATION,VERIFIED,active,true,Rug,Services > Building & Construction Services > Outdoor Construction,"Personalized Cheerful School Themed Welcome Doormat, Non-Slip Backing",UNKNOWN,UNCONFIRMED,51,SRC02#records=2-7,products_export.zip,d1c8cb2ed721e968a104f1f03da8421e2259abbb31f1dc6eca50d8e0adb31126,2,7,6,6,2026-09-11T06:18:55Z,2026-09-11T07:05:58Z,identity_bound_from_public_products_json_after_activation;admin_export_product_id_not_provided,B006,PLANNED_LOCKED,NOT_STARTED,NEEDS_REVIEW
1.0,2.4,chillgen_20260911_01,chillgen.com,chillgen.com::personalized-pink-school-supplies-doormat-machine-made,personalized-pink-school-supplies-doormat-machine-made,16001043792241,gid://shopify/Product/16001043792241,https://chillgen.com/products/personalized-pink-school-supplies-doormat-machine-made,https://chillgen.com/products/personalized-pink-school-supplies-doormat-machine-made,en-US,US,PUBLIC_AVAILABLE,ACCESSIBLE_PUBLIC_JSON,DISCOVERED_PUBLIC_PRODUCTS_JSON_AFTER_ACTIVATION,VERIFIED,active,true,Rug,Services > Building & Construction Services > Outdoor Construction,"Personalized Pink School Supplies Doormat, Machine Made",UNKNOWN,UNCONFIRMED,52,SRC02#records=8-13,products_export.zip,d1c8cb2ed721e968a104f1f03da8421e2259abbb31f1dc6eca50d8e0adb31126,8,13,6,6,2026-09-11T06:18:55Z,2026-09-11T07:05:58Z,identity_bound_from_public_products_json_after_activation;admin_export_product_id_not_provided,B006,PLANNED_LOCKED,NOT_STARTED,NEEDS_REVIEW
1.0,2.4,chillgen_20260911_01,chillgen.com,chillgen.com::personalized-teacher-classroom-welcome-with-school-supplies-doormat,personalized-teacher-classroom-welcome-with-school-supplies-doormat,16001043923313,gid://shopify/Product/16001043923313,https://chillgen.com/products/personalized-teacher-classroom-welcome-with-school-supplies-doormat,https://chillgen.com/products/personalized-teacher-classroom-welcome-with-school-supplies-doormat,en-US,US,PUBLIC_AVAILABLE,ACCESSIBLE_PUBLIC_JSON,DISCOVERED_PUBLIC_PRODUCTS_JSON_AFTER_ACTIVATION,VERIFIED,active,true,Rug,Services > Building & Construction Services > Outdoor Construction,Personalized Teacher Classroom Welcome with School Supplies Doormat,UNKNOWN,UNCONFIRMED,53,SRC02#records=14-19,products_export.zip,d1c8cb2ed721e968a104f1f03da8421e2259abbb31f1dc6eca50d8e0adb31126,14,19,6,6,2026-09-11T06:18:55Z,2026-09-11T07:05:58Z,identity_bound_from_public_products_json_after_activation;admin_export_product_id_not_provided,B006,PLANNED_LOCKED,NOT_STARTED,NEEDS_REVIEW
1.0,2.4,chillgen_20260911_01,chillgen.com,chillgen.com::personalized-speckled-classroom-decor-door-mat-non-slip-backing,personalized-speckled-classroom-decor-door-mat-non-slip-backing,16001043988849,gid://shopify/Product/16001043988849,https://chillgen.com/products/personalized-speckled-classroom-decor-door-mat-non-slip-backing,https://chillgen.com/products/personalized-speckled-classroom-decor-door-mat-non-slip-backing,en-US,US,PUBLIC_AVAILABLE,ACCESSIBLE_PUBLIC_JSON,DISCOVERED_PUBLIC_PRODUCTS_JSON_AFTER_ACTIVATION,VERIFIED,active,true,Rug,Home & Garden > Lawn & Garden > Gardening > Composting,"Personalized Speckled Classroom Decor Door Mat, Non-Slip Backing",UNKNOWN,UNCONFIRMED,54,SRC02#records=20-25,products_export.zip,d1c8cb2ed721e968a104f1f03da8421e2259abbb31f1dc6eca50d8e0adb31126,20,25,6,6,2026-09-11T06:18:55Z,2026-09-11T07:05:58Z,identity_bound_from_public_products_json_after_activation;admin_export_product_id_not_provided,B006,PLANNED_LOCKED,NOT_STARTED,NEEDS_REVIEW
1.0,2.4,chillgen_20260911_01,chillgen.com,chillgen.com::personalized-flower-star-school-teacher-appreciation-playful-doormat,personalized-flower-star-school-teacher-appreciation-playful-doormat,16001044021617,gid://shopify/Product/16001044021617,https://chillgen.com/products/personalized-flower-star-school-teacher-appreciation-playful-doormat,https://chillgen.com/products/personalized-flower-star-school-teacher-appreciation-playful-doormat,en-US,US,PUBLIC_AVAILABLE,ACCESSIBLE_PUBLIC_JSON,DISCOVERED_PUBLIC_PRODUCTS_JSON_AFTER_ACTIVATION,VERIFIED,active,true,Rug,Home & Garden > Lawn & Garden > Gardening > Composting > Compost,"Personalized Flower Star School, teacher appreciation, playful Doormat",UNKNOWN,UNCONFIRMED,55,SRC02#records=26-31,products_export.zip,d1c8cb2ed721e968a104f1f03da8421e2259abbb31f1dc6eca50d8e0adb31126,26,31,6,6,2026-09-11T06:18:55Z,2026-09-11T07:05:58Z,identity_bound_from_public_products_json_after_activation;admin_export_product_id_not_provided,B006,PLANNED_LOCKED,NOT_STARTED,NEEDS_REVIEW
1.0,2.4,chillgen_20260911_01,chillgen.com,chillgen.com::personalized-diverse-hands-welcome-door-mat-non-slip-backing,personalized-diverse-hands-welcome-door-mat-non-slip-backing,16001044250993,gid://shopify/Product/16001044250993,https://chillgen.com/products/personalized-diverse-hands-welcome-door-mat-non-slip-backing,https://chillgen.com/products/personalized-diverse-hands-welcome-door-mat-non-slip-backing,en-US,US,PUBLIC_AVAILABLE,ACCESSIBLE_PUBLIC_JSON,DISCOVERED_PUBLIC_PRODUCTS_JSON_AFTER_ACTIVATION,VERIFIED,active,true,Rug,Services > Building & Construction Services > Outdoor Construction,"Personalized Diverse Hands Welcome Door Mat, Non-Slip Backing",UNKNOWN,UNCONFIRMED,56,SRC02#records=32-37,products_export.zip,d1c8cb2ed721e968a104f1f03da8421e2259abbb31f1dc6eca50d8e0adb31126,32,37,6,6,2026-09-11T06:18:55Z,2026-09-11T07:05:58Z,identity_bound_from_public_products_json_after_activation;admin_export_product_id_not_provided,B006,PLANNED_LOCKED,NOT_STARTED,NEEDS_REVIEW
1.0,2.4,chillgen_20260911_01,chillgen.com,chillgen.com::personalized-in-this-classroom-doormat-non-slip-backing-design-03,personalized-in-this-classroom-doormat-non-slip-backing-design-03,16001044283761,gid://shopify/Product/16001044283761,https://chillgen.com/products/personalized-in-this-classroom-doormat-non-slip-backing-design-03,https://chillgen.com/products/personalized-in-this-classroom-doormat-non-slip-backing-design-03,en-US,US,PUBLIC_AVAILABLE,ACCESSIBLE_PUBLIC_JSON,DISCOVERED_PUBLIC_PRODUCTS_JSON_AFTER_ACTIVATION,VERIFIED,active,true,Rug,Services > Building & Construction Services > Outdoor Construction,"Personalized In This Classroom Doormat, Non-Slip Backing - Design 03",UNKNOWN,UNCONFIRMED,57,SRC02#records=38-43,products_export.zip,d1c8cb2ed721e968a104f1f03da8421e2259abbb31f1dc6eca50d8e0adb31126,38,43,6,6,2026-09-11T06:18:55Z,2026-09-11T07:05:58Z,identity_bound_from_public_products_json_after_activation;admin_export_product_id_not_provided,B006,PLANNED_LOCKED,NOT_STARTED,NEEDS_REVIEW
1.0,2.4,chillgen_20260911_01,chillgen.com,chillgen.com::personalized-rainbow-hearts-classroom-doormat-non-slip-backing,personalized-rainbow-hearts-classroom-doormat-non-slip-backing,16001044316529,gid://shopify/Product/16001044316529,https://chillgen.com/products/personalized-rainbow-hearts-classroom-doormat-non-slip-backing,https://chillgen.com/products/personalized-rainbow-hearts-classroom-doormat-non-slip-backing,en-US,US,PUBLIC_AVAILABLE,ACCESSIBLE_PUBLIC_JSON,DISCOVERED_PUBLIC_PRODUCTS_JSON_AFTER_ACTIVATION,VERIFIED,active,true,Rug,Services > Building & Construction Services > Outdoor Construction,"Personalized Rainbow Hearts Classroom Doormat, Non-Slip Backing",UNKNOWN,UNCONFIRMED,58,SRC02#records=44-49,products_export.zip,d1c8cb2ed721e968a104f1f03da8421e2259abbb31f1dc6eca50d8e0adb31126,44,49,6,6,2026-09-11T06:18:55Z,2026-09-11T07:05:58Z,identity_bound_from_public_products_json_after_activation;admin_export_product_id_not_provided,B006,PLANNED_LOCKED,NOT_STARTED,NEEDS_REVIEW
1.0,2.4,chillgen_20260911_01,chillgen.com,chillgen.com::personalized-classroom-inspirational-crayons-doormat-non-slip-backing,personalized-classroom-inspirational-crayons-doormat-non-slip-backing,16001045463409,gid://shopify/Product/16001045463409,https://chillgen.com/products/personalized-classroom-inspirational-crayons-doormat-non-slip-backing,https://chillgen.com/products/personalized-classroom-inspirational-crayons-doormat-non-slip-backing,en-US,US,PUBLIC_AVAILABLE,ACCESSIBLE_PUBLIC_JSON,DISCOVERED_PUBLIC_PRODUCTS_JSON_AFTER_ACTIVATION,VERIFIED,active,true,Rug,Services > Building & Construction Services > Outdoor Construction,"Personalized Classroom Inspirational Crayons Doormat, Non-Slip Backing",UNKNOWN,UNCONFIRMED,59,SRC02#records=50-55,products_export.zip,d1c8cb2ed721e968a104f1f03da8421e2259abbb31f1dc6eca50d8e0adb31126,50,55,6,6,2026-09-11T06:18:55Z,2026-09-11T07:05:58Z,identity_bound_from_public_products_json_after_activation;admin_export_product_id_not_provided,B006,PLANNED_LOCKED,NOT_STARTED,NEEDS_REVIEW
1.0,2.4,chillgen_20260911_01,chillgen.com,chillgen.com::personalized-composition-book-style-door-mat-non-slip,personalized-composition-book-style-door-mat-non-slip,16001045496177,gid://shopify/Product/16001045496177,https://chillgen.com/products/personalized-composition-book-style-door-mat-non-slip,https://chillgen.com/products/personalized-composition-book-style-door-mat-non-slip,en-US,US,PUBLIC_AVAILABLE,ACCESSIBLE_PUBLIC_JSON,DISCOVERED_PUBLIC_PRODUCTS_JSON_AFTER_ACTIVATION,VERIFIED,active,true,Rug,Services > Building & Construction Services > Outdoor Construction,"Personalized Composition Book Style Door Mat, Non-Slip",UNKNOWN,UNCONFIRMED,60,SRC02#records=56-61,products_export.zip,d1c8cb2ed721e968a104f1f03da8421e2259abbb31f1dc6eca50d8e0adb31126,56,61,6,6,2026-09-11T06:18:55Z,2026-09-11T07:05:58Z,identity_bound_from_public_products_json_after_activation;admin_export_product_id_not_provided,B006,PLANNED_LOCKED,NOT_STARTED,NEEDS_REVIEW
1.0,2.4,chillgen_20260911_01,chillgen.com,chillgen.com::personalized-good-day-to-do-math-typography-door-mat-non-slip-backing,personalized-good-day-to-do-math-typography-door-mat-non-slip-backing,16001045528945,gid://shopify/Product/16001045528945,https://chillgen.com/products/personalized-good-day-to-do-math-typography-door-mat-non-slip-backing,https://chillgen.com/products/personalized-good-day-to-do-math-typography-door-mat-non-slip-backing,en-US,US,PUBLIC_AVAILABLE,ACCESSIBLE_PUBLIC_JSON,DISCOVERED_PUBLIC_PRODUCTS_JSON_AFTER_ACTIVATION,VERIFIED,active,true,Rug,Services > Building & Construction Services > Outdoor Construction,"Personalized Good Day To Do Math typography Door Mat, Non-Slip Backing",UNKNOWN,UNCONFIRMED,61,SRC02#records=62-67,products_export.zip,d1c8cb2ed721e968a104f1f03da8421e2259abbb31f1dc6eca50d8e0adb31126,62,67,6,6,2026-09-11T06:18:55Z,2026-09-11T07:05:58Z,identity_bound_from_public_products_json_after_activation;admin_export_product_id_not_provided,B007,PLANNED_LOCKED,NOT_STARTED,NEEDS_REVIEW
1.0,2.4,chillgen_20260911_01,chillgen.com,chillgen.com::personalized-open-book-with-flowers-and-pencil-door-mat,personalized-open-book-with-flowers-and-pencil-door-mat,16001045660017,gid://shopify/Product/16001045660017,https://chillgen.com/products/personalized-open-book-with-flowers-and-pencil-door-mat,https://chillgen.com/products/personalized-open-book-with-flowers-and-pencil-door-mat,en-US,US,PUBLIC_AVAILABLE,ACCESSIBLE_PUBLIC_JSON,DISCOVERED_PUBLIC_PRODUCTS_JSON_AFTER_ACTIVATION,VERIFIED,active,true,Rug,Home & Garden > Kitchen & Dining > Food & Beverage Carriers > Growlers,Personalized Open Book With Flowers And Pencil Door Mat,UNKNOWN,UNCONFIRMED,62,SRC02#records=68-73,products_export.zip,d1c8cb2ed721e968a104f1f03da8421e2259abbb31f1dc6eca50d8e0adb31126,68,73,6,6,2026-09-11T06:18:55Z,2026-09-11T07:05:58Z,identity_bound_from_public_products_json_after_activation;admin_export_product_id_not_provided,B007,PLANNED_LOCKED,NOT_STARTED,NEEDS_REVIEW
1.0,2.4,chillgen_20260911_01,chillgen.com,chillgen.com::personalized-composition-notebook-teacher-door-mat-non-slip-backing,personalized-composition-notebook-teacher-door-mat-non-slip-backing,16001045791089,gid://shopify/Product/16001045791089,https://chillgen.com/products/personalized-composition-notebook-teacher-door-mat-non-slip-backing,https://chillgen.com/products/personalized-composition-notebook-teacher-door-mat-non-slip-backing,en-US,US,PUBLIC_AVAILABLE,ACCESSIBLE_PUBLIC_JSON,DISCOVERED_PUBLIC_PRODUCTS_JSON_AFTER_ACTIVATION,VERIFIED,active,true,Rug,Home & Garden > Lawn & Garden > Gardening > Composting > Compost,"Personalized Composition Notebook Teacher Door Mat, Non-Slip Backing",UNKNOWN,UNCONFIRMED,63,SRC02#records=74-79,products_export.zip,d1c8cb2ed721e968a104f1f03da8421e2259abbb31f1dc6eca50d8e0adb31126,74,79,6,6,2026-09-11T06:18:55Z,2026-09-11T07:05:58Z,identity_bound_from_public_products_json_after_activation;admin_export_product_id_not_provided,B007,PLANNED_LOCKED,NOT_STARTED,NEEDS_REVIEW
1.0,2.4,chillgen_20260911_01,chillgen.com,chillgen.com::personalized-composition-notebook-style-teacher-door-mat,personalized-composition-notebook-style-teacher-door-mat,16001045823857,gid://shopify/Product/16001045823857,https://chillgen.com/products/personalized-composition-notebook-style-teacher-door-mat,https://chillgen.com/products/personalized-composition-notebook-style-teacher-door-mat,en-US,US,PUBLIC_AVAILABLE,ACCESSIBLE_PUBLIC_JSON,DISCOVERED_PUBLIC_PRODUCTS_JSON_AFTER_ACTIVATION,VERIFIED,active,true,Rug,Home & Garden > Lawn & Garden > Gardening > Composting > Compost,Personalized Composition Notebook Style Teacher Door Mat,UNKNOWN,UNCONFIRMED,64,SRC02#records=80-86,products_export.zip,d1c8cb2ed721e968a104f1f03da8421e2259abbb31f1dc6eca50d8e0adb31126,80,86,6,7,2026-09-11T06:18:55Z,2026-09-11T07:05:58Z,identity_bound_from_public_products_json_after_activation;admin_export_product_id_not_provided,B007,PLANNED_LOCKED,NOT_STARTED,NEEDS_REVIEW
1.0,2.4,chillgen_20260911_01,chillgen.com,chillgen.com::personalized-colorful-class-teacher-welcome-door-mat-classroom-decor,personalized-colorful-class-teacher-welcome-door-mat-classroom-decor,16001046086001,gid://shopify/Product/16001046086001,https://chillgen.com/products/personalized-colorful-class-teacher-welcome-door-mat-classroom-decor,https://chillgen.com/products/personalized-colorful-class-teacher-welcome-door-mat-classroom-decor,en-US,US,PUBLIC_AVAILABLE,ACCESSIBLE_PUBLIC_JSON,DISCOVERED_PUBLIC_PRODUCTS_JSON_AFTER_ACTIVATION,VERIFIED,active,true,Rug,Health & Beauty > Health Care > Fitness & Nutrition > Vitamins & Supplements > Digestive Supplements > Colon Cleanses,"Personalized Colorful Class Teacher Welcome Door Mat, Classroom Decor",UNKNOWN,UNCONFIRMED,65,SRC02#records=87-92,products_export.zip,d1c8cb2ed721e968a104f1f03da8421e2259abbb31f1dc6eca50d8e0adb31126,87,92,6,6,2026-09-11T06:18:55Z,2026-09-11T07:05:58Z,identity_bound_from_public_products_json_after_activation;admin_export_product_id_not_provided,B007,PLANNED_LOCKED,NOT_STARTED,NEEDS_REVIEW
1.0,2.4,chillgen_20260911_01,chillgen.com,chillgen.com::personalized-playful-teacher-name-school-supply-star-doormat,personalized-playful-teacher-name-school-supply-star-doormat,16001046151537,gid://shopify/Product/16001046151537,https://chillgen.com/products/personalized-playful-teacher-name-school-supply-star-doormat,https://chillgen.com/products/personalized-playful-teacher-name-school-supply-star-doormat,en-US,US,PUBLIC_AVAILABLE,ACCESSIBLE_PUBLIC_JSON,DISCOVERED_PUBLIC_PRODUCTS_JSON_AFTER_ACTIVATION,VERIFIED,active,true,Rug,Health & Beauty > Health Care > Fitness & Nutrition > Vitamins & Supplements > Digestive Supplements > Colon Cleanses,Personalized Playful Teacher Name School Supply Star Doormat,UNKNOWN,UNCONFIRMED,66,SRC02#records=93-98,products_export.zip,d1c8cb2ed721e968a104f1f03da8421e2259abbb31f1dc6eca50d8e0adb31126,93,98,6,6,2026-09-11T06:18:55Z,2026-09-11T07:05:58Z,identity_bound_from_public_products_json_after_activation;admin_export_product_id_not_provided,B007,PLANNED_LOCKED,NOT_STARTED,NEEDS_REVIEW
1.0,2.4,chillgen_20260911_01,chillgen.com,chillgen.com::personalized-flower-star-school-retro-whimsical-welcome-door-mat,personalized-flower-star-school-retro-whimsical-welcome-door-mat,16001046184305,gid://shopify/Product/16001046184305,https://chillgen.com/products/personalized-flower-star-school-retro-whimsical-welcome-door-mat,https://chillgen.com/products/personalized-flower-star-school-retro-whimsical-welcome-door-mat,en-US,US,PUBLIC_AVAILABLE,ACCESSIBLE_PUBLIC_JSON,DISCOVERED_PUBLIC_PRODUCTS_JSON_AFTER_ACTIVATION,VERIFIED,active,true,Rug,Health & Beauty > Health Care > Fitness & Nutrition > Vitamins & Supplements > Digestive Supplements > Colon Cleanses,"Personalized Flower Star School, retro, whimsical Welcome Door Mat",UNKNOWN,UNCONFIRMED,67,SRC02#records=99-104,products_export.zip,d1c8cb2ed721e968a104f1f03da8421e2259abbb31f1dc6eca50d8e0adb31126,99,104,6,6,2026-09-11T06:18:55Z,2026-09-11T07:05:58Z,identity_bound_from_public_products_json_after_activation;admin_export_product_id_not_provided,B007,PLANNED_LOCKED,NOT_STARTED,NEEDS_REVIEW
1.0,2.4,chillgen_20260911_01,chillgen.com,chillgen.com::personalized-in-this-classroom-inspirational-text-doormat,personalized-in-this-classroom-inspirational-text-doormat,16001046282609,gid://shopify/Product/16001046282609,https://chillgen.com/products/personalized-in-this-classroom-inspirational-text-doormat,https://chillgen.com/products/personalized-in-this-classroom-inspirational-text-doormat,en-US,US,PUBLIC_AVAILABLE,ACCESSIBLE_PUBLIC_JSON,DISCOVERED_PUBLIC_PRODUCTS_JSON_AFTER_ACTIVATION,VERIFIED,active,true,Rug,Services > Building & Construction Services > Outdoor Construction,Personalized In This Classroom Inspirational Text Doormat,UNKNOWN,UNCONFIRMED,68,SRC02#records=105-110,products_export.zip,d1c8cb2ed721e968a104f1f03da8421e2259abbb31f1dc6eca50d8e0adb31126,105,110,6,6,2026-09-11T06:18:55Z,2026-09-11T07:05:58Z,identity_bound_from_public_products_json_after_activation;admin_export_product_id_not_provided,B007,PLANNED_LOCKED,NOT_STARTED,NEEDS_REVIEW
1.0,2.4,chillgen_20260911_01,chillgen.com,chillgen.com::personalized-flower-star-classroom-nature-rug,personalized-flower-star-classroom-nature-rug,16001046315377,gid://shopify/Product/16001046315377,https://chillgen.com/products/personalized-flower-star-classroom-nature-rug,https://chillgen.com/products/personalized-flower-star-classroom-nature-rug,en-US,US,PUBLIC_AVAILABLE,ACCESSIBLE_PUBLIC_JSON,DISCOVERED_PUBLIC_PRODUCTS_JSON_AFTER_ACTIVATION,VERIFIED,active,true,Rug,Home & Garden > Kitchen & Dining > Food & Beverage Carriers > Growlers,Personalized Flower Star classroom / nature Rug,UNKNOWN,UNCONFIRMED,69,SRC02#records=111-116,products_export.zip,d1c8cb2ed721e968a104f1f03da8421e2259abbb31f1dc6eca50d8e0adb31126,111,116,6,6,2026-09-11T06:18:55Z,2026-09-11T07:05:58Z,identity_bound_from_public_products_json_after_activation;admin_export_product_id_not_provided,B007,PLANNED_LOCKED,NOT_STARTED,NEEDS_REVIEW
1.0,2.4,chillgen_20260911_01,chillgen.com,chillgen.com::personalized-text-books-and-flowers-classroom-inspiration-doormat,personalized-text-books-and-flowers-classroom-inspiration-doormat,16001046511985,gid://shopify/Product/16001046511985,https://chillgen.com/products/personalized-text-books-and-flowers-classroom-inspiration-doormat,https://chillgen.com/products/personalized-text-books-and-flowers-classroom-inspiration-doormat,en-US,US,PUBLIC_AVAILABLE,ACCESSIBLE_PUBLIC_JSON,DISCOVERED_PUBLIC_PRODUCTS_JSON_AFTER_ACTIVATION,VERIFIED,active,true,Rug,Services > Building & Construction Services > Outdoor Construction,Personalized Text books and flowers classroom inspiration Doormat,UNKNOWN,UNCONFIRMED,70,SRC02#records=117-122,products_export.zip,d1c8cb2ed721e968a104f1f03da8421e2259abbb31f1dc6eca50d8e0adb31126,117,122,6,6,2026-09-11T06:18:55Z,2026-09-11T07:05:58Z,identity_bound_from_public_products_json_after_activation;admin_export_product_id_not_provided,B007,PLANNED_LOCKED,NOT_STARTED,NEEDS_REVIEW
1.0,2.4,chillgen_20260911_01,chillgen.com,chillgen.com::personalized-colorful-composition-notebook-teacher-door-mat,personalized-colorful-composition-notebook-teacher-door-mat,16001047331185,gid://shopify/Product/16001047331185,https://chillgen.com/products/personalized-colorful-composition-notebook-teacher-door-mat,https://chillgen.com/products/personalized-colorful-composition-notebook-teacher-door-mat,en-US,US,PUBLIC_AVAILABLE,ACCESSIBLE_PUBLIC_JSON,DISCOVERED_PUBLIC_PRODUCTS_JSON_AFTER_ACTIVATION,VERIFIED,active,true,Rug,Health & Beauty > Health Care > Fitness & Nutrition > Vitamins & Supplements > Digestive Supplements > Colon Cleanses,Personalized Colorful Composition Notebook Teacher Door Mat,UNKNOWN,UNCONFIRMED,71,SRC02#records=123-128,products_export.zip,d1c8cb2ed721e968a104f1f03da8421e2259abbb31f1dc6eca50d8e0adb31126,123,128,6,6,2026-09-11T06:18:55Z,2026-09-11T07:05:58Z,identity_bound_from_public_products_json_after_activation;admin_export_product_id_not_provided,B008,PLANNED_LOCKED,NOT_STARTED,NEEDS_REVIEW
1.0,2.4,chillgen_20260911_01,chillgen.com,chillgen.com::personalized-rainbow-butterfly-stained-glass-garden-doormat,personalized-rainbow-butterfly-stained-glass-garden-doormat,16001054212465,gid://shopify/Product/16001054212465,https://chillgen.com/products/personalized-rainbow-butterfly-stained-glass-garden-doormat,https://chillgen.com/products/personalized-rainbow-butterfly-stained-glass-garden-doormat,en-US,US,PUBLIC_AVAILABLE,ACCESSIBLE_PUBLIC_JSON,DISCOVERED_PUBLIC_PRODUCTS_JSON_AFTER_ACTIVATION,VERIFIED,active,true,Rug,Home & Garden > Decor > Bird & Wildlife Houses > Butterfly Houses,Personalized Rainbow Butterfly Stained Glass Garden Doormat,UNKNOWN,UNCONFIRMED,72,SRC02#records=129-135,products_export.zip,d1c8cb2ed721e968a104f1f03da8421e2259abbb31f1dc6eca50d8e0adb31126,129,135,4,7,2026-09-11T06:18:55Z,2026-09-11T07:05:58Z,identity_bound_from_public_products_json_after_activation;admin_export_product_id_not_provided,B008,PLANNED_LOCKED,NOT_STARTED,NEEDS_REVIEW
1.0,2.4,chillgen_20260911_01,chillgen.com,chillgen.com::personalized-rainbow-everyone-is-welcome-here-hands-doormat,personalized-rainbow-everyone-is-welcome-here-hands-doormat,16001054245233,gid://shopify/Product/16001054245233,https://chillgen.com/products/personalized-rainbow-everyone-is-welcome-here-hands-doormat,https://chillgen.com/products/personalized-rainbow-everyone-is-welcome-here-hands-doormat,en-US,US,PUBLIC_AVAILABLE,ACCESSIBLE_PUBLIC_JSON,DISCOVERED_PUBLIC_PRODUCTS_JSON_AFTER_ACTIVATION,VERIFIED,active,true,Rug,Services > Building & Construction Services > Outdoor Construction,Personalized Rainbow Everyone Is Welcome Here Hands Doormat,UNKNOWN,UNCONFIRMED,73,SRC02#records=136-142,products_export.zip,d1c8cb2ed721e968a104f1f03da8421e2259abbb31f1dc6eca50d8e0adb31126,136,142,4,7,2026-09-11T06:18:55Z,2026-09-11T07:05:58Z,identity_bound_from_public_products_json_after_activation;admin_export_product_id_not_provided,B008,PLANNED_LOCKED,NOT_STARTED,NEEDS_REVIEW
1.0,2.4,chillgen_20260911_01,chillgen.com,chillgen.com::personalized-rainbow-paw-print-love-is-doormat-pride-month-decor,personalized-rainbow-paw-print-love-is-doormat-pride-month-decor,16001054310769,gid://shopify/Product/16001054310769,https://chillgen.com/products/personalized-rainbow-paw-print-love-is-doormat-pride-month-decor,https://chillgen.com/products/personalized-rainbow-paw-print-love-is-doormat-pride-month-decor,en-US,US,PUBLIC_AVAILABLE,ACCESSIBLE_PUBLIC_JSON,DISCOVERED_PUBLIC_PRODUCTS_JSON_AFTER_ACTIVATION,VERIFIED,active,true,Rug,Services > Building & Construction Services > Outdoor Construction,"Personalized Rainbow Paw Print Love Is Doormat, Pride Month Decor",UNKNOWN,UNCONFIRMED,74,SRC02#records=143-149,products_export.zip,d1c8cb2ed721e968a104f1f03da8421e2259abbb31f1dc6eca50d8e0adb31126,143,149,4,7,2026-09-11T06:18:55Z,2026-09-11T07:05:58Z,identity_bound_from_public_products_json_after_activation;admin_export_product_id_not_provided,B008,PLANNED_LOCKED,NOT_STARTED,NEEDS_REVIEW
1.0,2.4,chillgen_20260911_01,chillgen.com,chillgen.com::personalized-pride-rainbow-all-are-welcome-doormat-front-porch-decor,personalized-pride-rainbow-all-are-welcome-doormat-front-porch-decor,16001056342385,gid://shopify/Product/16001056342385,https://chillgen.com/products/personalized-pride-rainbow-all-are-welcome-doormat-front-porch-decor,https://chillgen.com/products/personalized-pride-rainbow-all-are-welcome-doormat-front-porch-decor,en-US,US,PUBLIC_AVAILABLE,ACCESSIBLE_PUBLIC_JSON,DISCOVERED_PUBLIC_PRODUCTS_JSON_AFTER_ACTIVATION,VERIFIED,active,true,Rug,Services > Building & Construction Services > Outdoor Construction,"Personalized Pride Rainbow All Are Welcome Doormat, Front Porch Decor",UNKNOWN,UNCONFIRMED,75,SRC02#records=150-156,products_export.zip,d1c8cb2ed721e968a104f1f03da8421e2259abbb31f1dc6eca50d8e0adb31126,150,156,4,7,2026-09-11T06:18:55Z,2026-09-11T07:05:58Z,identity_bound_from_public_products_json_after_activation;admin_export_product_id_not_provided,B008,PLANNED_LOCKED,NOT_STARTED,NEEDS_REVIEW
1.0,2.4,chillgen_20260911_01,chillgen.com,chillgen.com::personalized-rainbow-flag-cat-doormat-pride-month-decor,personalized-rainbow-flag-cat-doormat-pride-month-decor,16001056407921,gid://shopify/Product/16001056407921,https://chillgen.com/products/personalized-rainbow-flag-cat-doormat-pride-month-decor,https://chillgen.com/products/personalized-rainbow-flag-cat-doormat-pride-month-decor,en-US,US,PUBLIC_AVAILABLE,ACCESSIBLE_PUBLIC_JSON,DISCOVERED_PUBLIC_PRODUCTS_JSON_AFTER_ACTIVATION,VERIFIED,active,true,Rug,Services > Building & Construction Services > Outdoor Construction,"Personalized Rainbow Flag Cat Doormat, Pride Month Decor",UNKNOWN,UNCONFIRMED,76,SRC02#records=157-163,products_export.zip,d1c8cb2ed721e968a104f1f03da8421e2259abbb31f1dc6eca50d8e0adb31126,157,163,4,7,2026-09-11T06:18:55Z,2026-09-11T07:05:58Z,identity_bound_from_public_products_json_after_activation;admin_export_product_id_not_provided,B008,PLANNED_LOCKED,NOT_STARTED,NEEDS_REVIEW
1.0,2.4,chillgen_20260911_01,chillgen.com,chillgen.com::personalized-flower-fantasy-nature-whimsical-doormat,personalized-flower-fantasy-nature-whimsical-doormat,16001056440689,gid://shopify/Product/16001056440689,https://chillgen.com/products/personalized-flower-fantasy-nature-whimsical-doormat,https://chillgen.com/products/personalized-flower-fantasy-nature-whimsical-doormat,en-US,US,PUBLIC_AVAILABLE,ACCESSIBLE_PUBLIC_JSON,DISCOVERED_PUBLIC_PRODUCTS_JSON_AFTER_ACTIVATION,VERIFIED,active,true,Rug,Services > Building & Construction Services > Outdoor Construction,"Personalized Flower fantasy, nature, whimsical Doormat",UNKNOWN,UNCONFIRMED,77,SRC02#records=164-170,products_export.zip,d1c8cb2ed721e968a104f1f03da8421e2259abbb31f1dc6eca50d8e0adb31126,164,170,4,7,2026-09-11T06:18:55Z,2026-09-11T07:05:58Z,identity_bound_from_public_products_json_after_activation;admin_export_product_id_not_provided,B008,PLANNED_LOCKED,NOT_STARTED,NEEDS_REVIEW
1.0,2.4,chillgen_20260911_01,chillgen.com,chillgen.com::personalized-rainbow-skeleton-pride-doormat-porch-decor,personalized-rainbow-skeleton-pride-doormat-porch-decor,16001058341233,gid://shopify/Product/16001058341233,https://chillgen.com/products/personalized-rainbow-skeleton-pride-doormat-porch-decor,https://chillgen.com/products/personalized-rainbow-skeleton-pride-doormat-porch-decor,en-US,US,PUBLIC_AVAILABLE,ACCESSIBLE_PUBLIC_JSON,DISCOVERED_PUBLIC_PRODUCTS_JSON_AFTER_ACTIVATION,VERIFIED,active,true,Rug,Services > Building & Construction Services > Outdoor Construction,"Personalized Rainbow Skeleton Pride Doormat, Porch Decor",UNKNOWN,UNCONFIRMED,78,SRC02#records=171-177,products_export.zip,d1c8cb2ed721e968a104f1f03da8421e2259abbb31f1dc6eca50d8e0adb31126,171,177,4,7,2026-09-11T06:18:55Z,2026-09-11T07:05:58Z,identity_bound_from_public_products_json_after_activation;admin_export_product_id_not_provided,B008,PLANNED_LOCKED,NOT_STARTED,NEEDS_REVIEW
1.0,2.4,chillgen_20260911_01,chillgen.com,chillgen.com::personalized-rainbow-tree-love-wins-doormat-indoor-outdoor-usage,personalized-rainbow-tree-love-wins-doormat-indoor-outdoor-usage,16001058406769,gid://shopify/Product/16001058406769,https://chillgen.com/products/personalized-rainbow-tree-love-wins-doormat-indoor-outdoor-usage,https://chillgen.com/products/personalized-rainbow-tree-love-wins-doormat-indoor-outdoor-usage,en-US,US,PUBLIC_AVAILABLE,ACCESSIBLE_PUBLIC_JSON,DISCOVERED_PUBLIC_PRODUCTS_JSON_AFTER_ACTIVATION,VERIFIED,active,true,Rug,Services > Building & Construction Services > Outdoor Construction,"Personalized Rainbow Tree Love Wins Doormat, Indoor Outdoor Usage",UNKNOWN,UNCONFIRMED,79,SRC02#records=178-184,products_export.zip,d1c8cb2ed721e968a104f1f03da8421e2259abbb31f1dc6eca50d8e0adb31126,178,184,4,7,2026-09-11T06:18:55Z,2026-09-11T07:05:58Z,identity_bound_from_public_products_json_after_activation;admin_export_product_id_not_provided,B008,PLANNED_LOCKED,NOT_STARTED,NEEDS_REVIEW
1.0,2.4,chillgen_20260911_01,chillgen.com,chillgen.com::personalized-rainbow-skeleton-heart-hands-inclusive-doormat,personalized-rainbow-skeleton-heart-hands-inclusive-doormat,16001058439537,gid://shopify/Product/16001058439537,https://chillgen.com/products/personalized-rainbow-skeleton-heart-hands-inclusive-doormat,https://chillgen.com/products/personalized-rainbow-skeleton-heart-hands-inclusive-doormat,en-US,US,PUBLIC_AVAILABLE,ACCESSIBLE_PUBLIC_JSON,DISCOVERED_PUBLIC_PRODUCTS_JSON_AFTER_ACTIVATION,VERIFIED,active,true,Rug,Services > Building & Construction Services > Outdoor Construction,Personalized Rainbow Skeleton Heart-Hands Inclusive Doormat,UNKNOWN,UNCONFIRMED,80,SRC02#records=185-191,products_export.zip,d1c8cb2ed721e968a104f1f03da8421e2259abbb31f1dc6eca50d8e0adb31126,185,191,4,7,2026-09-11T06:18:55Z,2026-09-11T07:05:58Z,identity_bound_from_public_products_json_after_activation;admin_export_product_id_not_provided,B008,PLANNED_LOCKED,NOT_STARTED,NEEDS_REVIEW
1.0,2.4,chillgen_20260911_01,chillgen.com,chillgen.com::personalized-pride-rainbow-doormat-front-porch-decor,personalized-pride-rainbow-doormat-front-porch-decor,16001059750257,gid://shopify/Product/16001059750257,https://chillgen.com/products/personalized-pride-rainbow-doormat-front-porch-decor,https://chillgen.com/products/personalized-pride-rainbow-doormat-front-porch-decor,en-US,US,PUBLIC_AVAILABLE,ACCESSIBLE_PUBLIC_JSON,DISCOVERED_PUBLIC_PRODUCTS_JSON_AFTER_ACTIVATION,VERIFIED,active,true,Rug,Services > Building & Construction Services > Outdoor Construction,"Personalized Pride Rainbow Doormat, Front Porch Decor",UNKNOWN,UNCONFIRMED,81,SRC02#records=192-198,products_export.zip,d1c8cb2ed721e968a104f1f03da8421e2259abbb31f1dc6eca50d8e0adb31126,192,198,4,7,2026-09-11T06:18:55Z,2026-09-11T07:05:58Z,identity_bound_from_public_products_json_after_activation;admin_export_product_id_not_provided,B009,PLANNED_LOCKED,NOT_STARTED,NEEDS_REVIEW
1.0,2.4,chillgen_20260911_01,chillgen.com,chillgen.com::personalized-pride-rainbow-flag-doormat-indoor-outdoor-usage,personalized-pride-rainbow-flag-doormat-indoor-outdoor-usage,16001059783025,gid://shopify/Product/16001059783025,https://chillgen.com/products/personalized-pride-rainbow-flag-doormat-indoor-outdoor-usage,https://chillgen.com/products/personalized-pride-rainbow-flag-doormat-indoor-outdoor-usage,en-US,US,PUBLIC_AVAILABLE,ACCESSIBLE_PUBLIC_JSON,DISCOVERED_PUBLIC_PRODUCTS_JSON_AFTER_ACTIVATION,VERIFIED,active,true,Rug,Services > Building & Construction Services > Outdoor Construction,"Personalized Pride Rainbow Flag Doormat, Indoor Outdoor Usage",UNKNOWN,UNCONFIRMED,82,SRC02#records=199-205,products_export.zip,d1c8cb2ed721e968a104f1f03da8421e2259abbb31f1dc6eca50d8e0adb31126,199,205,4,7,2026-09-11T06:18:55Z,2026-09-11T07:05:58Z,identity_bound_from_public_products_json_after_activation;admin_export_product_id_not_provided,B009,PLANNED_LOCKED,NOT_STARTED,NEEDS_REVIEW
1.0,2.4,chillgen_20260911_01,chillgen.com,chillgen.com::personalized-rainbow-watercolor-love-wins-doormat-front-porch-decor,personalized-rainbow-watercolor-love-wins-doormat-front-porch-decor,16001059848561,gid://shopify/Product/16001059848561,https://chillgen.com/products/personalized-rainbow-watercolor-love-wins-doormat-front-porch-decor,https://chillgen.com/products/personalized-rainbow-watercolor-love-wins-doormat-front-porch-decor,en-US,US,PUBLIC_AVAILABLE,ACCESSIBLE_PUBLIC_JSON,DISCOVERED_PUBLIC_PRODUCTS_JSON_AFTER_ACTIVATION,VERIFIED,active,true,Rug,Services > Building & Construction Services > Outdoor Construction,"Personalized Rainbow Watercolor Love Wins Doormat, Front Porch Decor",UNKNOWN,UNCONFIRMED,83,SRC02#records=206-212,products_export.zip,d1c8cb2ed721e968a104f1f03da8421e2259abbb31f1dc6eca50d8e0adb31126,206,212,4,7,2026-09-11T06:18:55Z,2026-09-11T07:05:58Z,identity_bound_from_public_products_json_after_activation;admin_export_product_id_not_provided,B009,PLANNED_LOCKED,NOT_STARTED,NEEDS_REVIEW
1.0,2.4,chillgen_20260911_01,chillgen.com,chillgen.com::personalized-rainbow-welcome-homos-doormat-indoor-outdoor,personalized-rainbow-welcome-homos-doormat-indoor-outdoor,16001060929905,gid://shopify/Product/16001060929905,https://chillgen.com/products/personalized-rainbow-welcome-homos-doormat-indoor-outdoor,https://chillgen.com/products/personalized-rainbow-welcome-homos-doormat-indoor-outdoor,en-US,US,PUBLIC_AVAILABLE,ACCESSIBLE_PUBLIC_JSON,DISCOVERED_PUBLIC_PRODUCTS_JSON_AFTER_ACTIVATION,VERIFIED,active,true,Rug,Services > Building & Construction Services > Outdoor Construction,"Personalized Rainbow Welcome HOMOS Doormat, Indoor Outdoor",UNKNOWN,UNCONFIRMED,84,SRC02#records=213-219,products_export.zip,d1c8cb2ed721e968a104f1f03da8421e2259abbb31f1dc6eca50d8e0adb31126,213,219,4,7,2026-09-11T06:18:55Z,2026-09-11T07:05:58Z,identity_bound_from_public_products_json_after_activation;admin_export_product_id_not_provided,B009,PLANNED_LOCKED,NOT_STARTED,NEEDS_REVIEW
1.0,2.4,chillgen_20260911_01,chillgen.com,chillgen.com::personalized-rainbow-astronaut-cat-cosmic-doormat-front-porch-decor,personalized-rainbow-astronaut-cat-cosmic-doormat-front-porch-decor,16001060995441,gid://shopify/Product/16001060995441,https://chillgen.com/products/personalized-rainbow-astronaut-cat-cosmic-doormat-front-porch-decor,https://chillgen.com/products/personalized-rainbow-astronaut-cat-cosmic-doormat-front-porch-decor,en-US,US,PUBLIC_AVAILABLE,ACCESSIBLE_PUBLIC_JSON,DISCOVERED_PUBLIC_PRODUCTS_JSON_AFTER_ACTIVATION,VERIFIED,active,true,Rug,Services > Building & Construction Services > Outdoor Construction,"Personalized Rainbow Astronaut Cat Cosmic Doormat, Front Porch Decor",UNKNOWN,UNCONFIRMED,85,SRC02#records=220-226,products_export.zip,d1c8cb2ed721e968a104f1f03da8421e2259abbb31f1dc6eca50d8e0adb31126,220,226,4,7,2026-09-11T06:18:55Z,2026-09-11T07:05:58Z,identity_bound_from_public_products_json_after_activation;admin_export_product_id_not_provided,B009,PLANNED_LOCKED,NOT_STARTED,NEEDS_REVIEW
1.0,2.4,chillgen_20260911_01,chillgen.com,chillgen.com::personalized-flowers-hate-has-no-home-here-doormat-front-porch-decor,personalized-flowers-hate-has-no-home-here-doormat-front-porch-decor,16001061060977,gid://shopify/Product/16001061060977,https://chillgen.com/products/personalized-flowers-hate-has-no-home-here-doormat-front-porch-decor,https://chillgen.com/products/personalized-flowers-hate-has-no-home-here-doormat-front-porch-decor,en-US,US,PUBLIC_AVAILABLE,ACCESSIBLE_PUBLIC_JSON,DISCOVERED_PUBLIC_PRODUCTS_JSON_AFTER_ACTIVATION,VERIFIED,active,true,Rug,Services > Building & Construction Services > Outdoor Construction,"Personalized Flowers Hate Has No Home Here Doormat, Front Porch Decor",UNKNOWN,UNCONFIRMED,86,SRC02#records=227-233,products_export.zip,d1c8cb2ed721e968a104f1f03da8421e2259abbb31f1dc6eca50d8e0adb31126,227,233,4,7,2026-09-11T06:18:55Z,2026-09-11T07:05:58Z,identity_bound_from_public_products_json_after_activation;admin_export_product_id_not_provided,B009,PLANNED_LOCKED,NOT_STARTED,NEEDS_REVIEW
1.0,2.4,chillgen_20260911_01,chillgen.com,chillgen.com::personalized-cozy-cat-rainbow-books-doormat-indoor-outdoor-usage,personalized-cozy-cat-rainbow-books-doormat-indoor-outdoor-usage,16001062011249,gid://shopify/Product/16001062011249,https://chillgen.com/products/personalized-cozy-cat-rainbow-books-doormat-indoor-outdoor-usage,https://chillgen.com/products/personalized-cozy-cat-rainbow-books-doormat-indoor-outdoor-usage,en-US,US,PUBLIC_AVAILABLE,ACCESSIBLE_PUBLIC_JSON,DISCOVERED_PUBLIC_PRODUCTS_JSON_AFTER_ACTIVATION,VERIFIED,active,true,Rug,Services > Building & Construction Services > Outdoor Construction,"Personalized Cozy Cat Rainbow Books Doormat, Indoor Outdoor Usage",UNKNOWN,UNCONFIRMED,87,SRC02#records=234-240,products_export.zip,d1c8cb2ed721e968a104f1f03da8421e2259abbb31f1dc6eca50d8e0adb31126,234,240,4,7,2026-09-11T06:18:55Z,2026-09-11T07:05:58Z,identity_bound_from_public_products_json_after_activation;admin_export_product_id_not_provided,B009,PLANNED_LOCKED,NOT_STARTED,NEEDS_REVIEW
1.0,2.4,chillgen_20260911_01,chillgen.com,chillgen.com::personalized-as-for-me-and-my-house-doormat-water-resistant,personalized-as-for-me-and-my-house-doormat-water-resistant,16001072890225,gid://shopify/Product/16001072890225,https://chillgen.com/products/personalized-as-for-me-and-my-house-doormat-water-resistant,https://chillgen.com/products/personalized-as-for-me-and-my-house-doormat-water-resistant,en-US,US,PUBLIC_AVAILABLE,ACCESSIBLE_PUBLIC_JSON,DISCOVERED_PUBLIC_PRODUCTS_JSON_AFTER_ACTIVATION,VERIFIED,active,true,Rug,Services > Home Improvement Services > Outdoor Services,"Personalized As For Me And My House Doormat, Water Resistant",UNKNOWN,UNCONFIRMED,88,SRC02#records=241-246,products_export.zip,d1c8cb2ed721e968a104f1f03da8421e2259abbb31f1dc6eca50d8e0adb31126,241,246,4,6,2026-09-11T06:18:55Z,2026-09-11T07:05:58Z,identity_bound_from_public_products_json_after_activation;admin_export_product_id_not_provided,B009,PLANNED_LOCKED,NOT_STARTED,NEEDS_REVIEW
1.0,2.4,chillgen_20260911_01,chillgen.com,chillgen.com::personalized-bible-verse-quote-with-ornate-frame-doormat,personalized-bible-verse-quote-with-ornate-frame-doormat,16001072922993,gid://shopify/Product/16001072922993,https://chillgen.com/products/personalized-bible-verse-quote-with-ornate-frame-doormat,https://chillgen.com/products/personalized-bible-verse-quote-with-ornate-frame-doormat,en-US,US,PUBLIC_AVAILABLE,ACCESSIBLE_PUBLIC_JSON,DISCOVERED_PUBLIC_PRODUCTS_JSON_AFTER_ACTIVATION,VERIFIED,active,true,Rug,Services > Home Improvement Services > Outdoor Services,Personalized Bible Verse Quote with Ornate Frame Doormat,UNKNOWN,UNCONFIRMED,89,SRC02#records=247-252,products_export.zip,d1c8cb2ed721e968a104f1f03da8421e2259abbb31f1dc6eca50d8e0adb31126,247,252,4,6,2026-09-11T06:18:55Z,2026-09-11T07:05:58Z,identity_bound_from_public_products_json_after_activation;admin_export_product_id_not_provided,B009,PLANNED_LOCKED,NOT_STARTED,NEEDS_REVIEW
1.0,2.4,chillgen_20260911_01,chillgen.com,chillgen.com::personalized-bible-verse-family-name-doormat-water-resistant-bible,personalized-bible-verse-family-name-doormat-water-resistant-bible,16001072955761,gid://shopify/Product/16001072955761,https://chillgen.com/products/personalized-bible-verse-family-name-doormat-water-resistant-bible,https://chillgen.com/products/personalized-bible-verse-family-name-doormat-water-resistant-bible,en-US,US,PUBLIC_AVAILABLE,ACCESSIBLE_PUBLIC_JSON,DISCOVERED_PUBLIC_PRODUCTS_JSON_AFTER_ACTIVATION,VERIFIED,active,true,Rug,Services > Home Improvement Services > Outdoor Services,"Personalized Bible Verse Family Name Doormat, Water Resistant - Bible",UNKNOWN,UNCONFIRMED,90,SRC02#records=253-258,products_export.zip,d1c8cb2ed721e968a104f1f03da8421e2259abbb31f1dc6eca50d8e0adb31126,253,258,4,6,2026-09-11T06:18:55Z,2026-09-11T07:05:58Z,identity_bound_from_public_products_json_after_activation;admin_export_product_id_not_provided,B009,PLANNED_LOCKED,NOT_STARTED,NEEDS_REVIEW
1.0,2.4,chillgen_20260911_01,chillgen.com,chillgen.com::personalized-rustic-deer-antler-monogram-doormat,personalized-rustic-deer-antler-monogram-doormat,16001073480049,gid://shopify/Product/16001073480049,https://chillgen.com/products/personalized-rustic-deer-antler-monogram-doormat,https://chillgen.com/products/personalized-rustic-deer-antler-monogram-doormat,en-US,US,PUBLIC_AVAILABLE,ACCESSIBLE_PUBLIC_JSON,DISCOVERED_PUBLIC_PRODUCTS_JSON_AFTER_ACTIVATION,VERIFIED,active,true,Rug,Services > Building & Construction Services > Outdoor Construction,Personalized Rustic Deer Antler Monogram Doormat,UNKNOWN,UNCONFIRMED,91,SRC02#records=259-264,products_export.zip,d1c8cb2ed721e968a104f1f03da8421e2259abbb31f1dc6eca50d8e0adb31126,259,264,4,6,2026-09-11T06:18:55Z,2026-09-11T07:05:58Z,identity_bound_from_public_products_json_after_activation;admin_export_product_id_not_provided,B010,PLANNED_LOCKED,NOT_STARTED,NEEDS_REVIEW
1.0,2.4,chillgen_20260911_01,chillgen.com,chillgen.com::personalized-monogrammed-scripture-and-family-name-doormat,personalized-monogrammed-scripture-and-family-name-doormat,16001073512817,gid://shopify/Product/16001073512817,https://chillgen.com/products/personalized-monogrammed-scripture-and-family-name-doormat,https://chillgen.com/products/personalized-monogrammed-scripture-and-family-name-doormat,en-US,US,PUBLIC_AVAILABLE,ACCESSIBLE_PUBLIC_JSON,DISCOVERED_PUBLIC_PRODUCTS_JSON_AFTER_ACTIVATION,VERIFIED,active,true,Rug,Services > Building & Construction Services > Outdoor Construction,Personalized Monogrammed Scripture and Family Name Doormat,UNKNOWN,UNCONFIRMED,92,SRC02#records=265-270,products_export.zip,d1c8cb2ed721e968a104f1f03da8421e2259abbb31f1dc6eca50d8e0adb31126,265,270,4,6,2026-09-11T06:18:55Z,2026-09-11T07:05:58Z,identity_bound_from_public_products_json_after_activation;admin_export_product_id_not_provided,B010,PLANNED_LOCKED,NOT_STARTED,NEEDS_REVIEW
1.0,2.4,chillgen_20260911_01,chillgen.com,chillgen.com::personalized-scriptural-initial-with-ornate-frame-doormat,personalized-scriptural-initial-with-ornate-frame-doormat,16001073578353,gid://shopify/Product/16001073578353,https://chillgen.com/products/personalized-scriptural-initial-with-ornate-frame-doormat,https://chillgen.com/products/personalized-scriptural-initial-with-ornate-frame-doormat,en-US,US,PUBLIC_AVAILABLE,ACCESSIBLE_PUBLIC_JSON,DISCOVERED_PUBLIC_PRODUCTS_JSON_AFTER_ACTIVATION,VERIFIED,active,true,Rug,Services > Home Improvement Services > Outdoor Services,Personalized Scriptural Initial with Ornate Frame Doormat,UNKNOWN,UNCONFIRMED,93,SRC02#records=271-276,products_export.zip,d1c8cb2ed721e968a104f1f03da8421e2259abbb31f1dc6eca50d8e0adb31126,271,276,4,6,2026-09-11T06:18:55Z,2026-09-11T07:05:58Z,identity_bound_from_public_products_json_after_activation;admin_export_product_id_not_provided,B010,PLANNED_LOCKED,NOT_STARTED,NEEDS_REVIEW
1.0,2.4,chillgen_20260911_01,chillgen.com,chillgen.com::personalized-gold-scriptural-monogram-doormat,personalized-gold-scriptural-monogram-doormat,16001073971569,gid://shopify/Product/16001073971569,https://chillgen.com/products/personalized-gold-scriptural-monogram-doormat,https://chillgen.com/products/personalized-gold-scriptural-monogram-doormat,en-US,US,PUBLIC_AVAILABLE,ACCESSIBLE_PUBLIC_JSON,DISCOVERED_PUBLIC_PRODUCTS_JSON_AFTER_ACTIVATION,VERIFIED,active,true,Rug,Services > Home Improvement Services > Outdoor Services,Personalized Gold Scriptural Monogram Doormat,UNKNOWN,UNCONFIRMED,94,SRC02#records=277-282,products_export.zip,d1c8cb2ed721e968a104f1f03da8421e2259abbb31f1dc6eca50d8e0adb31126,277,282,4,6,2026-09-11T06:18:55Z,2026-09-11T07:05:58Z,identity_bound_from_public_products_json_after_activation;admin_export_product_id_not_provided,B010,PLANNED_LOCKED,NOT_STARTED,NEEDS_REVIEW
1.0,2.4,chillgen_20260911_01,chillgen.com,chillgen.com::personalized-bible-verse-crossword-family-names-doormat,personalized-bible-verse-crossword-family-names-doormat,16001083998577,gid://shopify/Product/16001083998577,https://chillgen.com/products/personalized-bible-verse-crossword-family-names-doormat,https://chillgen.com/products/personalized-bible-verse-crossword-family-names-doormat,en-US,US,PUBLIC_AVAILABLE,ACCESSIBLE_PUBLIC_JSON,DISCOVERED_PUBLIC_PRODUCTS_JSON_AFTER_ACTIVATION,VERIFIED,active,true,Rug,Home & Garden > Decor > Door Mats,Personalized Bible Verse Crossword Family Names Doormat,UNKNOWN,UNCONFIRMED,95,SRC02#records=283-288,products_export.zip,d1c8cb2ed721e968a104f1f03da8421e2259abbb31f1dc6eca50d8e0adb31126,283,288,4,6,2026-09-11T06:18:55Z,2026-09-11T07:05:58Z,identity_bound_from_public_products_json_after_activation;admin_export_product_id_not_provided,B010,PLANNED_LOCKED,NOT_STARTED,NEEDS_REVIEW
1.0,2.4,chillgen_20260911_01,chillgen.com,chillgen.com::personalized-religious-typography-scrollwork-doormat-machine-washable,personalized-religious-typography-scrollwork-doormat-machine-washable,16001084064113,gid://shopify/Product/16001084064113,https://chillgen.com/products/personalized-religious-typography-scrollwork-doormat-machine-washable,https://chillgen.com/products/personalized-religious-typography-scrollwork-doormat-machine-washable,en-US,US,PUBLIC_AVAILABLE,ACCESSIBLE_PUBLIC_JSON,DISCOVERED_PUBLIC_PRODUCTS_JSON_AFTER_ACTIVATION,VERIFIED,active,true,Rug,Home & Garden > Decor > Door Mats,"Personalized Religious Typography Scrollwork Doormat, Machine Washable",UNKNOWN,UNCONFIRMED,96,SRC02#records=289-294,products_export.zip,d1c8cb2ed721e968a104f1f03da8421e2259abbb31f1dc6eca50d8e0adb31126,289,294,4,6,2026-09-11T06:18:55Z,2026-09-11T07:05:58Z,identity_bound_from_public_products_json_after_activation;admin_export_product_id_not_provided,B010,PLANNED_LOCKED,NOT_STARTED,NEEDS_REVIEW
1.0,2.4,chillgen_20260911_01,chillgen.com,chillgen.com::personalized-christian-family-name-doormat-machine-washable,personalized-christian-family-name-doormat-machine-washable,16001084391793,gid://shopify/Product/16001084391793,https://chillgen.com/products/personalized-christian-family-name-doormat-machine-washable,https://chillgen.com/products/personalized-christian-family-name-doormat-machine-washable,en-US,US,PUBLIC_AVAILABLE,ACCESSIBLE_PUBLIC_JSON,DISCOVERED_PUBLIC_PRODUCTS_JSON_AFTER_ACTIVATION,VERIFIED,active,true,Rug,Home & Garden > Decor > Door Mats,"Personalized Christian Family Name Doormat, Machine Washable",UNKNOWN,UNCONFIRMED,97,SRC02#records=295-300,products_export.zip,d1c8cb2ed721e968a104f1f03da8421e2259abbb31f1dc6eca50d8e0adb31126,295,300,4,6,2026-09-11T06:18:55Z,2026-09-11T07:05:58Z,identity_bound_from_public_products_json_after_activation;admin_export_product_id_not_provided,B010,PLANNED_LOCKED,NOT_STARTED,NEEDS_REVIEW
1.0,2.4,chillgen_20260911_01,chillgen.com,chillgen.com::personalized-scripture-quote-with-family-name-doormat,personalized-scripture-quote-with-family-name-doormat,16001084424561,gid://shopify/Product/16001084424561,https://chillgen.com/products/personalized-scripture-quote-with-family-name-doormat,https://chillgen.com/products/personalized-scripture-quote-with-family-name-doormat,en-US,US,PUBLIC_AVAILABLE,ACCESSIBLE_PUBLIC_JSON,DISCOVERED_PUBLIC_PRODUCTS_JSON_AFTER_ACTIVATION,VERIFIED,active,true,Rug,Home & Garden > Decor,Personalized Scripture Quote with Family Name Doormat,UNKNOWN,UNCONFIRMED,98,SRC02#records=301-306,products_export.zip,d1c8cb2ed721e968a104f1f03da8421e2259abbb31f1dc6eca50d8e0adb31126,301,306,4,6,2026-09-11T06:18:55Z,2026-09-11T07:05:58Z,identity_bound_from_public_products_json_after_activation;admin_export_product_id_not_provided,B010,PLANNED_LOCKED,NOT_STARTED,NEEDS_REVIEW
1.0,2.4,chillgen_20260911_01,chillgen.com,chillgen.com::personalized-distressed-american-flag-cross-doormat-machine-washable,personalized-distressed-american-flag-cross-doormat-machine-washable,16001084490097,gid://shopify/Product/16001084490097,https://chillgen.com/products/personalized-distressed-american-flag-cross-doormat-machine-washable,https://chillgen.com/products/personalized-distressed-american-flag-cross-doormat-machine-washable,en-US,US,PUBLIC_AVAILABLE,ACCESSIBLE_PUBLIC_JSON,DISCOVERED_PUBLIC_PRODUCTS_JSON_AFTER_ACTIVATION,VERIFIED,active,true,Rug,Home & Garden > Decor > Door Mats,"Personalized Distressed American Flag Cross Doormat, Machine Washable",UNKNOWN,UNCONFIRMED,99,SRC02#records=307-312,products_export.zip,d1c8cb2ed721e968a104f1f03da8421e2259abbb31f1dc6eca50d8e0adb31126,307,312,4,6,2026-09-11T06:18:55Z,2026-09-11T07:05:58Z,identity_bound_from_public_products_json_after_activation;admin_export_product_id_not_provided,B010,PLANNED_LOCKED,NOT_STARTED,NEEDS_REVIEW
1.0,2.4,chillgen_20260911_01,chillgen.com,chillgen.com::personalized-as-for-me-and-my-house-doormat-machine-washable,personalized-as-for-me-and-my-house-doormat-machine-washable,16001084981617,gid://shopify/Product/16001084981617,https://chillgen.com/products/personalized-as-for-me-and-my-house-doormat-machine-washable,https://chillgen.com/products/personalized-as-for-me-and-my-house-doormat-machine-washable,en-US,US,PUBLIC_AVAILABLE,ACCESSIBLE_PUBLIC_JSON,DISCOVERED_PUBLIC_PRODUCTS_JSON_AFTER_ACTIVATION,VERIFIED,active,true,Rug,Home & Garden > Decor > Door Mats,"Personalized As For Me And My House Doormat, Machine Washable",UNKNOWN,UNCONFIRMED,100,SRC02#records=313-319,products_export.zip,d1c8cb2ed721e968a104f1f03da8421e2259abbb31f1dc6eca50d8e0adb31126,313,319,4,7,2026-09-11T06:18:55Z,2026-09-11T07:05:58Z,identity_bound_from_public_products_json_after_activation;admin_export_product_id_not_provided,B010,PLANNED_LOCKED,NOT_STARTED,NEEDS_REVIEW
1.0,2.4,chillgen_20260911_01,chillgen.com,chillgen.com::custom-ornate-red-cross-floral-area-rug-non-skid-church-decor,custom-ornate-red-cross-floral-area-rug-non-skid-church-decor,16000581042545,gid://shopify/Product/16000581042545,https://chillgen.com/products/custom-ornate-red-cross-floral-area-rug-non-skid-church-decor,https://chillgen.com/products/custom-ornate-red-cross-floral-area-rug-non-skid-church-decor,en-US,US,PUBLIC_AVAILABLE,ACCESSIBLE_PUBLIC_JSON,DISCOVERED_PUBLIC_PRODUCTS_JSON_AFTER_ACTIVATION,VERIFIED,active,true,Rug,,"Custom Ornate Red Cross Floral Area Rug, Non-Skid, Church Decor",UNKNOWN,UNCONFIRMED,101,SRC03#records=2-7,products_export.csv,179dc962b20fce3579ee9d77c3e1cf02c89dcb36a7c43f199ee593194057c55b,2,7,4,6,2026-09-11T06:18:55Z,2026-09-11T07:05:58Z,product_category_blank;identity_bound_from_public_products_json_after_activation;admin_export_product_id_not_provided,B011,PLANNED_LOCKED,NOT_STARTED,NEEDS_REVIEW
1.0,2.4,chillgen_20260911_01,chillgen.com,chillgen.com::custom-gothic-cross-faith-area-rug-non-skid-church-decor,custom-gothic-cross-faith-area-rug-non-skid-church-decor,16000581075313,gid://shopify/Product/16000581075313,https://chillgen.com/products/custom-gothic-cross-faith-area-rug-non-skid-church-decor,https://chillgen.com/products/custom-gothic-cross-faith-area-rug-non-skid-church-decor,en-US,US,PUBLIC_AVAILABLE,ACCESSIBLE_PUBLIC_JSON,DISCOVERED_PUBLIC_PRODUCTS_JSON_AFTER_ACTIVATION,VERIFIED,active,true,Rug,,"Custom Gothic Cross Faith Area Rug, Non-Skid, Church Decor",UNKNOWN,UNCONFIRMED,102,SRC03#records=8-13,products_export.csv,179dc962b20fce3579ee9d77c3e1cf02c89dcb36a7c43f199ee593194057c55b,8,13,4,6,2026-09-11T06:18:55Z,2026-09-11T07:05:58Z,product_category_blank;identity_bound_from_public_products_json_after_activation;admin_export_product_id_not_provided,B011,PLANNED_LOCKED,NOT_STARTED,NEEDS_REVIEW
1.0,2.4,chillgen_20260911_01,chillgen.com,chillgen.com::custom-inspirational-faith-floral-cross-area-rug-non-skid,custom-inspirational-faith-floral-cross-area-rug-non-skid,16000581108081,gid://shopify/Product/16000581108081,https://chillgen.com/products/custom-inspirational-faith-floral-cross-area-rug-non-skid,https://chillgen.com/products/custom-inspirational-faith-floral-cross-area-rug-non-skid,en-US,US,PUBLIC_AVAILABLE,ACCESSIBLE_PUBLIC_JSON,DISCOVERED_PUBLIC_PRODUCTS_JSON_AFTER_ACTIVATION,VERIFIED,active,true,Rug,Home & Garden > Decor,"Custom Inspirational Faith Floral Cross Area Rug, Non-Skid",UNKNOWN,UNCONFIRMED,103,SRC03#records=14-19,products_export.csv,179dc962b20fce3579ee9d77c3e1cf02c89dcb36a7c43f199ee593194057c55b,14,19,4,6,2026-09-11T06:18:55Z,2026-09-11T07:05:58Z,identity_bound_from_public_products_json_after_activation;admin_export_product_id_not_provided,B011,PLANNED_LOCKED,NOT_STARTED,NEEDS_REVIEW
