run_id,batch_id,product_key,Handle,keyword,keyword_type,query_origin,validation_source,keyword_evidence_level,intent,target_page_type,evidence_ref,review_status
chillgen_20260911_01,B001,chillgen.com::custom-christian-floral-cross-area-rug-non-skid-church-decor,custom-christian-floral-cross-area-rug-non-skid-church-decor,navy Christian cross area rug,PRIMARY,AGENT_PROPOSED,SERP_SPOT_CHECK,SERP_ONLY,TRANSACTIONAL,PRODUCT,BR-B001-1,NEEDS_REVIEW
chillgen_20260911_01,B001,chillgen.com::custom-christian-floral-cross-area-rug-non-skid-church-decor,custom-christian-floral-cross-area-rug-non-skid-church-decor,gold cross rug,SECONDARY,AGENT_PROPOSED,SERP_SPOT_CHECK,SERP_ONLY,TRANSACTIONAL,PRODUCT,BR-B001-1,NEEDS_REVIEW
chillgen_20260911_01,B001,chillgen.com::custom-christian-floral-cross-area-rug-non-skid-church-decor,custom-christian-floral-cross-area-rug-non-skid-church-decor,church decor rug,SECONDARY,AGENT_PROPOSED,SERP_SPOT_CHECK,SERP_ONLY,TRANSACTIONAL,PRODUCT,BR-B001-1,NEEDS_REVIEW
chillgen_20260911_01,B001,chillgen.com::custom-christian-floral-cross-area-rug-non-skid-church-decor,custom-christian-floral-cross-area-rug-non-skid-church-decor,faith area rug,SECONDARY,AGENT_PROPOSED,SERP_SPOT_CHECK,SERP_ONLY,TRANSACTIONAL,PRODUCT,BR-B001-1,NEEDS_REVIEW
chillgen_20260911_01,B001,chillgen.com::custom-ornate-floral-gold-cross-area-rug-non-skid,custom-ornate-floral-gold-cross-area-rug-non-skid,red gold cross area rug,PRIMARY,AGENT_PROPOSED,SERP_SPOT_CHECK,SERP_ONLY,TRANSACTIONAL,PRODUCT,BR-B001-2,NEEDS_REVIEW
chillgen_20260911_01,B001,chillgen.com::custom-ornate-floral-gold-cross-area-rug-non-skid,custom-ornate-floral-gold-cross-area-rug-non-skid,Christian floral rug,SECONDARY,AGENT_PROPOSED,SERP_SPOT_CHECK,SERP_ONLY,TRANSACTIONAL,PRODUCT,BR-B001-2,NEEDS_REVIEW
chillgen_20260911_01,B001,chillgen.com::custom-ornate-floral-gold-cross-area-rug-non-skid,custom-ornate-floral-gold-cross-area-rug-non-skid,ornate cross rug,SECONDARY,AGENT_PROPOSED,SERP_SPOT_CHECK,SERP_ONLY,TRANSACTIONAL,PRODUCT,BR-B001-2,NEEDS_REVIEW
chillgen_20260911_01,B001,chillgen.com::custom-ornate-floral-gold-cross-area-rug-non-skid,custom-ornate-floral-gold-cross-area-rug-non-skid,faith decor rug,SECONDARY,AGENT_PROPOSED,SERP_SPOT_CHECK,SERP_ONLY,TRANSACTIONAL,PRODUCT,BR-B001-2,NEEDS_REVIEW
chillgen_20260911_01,B001,chillgen.com::custom-ornate-christian-floral-area-rug-non-skid-church-design-06,custom-ornate-christian-floral-area-rug-non-skid-church-design-06,ornate Christian cross rug,PRIMARY,AGENT_PROPOSED,SERP_SPOT_CHECK,SERP_ONLY,TRANSACTIONAL,PRODUCT,BR-B001-3,NEEDS_REVIEW
chillgen_20260911_01,B001,chillgen.com::custom-ornate-christian-floral-area-rug-non-skid-church-design-06,custom-ornate-christian-floral-area-rug-non-skid-church-design-06,teal red cross rug,SECONDARY,AGENT_PROPOSED,SERP_SPOT_CHECK,SERP_ONLY,TRANSACTIONAL,PRODUCT,BR-B001-3,NEEDS_REVIEW
chillgen_20260911_01,B001,chillgen.com::custom-ornate-christian-floral-area-rug-non-skid-church-design-06,custom-ornate-christian-floral-area-rug-non-skid-church-design-06,floral faith rug,SECONDARY,AGENT_PROPOSED,SERP_SPOT_CHECK,SERP_ONLY,TRANSACTIONAL,PRODUCT,BR-B001-3,NEEDS_REVIEW
chillgen_20260911_01,B001,chillgen.com::custom-ornate-christian-floral-area-rug-non-skid-church-design-06,custom-ornate-christian-floral-area-rug-non-skid-church-design-06,church decor area rug,SECONDARY,AGENT_PROPOSED,SERP_SPOT_CHECK,SERP_ONLY,TRANSACTIONAL,PRODUCT,BR-B001-3,NEEDS_REVIEW
chillgen_20260911_01,B001,chillgen.com::custom-ornate-golden-cross-crucifixion-area-rug-non-skid,custom-ornate-golden-cross-crucifixion-area-rug-non-skid,black gold cross area rug,PRIMARY,AGENT_PROPOSED,SERP_SPOT_CHECK,SERP_ONLY,TRANSACTIONAL,PRODUCT,BR-B001-4,NEEDS_REVIEW
chillgen_20260911_01,B001,chillgen.com::custom-ornate-golden-cross-crucifixion-area-rug-non-skid,custom-ornate-golden-cross-crucifixion-area-rug-non-skid,crucifixion cross rug,SECONDARY,AGENT_PROPOSED,SERP_SPOT_CHECK,SERP_ONLY,TRANSACTIONAL,PRODUCT,BR-B001-4,NEEDS_REVIEW
chillgen_20260911_01,B001,chillgen.com::custom-ornate-golden-cross-crucifixion-area-rug-non-skid,custom-ornate-golden-cross-crucifixion-area-rug-non-skid,prayer room rug,SECONDARY,AGENT_PROPOSED,SERP_SPOT_CHECK,SERP_ONLY,TRANSACTIONAL,PRODUCT,BR-B001-4,NEEDS_REVIEW
chillgen_20260911_01,B001,chillgen.com::custom-ornate-golden-cross-crucifixion-area-rug-non-skid,custom-ornate-golden-cross-crucifixion-area-rug-non-skid,Christian decor rug,SECONDARY,AGENT_PROPOSED,SERP_SPOT_CHECK,SERP_ONLY,TRANSACTIONAL,PRODUCT,BR-B001-4,NEEDS_REVIEW
chillgen_20260911_01,B001,chillgen.com::custom-red-gold-ornate-cross-area-rug-non-skid-church-decor,custom-red-gold-ornate-cross-area-rug-non-skid-church-decor,red gold ornate cross rug,PRIMARY,AGENT_PROPOSED,SERP_SPOT_CHECK,SERP_ONLY,TRANSACTIONAL,PRODUCT,BR-B001-5,NEEDS_REVIEW
chillgen_20260911_01,B001,chillgen.com::custom-red-gold-ornate-cross-area-rug-non-skid-church-decor,custom-red-gold-ornate-cross-area-rug-non-skid-church-decor,church decor rug,SECONDARY,AGENT_PROPOSED,SERP_SPOT_CHECK,SERP_ONLY,TRANSACTIONAL,PRODUCT,BR-B001-5,NEEDS_REVIEW
chillgen_20260911_01,B001,chillgen.com::custom-red-gold-ornate-cross-area-rug-non-skid-church-decor,custom-red-gold-ornate-cross-area-rug-non-skid-church-decor,Christian prayer rug,SECONDARY,AGENT_PROPOSED,SERP_SPOT_CHECK,SERP_ONLY,TRANSACTIONAL,PRODUCT,BR-B001-5,NEEDS_REVIEW
chillgen_20260911_01,B001,chillgen.com::custom-red-gold-ornate-cross-area-rug-non-skid-church-decor,custom-red-gold-ornate-cross-area-rug-non-skid-church-decor,floral cross area rug,SECONDARY,AGENT_PROPOSED,SERP_SPOT_CHECK,SERP_ONLY,TRANSACTIONAL,PRODUCT,BR-B001-5,NEEDS_REVIEW
chillgen_20260911_01,B001,chillgen.com::custom-gothic-cross-radiant-heart-area-rug-non-skid,custom-gothic-cross-radiant-heart-area-rug-non-skid,gothic cross rose area rug,PRIMARY,AGENT_PROPOSED,SERP_SPOT_CHECK,SERP_ONLY,TRANSACTIONAL,PRODUCT,BR-B001-6,NEEDS_REVIEW
chillgen_20260911_01,B001,chillgen.com::custom-gothic-cross-radiant-heart-area-rug-non-skid,custom-gothic-cross-radiant-heart-area-rug-non-skid,sacred heart rug,SECONDARY,AGENT_PROPOSED,SERP_SPOT_CHECK,SERP_ONLY,TRANSACTIONAL,PRODUCT,BR-B001-6,NEEDS_REVIEW
chillgen_20260911_01,B001,chillgen.com::custom-gothic-cross-radiant-heart-area-rug-non-skid,custom-gothic-cross-radiant-heart-area-rug-non-skid,Christian gothic rug,SECONDARY,AGENT_PROPOSED,SERP_SPOT_CHECK,SERP_ONLY,TRANSACTIONAL,PRODUCT,BR-B001-6,NEEDS_REVIEW
chillgen_20260911_01,B001,chillgen.com::custom-gothic-cross-radiant-heart-area-rug-non-skid,custom-gothic-cross-radiant-heart-area-rug-non-skid,rose cross decor rug,SECONDARY,AGENT_PROPOSED,SERP_SPOT_CHECK,SERP_ONLY,TRANSACTIONAL,PRODUCT,BR-B001-6,NEEDS_REVIEW
chillgen_20260911_01,B001,chillgen.com::custom-our-lady-stained-glass-flowers-area-rug-non-skid,custom-our-lady-stained-glass-flowers-area-rug-non-skid,Our Lady stained glass rug,PRIMARY,AGENT_PROPOSED,SERP_SPOT_CHECK,SERP_ONLY,TRANSACTIONAL,PRODUCT,BR-B001-7,NEEDS_REVIEW
chillgen_20260911_01,B001,chillgen.com::custom-our-lady-stained-glass-flowers-area-rug-non-skid,custom-our-lady-stained-glass-flowers-area-rug-non-skid,Catholic floral rug,SECONDARY,AGENT_PROPOSED,SERP_SPOT_CHECK,SERP_ONLY,TRANSACTIONAL,PRODUCT,BR-B001-7,NEEDS_REVIEW
chillgen_20260911_01,B001,chillgen.com::custom-our-lady-stained-glass-flowers-area-rug-non-skid,custom-our-lady-stained-glass-flowers-area-rug-non-skid,Virgin Mary area rug,SECONDARY,AGENT_PROPOSED,SERP_SPOT_CHECK,SERP_ONLY,TRANSACTIONAL,PRODUCT,BR-B001-7,NEEDS_REVIEW
chillgen_20260911_01,B001,chillgen.com::custom-our-lady-stained-glass-flowers-area-rug-non-skid,custom-our-lady-stained-glass-flowers-area-rug-non-skid,religious room decor,SECONDARY,AGENT_PROPOSED,SERP_SPOT_CHECK,SERP_ONLY,TRANSACTIONAL,PRODUCT,BR-B001-7,NEEDS_REVIEW
chillgen_20260911_01,B001,chillgen.com::custom-ornate-cross-vine-border-area-rug-non-skid,custom-ornate-cross-vine-border-area-rug-non-skid,cross vine border area rug,PRIMARY,AGENT_PROPOSED,SERP_SPOT_CHECK,SERP_ONLY,TRANSACTIONAL,PRODUCT,BR-B001-8,NEEDS_REVIEW
chillgen_20260911_01,B001,chillgen.com::custom-ornate-cross-vine-border-area-rug-non-skid,custom-ornate-cross-vine-border-area-rug-non-skid,red Christian rug,SECONDARY,AGENT_PROPOSED,SERP_SPOT_CHECK,SERP_ONLY,TRANSACTIONAL,PRODUCT,BR-B001-8,NEEDS_REVIEW
chillgen_20260911_01,B001,chillgen.com::custom-ornate-cross-vine-border-area-rug-non-skid,custom-ornate-cross-vine-border-area-rug-non-skid,church decor rug,SECONDARY,AGENT_PROPOSED,SERP_SPOT_CHECK,SERP_ONLY,TRANSACTIONAL,PRODUCT,BR-B001-8,NEEDS_REVIEW
chillgen_20260911_01,B001,chillgen.com::custom-ornate-cross-vine-border-area-rug-non-skid,custom-ornate-cross-vine-border-area-rug-non-skid,floral border cross rug,SECONDARY,AGENT_PROPOSED,SERP_SPOT_CHECK,SERP_ONLY,TRANSACTIONAL,PRODUCT,BR-B001-8,NEEDS_REVIEW
chillgen_20260911_01,B001,chillgen.com::custom-ornate-cross-area-rug-non-skid-church-decor-design-01,custom-ornate-cross-area-rug-non-skid-church-decor-design-01,ivory blue cross area rug,PRIMARY,AGENT_PROPOSED,SERP_SPOT_CHECK,SERP_ONLY,TRANSACTIONAL,PRODUCT,BR-B001-9,NEEDS_REVIEW
chillgen_20260911_01,B001,chillgen.com::custom-ornate-cross-area-rug-non-skid-church-decor-design-01,custom-ornate-cross-area-rug-non-skid-church-decor-design-01,ornate Christian rug,SECONDARY,AGENT_PROPOSED,SERP_SPOT_CHECK,SERP_ONLY,TRANSACTIONAL,PRODUCT,BR-B001-9,NEEDS_REVIEW
chillgen_20260911_01,B001,chillgen.com::custom-ornate-cross-area-rug-non-skid-church-decor-design-01,custom-ornate-cross-area-rug-non-skid-church-decor-design-01,church decor area rug,SECONDARY,AGENT_PROPOSED,SERP_SPOT_CHECK,SERP_ONLY,TRANSACTIONAL,PRODUCT,BR-B001-9,NEEDS_REVIEW
chillgen_20260911_01,B001,chillgen.com::custom-ornate-cross-area-rug-non-skid-church-decor-design-01,custom-ornate-cross-area-rug-non-skid-church-decor-design-01,gold cross rug,SECONDARY,AGENT_PROPOSED,SERP_SPOT_CHECK,SERP_ONLY,TRANSACTIONAL,PRODUCT,BR-B001-9,NEEDS_REVIEW
chillgen_20260911_01,B001,chillgen.com::personalized-bigfoot-under-the-moon-area-rug-home-decor,personalized-bigfoot-under-the-moon-area-rug-home-decor,Bigfoot moon area rug,PRIMARY,AGENT_PROPOSED,SERP_SPOT_CHECK,SERP_ONLY,TRANSACTIONAL,PRODUCT,BR-B001-10,NEEDS_REVIEW
chillgen_20260911_01,B001,chillgen.com::personalized-bigfoot-under-the-moon-area-rug-home-decor,personalized-bigfoot-under-the-moon-area-rug-home-decor,Sasquatch cabin rug,SECONDARY,AGENT_PROPOSED,SERP_SPOT_CHECK,SERP_ONLY,TRANSACTIONAL,PRODUCT,BR-B001-10,NEEDS_REVIEW
chillgen_20260911_01,B001,chillgen.com::personalized-bigfoot-under-the-moon-area-rug-home-decor,personalized-bigfoot-under-the-moon-area-rug-home-decor,rustic Bigfoot rug,SECONDARY,AGENT_PROPOSED,SERP_SPOT_CHECK,SERP_ONLY,TRANSACTIONAL,PRODUCT,BR-B001-10,NEEDS_REVIEW
chillgen_20260911_01,B001,chillgen.com::personalized-bigfoot-under-the-moon-area-rug-home-decor,personalized-bigfoot-under-the-moon-area-rug-home-decor,forest silhouette rug,SECONDARY,AGENT_PROPOSED,SERP_SPOT_CHECK,SERP_ONLY,TRANSACTIONAL,PRODUCT,BR-B001-10,NEEDS_REVIEW
chillgen_20260911_01,B002,chillgen.com::personalized-stained-glass-bigfoot-forest-area-rug-non-slip-backing,personalized-stained-glass-bigfoot-forest-area-rug-non-slip-backing,stained glass Bigfoot rug,PRIMARY,AGENT_PROPOSED,SERP_SPOT_CHECK,SERP_ONLY,TRANSACTIONAL,PRODUCT,BR-B002-11,NEEDS_REVIEW
chillgen_20260911_01,B002,chillgen.com::personalized-stained-glass-bigfoot-forest-area-rug-non-slip-backing,personalized-stained-glass-bigfoot-forest-area-rug-non-slip-backing,Bigfoot forest rug,SECONDARY,AGENT_PROPOSED,SERP_SPOT_CHECK,SERP_ONLY,TRANSACTIONAL,PRODUCT,BR-B002-11,NEEDS_REVIEW
chillgen_20260911_01,B002,chillgen.com::personalized-stained-glass-bigfoot-forest-area-rug-non-slip-backing,personalized-stained-glass-bigfoot-forest-area-rug-non-slip-backing,Sasquatch cabin rug,SECONDARY,AGENT_PROPOSED,SERP_SPOT_CHECK,SERP_ONLY,TRANSACTIONAL,PRODUCT,BR-B002-11,NEEDS_REVIEW
chillgen_20260911_01,B002,chillgen.com::personalized-stained-glass-bigfoot-forest-area-rug-non-slip-backing,personalized-stained-glass-bigfoot-forest-area-rug-non-slip-backing,rustic cryptid decor,SECONDARY,AGENT_PROPOSED,SERP_SPOT_CHECK,SERP_ONLY,TRANSACTIONAL,PRODUCT,BR-B002-11,NEEDS_REVIEW
chillgen_20260911_01,B002,chillgen.com::personalized-bigfoot-peace-sign-forest-area-rug-home-decor-bigfoot,personalized-bigfoot-peace-sign-forest-area-rug-home-decor-bigfoot,Bigfoot peace sign rug,PRIMARY,AGENT_PROPOSED,SERP_SPOT_CHECK,SERP_ONLY,TRANSACTIONAL,PRODUCT,BR-B002-12,NEEDS_REVIEW
chillgen_20260911_01,B002,chillgen.com::personalized-bigfoot-peace-sign-forest-area-rug-home-decor-bigfoot,personalized-bigfoot-peace-sign-forest-area-rug-home-decor-bigfoot,Sasquatch forest rug,SECONDARY,AGENT_PROPOSED,SERP_SPOT_CHECK,SERP_ONLY,TRANSACTIONAL,PRODUCT,BR-B002-12,NEEDS_REVIEW
chillgen_20260911_01,B002,chillgen.com::personalized-bigfoot-peace-sign-forest-area-rug-home-decor-bigfoot,personalized-bigfoot-peace-sign-forest-area-rug-home-decor-bigfoot,rustic Bigfoot rug,SECONDARY,AGENT_PROPOSED,SERP_SPOT_CHECK,SERP_ONLY,TRANSACTIONAL,PRODUCT,BR-B002-12,NEEDS_REVIEW
chillgen_20260911_01,B002,chillgen.com::personalized-bigfoot-peace-sign-forest-area-rug-home-decor-bigfoot,personalized-bigfoot-peace-sign-forest-area-rug-home-decor-bigfoot,cabin decor rug,SECONDARY,AGENT_PROPOSED,SERP_SPOT_CHECK,SERP_ONLY,TRANSACTIONAL,PRODUCT,BR-B002-12,NEEDS_REVIEW
chillgen_20260911_01,B002,chillgen.com::personalized-bigfoot-silhouette-with-full-moon-area-rug-design-01,personalized-bigfoot-silhouette-with-full-moon-area-rug-design-01,Bigfoot full moon rug,PRIMARY,AGENT_PROPOSED,SERP_SPOT_CHECK,SERP_ONLY,TRANSACTIONAL,PRODUCT,BR-B002-13,NEEDS_REVIEW
chillgen_20260911_01,B002,chillgen.com::personalized-bigfoot-silhouette-with-full-moon-area-rug-design-01,personalized-bigfoot-silhouette-with-full-moon-area-rug-design-01,Sasquatch silhouette rug,SECONDARY,AGENT_PROPOSED,SERP_SPOT_CHECK,SERP_ONLY,TRANSACTIONAL,PRODUCT,BR-B002-13,NEEDS_REVIEW
chillgen_20260911_01,B002,chillgen.com::personalized-bigfoot-silhouette-with-full-moon-area-rug-design-01,personalized-bigfoot-silhouette-with-full-moon-area-rug-design-01,forest moon rug,SECONDARY,AGENT_PROPOSED,SERP_SPOT_CHECK,SERP_ONLY,TRANSACTIONAL,PRODUCT,BR-B002-13,NEEDS_REVIEW
chillgen_20260911_01,B002,chillgen.com::personalized-bigfoot-silhouette-with-full-moon-area-rug-design-01,personalized-bigfoot-silhouette-with-full-moon-area-rug-design-01,cabin room rug,SECONDARY,AGENT_PROPOSED,SERP_SPOT_CHECK,SERP_ONLY,TRANSACTIONAL,PRODUCT,BR-B002-13,NEEDS_REVIEW
chillgen_20260911_01,B002,chillgen.com::personalized-bigfoot-silhouette-full-moon-forest-area-rug,personalized-bigfoot-silhouette-full-moon-forest-area-rug,dark forest Bigfoot rug,PRIMARY,AGENT_PROPOSED,SERP_SPOT_CHECK,SERP_ONLY,TRANSACTIONAL,PRODUCT,BR-B002-14,NEEDS_REVIEW
chillgen_20260911_01,B002,chillgen.com::personalized-bigfoot-silhouette-full-moon-forest-area-rug,personalized-bigfoot-silhouette-full-moon-forest-area-rug,Bigfoot moon rug,SECONDARY,AGENT_PROPOSED,SERP_SPOT_CHECK,SERP_ONLY,TRANSACTIONAL,PRODUCT,BR-B002-14,NEEDS_REVIEW
chillgen_20260911_01,B002,chillgen.com::personalized-bigfoot-silhouette-full-moon-forest-area-rug,personalized-bigfoot-silhouette-full-moon-forest-area-rug,Sasquatch bedroom rug,SECONDARY,AGENT_PROPOSED,SERP_SPOT_CHECK,SERP_ONLY,TRANSACTIONAL,PRODUCT,BR-B002-14,NEEDS_REVIEW
chillgen_20260911_01,B002,chillgen.com::personalized-bigfoot-silhouette-full-moon-forest-area-rug,personalized-bigfoot-silhouette-full-moon-forest-area-rug,forest cabin rug,SECONDARY,AGENT_PROPOSED,SERP_SPOT_CHECK,SERP_ONLY,TRANSACTIONAL,PRODUCT,BR-B002-14,NEEDS_REVIEW
chillgen_20260911_01,B002,chillgen.com::personalized-bird-nature-with-mountains-and-trees-area-rug-home-decor,personalized-bird-nature-with-mountains-and-trees-area-rug-home-decor,bird mountain nature rug,PRIMARY,AGENT_PROPOSED,SERP_SPOT_CHECK,SERP_ONLY,TRANSACTIONAL,PRODUCT,BR-B002-15,NEEDS_REVIEW
chillgen_20260911_01,B002,chillgen.com::personalized-bird-nature-with-mountains-and-trees-area-rug-home-decor,personalized-bird-nature-with-mountains-and-trees-area-rug-home-decor,rustic bird rug,SECONDARY,AGENT_PROPOSED,SERP_SPOT_CHECK,SERP_ONLY,TRANSACTIONAL,PRODUCT,BR-B002-15,NEEDS_REVIEW
chillgen_20260911_01,B002,chillgen.com::personalized-bird-nature-with-mountains-and-trees-area-rug-home-decor,personalized-bird-nature-with-mountains-and-trees-area-rug-home-decor,mountain forest rug,SECONDARY,AGENT_PROPOSED,SERP_SPOT_CHECK,SERP_ONLY,TRANSACTIONAL,PRODUCT,BR-B002-15,NEEDS_REVIEW
chillgen_20260911_01,B002,chillgen.com::personalized-bird-nature-with-mountains-and-trees-area-rug-home-decor,personalized-bird-nature-with-mountains-and-trees-area-rug-home-decor,cabin wildlife rug,SECONDARY,AGENT_PROPOSED,SERP_SPOT_CHECK,SERP_ONLY,TRANSACTIONAL,PRODUCT,BR-B002-15,NEEDS_REVIEW
chillgen_20260911_01,B002,chillgen.com::personalized-bigfoot-outdoor-adventure-area-rug-non-slip-backing,personalized-bigfoot-outdoor-adventure-area-rug-non-slip-backing,Bigfoot outdoor adventure rug,PRIMARY,AGENT_PROPOSED,SERP_SPOT_CHECK,SERP_ONLY,TRANSACTIONAL,PRODUCT,BR-B002-16,NEEDS_REVIEW
chillgen_20260911_01,B002,chillgen.com::personalized-bigfoot-outdoor-adventure-area-rug-non-slip-backing,personalized-bigfoot-outdoor-adventure-area-rug-non-slip-backing,Sasquatch sunset rug,SECONDARY,AGENT_PROPOSED,SERP_SPOT_CHECK,SERP_ONLY,TRANSACTIONAL,PRODUCT,BR-B002-16,NEEDS_REVIEW
chillgen_20260911_01,B002,chillgen.com::personalized-bigfoot-outdoor-adventure-area-rug-non-slip-backing,personalized-bigfoot-outdoor-adventure-area-rug-non-slip-backing,forest adventure rug,SECONDARY,AGENT_PROPOSED,SERP_SPOT_CHECK,SERP_ONLY,TRANSACTIONAL,PRODUCT,BR-B002-16,NEEDS_REVIEW
chillgen_20260911_01,B002,chillgen.com::personalized-bigfoot-outdoor-adventure-area-rug-non-slip-backing,personalized-bigfoot-outdoor-adventure-area-rug-non-slip-backing,cabin decor rug,SECONDARY,AGENT_PROPOSED,SERP_SPOT_CHECK,SERP_ONLY,TRANSACTIONAL,PRODUCT,BR-B002-16,NEEDS_REVIEW
chillgen_20260911_01,B002,chillgen.com::personalized-bigfoot-stained-glass-forest-area-rug-home-decor,personalized-bigfoot-stained-glass-forest-area-rug-home-decor,blue Bigfoot stained glass rug,PRIMARY,AGENT_PROPOSED,SERP_SPOT_CHECK,SERP_ONLY,TRANSACTIONAL,PRODUCT,BR-B002-17,NEEDS_REVIEW
chillgen_20260911_01,B002,chillgen.com::personalized-bigfoot-stained-glass-forest-area-rug-home-decor,personalized-bigfoot-stained-glass-forest-area-rug-home-decor,Sasquatch forest rug,SECONDARY,AGENT_PROPOSED,SERP_SPOT_CHECK,SERP_ONLY,TRANSACTIONAL,PRODUCT,BR-B002-17,NEEDS_REVIEW
chillgen_20260911_01,B002,chillgen.com::personalized-bigfoot-stained-glass-forest-area-rug-home-decor,personalized-bigfoot-stained-glass-forest-area-rug-home-decor,cryptid den rug,SECONDARY,AGENT_PROPOSED,SERP_SPOT_CHECK,SERP_ONLY,TRANSACTIONAL,PRODUCT,BR-B002-17,NEEDS_REVIEW
chillgen_20260911_01,B002,chillgen.com::personalized-bigfoot-stained-glass-forest-area-rug-home-decor,personalized-bigfoot-stained-glass-forest-area-rug-home-decor,cabin fantasy decor,SECONDARY,AGENT_PROPOSED,SERP_SPOT_CHECK,SERP_ONLY,TRANSACTIONAL,PRODUCT,BR-B002-17,NEEDS_REVIEW
chillgen_20260911_01,B002,chillgen.com::personalized-by-campfire-forest-area-rug-for-outdoor-adventure,personalized-by-campfire-forest-area-rug-for-outdoor-adventure,Bigfoot campfire rug,PRIMARY,AGENT_PROPOSED,SERP_SPOT_CHECK,SERP_ONLY,TRANSACTIONAL,PRODUCT,BR-B002-18,NEEDS_REVIEW
chillgen_20260911_01,B002,chillgen.com::personalized-by-campfire-forest-area-rug-for-outdoor-adventure,personalized-by-campfire-forest-area-rug-for-outdoor-adventure,campfire forest rug,SECONDARY,AGENT_PROPOSED,SERP_SPOT_CHECK,SERP_ONLY,TRANSACTIONAL,PRODUCT,BR-B002-18,NEEDS_REVIEW
chillgen_20260911_01,B002,chillgen.com::personalized-by-campfire-forest-area-rug-for-outdoor-adventure,personalized-by-campfire-forest-area-rug-for-outdoor-adventure,Sasquatch cabin rug,SECONDARY,AGENT_PROPOSED,SERP_SPOT_CHECK,SERP_ONLY,TRANSACTIONAL,PRODUCT,BR-B002-18,NEEDS_REVIEW
chillgen_20260911_01,B002,chillgen.com::personalized-by-campfire-forest-area-rug-for-outdoor-adventure,personalized-by-campfire-forest-area-rug-for-outdoor-adventure,outdoor adventure decor,SECONDARY,AGENT_PROPOSED,SERP_SPOT_CHECK,SERP_ONLY,TRANSACTIONAL,PRODUCT,BR-B002-18,NEEDS_REVIEW
chillgen_20260911_01,B002,chillgen.com::personalized-bigfoot-night-full-moon-forest-area-rug-home-decor,personalized-bigfoot-night-full-moon-forest-area-rug-home-decor,Bigfoot night moon rug,PRIMARY,AGENT_PROPOSED,SERP_SPOT_CHECK,SERP_ONLY,TRANSACTIONAL,PRODUCT,BR-B002-19,NEEDS_REVIEW
chillgen_20260911_01,B002,chillgen.com::personalized-bigfoot-night-full-moon-forest-area-rug-home-decor,personalized-bigfoot-night-full-moon-forest-area-rug-home-decor,Sasquatch moonlight rug,SECONDARY,AGENT_PROPOSED,SERP_SPOT_CHECK,SERP_ONLY,TRANSACTIONAL,PRODUCT,BR-B002-19,NEEDS_REVIEW
chillgen_20260911_01,B002,chillgen.com::personalized-bigfoot-night-full-moon-forest-area-rug-home-decor,personalized-bigfoot-night-full-moon-forest-area-rug-home-decor,dark forest rug,SECONDARY,AGENT_PROPOSED,SERP_SPOT_CHECK,SERP_ONLY,TRANSACTIONAL,PRODUCT,BR-B002-19,NEEDS_REVIEW
chillgen_20260911_01,B002,chillgen.com::personalized-bigfoot-night-full-moon-forest-area-rug-home-decor,personalized-bigfoot-night-full-moon-forest-area-rug-home-decor,rustic cabin decor,SECONDARY,AGENT_PROPOSED,SERP_SPOT_CHECK,SERP_ONLY,TRANSACTIONAL,PRODUCT,BR-B002-19,NEEDS_REVIEW
chillgen_20260911_01,B002,chillgen.com::personalized-bigfoot-sunset-forest-silhouette-area-rug,personalized-bigfoot-sunset-forest-silhouette-area-rug,Bigfoot sunset forest rug,PRIMARY,AGENT_PROPOSED,SERP_SPOT_CHECK,SERP_ONLY,TRANSACTIONAL,PRODUCT,BR-B002-20,NEEDS_REVIEW
chillgen_20260911_01,B002,chillgen.com::personalized-bigfoot-sunset-forest-silhouette-area-rug,personalized-bigfoot-sunset-forest-silhouette-area-rug,Sasquatch silhouette rug,SECONDARY,AGENT_PROPOSED,SERP_SPOT_CHECK,SERP_ONLY,TRANSACTIONAL,PRODUCT,BR-B002-20,NEEDS_REVIEW
chillgen_20260911_01,B002,chillgen.com::personalized-bigfoot-sunset-forest-silhouette-area-rug,personalized-bigfoot-sunset-forest-silhouette-area-rug,sunset cabin rug,SECONDARY,AGENT_PROPOSED,SERP_SPOT_CHECK,SERP_ONLY,TRANSACTIONAL,PRODUCT,BR-B002-20,NEEDS_REVIEW
chillgen_20260911_01,B002,chillgen.com::personalized-bigfoot-sunset-forest-silhouette-area-rug,personalized-bigfoot-sunset-forest-silhouette-area-rug,rustic forest decor,SECONDARY,AGENT_PROPOSED,SERP_SPOT_CHECK,SERP_ONLY,TRANSACTIONAL,PRODUCT,BR-B002-20,NEEDS_REVIEW
chillgen_20260911_01,B003,chillgen.com::personalized-bigfoot-camping-sunset-forest-area-rug,personalized-bigfoot-camping-sunset-forest-area-rug,Bigfoot camping sunset rug,PRIMARY,AGENT_PROPOSED,SERP_SPOT_CHECK,SERP_ONLY,TRANSACTIONAL,PRODUCT,BR-B003-21,NEEDS_REVIEW
chillgen_20260911_01,B003,chillgen.com::personalized-bigfoot-camping-sunset-forest-area-rug,personalized-bigfoot-camping-sunset-forest-area-rug,Sasquatch forest rug,SECONDARY,AGENT_PROPOSED,SERP_SPOT_CHECK,SERP_ONLY,TRANSACTIONAL,PRODUCT,BR-B003-21,NEEDS_REVIEW
chillgen_20260911_01,B003,chillgen.com::personalized-bigfoot-camping-sunset-forest-area-rug,personalized-bigfoot-camping-sunset-forest-area-rug,sunset cabin rug,SECONDARY,AGENT_PROPOSED,SERP_SPOT_CHECK,SERP_ONLY,TRANSACTIONAL,PRODUCT,BR-B003-21,NEEDS_REVIEW
chillgen_20260911_01,B003,chillgen.com::personalized-bigfoot-camping-sunset-forest-area-rug,personalized-bigfoot-camping-sunset-forest-area-rug,rustic adventure decor,SECONDARY,AGENT_PROPOSED,SERP_SPOT_CHECK,SERP_ONLY,TRANSACTIONAL,PRODUCT,BR-B003-21,NEEDS_REVIEW
chillgen_20260911_01,B003,chillgen.com::personalized-bigfoot-camping-night-scene-area-rug-home-decor,personalized-bigfoot-camping-night-scene-area-rug-home-decor,Bigfoot camping night rug,PRIMARY,AGENT_PROPOSED,SERP_SPOT_CHECK,SERP_ONLY,TRANSACTIONAL,PRODUCT,BR-B003-22,NEEDS_REVIEW
chillgen_20260911_01,B003,chillgen.com::personalized-bigfoot-camping-night-scene-area-rug-home-decor,personalized-bigfoot-camping-night-scene-area-rug-home-decor,Sasquatch night forest rug,SECONDARY,AGENT_PROPOSED,SERP_SPOT_CHECK,SERP_ONLY,TRANSACTIONAL,PRODUCT,BR-B003-22,NEEDS_REVIEW
chillgen_20260911_01,B003,chillgen.com::personalized-bigfoot-camping-night-scene-area-rug-home-decor,personalized-bigfoot-camping-night-scene-area-rug-home-decor,camping area rug,SECONDARY,AGENT_PROPOSED,SERP_SPOT_CHECK,SERP_ONLY,TRANSACTIONAL,PRODUCT,BR-B003-22,NEEDS_REVIEW
chillgen_20260911_01,B003,chillgen.com::personalized-bigfoot-camping-night-scene-area-rug-home-decor,personalized-bigfoot-camping-night-scene-area-rug-home-decor,cabin room decor,SECONDARY,AGENT_PROPOSED,SERP_SPOT_CHECK,SERP_ONLY,TRANSACTIONAL,PRODUCT,BR-B003-22,NEEDS_REVIEW
chillgen_20260911_01,B003,chillgen.com::personalized-checkered-flag-racing-area-rug-non-slip-design-05,personalized-checkered-flag-racing-area-rug-non-slip-design-05,personalized racing name number rug,PRIMARY,AGENT_PROPOSED,SERP_SPOT_CHECK,SERP_ONLY,TRANSACTIONAL,PRODUCT,BR-B003-23,NEEDS_REVIEW
chillgen_20260911_01,B003,chillgen.com::personalized-checkered-flag-racing-area-rug-non-slip-design-05,personalized-checkered-flag-racing-area-rug-non-slip-design-05,checkered flag rug,SECONDARY,AGENT_PROPOSED,SERP_SPOT_CHECK,SERP_ONLY,TRANSACTIONAL,PRODUCT,BR-B003-23,NEEDS_REVIEW
chillgen_20260911_01,B003,chillgen.com::personalized-checkered-flag-racing-area-rug-non-slip-design-05,personalized-checkered-flag-racing-area-rug-non-slip-design-05,racing tire track rug,SECONDARY,AGENT_PROPOSED,SERP_SPOT_CHECK,SERP_ONLY,TRANSACTIONAL,PRODUCT,BR-B003-23,NEEDS_REVIEW
chillgen_20260911_01,B003,chillgen.com::personalized-checkered-flag-racing-area-rug-non-slip-design-05,personalized-checkered-flag-racing-area-rug-non-slip-design-05,custom motorsport rug,SECONDARY,AGENT_PROPOSED,SERP_SPOT_CHECK,SERP_ONLY,TRANSACTIONAL,PRODUCT,BR-B003-23,NEEDS_REVIEW
chillgen_20260911_01,B003,chillgen.com::personalized-checkered-flag-racing-area-rug-non-slip-design-07,personalized-checkered-flag-racing-area-rug-non-slip-design-07,personalized checkered flag rug,PRIMARY,AGENT_PROPOSED,SERP_SPOT_CHECK,SERP_ONLY,TRANSACTIONAL,PRODUCT,BR-B003-24,NEEDS_REVIEW
chillgen_20260911_01,B003,chillgen.com::personalized-checkered-flag-racing-area-rug-non-slip-design-07,personalized-checkered-flag-racing-area-rug-non-slip-design-07,custom racing rug,SECONDARY,AGENT_PROPOSED,SERP_SPOT_CHECK,SERP_ONLY,TRANSACTIONAL,PRODUCT,BR-B003-24,NEEDS_REVIEW
chillgen_20260911_01,B003,chillgen.com::personalized-checkered-flag-racing-area-rug-non-slip-design-07,personalized-checkered-flag-racing-area-rug-non-slip-design-07,name racing rug,SECONDARY,AGENT_PROPOSED,SERP_SPOT_CHECK,SERP_ONLY,TRANSACTIONAL,PRODUCT,BR-B003-24,NEEDS_REVIEW
chillgen_20260911_01,B003,chillgen.com::personalized-checkered-flag-racing-area-rug-non-slip-design-07,personalized-checkered-flag-racing-area-rug-non-slip-design-07,motorsport room decor,SECONDARY,AGENT_PROPOSED,SERP_SPOT_CHECK,SERP_ONLY,TRANSACTIONAL,PRODUCT,BR-B003-24,NEEDS_REVIEW
chillgen_20260911_01,B003,chillgen.com::personalized-racing-checkered-flag-area-rug-non-slip-design-06,personalized-racing-checkered-flag-area-rug-non-slip-design-06,custom racing flags rug,PRIMARY,AGENT_PROPOSED,SERP_SPOT_CHECK,SERP_ONLY,TRANSACTIONAL,PRODUCT,BR-B003-25,NEEDS_REVIEW
chillgen_20260911_01,B003,chillgen.com::personalized-racing-checkered-flag-area-rug-non-slip-design-06,personalized-racing-checkered-flag-area-rug-non-slip-design-06,personalized motorsport rug,SECONDARY,AGENT_PROPOSED,SERP_SPOT_CHECK,SERP_ONLY,TRANSACTIONAL,PRODUCT,BR-B003-25,NEEDS_REVIEW
chillgen_20260911_01,B003,chillgen.com::personalized-racing-checkered-flag-area-rug-non-slip-design-06,personalized-racing-checkered-flag-area-rug-non-slip-design-06,checkered flag name rug,SECONDARY,AGENT_PROPOSED,SERP_SPOT_CHECK,SERP_ONLY,TRANSACTIONAL,PRODUCT,BR-B003-25,NEEDS_REVIEW
chillgen_20260911_01,B003,chillgen.com::personalized-racing-checkered-flag-area-rug-non-slip-design-06,personalized-racing-checkered-flag-area-rug-non-slip-design-06,race fan room rug,SECONDARY,AGENT_PROPOSED,SERP_SPOT_CHECK,SERP_ONLY,TRANSACTIONAL,PRODUCT,BR-B003-25,NEEDS_REVIEW
chillgen_20260911_01,B003,chillgen.com::personalized-black-checkered-flag-racing-name-area-rug-non-slip,personalized-black-checkered-flag-racing-name-area-rug-non-slip,black checkered flag name rug,PRIMARY,AGENT_PROPOSED,SERP_SPOT_CHECK,SERP_ONLY,TRANSACTIONAL,PRODUCT,BR-B003-26,NEEDS_REVIEW
chillgen_20260911_01,B003,chillgen.com::personalized-black-checkered-flag-racing-name-area-rug-non-slip,personalized-black-checkered-flag-racing-name-area-rug-non-slip,personalized racing rug,SECONDARY,AGENT_PROPOSED,SERP_SPOT_CHECK,SERP_ONLY,TRANSACTIONAL,PRODUCT,BR-B003-26,NEEDS_REVIEW
chillgen_20260911_01,B003,chillgen.com::personalized-black-checkered-flag-racing-name-area-rug-non-slip,personalized-black-checkered-flag-racing-name-area-rug-non-slip,custom motorsport rug,SECONDARY,AGENT_PROPOSED,SERP_SPOT_CHECK,SERP_ONLY,TRANSACTIONAL,PRODUCT,BR-B003-26,NEEDS_REVIEW
chillgen_20260911_01,B003,chillgen.com::personalized-black-checkered-flag-racing-name-area-rug-non-slip,personalized-black-checkered-flag-racing-name-area-rug-non-slip,race fan gift rug,SECONDARY,AGENT_PROPOSED,SERP_SPOT_CHECK,SERP_ONLY,TRANSACTIONAL,PRODUCT,BR-B003-26,NEEDS_REVIEW
chillgen_20260911_01,B003,chillgen.com::personalized-checkered-flag-race-track-area-rug-non-slip-design-01,personalized-checkered-flag-race-track-area-rug-non-slip-design-01,personalized race track rug,PRIMARY,AGENT_PROPOSED,SERP_SPOT_CHECK,SERP_ONLY,TRANSACTIONAL,PRODUCT,BR-B003-27,NEEDS_REVIEW
chillgen_20260911_01,B003,chillgen.com::personalized-checkered-flag-race-track-area-rug-non-slip-design-01,personalized-checkered-flag-race-track-area-rug-non-slip-design-01,checkered flag racing rug,SECONDARY,AGENT_PROPOSED,SERP_SPOT_CHECK,SERP_ONLY,TRANSACTIONAL,PRODUCT,BR-B003-27,NEEDS_REVIEW
chillgen_20260911_01,B003,chillgen.com::personalized-checkered-flag-race-track-area-rug-non-slip-design-01,personalized-checkered-flag-race-track-area-rug-non-slip-design-01,custom race car room rug,SECONDARY,AGENT_PROPOSED,SERP_SPOT_CHECK,SERP_ONLY,TRANSACTIONAL,PRODUCT,BR-B003-27,NEEDS_REVIEW
chillgen_20260911_01,B003,chillgen.com::personalized-checkered-flag-race-track-area-rug-non-slip-design-01,personalized-checkered-flag-race-track-area-rug-non-slip-design-01,motorsport decor rug,SECONDARY,AGENT_PROPOSED,SERP_SPOT_CHECK,SERP_ONLY,TRANSACTIONAL,PRODUCT,BR-B003-27,NEEDS_REVIEW
chillgen_20260911_01,B003,chillgen.com::personalized-checkered-flag-race-car-area-rug-non-slip-racing-rug,personalized-checkered-flag-race-car-area-rug-non-slip-racing-rug,last name racing rug,PRIMARY,AGENT_PROPOSED,SERP_SPOT_CHECK,SERP_ONLY,TRANSACTIONAL,PRODUCT,BR-B003-28,NEEDS_REVIEW
chillgen_20260911_01,B003,chillgen.com::personalized-checkered-flag-race-car-area-rug-non-slip-racing-rug,personalized-checkered-flag-race-car-area-rug-non-slip-racing-rug,personalized race car rug,SECONDARY,AGENT_PROPOSED,SERP_SPOT_CHECK,SERP_ONLY,TRANSACTIONAL,PRODUCT,BR-B003-28,NEEDS_REVIEW
chillgen_20260911_01,B003,chillgen.com::personalized-checkered-flag-race-car-area-rug-non-slip-racing-rug,personalized-checkered-flag-race-car-area-rug-non-slip-racing-rug,checkered flag name rug,SECONDARY,AGENT_PROPOSED,SERP_SPOT_CHECK,SERP_ONLY,TRANSACTIONAL,PRODUCT,BR-B003-28,NEEDS_REVIEW
chillgen_20260911_01,B003,chillgen.com::personalized-checkered-flag-race-car-area-rug-non-slip-racing-rug,personalized-checkered-flag-race-car-area-rug-non-slip-racing-rug,custom racing room rug,SECONDARY,AGENT_PROPOSED,SERP_SPOT_CHECK,SERP_ONLY,TRANSACTIONAL,PRODUCT,BR-B003-28,NEEDS_REVIEW
chillgen_20260911_01,B003,chillgen.com::personalized-checkered-flag-race-track-area-rug-non-slip-design-04,personalized-checkered-flag-race-track-area-rug-non-slip-design-04,custom name race track rug,PRIMARY,AGENT_PROPOSED,SERP_SPOT_CHECK,SERP_ONLY,TRANSACTIONAL,PRODUCT,BR-B003-29,NEEDS_REVIEW
chillgen_20260911_01,B003,chillgen.com::personalized-checkered-flag-race-track-area-rug-non-slip-design-04,personalized-checkered-flag-race-track-area-rug-non-slip-design-04,personalized racing rug,SECONDARY,AGENT_PROPOSED,SERP_SPOT_CHECK,SERP_ONLY,TRANSACTIONAL,PRODUCT,BR-B003-29,NEEDS_REVIEW
chillgen_20260911_01,B003,chillgen.com::personalized-checkered-flag-race-track-area-rug-non-slip-design-04,personalized-checkered-flag-race-track-area-rug-non-slip-design-04,checkered border rug,SECONDARY,AGENT_PROPOSED,SERP_SPOT_CHECK,SERP_ONLY,TRANSACTIONAL,PRODUCT,BR-B003-29,NEEDS_REVIEW
chillgen_20260911_01,B003,chillgen.com::personalized-checkered-flag-race-track-area-rug-non-slip-design-04,personalized-checkered-flag-race-track-area-rug-non-slip-design-04,motorsport bedroom rug,SECONDARY,AGENT_PROPOSED,SERP_SPOT_CHECK,SERP_ONLY,TRANSACTIONAL,PRODUCT,BR-B003-29,NEEDS_REVIEW
chillgen_20260911_01,B003,chillgen.com::personalized-checkered-racing-flags-with-name-area-rug-non-slip,personalized-checkered-racing-flags-with-name-area-rug-non-slip,checkered racing flags rug,PRIMARY,AGENT_PROPOSED,SERP_SPOT_CHECK,SERP_ONLY,TRANSACTIONAL,PRODUCT,BR-B003-30,NEEDS_REVIEW
chillgen_20260911_01,B003,chillgen.com::personalized-checkered-racing-flags-with-name-area-rug-non-slip,personalized-checkered-racing-flags-with-name-area-rug-non-slip,custom name racing rug,SECONDARY,AGENT_PROPOSED,SERP_SPOT_CHECK,SERP_ONLY,TRANSACTIONAL,PRODUCT,BR-B003-30,NEEDS_REVIEW
chillgen_20260911_01,B003,chillgen.com::personalized-checkered-racing-flags-with-name-area-rug-non-slip,personalized-checkered-racing-flags-with-name-area-rug-non-slip,personalized motorsport rug,SECONDARY,AGENT_PROPOSED,SERP_SPOT_CHECK,SERP_ONLY,TRANSACTIONAL,PRODUCT,BR-B003-30,NEEDS_REVIEW
chillgen_20260911_01,B003,chillgen.com::personalized-checkered-racing-flags-with-name-area-rug-non-slip,personalized-checkered-racing-flags-with-name-area-rug-non-slip,race fan decor rug,SECONDARY,AGENT_PROPOSED,SERP_SPOT_CHECK,SERP_ONLY,TRANSACTIONAL,PRODUCT,BR-B003-30,NEEDS_REVIEW
chillgen_20260911_01,B004,chillgen.com::personalized-checkered-flag-sport-area-rug-non-slip,personalized-checkered-flag-sport-area-rug-non-slip,personalized checkered flag sport rug,PRIMARY,AGENT_PROPOSED,SERP_SPOT_CHECK,SERP_ONLY,TRANSACTIONAL,PRODUCT,BR-B004-31,NEEDS_REVIEW
chillgen_20260911_01,B004,chillgen.com::personalized-checkered-flag-sport-area-rug-non-slip,personalized-checkered-flag-sport-area-rug-non-slip,racing area rug,SECONDARY,AGENT_PROPOSED,SERP_SPOT_CHECK,SERP_ONLY,TRANSACTIONAL,PRODUCT,BR-B004-31,NEEDS_REVIEW
chillgen_20260911_01,B004,chillgen.com::personalized-checkered-flag-sport-area-rug-non-slip,personalized-checkered-flag-sport-area-rug-non-slip,American flag racing rug,SECONDARY,AGENT_PROPOSED,SERP_SPOT_CHECK,SERP_ONLY,TRANSACTIONAL,PRODUCT,BR-B004-31,NEEDS_REVIEW
chillgen_20260911_01,B004,chillgen.com::personalized-checkered-flag-sport-area-rug-non-slip,personalized-checkered-flag-sport-area-rug-non-slip,motorsport room rug,SECONDARY,AGENT_PROPOSED,SERP_SPOT_CHECK,SERP_ONLY,TRANSACTIONAL,PRODUCT,BR-B004-31,NEEDS_REVIEW
chillgen_20260911_01,B004,chillgen.com::personalized-emotion-chart-face-emojis-rug-machine-washable-wheel,personalized-emotion-chart-face-emojis-rug-machine-washable-wheel,emotion chart emoji rug,PRIMARY,AGENT_PROPOSED,SERP_SPOT_CHECK,SERP_ONLY,TRANSACTIONAL,PRODUCT,BR-B004-32,NEEDS_REVIEW
chillgen_20260911_01,B004,chillgen.com::personalized-emotion-chart-face-emojis-rug-machine-washable-wheel,personalized-emotion-chart-face-emojis-rug-machine-washable-wheel,classroom feelings rug,SECONDARY,AGENT_PROPOSED,SERP_SPOT_CHECK,SERP_ONLY,TRANSACTIONAL,PRODUCT,BR-B004-32,NEEDS_REVIEW
chillgen_20260911_01,B004,chillgen.com::personalized-emotion-chart-face-emojis-rug-machine-washable-wheel,personalized-emotion-chart-face-emojis-rug-machine-washable-wheel,emotion wheel rug,SECONDARY,AGENT_PROPOSED,SERP_SPOT_CHECK,SERP_ONLY,TRANSACTIONAL,PRODUCT,BR-B004-32,NEEDS_REVIEW
chillgen_20260911_01,B004,chillgen.com::personalized-emotion-chart-face-emojis-rug-machine-washable-wheel,personalized-emotion-chart-face-emojis-rug-machine-washable-wheel,calm corner rug,SECONDARY,AGENT_PROPOSED,SERP_SPOT_CHECK,SERP_ONLY,TRANSACTIONAL,PRODUCT,BR-B004-32,NEEDS_REVIEW
chillgen_20260911_01,B004,chillgen.com::personalized-colorful-emotion-wheel-chart-mat-non-slip,personalized-colorful-emotion-wheel-chart-mat-non-slip,colorful emotion wheel rug,PRIMARY,AGENT_PROPOSED,SERP_SPOT_CHECK,SERP_ONLY,TRANSACTIONAL,PRODUCT,BR-B004-33,NEEDS_REVIEW
chillgen_20260911_01,B004,chillgen.com::personalized-colorful-emotion-wheel-chart-mat-non-slip,personalized-colorful-emotion-wheel-chart-mat-non-slip,feelings chart rug,SECONDARY,AGENT_PROPOSED,SERP_SPOT_CHECK,SERP_ONLY,TRANSACTIONAL,PRODUCT,BR-B004-33,NEEDS_REVIEW
chillgen_20260911_01,B004,chillgen.com::personalized-colorful-emotion-wheel-chart-mat-non-slip,personalized-colorful-emotion-wheel-chart-mat-non-slip,classroom emotion rug,SECONDARY,AGENT_PROPOSED,SERP_SPOT_CHECK,SERP_ONLY,TRANSACTIONAL,PRODUCT,BR-B004-33,NEEDS_REVIEW
chillgen_20260911_01,B004,chillgen.com::personalized-colorful-emotion-wheel-chart-mat-non-slip,personalized-colorful-emotion-wheel-chart-mat-non-slip,counseling room mat,SECONDARY,AGENT_PROPOSED,SERP_SPOT_CHECK,SERP_ONLY,TRANSACTIONAL,PRODUCT,BR-B004-33,NEEDS_REVIEW
chillgen_20260911_01,B004,chillgen.com::personalized-feeling-wheel-chart-rug-machine-washable,personalized-feeling-wheel-chart-rug-machine-washable,feeling wheel chart rug,PRIMARY,AGENT_PROPOSED,SERP_SPOT_CHECK,SERP_ONLY,TRANSACTIONAL,PRODUCT,BR-B004-34,NEEDS_REVIEW
chillgen_20260911_01,B004,chillgen.com::personalized-feeling-wheel-chart-rug-machine-washable,personalized-feeling-wheel-chart-rug-machine-washable,kids emotion rug,SECONDARY,AGENT_PROPOSED,SERP_SPOT_CHECK,SERP_ONLY,TRANSACTIONAL,PRODUCT,BR-B004-34,NEEDS_REVIEW
chillgen_20260911_01,B004,chillgen.com::personalized-feeling-wheel-chart-rug-machine-washable,personalized-feeling-wheel-chart-rug-machine-washable,emotional regulation rug,SECONDARY,AGENT_PROPOSED,SERP_SPOT_CHECK,SERP_ONLY,TRANSACTIONAL,PRODUCT,BR-B004-34,NEEDS_REVIEW
chillgen_20260911_01,B004,chillgen.com::personalized-feeling-wheel-chart-rug-machine-washable,personalized-feeling-wheel-chart-rug-machine-washable,classroom learning rug,SECONDARY,AGENT_PROPOSED,SERP_SPOT_CHECK,SERP_ONLY,TRANSACTIONAL,PRODUCT,BR-B004-34,NEEDS_REVIEW
chillgen_20260911_01,B004,chillgen.com::personalized-feeling-wheel-composition-notebook-art-area-rug-non-slip,personalized-feeling-wheel-composition-notebook-art-area-rug-non-slip,how do you feel today rug,PRIMARY,AGENT_PROPOSED,SERP_SPOT_CHECK,SERP_ONLY,TRANSACTIONAL,PRODUCT,BR-B004-35,NEEDS_REVIEW
chillgen_20260911_01,B004,chillgen.com::personalized-feeling-wheel-composition-notebook-art-area-rug-non-slip,personalized-feeling-wheel-composition-notebook-art-area-rug-non-slip,classroom SEL rug,SECONDARY,AGENT_PROPOSED,SERP_SPOT_CHECK,SERP_ONLY,TRANSACTIONAL,PRODUCT,BR-B004-35,NEEDS_REVIEW
chillgen_20260911_01,B004,chillgen.com::personalized-feeling-wheel-composition-notebook-art-area-rug-non-slip,personalized-feeling-wheel-composition-notebook-art-area-rug-non-slip,feelings check-in rug,SECONDARY,AGENT_PROPOSED,SERP_SPOT_CHECK,SERP_ONLY,TRANSACTIONAL,PRODUCT,BR-B004-35,NEEDS_REVIEW
chillgen_20260911_01,B004,chillgen.com::personalized-feeling-wheel-composition-notebook-art-area-rug-non-slip,personalized-feeling-wheel-composition-notebook-art-area-rug-non-slip,emotion wheel classroom rug,SECONDARY,AGENT_PROPOSED,SERP_SPOT_CHECK,SERP_ONLY,TRANSACTIONAL,PRODUCT,BR-B004-35,NEEDS_REVIEW
chillgen_20260911_01,B004,chillgen.com::personalized-emotions-wheel-learning-rug-machine-washable,personalized-emotions-wheel-learning-rug-machine-washable,emotions wheel learning rug,PRIMARY,AGENT_PROPOSED,SERP_SPOT_CHECK,SERP_ONLY,TRANSACTIONAL,PRODUCT,BR-B004-36,NEEDS_REVIEW
chillgen_20260911_01,B004,chillgen.com::personalized-emotions-wheel-learning-rug-machine-washable,personalized-emotions-wheel-learning-rug-machine-washable,emoji feelings rug,SECONDARY,AGENT_PROPOSED,SERP_SPOT_CHECK,SERP_ONLY,TRANSACTIONAL,PRODUCT,BR-B004-36,NEEDS_REVIEW
chillgen_20260911_01,B004,chillgen.com::personalized-emotions-wheel-learning-rug-machine-washable,personalized-emotions-wheel-learning-rug-machine-washable,classroom emotion mat,SECONDARY,AGENT_PROPOSED,SERP_SPOT_CHECK,SERP_ONLY,TRANSACTIONAL,PRODUCT,BR-B004-36,NEEDS_REVIEW
chillgen_20260911_01,B004,chillgen.com::personalized-emotions-wheel-learning-rug-machine-washable,personalized-emotions-wheel-learning-rug-machine-washable,emotional learning rug,SECONDARY,AGENT_PROPOSED,SERP_SPOT_CHECK,SERP_ONLY,TRANSACTIONAL,PRODUCT,BR-B004-36,NEEDS_REVIEW
chillgen_20260911_01,B004,chillgen.com::personalized-religious-quote-with-family-name-doormat-entryway-decor,personalized-religious-quote-with-family-name-doormat-entryway-decor,personalized Joshua 24:15 doormat,PRIMARY,AGENT_PROPOSED,SERP_SPOT_CHECK,SERP_ONLY,TRANSACTIONAL,PRODUCT,BR-B004-37,NEEDS_REVIEW
chillgen_20260911_01,B004,chillgen.com::personalized-religious-quote-with-family-name-doormat-entryway-decor,personalized-religious-quote-with-family-name-doormat-entryway-decor,family name religious doormat,SECONDARY,AGENT_PROPOSED,SERP_SPOT_CHECK,SERP_ONLY,TRANSACTIONAL,PRODUCT,BR-B004-37,NEEDS_REVIEW
chillgen_20260911_01,B004,chillgen.com::personalized-religious-quote-with-family-name-doormat-entryway-decor,personalized-religious-quote-with-family-name-doormat-entryway-decor,Christian welcome mat,SECONDARY,AGENT_PROPOSED,SERP_SPOT_CHECK,SERP_ONLY,TRANSACTIONAL,PRODUCT,BR-B004-37,NEEDS_REVIEW
chillgen_20260911_01,B004,chillgen.com::personalized-religious-quote-with-family-name-doormat-entryway-decor,personalized-religious-quote-with-family-name-doormat-entryway-decor,as for me and my house doormat,SECONDARY,AGENT_PROPOSED,SERP_SPOT_CHECK,SERP_ONLY,TRANSACTIONAL,PRODUCT,BR-B004-37,NEEDS_REVIEW
chillgen_20260911_01,B004,chillgen.com::personalized-nautical-anchor-with-rope-doormat-design-12,personalized-nautical-anchor-with-rope-doormat-design-12,personalized nautical anchor doormat,PRIMARY,AGENT_PROPOSED,SERP_SPOT_CHECK,SERP_ONLY,TRANSACTIONAL,PRODUCT,BR-B004-38,NEEDS_REVIEW
chillgen_20260911_01,B004,chillgen.com::personalized-nautical-anchor-with-rope-doormat-design-12,personalized-nautical-anchor-with-rope-doormat-design-12,boat location doormat,SECONDARY,AGENT_PROPOSED,SERP_SPOT_CHECK,SERP_ONLY,TRANSACTIONAL,PRODUCT,BR-B004-38,NEEDS_REVIEW
chillgen_20260911_01,B004,chillgen.com::personalized-nautical-anchor-with-rope-doormat-design-12,personalized-nautical-anchor-with-rope-doormat-design-12,custom anchor mat,SECONDARY,AGENT_PROPOSED,SERP_SPOT_CHECK,SERP_ONLY,TRANSACTIONAL,PRODUCT,BR-B004-38,NEEDS_REVIEW
chillgen_20260911_01,B004,chillgen.com::personalized-nautical-anchor-with-rope-doormat-design-12,personalized-nautical-anchor-with-rope-doormat-design-12,nautical welcome mat,SECONDARY,AGENT_PROPOSED,SERP_SPOT_CHECK,SERP_ONLY,TRANSACTIONAL,PRODUCT,BR-B004-38,NEEDS_REVIEW
chillgen_20260911_01,B004,chillgen.com::personalized-nautical-anchor-with-boat-name-doormat-nautical-15,personalized-nautical-anchor-with-boat-name-doormat-nautical-15,custom boat name anchor doormat,PRIMARY,AGENT_PROPOSED,SERP_SPOT_CHECK,SERP_ONLY,TRANSACTIONAL,PRODUCT,BR-B004-39,NEEDS_REVIEW
chillgen_20260911_01,B004,chillgen.com::personalized-nautical-anchor-with-boat-name-doormat-nautical-15,personalized-nautical-anchor-with-boat-name-doormat-nautical-15,personalized boat mat,SECONDARY,AGENT_PROPOSED,SERP_SPOT_CHECK,SERP_ONLY,TRANSACTIONAL,PRODUCT,BR-B004-39,NEEDS_REVIEW
chillgen_20260911_01,B004,chillgen.com::personalized-nautical-anchor-with-boat-name-doormat-nautical-15,personalized-nautical-anchor-with-boat-name-doormat-nautical-15,welcome aboard doormat,SECONDARY,AGENT_PROPOSED,SERP_SPOT_CHECK,SERP_ONLY,TRANSACTIONAL,PRODUCT,BR-B004-39,NEEDS_REVIEW
chillgen_20260911_01,B004,chillgen.com::personalized-nautical-anchor-with-boat-name-doormat-nautical-15,personalized-nautical-anchor-with-boat-name-doormat-nautical-15,nautical anchor doormat,SECONDARY,AGENT_PROPOSED,SERP_SPOT_CHECK,SERP_ONLY,TRANSACTIONAL,PRODUCT,BR-B004-39,NEEDS_REVIEW
chillgen_20260911_01,B004,chillgen.com::personalized-nautical-compass-rose-with-boat-name-doormat,personalized-nautical-compass-rose-with-boat-name-doormat,personalized compass rose doormat,PRIMARY,AGENT_PROPOSED,SERP_SPOT_CHECK,SERP_ONLY,TRANSACTIONAL,PRODUCT,BR-B004-40,NEEDS_REVIEW
chillgen_20260911_01,B004,chillgen.com::personalized-nautical-compass-rose-with-boat-name-doormat,personalized-nautical-compass-rose-with-boat-name-doormat,boat name doormat,SECONDARY,AGENT_PROPOSED,SERP_SPOT_CHECK,SERP_ONLY,TRANSACTIONAL,PRODUCT,BR-B004-40,NEEDS_REVIEW
chillgen_20260911_01,B004,chillgen.com::personalized-nautical-compass-rose-with-boat-name-doormat,personalized-nautical-compass-rose-with-boat-name-doormat,nautical compass mat,SECONDARY,AGENT_PROPOSED,SERP_SPOT_CHECK,SERP_ONLY,TRANSACTIONAL,PRODUCT,BR-B004-40,NEEDS_REVIEW
chillgen_20260911_01,B004,chillgen.com::personalized-nautical-compass-rose-with-boat-name-doormat,personalized-nautical-compass-rose-with-boat-name-doormat,custom marina welcome mat,SECONDARY,AGENT_PROPOSED,SERP_SPOT_CHECK,SERP_ONLY,TRANSACTIONAL,PRODUCT,BR-B004-40,NEEDS_REVIEW
chillgen_20260911_01,B005,chillgen.com::personalized-anchor-rope-pattern-doormat-for-boat-owners,personalized-anchor-rope-pattern-doormat-for-boat-owners,personalized boat name anchor doormat,PRIMARY,AGENT_PROPOSED,SERP_SPOT_CHECK,SERP_ONLY,TRANSACTIONAL,PRODUCT,BR-B005-41,NEEDS_REVIEW
chillgen_20260911_01,B005,chillgen.com::personalized-anchor-rope-pattern-doormat-for-boat-owners,personalized-anchor-rope-pattern-doormat-for-boat-owners,anchor rope doormat,SECONDARY,AGENT_PROPOSED,SERP_SPOT_CHECK,SERP_ONLY,TRANSACTIONAL,PRODUCT,BR-B005-41,NEEDS_REVIEW
chillgen_20260911_01,B005,chillgen.com::personalized-anchor-rope-pattern-doormat-for-boat-owners,personalized-anchor-rope-pattern-doormat-for-boat-owners,custom boat location mat,SECONDARY,AGENT_PROPOSED,SERP_SPOT_CHECK,SERP_ONLY,TRANSACTIONAL,PRODUCT,BR-B005-41,NEEDS_REVIEW
chillgen_20260911_01,B005,chillgen.com::personalized-anchor-rope-pattern-doormat-for-boat-owners,personalized-anchor-rope-pattern-doormat-for-boat-owners,nautical welcome mat,SECONDARY,AGENT_PROPOSED,SERP_SPOT_CHECK,SERP_ONLY,TRANSACTIONAL,PRODUCT,BR-B005-41,NEEDS_REVIEW
chillgen_20260911_01,B005,chillgen.com::personalized-nautical-anchor-doormat-water-repellent,personalized-nautical-anchor-doormat-water-repellent,personalized nautical anchor doormat,PRIMARY,AGENT_PROPOSED,SERP_SPOT_CHECK,SERP_ONLY,TRANSACTIONAL,PRODUCT,BR-B005-42,NEEDS_REVIEW
chillgen_20260911_01,B005,chillgen.com::personalized-nautical-anchor-doormat-water-repellent,personalized-nautical-anchor-doormat-water-repellent,welcome aboard doormat,SECONDARY,AGENT_PROPOSED,SERP_SPOT_CHECK,SERP_ONLY,TRANSACTIONAL,PRODUCT,BR-B005-42,NEEDS_REVIEW
chillgen_20260911_01,B005,chillgen.com::personalized-nautical-anchor-doormat-water-repellent,personalized-nautical-anchor-doormat-water-repellent,custom boat text mat,SECONDARY,AGENT_PROPOSED,SERP_SPOT_CHECK,SERP_ONLY,TRANSACTIONAL,PRODUCT,BR-B005-42,NEEDS_REVIEW
chillgen_20260911_01,B005,chillgen.com::personalized-nautical-anchor-doormat-water-repellent,personalized-nautical-anchor-doormat-water-repellent,anchor boat mat,SECONDARY,AGENT_PROPOSED,SERP_SPOT_CHECK,SERP_ONLY,TRANSACTIONAL,PRODUCT,BR-B005-42,NEEDS_REVIEW
chillgen_20260911_01,B005,chillgen.com::personalized-striped-nautical-anchor-doormat-water-repell-design-13,personalized-striped-nautical-anchor-doormat-water-repell-design-13,striped nautical anchor doormat,PRIMARY,AGENT_PROPOSED,SERP_SPOT_CHECK,SERP_ONLY,TRANSACTIONAL,PRODUCT,BR-B005-43,NEEDS_REVIEW
chillgen_20260911_01,B005,chillgen.com::personalized-striped-nautical-anchor-doormat-water-repell-design-13,personalized-striped-nautical-anchor-doormat-water-repell-design-13,custom text anchor mat,SECONDARY,AGENT_PROPOSED,SERP_SPOT_CHECK,SERP_ONLY,TRANSACTIONAL,PRODUCT,BR-B005-43,NEEDS_REVIEW
chillgen_20260911_01,B005,chillgen.com::personalized-striped-nautical-anchor-doormat-water-repell-design-13,personalized-striped-nautical-anchor-doormat-water-repell-design-13,coastal striped doormat,SECONDARY,AGENT_PROPOSED,SERP_SPOT_CHECK,SERP_ONLY,TRANSACTIONAL,PRODUCT,BR-B005-43,NEEDS_REVIEW
chillgen_20260911_01,B005,chillgen.com::personalized-striped-nautical-anchor-doormat-water-repell-design-13,personalized-striped-nautical-anchor-doormat-water-repell-design-13,boat owner welcome mat,SECONDARY,AGENT_PROPOSED,SERP_SPOT_CHECK,SERP_ONLY,TRANSACTIONAL,PRODUCT,BR-B005-43,NEEDS_REVIEW
chillgen_20260911_01,B005,chillgen.com::personalized-nautical-anchor-with-boat-name-doormat-water-design-08,personalized-nautical-anchor-with-boat-name-doormat-water-design-08,welcome aboard anchor doormat,PRIMARY,AGENT_PROPOSED,SERP_SPOT_CHECK,SERP_ONLY,TRANSACTIONAL,PRODUCT,BR-B005-44,NEEDS_REVIEW
chillgen_20260911_01,B005,chillgen.com::personalized-nautical-anchor-with-boat-name-doormat-water-design-08,personalized-nautical-anchor-with-boat-name-doormat-water-design-08,boat name doormat,SECONDARY,AGENT_PROPOSED,SERP_SPOT_CHECK,SERP_ONLY,TRANSACTIONAL,PRODUCT,BR-B005-44,NEEDS_REVIEW
chillgen_20260911_01,B005,chillgen.com::personalized-nautical-anchor-with-boat-name-doormat-water-design-08,personalized-nautical-anchor-with-boat-name-doormat-water-design-08,personalized nautical mat,SECONDARY,AGENT_PROPOSED,SERP_SPOT_CHECK,SERP_ONLY,TRANSACTIONAL,PRODUCT,BR-B005-44,NEEDS_REVIEW
chillgen_20260911_01,B005,chillgen.com::personalized-nautical-anchor-with-boat-name-doormat-water-design-08,personalized-nautical-anchor-with-boat-name-doormat-water-design-08,custom boat location doormat,SECONDARY,AGENT_PROPOSED,SERP_SPOT_CHECK,SERP_ONLY,TRANSACTIONAL,PRODUCT,BR-B005-44,NEEDS_REVIEW
chillgen_20260911_01,B005,chillgen.com::personalized-nautical-anchor-with-ship-wheel-doormat-water-repellent,personalized-nautical-anchor-with-ship-wheel-doormat-water-repellent,personalized ship wheel doormat,PRIMARY,AGENT_PROPOSED,SERP_SPOT_CHECK,SERP_ONLY,TRANSACTIONAL,PRODUCT,BR-B005-45,NEEDS_REVIEW
chillgen_20260911_01,B005,chillgen.com::personalized-nautical-anchor-with-ship-wheel-doormat-water-repellent,personalized-nautical-anchor-with-ship-wheel-doormat-water-repellent,anchor welcome aboard mat,SECONDARY,AGENT_PROPOSED,SERP_SPOT_CHECK,SERP_ONLY,TRANSACTIONAL,PRODUCT,BR-B005-45,NEEDS_REVIEW
chillgen_20260911_01,B005,chillgen.com::personalized-nautical-anchor-with-ship-wheel-doormat-water-repellent,personalized-nautical-anchor-with-ship-wheel-doormat-water-repellent,nautical boat name doormat,SECONDARY,AGENT_PROPOSED,SERP_SPOT_CHECK,SERP_ONLY,TRANSACTIONAL,PRODUCT,BR-B005-45,NEEDS_REVIEW
chillgen_20260911_01,B005,chillgen.com::personalized-nautical-anchor-with-ship-wheel-doormat-water-repellent,personalized-nautical-anchor-with-ship-wheel-doormat-water-repellent,custom marina mat,SECONDARY,AGENT_PROPOSED,SERP_SPOT_CHECK,SERP_ONLY,TRANSACTIONAL,PRODUCT,BR-B005-45,NEEDS_REVIEW
chillgen_20260911_01,B005,chillgen.com::personalized-nautical-anchor-with-boat-name-doormat-water-design-14,personalized-nautical-anchor-with-boat-name-doormat-water-design-14,coastal anchor boat name doormat,PRIMARY,AGENT_PROPOSED,SERP_SPOT_CHECK,SERP_ONLY,TRANSACTIONAL,PRODUCT,BR-B005-46,NEEDS_REVIEW
chillgen_20260911_01,B005,chillgen.com::personalized-nautical-anchor-with-boat-name-doormat-water-design-14,personalized-nautical-anchor-with-boat-name-doormat-water-design-14,aqua nautical doormat,SECONDARY,AGENT_PROPOSED,SERP_SPOT_CHECK,SERP_ONLY,TRANSACTIONAL,PRODUCT,BR-B005-46,NEEDS_REVIEW
chillgen_20260911_01,B005,chillgen.com::personalized-nautical-anchor-with-boat-name-doormat-water-design-14,personalized-nautical-anchor-with-boat-name-doormat-water-design-14,personalized anchor mat,SECONDARY,AGENT_PROPOSED,SERP_SPOT_CHECK,SERP_ONLY,TRANSACTIONAL,PRODUCT,BR-B005-46,NEEDS_REVIEW
chillgen_20260911_01,B005,chillgen.com::personalized-nautical-anchor-with-boat-name-doormat-water-design-14,personalized-nautical-anchor-with-boat-name-doormat-water-design-14,custom boat text welcome mat,SECONDARY,AGENT_PROPOSED,SERP_SPOT_CHECK,SERP_ONLY,TRANSACTIONAL,PRODUCT,BR-B005-46,NEEDS_REVIEW
chillgen_20260911_01,B005,chillgen.com::personalized-nautical-anchor-welcome-aboard-doormat-water-repellent,personalized-nautical-anchor-welcome-aboard-doormat-water-repellent,boat name welcome aboard doormat,PRIMARY,AGENT_PROPOSED,SERP_SPOT_CHECK,SERP_ONLY,TRANSACTIONAL,PRODUCT,BR-B005-47,NEEDS_REVIEW
chillgen_20260911_01,B005,chillgen.com::personalized-nautical-anchor-welcome-aboard-doormat-water-repellent,personalized-nautical-anchor-welcome-aboard-doormat-water-repellent,anchor boat name mat,SECONDARY,AGENT_PROPOSED,SERP_SPOT_CHECK,SERP_ONLY,TRANSACTIONAL,PRODUCT,BR-B005-47,NEEDS_REVIEW
chillgen_20260911_01,B005,chillgen.com::personalized-nautical-anchor-welcome-aboard-doormat-water-repellent,personalized-nautical-anchor-welcome-aboard-doormat-water-repellent,personalized nautical doormat,SECONDARY,AGENT_PROPOSED,SERP_SPOT_CHECK,SERP_ONLY,TRANSACTIONAL,PRODUCT,BR-B005-47,NEEDS_REVIEW
chillgen_20260911_01,B005,chillgen.com::personalized-nautical-anchor-welcome-aboard-doormat-water-repellent,personalized-nautical-anchor-welcome-aboard-doormat-water-repellent,striped marina welcome mat,SECONDARY,AGENT_PROPOSED,SERP_SPOT_CHECK,SERP_ONLY,TRANSACTIONAL,PRODUCT,BR-B005-47,NEEDS_REVIEW
chillgen_20260911_01,B005,chillgen.com::personalized-anchor-welcome-aboard-doormat-for-fishing-boat,personalized-anchor-welcome-aboard-doormat-for-fishing-boat,gold anchor welcome aboard doormat,PRIMARY,AGENT_PROPOSED,SERP_SPOT_CHECK,SERP_ONLY,TRANSACTIONAL,PRODUCT,BR-B005-48,NEEDS_REVIEW
chillgen_20260911_01,B005,chillgen.com::personalized-anchor-welcome-aboard-doormat-for-fishing-boat,personalized-anchor-welcome-aboard-doormat-for-fishing-boat,custom boat text mat,SECONDARY,AGENT_PROPOSED,SERP_SPOT_CHECK,SERP_ONLY,TRANSACTIONAL,PRODUCT,BR-B005-48,NEEDS_REVIEW
chillgen_20260911_01,B005,chillgen.com::personalized-anchor-welcome-aboard-doormat-for-fishing-boat,personalized-anchor-welcome-aboard-doormat-for-fishing-boat,fishing boat doormat,SECONDARY,AGENT_PROPOSED,SERP_SPOT_CHECK,SERP_ONLY,TRANSACTIONAL,PRODUCT,BR-B005-48,NEEDS_REVIEW
chillgen_20260911_01,B005,chillgen.com::personalized-anchor-welcome-aboard-doormat-for-fishing-boat,personalized-anchor-welcome-aboard-doormat-for-fishing-boat,personalized nautical welcome mat,SECONDARY,AGENT_PROPOSED,SERP_SPOT_CHECK,SERP_ONLY,TRANSACTIONAL,PRODUCT,BR-B005-48,NEEDS_REVIEW
chillgen_20260911_01,B005,chillgen.com::personalized-anchor-with-boat-name-and-location-doormat,personalized-anchor-with-boat-name-and-location-doormat,anchor boat name location doormat,PRIMARY,AGENT_PROPOSED,SERP_SPOT_CHECK,SERP_ONLY,TRANSACTIONAL,PRODUCT,BR-B005-49,NEEDS_REVIEW
chillgen_20260911_01,B005,chillgen.com::personalized-anchor-with-boat-name-and-location-doormat,personalized-anchor-with-boat-name-and-location-doormat,personalized anchor mat,SECONDARY,AGENT_PROPOSED,SERP_SPOT_CHECK,SERP_ONLY,TRANSACTIONAL,PRODUCT,BR-B005-49,NEEDS_REVIEW
chillgen_20260911_01,B005,chillgen.com::personalized-anchor-with-boat-name-and-location-doormat,personalized-anchor-with-boat-name-and-location-doormat,custom boat location mat,SECONDARY,AGENT_PROPOSED,SERP_SPOT_CHECK,SERP_ONLY,TRANSACTIONAL,PRODUCT,BR-B005-49,NEEDS_REVIEW
chillgen_20260911_01,B005,chillgen.com::personalized-anchor-with-boat-name-and-location-doormat,personalized-anchor-with-boat-name-and-location-doormat,nautical welcome aboard doormat,SECONDARY,AGENT_PROPOSED,SERP_SPOT_CHECK,SERP_ONLY,TRANSACTIONAL,PRODUCT,BR-B005-49,NEEDS_REVIEW
chillgen_20260911_01,B005,chillgen.com::personalized-classroom-welcome-rainbow-welcome-doormat,personalized-classroom-welcome-rainbow-welcome-doormat,personalized rainbow classroom doormat,PRIMARY,AGENT_PROPOSED,SERP_SPOT_CHECK,SERP_ONLY,TRANSACTIONAL,PRODUCT,BR-B005-50,NEEDS_REVIEW
chillgen_20260911_01,B005,chillgen.com::personalized-classroom-welcome-rainbow-welcome-doormat,personalized-classroom-welcome-rainbow-welcome-doormat,teacher classroom welcome mat,SECONDARY,AGENT_PROPOSED,SERP_SPOT_CHECK,SERP_ONLY,TRANSACTIONAL,PRODUCT,BR-B005-50,NEEDS_REVIEW
chillgen_20260911_01,B005,chillgen.com::personalized-classroom-welcome-rainbow-welcome-doormat,personalized-classroom-welcome-rainbow-welcome-doormat,custom teacher name doormat,SECONDARY,AGENT_PROPOSED,SERP_SPOT_CHECK,SERP_ONLY,TRANSACTIONAL,PRODUCT,BR-B005-50,NEEDS_REVIEW
chillgen_20260911_01,B005,chillgen.com::personalized-classroom-welcome-rainbow-welcome-doormat,personalized-classroom-welcome-rainbow-welcome-doormat,back to school rainbow mat,SECONDARY,AGENT_PROPOSED,SERP_SPOT_CHECK,SERP_ONLY,TRANSACTIONAL,PRODUCT,BR-B005-50,NEEDS_REVIEW
chillgen_20260911_01,B006,chillgen.com::personalized-cheerful-school-themed-welcome-doormat-non-slip-backing,personalized-cheerful-school-themed-welcome-doormat-non-slip-backing,personalized school welcome doormat,PRIMARY,AGENT_PROPOSED,SERP_SPOT_CHECK,SERP_ONLY,TRANSACTIONAL,PRODUCT,BR-B006-51,NEEDS_REVIEW
chillgen_20260911_01,B006,chillgen.com::personalized-cheerful-school-themed-welcome-doormat-non-slip-backing,personalized-cheerful-school-themed-welcome-doormat-non-slip-backing,teacher classroom doormat,SECONDARY,AGENT_PROPOSED,SERP_SPOT_CHECK,SERP_ONLY,TRANSACTIONAL,PRODUCT,BR-B006-51,NEEDS_REVIEW
chillgen_20260911_01,B006,chillgen.com::personalized-cheerful-school-themed-welcome-doormat-non-slip-backing,personalized-cheerful-school-themed-welcome-doormat-non-slip-backing,custom teacher name mat,SECONDARY,AGENT_PROPOSED,SERP_SPOT_CHECK,SERP_ONLY,TRANSACTIONAL,PRODUCT,BR-B006-51,NEEDS_REVIEW
chillgen_20260911_01,B006,chillgen.com::personalized-cheerful-school-themed-welcome-doormat-non-slip-backing,personalized-cheerful-school-themed-welcome-doormat-non-slip-backing,back to school welcome rug,SECONDARY,AGENT_PROPOSED,SERP_SPOT_CHECK,SERP_ONLY,TRANSACTIONAL,PRODUCT,BR-B006-51,NEEDS_REVIEW
chillgen_20260911_01,B006,chillgen.com::personalized-pink-school-supplies-doormat-machine-made,personalized-pink-school-supplies-doormat-machine-made,pink classroom teacher doormat,PRIMARY,AGENT_PROPOSED,SERP_SPOT_CHECK,SERP_ONLY,TRANSACTIONAL,PRODUCT,BR-B006-52,NEEDS_REVIEW
chillgen_20260911_01,B006,chillgen.com::personalized-pink-school-supplies-doormat-machine-made,personalized-pink-school-supplies-doormat-machine-made,school supplies welcome mat,SECONDARY,AGENT_PROPOSED,SERP_SPOT_CHECK,SERP_ONLY,TRANSACTIONAL,PRODUCT,BR-B006-52,NEEDS_REVIEW
chillgen_20260911_01,B006,chillgen.com::personalized-pink-school-supplies-doormat-machine-made,personalized-pink-school-supplies-doormat-machine-made,custom teacher name rug,SECONDARY,AGENT_PROPOSED,SERP_SPOT_CHECK,SERP_ONLY,TRANSACTIONAL,PRODUCT,BR-B006-52,NEEDS_REVIEW
chillgen_20260911_01,B006,chillgen.com::personalized-pink-school-supplies-doormat-machine-made,personalized-pink-school-supplies-doormat-machine-made,back to school doormat,SECONDARY,AGENT_PROPOSED,SERP_SPOT_CHECK,SERP_ONLY,TRANSACTIONAL,PRODUCT,BR-B006-52,NEEDS_REVIEW
chillgen_20260911_01,B006,chillgen.com::personalized-teacher-classroom-welcome-with-school-supplies-doormat,personalized-teacher-classroom-welcome-with-school-supplies-doormat,welcome classroom teacher doormat,PRIMARY,AGENT_PROPOSED,SERP_SPOT_CHECK,SERP_ONLY,TRANSACTIONAL,PRODUCT,BR-B006-53,NEEDS_REVIEW
chillgen_20260911_01,B006,chillgen.com::personalized-teacher-classroom-welcome-with-school-supplies-doormat,personalized-teacher-classroom-welcome-with-school-supplies-doormat,personalized teacher welcome mat,SECONDARY,AGENT_PROPOSED,SERP_SPOT_CHECK,SERP_ONLY,TRANSACTIONAL,PRODUCT,BR-B006-53,NEEDS_REVIEW
chillgen_20260911_01,B006,chillgen.com::personalized-teacher-classroom-welcome-with-school-supplies-doormat,personalized-teacher-classroom-welcome-with-school-supplies-doormat,school supplies classroom rug,SECONDARY,AGENT_PROPOSED,SERP_SPOT_CHECK,SERP_ONLY,TRANSACTIONAL,PRODUCT,BR-B006-53,NEEDS_REVIEW
chillgen_20260911_01,B006,chillgen.com::personalized-teacher-classroom-welcome-with-school-supplies-doormat,personalized-teacher-classroom-welcome-with-school-supplies-doormat,custom classroom doormat,SECONDARY,AGENT_PROPOSED,SERP_SPOT_CHECK,SERP_ONLY,TRANSACTIONAL,PRODUCT,BR-B006-53,NEEDS_REVIEW
chillgen_20260911_01,B006,chillgen.com::personalized-speckled-classroom-decor-door-mat-non-slip-backing,personalized-speckled-classroom-decor-door-mat-non-slip-backing,speckled classroom teacher doormat,PRIMARY,AGENT_PROPOSED,SERP_SPOT_CHECK,SERP_ONLY,TRANSACTIONAL,PRODUCT,BR-B006-54,NEEDS_REVIEW
chillgen_20260911_01,B006,chillgen.com::personalized-speckled-classroom-decor-door-mat-non-slip-backing,personalized-speckled-classroom-decor-door-mat-non-slip-backing,custom teacher name mat,SECONDARY,AGENT_PROPOSED,SERP_SPOT_CHECK,SERP_ONLY,TRANSACTIONAL,PRODUCT,BR-B006-54,NEEDS_REVIEW
chillgen_20260911_01,B006,chillgen.com::personalized-speckled-classroom-decor-door-mat-non-slip-backing,personalized-speckled-classroom-decor-door-mat-non-slip-backing,colorful school doormat,SECONDARY,AGENT_PROPOSED,SERP_SPOT_CHECK,SERP_ONLY,TRANSACTIONAL,PRODUCT,BR-B006-54,NEEDS_REVIEW
chillgen_20260911_01,B006,chillgen.com::personalized-speckled-classroom-decor-door-mat-non-slip-backing,personalized-speckled-classroom-decor-door-mat-non-slip-backing,classroom decor welcome rug,SECONDARY,AGENT_PROPOSED,SERP_SPOT_CHECK,SERP_ONLY,TRANSACTIONAL,PRODUCT,BR-B006-54,NEEDS_REVIEW
chillgen_20260911_01,B006,chillgen.com::personalized-flower-star-school-teacher-appreciation-playful-doormat,personalized-flower-star-school-teacher-appreciation-playful-doormat,personalized teacher appreciation doormat,PRIMARY,AGENT_PROPOSED,SERP_SPOT_CHECK,SERP_ONLY,TRANSACTIONAL,PRODUCT,BR-B006-55,NEEDS_REVIEW
chillgen_20260911_01,B006,chillgen.com::personalized-flower-star-school-teacher-appreciation-playful-doormat,personalized-flower-star-school-teacher-appreciation-playful-doormat,custom teacher name mat,SECONDARY,AGENT_PROPOSED,SERP_SPOT_CHECK,SERP_ONLY,TRANSACTIONAL,PRODUCT,BR-B006-55,NEEDS_REVIEW
chillgen_20260911_01,B006,chillgen.com::personalized-flower-star-school-teacher-appreciation-playful-doormat,personalized-flower-star-school-teacher-appreciation-playful-doormat,playful school doormat,SECONDARY,AGENT_PROPOSED,SERP_SPOT_CHECK,SERP_ONLY,TRANSACTIONAL,PRODUCT,BR-B006-55,NEEDS_REVIEW
chillgen_20260911_01,B006,chillgen.com::personalized-flower-star-school-teacher-appreciation-playful-doormat,personalized-flower-star-school-teacher-appreciation-playful-doormat,classroom gift rug,SECONDARY,AGENT_PROPOSED,SERP_SPOT_CHECK,SERP_ONLY,TRANSACTIONAL,PRODUCT,BR-B006-55,NEEDS_REVIEW
chillgen_20260911_01,B006,chillgen.com::personalized-diverse-hands-welcome-door-mat-non-slip-backing,personalized-diverse-hands-welcome-door-mat-non-slip-backing,everyone is welcome classroom doormat,PRIMARY,AGENT_PROPOSED,SERP_SPOT_CHECK,SERP_ONLY,TRANSACTIONAL,PRODUCT,BR-B006-56,NEEDS_REVIEW
chillgen_20260911_01,B006,chillgen.com::personalized-diverse-hands-welcome-door-mat-non-slip-backing,personalized-diverse-hands-welcome-door-mat-non-slip-backing,inclusive classroom doormat,SECONDARY,AGENT_PROPOSED,SERP_SPOT_CHECK,SERP_ONLY,TRANSACTIONAL,PRODUCT,BR-B006-56,NEEDS_REVIEW
chillgen_20260911_01,B006,chillgen.com::personalized-diverse-hands-welcome-door-mat-non-slip-backing,personalized-diverse-hands-welcome-door-mat-non-slip-backing,custom teacher welcome mat,SECONDARY,AGENT_PROPOSED,SERP_SPOT_CHECK,SERP_ONLY,TRANSACTIONAL,PRODUCT,BR-B006-56,NEEDS_REVIEW
chillgen_20260911_01,B006,chillgen.com::personalized-diverse-hands-welcome-door-mat-non-slip-backing,personalized-diverse-hands-welcome-door-mat-non-slip-backing,diverse hands classroom rug,SECONDARY,AGENT_PROPOSED,SERP_SPOT_CHECK,SERP_ONLY,TRANSACTIONAL,PRODUCT,BR-B006-56,NEEDS_REVIEW
chillgen_20260911_01,B006,chillgen.com::personalized-in-this-classroom-doormat-non-slip-backing-design-03,personalized-in-this-classroom-doormat-non-slip-backing-design-03,in this classroom you are doormat,PRIMARY,AGENT_PROPOSED,SERP_SPOT_CHECK,SERP_ONLY,TRANSACTIONAL,PRODUCT,BR-B006-57,NEEDS_REVIEW
chillgen_20260911_01,B006,chillgen.com::personalized-in-this-classroom-doormat-non-slip-backing-design-03,personalized-in-this-classroom-doormat-non-slip-backing-design-03,teacher affirmation doormat,SECONDARY,AGENT_PROPOSED,SERP_SPOT_CHECK,SERP_ONLY,TRANSACTIONAL,PRODUCT,BR-B006-57,NEEDS_REVIEW
chillgen_20260911_01,B006,chillgen.com::personalized-in-this-classroom-doormat-non-slip-backing-design-03,personalized-in-this-classroom-doormat-non-slip-backing-design-03,custom classroom welcome mat,SECONDARY,AGENT_PROPOSED,SERP_SPOT_CHECK,SERP_ONLY,TRANSACTIONAL,PRODUCT,BR-B006-57,NEEDS_REVIEW
chillgen_20260911_01,B006,chillgen.com::personalized-in-this-classroom-doormat-non-slip-backing-design-03,personalized-in-this-classroom-doormat-non-slip-backing-design-03,inspirational classroom rug,SECONDARY,AGENT_PROPOSED,SERP_SPOT_CHECK,SERP_ONLY,TRANSACTIONAL,PRODUCT,BR-B006-57,NEEDS_REVIEW
chillgen_20260911_01,B006,chillgen.com::personalized-rainbow-hearts-classroom-doormat-non-slip-backing,personalized-rainbow-hearts-classroom-doormat-non-slip-backing,rainbow classroom welcome doormat,PRIMARY,AGENT_PROPOSED,SERP_SPOT_CHECK,SERP_ONLY,TRANSACTIONAL,PRODUCT,BR-B006-58,NEEDS_REVIEW
chillgen_20260911_01,B006,chillgen.com::personalized-rainbow-hearts-classroom-doormat-non-slip-backing,personalized-rainbow-hearts-classroom-doormat-non-slip-backing,personalized teacher name mat,SECONDARY,AGENT_PROPOSED,SERP_SPOT_CHECK,SERP_ONLY,TRANSACTIONAL,PRODUCT,BR-B006-58,NEEDS_REVIEW
chillgen_20260911_01,B006,chillgen.com::personalized-rainbow-hearts-classroom-doormat-non-slip-backing,personalized-rainbow-hearts-classroom-doormat-non-slip-backing,rainbow hearts classroom rug,SECONDARY,AGENT_PROPOSED,SERP_SPOT_CHECK,SERP_ONLY,TRANSACTIONAL,PRODUCT,BR-B006-58,NEEDS_REVIEW
chillgen_20260911_01,B006,chillgen.com::personalized-rainbow-hearts-classroom-doormat-non-slip-backing,personalized-rainbow-hearts-classroom-doormat-non-slip-backing,back to school teacher mat,SECONDARY,AGENT_PROPOSED,SERP_SPOT_CHECK,SERP_ONLY,TRANSACTIONAL,PRODUCT,BR-B006-58,NEEDS_REVIEW
chillgen_20260911_01,B006,chillgen.com::personalized-classroom-inspirational-crayons-doormat-non-slip-backing,personalized-classroom-inspirational-crayons-doormat-non-slip-backing,classroom affirmation crayon doormat,PRIMARY,AGENT_PROPOSED,SERP_SPOT_CHECK,SERP_ONLY,TRANSACTIONAL,PRODUCT,BR-B006-59,NEEDS_REVIEW
chillgen_20260911_01,B006,chillgen.com::personalized-classroom-inspirational-crayons-doormat-non-slip-backing,personalized-classroom-inspirational-crayons-doormat-non-slip-backing,in this classroom you are mat,SECONDARY,AGENT_PROPOSED,SERP_SPOT_CHECK,SERP_ONLY,TRANSACTIONAL,PRODUCT,BR-B006-59,NEEDS_REVIEW
chillgen_20260911_01,B006,chillgen.com::personalized-classroom-inspirational-crayons-doormat-non-slip-backing,personalized-classroom-inspirational-crayons-doormat-non-slip-backing,teacher name welcome rug,SECONDARY,AGENT_PROPOSED,SERP_SPOT_CHECK,SERP_ONLY,TRANSACTIONAL,PRODUCT,BR-B006-59,NEEDS_REVIEW
chillgen_20260911_01,B006,chillgen.com::personalized-classroom-inspirational-crayons-doormat-non-slip-backing,personalized-classroom-inspirational-crayons-doormat-non-slip-backing,inspirational classroom doormat,SECONDARY,AGENT_PROPOSED,SERP_SPOT_CHECK,SERP_ONLY,TRANSACTIONAL,PRODUCT,BR-B006-59,NEEDS_REVIEW
chillgen_20260911_01,B006,chillgen.com::personalized-composition-book-style-door-mat-non-slip,personalized-composition-book-style-door-mat-non-slip,composition book classroom doormat,PRIMARY,AGENT_PROPOSED,SERP_SPOT_CHECK,SERP_ONLY,TRANSACTIONAL,PRODUCT,BR-B006-60,NEEDS_REVIEW
chillgen_20260911_01,B006,chillgen.com::personalized-composition-book-style-door-mat-non-slip,personalized-composition-book-style-door-mat-non-slip,custom teacher name mat,SECONDARY,AGENT_PROPOSED,SERP_SPOT_CHECK,SERP_ONLY,TRANSACTIONAL,PRODUCT,BR-B006-60,NEEDS_REVIEW
chillgen_20260911_01,B006,chillgen.com::personalized-composition-book-style-door-mat-non-slip,personalized-composition-book-style-door-mat-non-slip,school supplies welcome rug,SECONDARY,AGENT_PROPOSED,SERP_SPOT_CHECK,SERP_ONLY,TRANSACTIONAL,PRODUCT,BR-B006-60,NEEDS_REVIEW
chillgen_20260911_01,B006,chillgen.com::personalized-composition-book-style-door-mat-non-slip,personalized-composition-book-style-door-mat-non-slip,back to school classroom mat,SECONDARY,AGENT_PROPOSED,SERP_SPOT_CHECK,SERP_ONLY,TRANSACTIONAL,PRODUCT,BR-B006-60,NEEDS_REVIEW
chillgen_20260911_01,B007,chillgen.com::personalized-good-day-to-do-math-typography-door-mat-non-slip-backing,personalized-good-day-to-do-math-typography-door-mat-non-slip-backing,good day to do math doormat,PRIMARY,AGENT_PROPOSED,SERP_SPOT_CHECK,SERP_ONLY,TRANSACTIONAL,PRODUCT,BR-B007-61,NEEDS_REVIEW
chillgen_20260911_01,B007,chillgen.com::personalized-good-day-to-do-math-typography-door-mat-non-slip-backing,personalized-good-day-to-do-math-typography-door-mat-non-slip-backing,math teacher doormat,SECONDARY,AGENT_PROPOSED,SERP_SPOT_CHECK,SERP_ONLY,TRANSACTIONAL,PRODUCT,BR-B007-61,NEEDS_REVIEW
chillgen_20260911_01,B007,chillgen.com::personalized-good-day-to-do-math-typography-door-mat-non-slip-backing,personalized-good-day-to-do-math-typography-door-mat-non-slip-backing,personalized classroom math mat,SECONDARY,AGENT_PROPOSED,SERP_SPOT_CHECK,SERP_ONLY,TRANSACTIONAL,PRODUCT,BR-B007-61,NEEDS_REVIEW
chillgen_20260911_01,B007,chillgen.com::personalized-good-day-to-do-math-typography-door-mat-non-slip-backing,personalized-good-day-to-do-math-typography-door-mat-non-slip-backing,teacher name welcome mat,SECONDARY,AGENT_PROPOSED,SERP_SPOT_CHECK,SERP_ONLY,TRANSACTIONAL,PRODUCT,BR-B007-61,NEEDS_REVIEW
chillgen_20260911_01,B007,chillgen.com::personalized-open-book-with-flowers-and-pencil-door-mat,personalized-open-book-with-flowers-and-pencil-door-mat,little minds grow here doormat,PRIMARY,AGENT_PROPOSED,SERP_SPOT_CHECK,SERP_ONLY,TRANSACTIONAL,PRODUCT,BR-B007-62,NEEDS_REVIEW
chillgen_20260911_01,B007,chillgen.com::personalized-open-book-with-flowers-and-pencil-door-mat,personalized-open-book-with-flowers-and-pencil-door-mat,open book teacher doormat,SECONDARY,AGENT_PROPOSED,SERP_SPOT_CHECK,SERP_ONLY,TRANSACTIONAL,PRODUCT,BR-B007-62,NEEDS_REVIEW
chillgen_20260911_01,B007,chillgen.com::personalized-open-book-with-flowers-and-pencil-door-mat,personalized-open-book-with-flowers-and-pencil-door-mat,personalized classroom mat,SECONDARY,AGENT_PROPOSED,SERP_SPOT_CHECK,SERP_ONLY,TRANSACTIONAL,PRODUCT,BR-B007-62,NEEDS_REVIEW
chillgen_20260911_01,B007,chillgen.com::personalized-open-book-with-flowers-and-pencil-door-mat,personalized-open-book-with-flowers-and-pencil-door-mat,teacher name welcome rug,SECONDARY,AGENT_PROPOSED,SERP_SPOT_CHECK,SERP_ONLY,TRANSACTIONAL,PRODUCT,BR-B007-62,NEEDS_REVIEW
chillgen_20260911_01,B007,chillgen.com::personalized-composition-notebook-teacher-door-mat-non-slip-backing,personalized-composition-notebook-teacher-door-mat-non-slip-backing,composition notebook teacher doormat,PRIMARY,AGENT_PROPOSED,SERP_SPOT_CHECK,SERP_ONLY,TRANSACTIONAL,PRODUCT,BR-B007-63,NEEDS_REVIEW
chillgen_20260911_01,B007,chillgen.com::personalized-composition-notebook-teacher-door-mat-non-slip-backing,personalized-composition-notebook-teacher-door-mat-non-slip-backing,custom teacher name mat,SECONDARY,AGENT_PROPOSED,SERP_SPOT_CHECK,SERP_ONLY,TRANSACTIONAL,PRODUCT,BR-B007-63,NEEDS_REVIEW
chillgen_20260911_01,B007,chillgen.com::personalized-composition-notebook-teacher-door-mat-non-slip-backing,personalized-composition-notebook-teacher-door-mat-non-slip-backing,classroom composition book rug,SECONDARY,AGENT_PROPOSED,SERP_SPOT_CHECK,SERP_ONLY,TRANSACTIONAL,PRODUCT,BR-B007-63,NEEDS_REVIEW
chillgen_20260911_01,B007,chillgen.com::personalized-composition-notebook-teacher-door-mat-non-slip-backing,personalized-composition-notebook-teacher-door-mat-non-slip-backing,back to school doormat,SECONDARY,AGENT_PROPOSED,SERP_SPOT_CHECK,SERP_ONLY,TRANSACTIONAL,PRODUCT,BR-B007-63,NEEDS_REVIEW
chillgen_20260911_01,B007,chillgen.com::personalized-composition-notebook-style-teacher-door-mat,personalized-composition-notebook-style-teacher-door-mat,composition book classroom welcome mat,PRIMARY,AGENT_PROPOSED,SERP_SPOT_CHECK,SERP_ONLY,TRANSACTIONAL,PRODUCT,BR-B007-64,NEEDS_REVIEW
chillgen_20260911_01,B007,chillgen.com::personalized-composition-notebook-style-teacher-door-mat,personalized-composition-notebook-style-teacher-door-mat,personalized teacher classroom mat,SECONDARY,AGENT_PROPOSED,SERP_SPOT_CHECK,SERP_ONLY,TRANSACTIONAL,PRODUCT,BR-B007-64,NEEDS_REVIEW
chillgen_20260911_01,B007,chillgen.com::personalized-composition-notebook-style-teacher-door-mat,personalized-composition-notebook-style-teacher-door-mat,school supplies doormat,SECONDARY,AGENT_PROPOSED,SERP_SPOT_CHECK,SERP_ONLY,TRANSACTIONAL,PRODUCT,BR-B007-64,NEEDS_REVIEW
chillgen_20260911_01,B007,chillgen.com::personalized-composition-notebook-style-teacher-door-mat,personalized-composition-notebook-style-teacher-door-mat,custom teacher name rug,SECONDARY,AGENT_PROPOSED,SERP_SPOT_CHECK,SERP_ONLY,TRANSACTIONAL,PRODUCT,BR-B007-64,NEEDS_REVIEW
chillgen_20260911_01,B007,chillgen.com::personalized-colorful-class-teacher-welcome-door-mat-classroom-decor,personalized-colorful-class-teacher-welcome-door-mat-classroom-decor,colorful teacher name doormat,PRIMARY,AGENT_PROPOSED,SERP_SPOT_CHECK,SERP_ONLY,TRANSACTIONAL,PRODUCT,BR-B007-65,NEEDS_REVIEW
chillgen_20260911_01,B007,chillgen.com::personalized-colorful-class-teacher-welcome-door-mat-classroom-decor,personalized-colorful-class-teacher-welcome-door-mat-classroom-decor,personalized classroom door mat,SECONDARY,AGENT_PROPOSED,SERP_SPOT_CHECK,SERP_ONLY,TRANSACTIONAL,PRODUCT,BR-B007-65,NEEDS_REVIEW
chillgen_20260911_01,B007,chillgen.com::personalized-colorful-class-teacher-welcome-door-mat-classroom-decor,personalized-colorful-class-teacher-welcome-door-mat-classroom-decor,first grade teacher mat,SECONDARY,AGENT_PROPOSED,SERP_SPOT_CHECK,SERP_ONLY,TRANSACTIONAL,PRODUCT,BR-B007-65,NEEDS_REVIEW
chillgen_20260911_01,B007,chillgen.com::personalized-colorful-class-teacher-welcome-door-mat-classroom-decor,personalized-colorful-class-teacher-welcome-door-mat-classroom-decor,school supplies rug,SECONDARY,AGENT_PROPOSED,SERP_SPOT_CHECK,SERP_ONLY,TRANSACTIONAL,PRODUCT,BR-B007-65,NEEDS_REVIEW
chillgen_20260911_01,B007,chillgen.com::personalized-playful-teacher-name-school-supply-star-doormat,personalized-playful-teacher-name-school-supply-star-doormat,teacher name school supplies doormat,PRIMARY,AGENT_PROPOSED,SERP_SPOT_CHECK,SERP_ONLY,TRANSACTIONAL,PRODUCT,BR-B007-66,NEEDS_REVIEW
chillgen_20260911_01,B007,chillgen.com::personalized-playful-teacher-name-school-supply-star-doormat,personalized-playful-teacher-name-school-supply-star-doormat,personalized teacher mat,SECONDARY,AGENT_PROPOSED,SERP_SPOT_CHECK,SERP_ONLY,TRANSACTIONAL,PRODUCT,BR-B007-66,NEEDS_REVIEW
chillgen_20260911_01,B007,chillgen.com::personalized-playful-teacher-name-school-supply-star-doormat,personalized-playful-teacher-name-school-supply-star-doormat,pink classroom doormat,SECONDARY,AGENT_PROPOSED,SERP_SPOT_CHECK,SERP_ONLY,TRANSACTIONAL,PRODUCT,BR-B007-66,NEEDS_REVIEW
chillgen_20260911_01,B007,chillgen.com::personalized-playful-teacher-name-school-supply-star-doormat,personalized-playful-teacher-name-school-supply-star-doormat,custom first grade rug,SECONDARY,AGENT_PROPOSED,SERP_SPOT_CHECK,SERP_ONLY,TRANSACTIONAL,PRODUCT,BR-B007-66,NEEDS_REVIEW
chillgen_20260911_01,B007,chillgen.com::personalized-flower-star-school-retro-whimsical-welcome-door-mat,personalized-flower-star-school-retro-whimsical-welcome-door-mat,retro teacher welcome doormat,PRIMARY,AGENT_PROPOSED,SERP_SPOT_CHECK,SERP_ONLY,TRANSACTIONAL,PRODUCT,BR-B007-67,NEEDS_REVIEW
chillgen_20260911_01,B007,chillgen.com::personalized-flower-star-school-retro-whimsical-welcome-door-mat,personalized-flower-star-school-retro-whimsical-welcome-door-mat,flower star classroom mat,SECONDARY,AGENT_PROPOSED,SERP_SPOT_CHECK,SERP_ONLY,TRANSACTIONAL,PRODUCT,BR-B007-67,NEEDS_REVIEW
chillgen_20260911_01,B007,chillgen.com::personalized-flower-star-school-retro-whimsical-welcome-door-mat,personalized-flower-star-school-retro-whimsical-welcome-door-mat,personalized teacher name rug,SECONDARY,AGENT_PROPOSED,SERP_SPOT_CHECK,SERP_ONLY,TRANSACTIONAL,PRODUCT,BR-B007-67,NEEDS_REVIEW
chillgen_20260911_01,B007,chillgen.com::personalized-flower-star-school-retro-whimsical-welcome-door-mat,personalized-flower-star-school-retro-whimsical-welcome-door-mat,whimsical school doormat,SECONDARY,AGENT_PROPOSED,SERP_SPOT_CHECK,SERP_ONLY,TRANSACTIONAL,PRODUCT,BR-B007-67,NEEDS_REVIEW
chillgen_20260911_01,B007,chillgen.com::personalized-in-this-classroom-inspirational-text-doormat,personalized-in-this-classroom-inspirational-text-doormat,in this classroom teacher doormat,PRIMARY,AGENT_PROPOSED,SERP_SPOT_CHECK,SERP_ONLY,TRANSACTIONAL,PRODUCT,BR-B007-68,NEEDS_REVIEW
chillgen_20260911_01,B007,chillgen.com::personalized-in-this-classroom-inspirational-text-doormat,personalized-in-this-classroom-inspirational-text-doormat,classroom affirmation mat,SECONDARY,AGENT_PROPOSED,SERP_SPOT_CHECK,SERP_ONLY,TRANSACTIONAL,PRODUCT,BR-B007-68,NEEDS_REVIEW
chillgen_20260911_01,B007,chillgen.com::personalized-in-this-classroom-inspirational-text-doormat,personalized-in-this-classroom-inspirational-text-doormat,personalized teacher rug,SECONDARY,AGENT_PROPOSED,SERP_SPOT_CHECK,SERP_ONLY,TRANSACTIONAL,PRODUCT,BR-B007-68,NEEDS_REVIEW
chillgen_20260911_01,B007,chillgen.com::personalized-in-this-classroom-inspirational-text-doormat,personalized-in-this-classroom-inspirational-text-doormat,inspirational classroom doormat,SECONDARY,AGENT_PROPOSED,SERP_SPOT_CHECK,SERP_ONLY,TRANSACTIONAL,PRODUCT,BR-B007-68,NEEDS_REVIEW
chillgen_20260911_01,B007,chillgen.com::personalized-flower-star-classroom-nature-rug,personalized-flower-star-classroom-nature-rug,little minds grow here classroom rug,PRIMARY,AGENT_PROPOSED,SERP_SPOT_CHECK,SERP_ONLY,TRANSACTIONAL,PRODUCT,BR-B007-69,NEEDS_REVIEW
chillgen_20260911_01,B007,chillgen.com::personalized-flower-star-classroom-nature-rug,personalized-flower-star-classroom-nature-rug,teacher name classroom rug,SECONDARY,AGENT_PROPOSED,SERP_SPOT_CHECK,SERP_ONLY,TRANSACTIONAL,PRODUCT,BR-B007-69,NEEDS_REVIEW
chillgen_20260911_01,B007,chillgen.com::personalized-flower-star-classroom-nature-rug,personalized-flower-star-classroom-nature-rug,open book flower mat,SECONDARY,AGENT_PROPOSED,SERP_SPOT_CHECK,SERP_ONLY,TRANSACTIONAL,PRODUCT,BR-B007-69,NEEDS_REVIEW
chillgen_20260911_01,B007,chillgen.com::personalized-flower-star-classroom-nature-rug,personalized-flower-star-classroom-nature-rug,personalized classroom welcome mat,SECONDARY,AGENT_PROPOSED,SERP_SPOT_CHECK,SERP_ONLY,TRANSACTIONAL,PRODUCT,BR-B007-69,NEEDS_REVIEW
chillgen_20260911_01,B007,chillgen.com::personalized-text-books-and-flowers-classroom-inspiration-doormat,personalized-text-books-and-flowers-classroom-inspiration-doormat,classroom inspiration doormat,PRIMARY,AGENT_PROPOSED,SERP_SPOT_CHECK,SERP_ONLY,TRANSACTIONAL,PRODUCT,BR-B007-70,NEEDS_REVIEW
chillgen_20260911_01,B007,chillgen.com::personalized-text-books-and-flowers-classroom-inspiration-doormat,personalized-text-books-and-flowers-classroom-inspiration-doormat,books flowers teacher mat,SECONDARY,AGENT_PROPOSED,SERP_SPOT_CHECK,SERP_ONLY,TRANSACTIONAL,PRODUCT,BR-B007-70,NEEDS_REVIEW
chillgen_20260911_01,B007,chillgen.com::personalized-text-books-and-flowers-classroom-inspiration-doormat,personalized-text-books-and-flowers-classroom-inspiration-doormat,personalized teacher name doormat,SECONDARY,AGENT_PROPOSED,SERP_SPOT_CHECK,SERP_ONLY,TRANSACTIONAL,PRODUCT,BR-B007-70,NEEDS_REVIEW
chillgen_20260911_01,B007,chillgen.com::personalized-text-books-and-flowers-classroom-inspiration-doormat,personalized-text-books-and-flowers-classroom-inspiration-doormat,classroom affirmation rug,SECONDARY,AGENT_PROPOSED,SERP_SPOT_CHECK,SERP_ONLY,TRANSACTIONAL,PRODUCT,BR-B007-70,NEEDS_REVIEW
chillgen_20260911_01,B008,chillgen.com::personalized-colorful-composition-notebook-teacher-door-mat,personalized-colorful-composition-notebook-teacher-door-mat,colorful composition notebook teacher doormat,PRIMARY,AGENT_PROPOSED,SERP_SPOT_CHECK,SERP_ONLY,TRANSACTIONAL,PRODUCT,BR-B008-71,NEEDS_REVIEW
chillgen_20260911_01,B008,chillgen.com::personalized-colorful-composition-notebook-teacher-door-mat,personalized-colorful-composition-notebook-teacher-door-mat,personalized teacher name mat,SECONDARY,AGENT_PROPOSED,SERP_SPOT_CHECK,SERP_ONLY,TRANSACTIONAL,PRODUCT,BR-B008-71,NEEDS_REVIEW
chillgen_20260911_01,B008,chillgen.com::personalized-colorful-composition-notebook-teacher-door-mat,personalized-colorful-composition-notebook-teacher-door-mat,classroom welcome rug,SECONDARY,AGENT_PROPOSED,SERP_SPOT_CHECK,SERP_ONLY,TRANSACTIONAL,PRODUCT,BR-B008-71,NEEDS_REVIEW
chillgen_20260911_01,B008,chillgen.com::personalized-colorful-composition-notebook-teacher-door-mat,personalized-colorful-composition-notebook-teacher-door-mat,back to school doormat,SECONDARY,AGENT_PROPOSED,SERP_SPOT_CHECK,SERP_ONLY,TRANSACTIONAL,PRODUCT,BR-B008-71,NEEDS_REVIEW
chillgen_20260911_01,B008,chillgen.com::personalized-rainbow-butterfly-stained-glass-garden-doormat,personalized-rainbow-butterfly-stained-glass-garden-doormat,rainbow butterfly stained glass doormat,PRIMARY,AGENT_PROPOSED,SERP_SPOT_CHECK,SERP_ONLY,TRANSACTIONAL,PRODUCT,BR-B008-72,NEEDS_REVIEW
chillgen_20260911_01,B008,chillgen.com::personalized-rainbow-butterfly-stained-glass-garden-doormat,personalized-rainbow-butterfly-stained-glass-garden-doormat,butterfly garden doormat,SECONDARY,AGENT_PROPOSED,SERP_SPOT_CHECK,SERP_ONLY,TRANSACTIONAL,PRODUCT,BR-B008-72,NEEDS_REVIEW
chillgen_20260911_01,B008,chillgen.com::personalized-rainbow-butterfly-stained-glass-garden-doormat,personalized-rainbow-butterfly-stained-glass-garden-doormat,stained glass butterfly mat,SECONDARY,AGENT_PROPOSED,SERP_SPOT_CHECK,SERP_ONLY,TRANSACTIONAL,PRODUCT,BR-B008-72,NEEDS_REVIEW
chillgen_20260911_01,B008,chillgen.com::personalized-rainbow-butterfly-stained-glass-garden-doormat,personalized-rainbow-butterfly-stained-glass-garden-doormat,rainbow nature welcome mat,SECONDARY,AGENT_PROPOSED,SERP_SPOT_CHECK,SERP_ONLY,TRANSACTIONAL,PRODUCT,BR-B008-72,NEEDS_REVIEW
chillgen_20260911_01,B008,chillgen.com::personalized-rainbow-everyone-is-welcome-here-hands-doormat,personalized-rainbow-everyone-is-welcome-here-hands-doormat,everyone is welcome here doormat,PRIMARY,AGENT_PROPOSED,SERP_SPOT_CHECK,SERP_ONLY,TRANSACTIONAL,PRODUCT,BR-B008-73,NEEDS_REVIEW
chillgen_20260911_01,B008,chillgen.com::personalized-rainbow-everyone-is-welcome-here-hands-doormat,personalized-rainbow-everyone-is-welcome-here-hands-doormat,rainbow hands welcome mat,SECONDARY,AGENT_PROPOSED,SERP_SPOT_CHECK,SERP_ONLY,TRANSACTIONAL,PRODUCT,BR-B008-73,NEEDS_REVIEW
chillgen_20260911_01,B008,chillgen.com::personalized-rainbow-everyone-is-welcome-here-hands-doormat,personalized-rainbow-everyone-is-welcome-here-hands-doormat,inclusive pride doormat,SECONDARY,AGENT_PROPOSED,SERP_SPOT_CHECK,SERP_ONLY,TRANSACTIONAL,PRODUCT,BR-B008-73,NEEDS_REVIEW
chillgen_20260911_01,B008,chillgen.com::personalized-rainbow-everyone-is-welcome-here-hands-doormat,personalized-rainbow-everyone-is-welcome-here-hands-doormat,colorful front porch mat,SECONDARY,AGENT_PROPOSED,SERP_SPOT_CHECK,SERP_ONLY,TRANSACTIONAL,PRODUCT,BR-B008-73,NEEDS_REVIEW
chillgen_20260911_01,B008,chillgen.com::personalized-rainbow-paw-print-love-is-doormat-pride-month-decor,personalized-rainbow-paw-print-love-is-doormat-pride-month-decor,rainbow paw print love is love doormat,PRIMARY,AGENT_PROPOSED,SERP_SPOT_CHECK,SERP_ONLY,TRANSACTIONAL,PRODUCT,BR-B008-74,NEEDS_REVIEW
chillgen_20260911_01,B008,chillgen.com::personalized-rainbow-paw-print-love-is-doormat-pride-month-decor,personalized-rainbow-paw-print-love-is-doormat-pride-month-decor,pride pet doormat,SECONDARY,AGENT_PROPOSED,SERP_SPOT_CHECK,SERP_ONLY,TRANSACTIONAL,PRODUCT,BR-B008-74,NEEDS_REVIEW
chillgen_20260911_01,B008,chillgen.com::personalized-rainbow-paw-print-love-is-doormat-pride-month-decor,personalized-rainbow-paw-print-love-is-doormat-pride-month-decor,love is love welcome mat,SECONDARY,AGENT_PROPOSED,SERP_SPOT_CHECK,SERP_ONLY,TRANSACTIONAL,PRODUCT,BR-B008-74,NEEDS_REVIEW
chillgen_20260911_01,B008,chillgen.com::personalized-rainbow-paw-print-love-is-doormat-pride-month-decor,personalized-rainbow-paw-print-love-is-doormat-pride-month-decor,rainbow dog cat paw mat,SECONDARY,AGENT_PROPOSED,SERP_SPOT_CHECK,SERP_ONLY,TRANSACTIONAL,PRODUCT,BR-B008-74,NEEDS_REVIEW
chillgen_20260911_01,B008,chillgen.com::personalized-pride-rainbow-all-are-welcome-doormat-front-porch-decor,personalized-pride-rainbow-all-are-welcome-doormat-front-porch-decor,all are welcome rainbow doormat,PRIMARY,AGENT_PROPOSED,SERP_SPOT_CHECK,SERP_ONLY,TRANSACTIONAL,PRODUCT,BR-B008-75,NEEDS_REVIEW
chillgen_20260911_01,B008,chillgen.com::personalized-pride-rainbow-all-are-welcome-doormat-front-porch-decor,personalized-pride-rainbow-all-are-welcome-doormat-front-porch-decor,pride welcome mat,SECONDARY,AGENT_PROPOSED,SERP_SPOT_CHECK,SERP_ONLY,TRANSACTIONAL,PRODUCT,BR-B008-75,NEEDS_REVIEW
chillgen_20260911_01,B008,chillgen.com::personalized-pride-rainbow-all-are-welcome-doormat-front-porch-decor,personalized-pride-rainbow-all-are-welcome-doormat-front-porch-decor,inclusive rainbow porch mat,SECONDARY,AGENT_PROPOSED,SERP_SPOT_CHECK,SERP_ONLY,TRANSACTIONAL,PRODUCT,BR-B008-75,NEEDS_REVIEW
chillgen_20260911_01,B008,chillgen.com::personalized-pride-rainbow-all-are-welcome-doormat-front-porch-decor,personalized-pride-rainbow-all-are-welcome-doormat-front-porch-decor,colorful front door doormat,SECONDARY,AGENT_PROPOSED,SERP_SPOT_CHECK,SERP_ONLY,TRANSACTIONAL,PRODUCT,BR-B008-75,NEEDS_REVIEW
chillgen_20260911_01,B008,chillgen.com::personalized-rainbow-flag-cat-doormat-pride-month-decor,personalized-rainbow-flag-cat-doormat-pride-month-decor,rainbow flag cat doormat,PRIMARY,AGENT_PROPOSED,SERP_SPOT_CHECK,SERP_ONLY,TRANSACTIONAL,PRODUCT,BR-B008-76,NEEDS_REVIEW
chillgen_20260911_01,B008,chillgen.com::personalized-rainbow-flag-cat-doormat-pride-month-decor,personalized-rainbow-flag-cat-doormat-pride-month-decor,pride cat welcome mat,SECONDARY,AGENT_PROPOSED,SERP_SPOT_CHECK,SERP_ONLY,TRANSACTIONAL,PRODUCT,BR-B008-76,NEEDS_REVIEW
chillgen_20260911_01,B008,chillgen.com::personalized-rainbow-flag-cat-doormat-pride-month-decor,personalized-rainbow-flag-cat-doormat-pride-month-decor,black cat rainbow doormat,SECONDARY,AGENT_PROPOSED,SERP_SPOT_CHECK,SERP_ONLY,TRANSACTIONAL,PRODUCT,BR-B008-76,NEEDS_REVIEW
chillgen_20260911_01,B008,chillgen.com::personalized-rainbow-flag-cat-doormat-pride-month-decor,personalized-rainbow-flag-cat-doormat-pride-month-decor,LGBTQ porch decor,SECONDARY,AGENT_PROPOSED,SERP_SPOT_CHECK,SERP_ONLY,TRANSACTIONAL,PRODUCT,BR-B008-76,NEEDS_REVIEW
chillgen_20260911_01,B008,chillgen.com::personalized-flower-fantasy-nature-whimsical-doormat,personalized-flower-fantasy-nature-whimsical-doormat,whimsical mushroom rainbow doormat,PRIMARY,AGENT_PROPOSED,SERP_SPOT_CHECK,SERP_ONLY,TRANSACTIONAL,PRODUCT,BR-B008-77,NEEDS_REVIEW
chillgen_20260911_01,B008,chillgen.com::personalized-flower-fantasy-nature-whimsical-doormat,personalized-flower-fantasy-nature-whimsical-doormat,fantasy garden doormat,SECONDARY,AGENT_PROPOSED,SERP_SPOT_CHECK,SERP_ONLY,TRANSACTIONAL,PRODUCT,BR-B008-77,NEEDS_REVIEW
chillgen_20260911_01,B008,chillgen.com::personalized-flower-fantasy-nature-whimsical-doormat,personalized-flower-fantasy-nature-whimsical-doormat,mushroom welcome mat,SECONDARY,AGENT_PROPOSED,SERP_SPOT_CHECK,SERP_ONLY,TRANSACTIONAL,PRODUCT,BR-B008-77,NEEDS_REVIEW
chillgen_20260911_01,B008,chillgen.com::personalized-flower-fantasy-nature-whimsical-doormat,personalized-flower-fantasy-nature-whimsical-doormat,rainbow nature porch mat,SECONDARY,AGENT_PROPOSED,SERP_SPOT_CHECK,SERP_ONLY,TRANSACTIONAL,PRODUCT,BR-B008-77,NEEDS_REVIEW
chillgen_20260911_01,B008,chillgen.com::personalized-rainbow-skeleton-pride-doormat-porch-decor,personalized-rainbow-skeleton-pride-doormat-porch-decor,skeleton pride doormat,PRIMARY,AGENT_PROPOSED,SERP_SPOT_CHECK,SERP_ONLY,TRANSACTIONAL,PRODUCT,BR-B008-78,NEEDS_REVIEW
chillgen_20260911_01,B008,chillgen.com::personalized-rainbow-skeleton-pride-doormat-porch-decor,personalized-rainbow-skeleton-pride-doormat-porch-decor,rainbow skeleton welcome mat,SECONDARY,AGENT_PROPOSED,SERP_SPOT_CHECK,SERP_ONLY,TRANSACTIONAL,PRODUCT,BR-B008-78,NEEDS_REVIEW
chillgen_20260911_01,B008,chillgen.com::personalized-rainbow-skeleton-pride-doormat-porch-decor,personalized-rainbow-skeleton-pride-doormat-porch-decor,be yourself doormat,SECONDARY,AGENT_PROPOSED,SERP_SPOT_CHECK,SERP_ONLY,TRANSACTIONAL,PRODUCT,BR-B008-78,NEEDS_REVIEW
chillgen_20260911_01,B008,chillgen.com::personalized-rainbow-skeleton-pride-doormat-porch-decor,personalized-rainbow-skeleton-pride-doormat-porch-decor,inclusive porch decor,SECONDARY,AGENT_PROPOSED,SERP_SPOT_CHECK,SERP_ONLY,TRANSACTIONAL,PRODUCT,BR-B008-78,NEEDS_REVIEW
chillgen_20260911_01,B008,chillgen.com::personalized-rainbow-tree-love-wins-doormat-indoor-outdoor-usage,personalized-rainbow-tree-love-wins-doormat-indoor-outdoor-usage,rainbow tree love wins doormat,PRIMARY,AGENT_PROPOSED,SERP_SPOT_CHECK,SERP_ONLY,TRANSACTIONAL,PRODUCT,BR-B008-79,NEEDS_REVIEW
chillgen_20260911_01,B008,chillgen.com::personalized-rainbow-tree-love-wins-doormat-indoor-outdoor-usage,personalized-rainbow-tree-love-wins-doormat-indoor-outdoor-usage,love wins welcome mat,SECONDARY,AGENT_PROPOSED,SERP_SPOT_CHECK,SERP_ONLY,TRANSACTIONAL,PRODUCT,BR-B008-79,NEEDS_REVIEW
chillgen_20260911_01,B008,chillgen.com::personalized-rainbow-tree-love-wins-doormat-indoor-outdoor-usage,personalized-rainbow-tree-love-wins-doormat-indoor-outdoor-usage,rainbow pride porch mat,SECONDARY,AGENT_PROPOSED,SERP_SPOT_CHECK,SERP_ONLY,TRANSACTIONAL,PRODUCT,BR-B008-79,NEEDS_REVIEW
chillgen_20260911_01,B008,chillgen.com::personalized-rainbow-tree-love-wins-doormat-indoor-outdoor-usage,personalized-rainbow-tree-love-wins-doormat-indoor-outdoor-usage,inclusive tree doormat,SECONDARY,AGENT_PROPOSED,SERP_SPOT_CHECK,SERP_ONLY,TRANSACTIONAL,PRODUCT,BR-B008-79,NEEDS_REVIEW
chillgen_20260911_01,B008,chillgen.com::personalized-rainbow-skeleton-heart-hands-inclusive-doormat,personalized-rainbow-skeleton-heart-hands-inclusive-doormat,love isn't a phase doormat,PRIMARY,AGENT_PROPOSED,SERP_SPOT_CHECK,SERP_ONLY,TRANSACTIONAL,PRODUCT,BR-B008-80,NEEDS_REVIEW
chillgen_20260911_01,B008,chillgen.com::personalized-rainbow-skeleton-heart-hands-inclusive-doormat,personalized-rainbow-skeleton-heart-hands-inclusive-doormat,skeleton pride welcome mat,SECONDARY,AGENT_PROPOSED,SERP_SPOT_CHECK,SERP_ONLY,TRANSACTIONAL,PRODUCT,BR-B008-80,NEEDS_REVIEW
chillgen_20260911_01,B008,chillgen.com::personalized-rainbow-skeleton-heart-hands-inclusive-doormat,personalized-rainbow-skeleton-heart-hands-inclusive-doormat,everyone welcome doormat,SECONDARY,AGENT_PROPOSED,SERP_SPOT_CHECK,SERP_ONLY,TRANSACTIONAL,PRODUCT,BR-B008-80,NEEDS_REVIEW
chillgen_20260911_01,B008,chillgen.com::personalized-rainbow-skeleton-heart-hands-inclusive-doormat,personalized-rainbow-skeleton-heart-hands-inclusive-doormat,inclusive rainbow porch mat,SECONDARY,AGENT_PROPOSED,SERP_SPOT_CHECK,SERP_ONLY,TRANSACTIONAL,PRODUCT,BR-B008-80,NEEDS_REVIEW
chillgen_20260911_01,B009,chillgen.com::personalized-pride-rainbow-doormat-front-porch-decor,personalized-pride-rainbow-doormat-front-porch-decor,pride rainbow cactus doormat,PRIMARY,AGENT_PROPOSED,SERP_SPOT_CHECK,SERP_ONLY,TRANSACTIONAL,PRODUCT,BR-B009-81,NEEDS_REVIEW
chillgen_20260911_01,B009,chillgen.com::personalized-pride-rainbow-doormat-front-porch-decor,personalized-pride-rainbow-doormat-front-porch-decor,rainbow pride welcome mat,SECONDARY,AGENT_PROPOSED,SERP_SPOT_CHECK,SERP_ONLY,TRANSACTIONAL,PRODUCT,BR-B009-81,NEEDS_REVIEW
chillgen_20260911_01,B009,chillgen.com::personalized-pride-rainbow-doormat-front-porch-decor,personalized-pride-rainbow-doormat-front-porch-decor,desert cactus doormat,SECONDARY,AGENT_PROPOSED,SERP_SPOT_CHECK,SERP_ONLY,TRANSACTIONAL,PRODUCT,BR-B009-81,NEEDS_REVIEW
chillgen_20260911_01,B009,chillgen.com::personalized-pride-rainbow-doormat-front-porch-decor,personalized-pride-rainbow-doormat-front-porch-decor,inclusive porch decor,SECONDARY,AGENT_PROPOSED,SERP_SPOT_CHECK,SERP_ONLY,TRANSACTIONAL,PRODUCT,BR-B009-81,NEEDS_REVIEW
chillgen_20260911_01,B009,chillgen.com::personalized-pride-rainbow-flag-doormat-indoor-outdoor-usage,personalized-pride-rainbow-flag-doormat-indoor-outdoor-usage,progress pride flag doormat,PRIMARY,AGENT_PROPOSED,SERP_SPOT_CHECK,SERP_ONLY,TRANSACTIONAL,PRODUCT,BR-B009-82,NEEDS_REVIEW
chillgen_20260911_01,B009,chillgen.com::personalized-pride-rainbow-flag-doormat-indoor-outdoor-usage,personalized-pride-rainbow-flag-doormat-indoor-outdoor-usage,everyone is welcome here mat,SECONDARY,AGENT_PROPOSED,SERP_SPOT_CHECK,SERP_ONLY,TRANSACTIONAL,PRODUCT,BR-B009-82,NEEDS_REVIEW
chillgen_20260911_01,B009,chillgen.com::personalized-pride-rainbow-flag-doormat-indoor-outdoor-usage,personalized-pride-rainbow-flag-doormat-indoor-outdoor-usage,rainbow pride welcome mat,SECONDARY,AGENT_PROPOSED,SERP_SPOT_CHECK,SERP_ONLY,TRANSACTIONAL,PRODUCT,BR-B009-82,NEEDS_REVIEW
chillgen_20260911_01,B009,chillgen.com::personalized-pride-rainbow-flag-doormat-indoor-outdoor-usage,personalized-pride-rainbow-flag-doormat-indoor-outdoor-usage,inclusive doormat,SECONDARY,AGENT_PROPOSED,SERP_SPOT_CHECK,SERP_ONLY,TRANSACTIONAL,PRODUCT,BR-B009-82,NEEDS_REVIEW
chillgen_20260911_01,B009,chillgen.com::personalized-rainbow-watercolor-love-wins-doormat-front-porch-decor,personalized-rainbow-watercolor-love-wins-doormat-front-porch-decor,rainbow love wins doormat,PRIMARY,AGENT_PROPOSED,SERP_SPOT_CHECK,SERP_ONLY,TRANSACTIONAL,PRODUCT,BR-B009-83,NEEDS_REVIEW
chillgen_20260911_01,B009,chillgen.com::personalized-rainbow-watercolor-love-wins-doormat-front-porch-decor,personalized-rainbow-watercolor-love-wins-doormat-front-porch-decor,watercolor pride welcome mat,SECONDARY,AGENT_PROPOSED,SERP_SPOT_CHECK,SERP_ONLY,TRANSACTIONAL,PRODUCT,BR-B009-83,NEEDS_REVIEW
chillgen_20260911_01,B009,chillgen.com::personalized-rainbow-watercolor-love-wins-doormat-front-porch-decor,personalized-rainbow-watercolor-love-wins-doormat-front-porch-decor,love wins porch mat,SECONDARY,AGENT_PROPOSED,SERP_SPOT_CHECK,SERP_ONLY,TRANSACTIONAL,PRODUCT,BR-B009-83,NEEDS_REVIEW
chillgen_20260911_01,B009,chillgen.com::personalized-rainbow-watercolor-love-wins-doormat-front-porch-decor,personalized-rainbow-watercolor-love-wins-doormat-front-porch-decor,LGBTQ doormat,SECONDARY,AGENT_PROPOSED,SERP_SPOT_CHECK,SERP_ONLY,TRANSACTIONAL,PRODUCT,BR-B009-83,NEEDS_REVIEW
chillgen_20260911_01,B009,chillgen.com::personalized-rainbow-welcome-homos-doormat-indoor-outdoor,personalized-rainbow-welcome-homos-doormat-indoor-outdoor,rainbow welcome pride doormat,PRIMARY,AGENT_PROPOSED,SERP_SPOT_CHECK,SERP_ONLY,TRANSACTIONAL,PRODUCT,BR-B009-84,NEEDS_REVIEW
chillgen_20260911_01,B009,chillgen.com::personalized-rainbow-welcome-homos-doormat-indoor-outdoor,personalized-rainbow-welcome-homos-doormat-indoor-outdoor,Welcome Homos doormat,SECONDARY,AGENT_PROPOSED,SERP_SPOT_CHECK,SERP_ONLY,TRANSACTIONAL,PRODUCT,BR-B009-84,NEEDS_REVIEW
chillgen_20260911_01,B009,chillgen.com::personalized-rainbow-welcome-homos-doormat-indoor-outdoor,personalized-rainbow-welcome-homos-doormat-indoor-outdoor,funny LGBTQ welcome mat,SECONDARY,AGENT_PROPOSED,SERP_SPOT_CHECK,SERP_ONLY,TRANSACTIONAL,PRODUCT,BR-B009-84,NEEDS_REVIEW
chillgen_20260911_01,B009,chillgen.com::personalized-rainbow-welcome-homos-doormat-indoor-outdoor,personalized-rainbow-welcome-homos-doormat-indoor-outdoor,pride porch decor,SECONDARY,AGENT_PROPOSED,SERP_SPOT_CHECK,SERP_ONLY,TRANSACTIONAL,PRODUCT,BR-B009-84,NEEDS_REVIEW
chillgen_20260911_01,B009,chillgen.com::personalized-rainbow-astronaut-cat-cosmic-doormat-front-porch-decor,personalized-rainbow-astronaut-cat-cosmic-doormat-front-porch-decor,rainbow astronaut cat doormat,PRIMARY,AGENT_PROPOSED,SERP_SPOT_CHECK,SERP_ONLY,TRANSACTIONAL,PRODUCT,BR-B009-85,NEEDS_REVIEW
chillgen_20260911_01,B009,chillgen.com::personalized-rainbow-astronaut-cat-cosmic-doormat-front-porch-decor,personalized-rainbow-astronaut-cat-cosmic-doormat-front-porch-decor,cosmic cat welcome mat,SECONDARY,AGENT_PROPOSED,SERP_SPOT_CHECK,SERP_ONLY,TRANSACTIONAL,PRODUCT,BR-B009-85,NEEDS_REVIEW
chillgen_20260911_01,B009,chillgen.com::personalized-rainbow-astronaut-cat-cosmic-doormat-front-porch-decor,personalized-rainbow-astronaut-cat-cosmic-doormat-front-porch-decor,pride cat doormat,SECONDARY,AGENT_PROPOSED,SERP_SPOT_CHECK,SERP_ONLY,TRANSACTIONAL,PRODUCT,BR-B009-85,NEEDS_REVIEW
chillgen_20260911_01,B009,chillgen.com::personalized-rainbow-astronaut-cat-cosmic-doormat-front-porch-decor,personalized-rainbow-astronaut-cat-cosmic-doormat-front-porch-decor,space cat porch decor,SECONDARY,AGENT_PROPOSED,SERP_SPOT_CHECK,SERP_ONLY,TRANSACTIONAL,PRODUCT,BR-B009-85,NEEDS_REVIEW
chillgen_20260911_01,B009,chillgen.com::personalized-flowers-hate-has-no-home-here-doormat-front-porch-decor,personalized-flowers-hate-has-no-home-here-doormat-front-porch-decor,hate has no home here doormat,PRIMARY,AGENT_PROPOSED,SERP_SPOT_CHECK,SERP_ONLY,TRANSACTIONAL,PRODUCT,BR-B009-86,NEEDS_REVIEW
chillgen_20260911_01,B009,chillgen.com::personalized-flowers-hate-has-no-home-here-doormat-front-porch-decor,personalized-flowers-hate-has-no-home-here-doormat-front-porch-decor,rainbow flower welcome mat,SECONDARY,AGENT_PROPOSED,SERP_SPOT_CHECK,SERP_ONLY,TRANSACTIONAL,PRODUCT,BR-B009-86,NEEDS_REVIEW
chillgen_20260911_01,B009,chillgen.com::personalized-flowers-hate-has-no-home-here-doormat-front-porch-decor,personalized-flowers-hate-has-no-home-here-doormat-front-porch-decor,inclusive porch decor,SECONDARY,AGENT_PROPOSED,SERP_SPOT_CHECK,SERP_ONLY,TRANSACTIONAL,PRODUCT,BR-B009-86,NEEDS_REVIEW
chillgen_20260911_01,B009,chillgen.com::personalized-flowers-hate-has-no-home-here-doormat-front-porch-decor,personalized-flowers-hate-has-no-home-here-doormat-front-porch-decor,pride front door mat,SECONDARY,AGENT_PROPOSED,SERP_SPOT_CHECK,SERP_ONLY,TRANSACTIONAL,PRODUCT,BR-B009-86,NEEDS_REVIEW
chillgen_20260911_01,B009,chillgen.com::personalized-cozy-cat-rainbow-books-doormat-indoor-outdoor-usage,personalized-cozy-cat-rainbow-books-doormat-indoor-outdoor-usage,you belong here cat doormat,PRIMARY,AGENT_PROPOSED,SERP_SPOT_CHECK,SERP_ONLY,TRANSACTIONAL,PRODUCT,BR-B009-87,NEEDS_REVIEW
chillgen_20260911_01,B009,chillgen.com::personalized-cozy-cat-rainbow-books-doormat-indoor-outdoor-usage,personalized-cozy-cat-rainbow-books-doormat-indoor-outdoor-usage,rainbow cat welcome mat,SECONDARY,AGENT_PROPOSED,SERP_SPOT_CHECK,SERP_ONLY,TRANSACTIONAL,PRODUCT,BR-B009-87,NEEDS_REVIEW
chillgen_20260911_01,B009,chillgen.com::personalized-cozy-cat-rainbow-books-doormat-indoor-outdoor-usage,personalized-cozy-cat-rainbow-books-doormat-indoor-outdoor-usage,cozy books doormat,SECONDARY,AGENT_PROPOSED,SERP_SPOT_CHECK,SERP_ONLY,TRANSACTIONAL,PRODUCT,BR-B009-87,NEEDS_REVIEW
chillgen_20260911_01,B009,chillgen.com::personalized-cozy-cat-rainbow-books-doormat-indoor-outdoor-usage,personalized-cozy-cat-rainbow-books-doormat-indoor-outdoor-usage,inclusive cat porch decor,SECONDARY,AGENT_PROPOSED,SERP_SPOT_CHECK,SERP_ONLY,TRANSACTIONAL,PRODUCT,BR-B009-87,NEEDS_REVIEW
chillgen_20260911_01,B009,chillgen.com::personalized-as-for-me-and-my-house-doormat-water-resistant,personalized-as-for-me-and-my-house-doormat-water-resistant,personalized as for me and my house doormat,PRIMARY,AGENT_PROPOSED,SERP_SPOT_CHECK,SERP_ONLY,TRANSACTIONAL,PRODUCT,BR-B009-88,NEEDS_REVIEW
chillgen_20260911_01,B009,chillgen.com::personalized-as-for-me-and-my-house-doormat-water-resistant,personalized-as-for-me-and-my-house-doormat-water-resistant,Joshua 24:15 doormat,SECONDARY,AGENT_PROPOSED,SERP_SPOT_CHECK,SERP_ONLY,TRANSACTIONAL,PRODUCT,BR-B009-88,NEEDS_REVIEW
chillgen_20260911_01,B009,chillgen.com::personalized-as-for-me-and-my-house-doormat-water-resistant,personalized-as-for-me-and-my-house-doormat-water-resistant,Christian family name mat,SECONDARY,AGENT_PROPOSED,SERP_SPOT_CHECK,SERP_ONLY,TRANSACTIONAL,PRODUCT,BR-B009-88,NEEDS_REVIEW
chillgen_20260911_01,B009,chillgen.com::personalized-as-for-me-and-my-house-doormat-water-resistant,personalized-as-for-me-and-my-house-doormat-water-resistant,Bible verse welcome mat,SECONDARY,AGENT_PROPOSED,SERP_SPOT_CHECK,SERP_ONLY,TRANSACTIONAL,PRODUCT,BR-B009-88,NEEDS_REVIEW
chillgen_20260911_01,B009,chillgen.com::personalized-bible-verse-quote-with-ornate-frame-doormat,personalized-bible-verse-quote-with-ornate-frame-doormat,ornate Bible verse doormat,PRIMARY,AGENT_PROPOSED,SERP_SPOT_CHECK,SERP_ONLY,TRANSACTIONAL,PRODUCT,BR-B009-89,NEEDS_REVIEW
chillgen_20260911_01,B009,chillgen.com::personalized-bible-verse-quote-with-ornate-frame-doormat,personalized-bible-verse-quote-with-ornate-frame-doormat,Christian family name mat,SECONDARY,AGENT_PROPOSED,SERP_SPOT_CHECK,SERP_ONLY,TRANSACTIONAL,PRODUCT,BR-B009-89,NEEDS_REVIEW
chillgen_20260911_01,B009,chillgen.com::personalized-bible-verse-quote-with-ornate-frame-doormat,personalized-bible-verse-quote-with-ornate-frame-doormat,scripture welcome doormat,SECONDARY,AGENT_PROPOSED,SERP_SPOT_CHECK,SERP_ONLY,TRANSACTIONAL,PRODUCT,BR-B009-89,NEEDS_REVIEW
chillgen_20260911_01,B009,chillgen.com::personalized-bible-verse-quote-with-ornate-frame-doormat,personalized-bible-verse-quote-with-ornate-frame-doormat,personalized religious doormat,SECONDARY,AGENT_PROPOSED,SERP_SPOT_CHECK,SERP_ONLY,TRANSACTIONAL,PRODUCT,BR-B009-89,NEEDS_REVIEW
chillgen_20260911_01,B009,chillgen.com::personalized-bible-verse-family-name-doormat-water-resistant-bible,personalized-bible-verse-family-name-doormat-water-resistant-bible,Joshua 24:15 family name doormat,PRIMARY,AGENT_PROPOSED,SERP_SPOT_CHECK,SERP_ONLY,TRANSACTIONAL,PRODUCT,BR-B009-90,NEEDS_REVIEW
chillgen_20260911_01,B009,chillgen.com::personalized-bible-verse-family-name-doormat-water-resistant-bible,personalized-bible-verse-family-name-doormat-water-resistant-bible,as for me and my house mat,SECONDARY,AGENT_PROPOSED,SERP_SPOT_CHECK,SERP_ONLY,TRANSACTIONAL,PRODUCT,BR-B009-90,NEEDS_REVIEW
chillgen_20260911_01,B009,chillgen.com::personalized-bible-verse-family-name-doormat-water-resistant-bible,personalized-bible-verse-family-name-doormat-water-resistant-bible,personalized Bible verse doormat,SECONDARY,AGENT_PROPOSED,SERP_SPOT_CHECK,SERP_ONLY,TRANSACTIONAL,PRODUCT,BR-B009-90,NEEDS_REVIEW
chillgen_20260911_01,B009,chillgen.com::personalized-bible-verse-family-name-doormat-water-resistant-bible,personalized-bible-verse-family-name-doormat-water-resistant-bible,Christian welcome mat,SECONDARY,AGENT_PROPOSED,SERP_SPOT_CHECK,SERP_ONLY,TRANSACTIONAL,PRODUCT,BR-B009-90,NEEDS_REVIEW
chillgen_20260911_01,B010,chillgen.com::personalized-rustic-deer-antler-monogram-doormat,personalized-rustic-deer-antler-monogram-doormat,deer antler monogram doormat,PRIMARY,AGENT_PROPOSED,SERP_SPOT_CHECK,SERP_ONLY,TRANSACTIONAL,PRODUCT,BR-B010-91,NEEDS_REVIEW
chillgen_20260911_01,B010,chillgen.com::personalized-rustic-deer-antler-monogram-doormat,personalized-rustic-deer-antler-monogram-doormat,rustic family name doormat,SECONDARY,AGENT_PROPOSED,SERP_SPOT_CHECK,SERP_ONLY,TRANSACTIONAL,PRODUCT,BR-B010-91,NEEDS_REVIEW
chillgen_20260911_01,B010,chillgen.com::personalized-rustic-deer-antler-monogram-doormat,personalized-rustic-deer-antler-monogram-doormat,God bless this house mat,SECONDARY,AGENT_PROPOSED,SERP_SPOT_CHECK,SERP_ONLY,TRANSACTIONAL,PRODUCT,BR-B010-91,NEEDS_REVIEW
chillgen_20260911_01,B010,chillgen.com::personalized-rustic-deer-antler-monogram-doormat,personalized-rustic-deer-antler-monogram-doormat,personalized lodge doormat,SECONDARY,AGENT_PROPOSED,SERP_SPOT_CHECK,SERP_ONLY,TRANSACTIONAL,PRODUCT,BR-B010-91,NEEDS_REVIEW
chillgen_20260911_01,B010,chillgen.com::personalized-monogrammed-scripture-and-family-name-doormat,personalized-monogrammed-scripture-and-family-name-doormat,monogrammed Joshua 24:15 doormat,PRIMARY,AGENT_PROPOSED,SERP_SPOT_CHECK,SERP_ONLY,TRANSACTIONAL,PRODUCT,BR-B010-92,NEEDS_REVIEW
chillgen_20260911_01,B010,chillgen.com::personalized-monogrammed-scripture-and-family-name-doormat,personalized-monogrammed-scripture-and-family-name-doormat,family name scripture mat,SECONDARY,AGENT_PROPOSED,SERP_SPOT_CHECK,SERP_ONLY,TRANSACTIONAL,PRODUCT,BR-B010-92,NEEDS_REVIEW
chillgen_20260911_01,B010,chillgen.com::personalized-monogrammed-scripture-and-family-name-doormat,personalized-monogrammed-scripture-and-family-name-doormat,as for me and my house doormat,SECONDARY,AGENT_PROPOSED,SERP_SPOT_CHECK,SERP_ONLY,TRANSACTIONAL,PRODUCT,BR-B010-92,NEEDS_REVIEW
chillgen_20260911_01,B010,chillgen.com::personalized-monogrammed-scripture-and-family-name-doormat,personalized-monogrammed-scripture-and-family-name-doormat,Christian welcome mat,SECONDARY,AGENT_PROPOSED,SERP_SPOT_CHECK,SERP_ONLY,TRANSACTIONAL,PRODUCT,BR-B010-92,NEEDS_REVIEW
chillgen_20260911_01,B010,chillgen.com::personalized-scriptural-initial-with-ornate-frame-doormat,personalized-scriptural-initial-with-ornate-frame-doormat,ornate Joshua 24:15 family doormat,PRIMARY,AGENT_PROPOSED,SERP_SPOT_CHECK,SERP_ONLY,TRANSACTIONAL,PRODUCT,BR-B010-93,NEEDS_REVIEW
chillgen_20260911_01,B010,chillgen.com::personalized-scriptural-initial-with-ornate-frame-doormat,personalized-scriptural-initial-with-ornate-frame-doormat,scriptural initial doormat,SECONDARY,AGENT_PROPOSED,SERP_SPOT_CHECK,SERP_ONLY,TRANSACTIONAL,PRODUCT,BR-B010-93,NEEDS_REVIEW
chillgen_20260911_01,B010,chillgen.com::personalized-scriptural-initial-with-ornate-frame-doormat,personalized-scriptural-initial-with-ornate-frame-doormat,Christian family name mat,SECONDARY,AGENT_PROPOSED,SERP_SPOT_CHECK,SERP_ONLY,TRANSACTIONAL,PRODUCT,BR-B010-93,NEEDS_REVIEW
chillgen_20260911_01,B010,chillgen.com::personalized-scriptural-initial-with-ornate-frame-doormat,personalized-scriptural-initial-with-ornate-frame-doormat,as for me and my house rug,SECONDARY,AGENT_PROPOSED,SERP_SPOT_CHECK,SERP_ONLY,TRANSACTIONAL,PRODUCT,BR-B010-93,NEEDS_REVIEW
chillgen_20260911_01,B010,chillgen.com::personalized-gold-scriptural-monogram-doormat,personalized-gold-scriptural-monogram-doormat,gold scriptural monogram doormat,PRIMARY,AGENT_PROPOSED,SERP_SPOT_CHECK,SERP_ONLY,TRANSACTIONAL,PRODUCT,BR-B010-94,NEEDS_REVIEW
chillgen_20260911_01,B010,chillgen.com::personalized-gold-scriptural-monogram-doormat,personalized-gold-scriptural-monogram-doormat,Joshua 24:15 family mat,SECONDARY,AGENT_PROPOSED,SERP_SPOT_CHECK,SERP_ONLY,TRANSACTIONAL,PRODUCT,BR-B010-94,NEEDS_REVIEW
chillgen_20260911_01,B010,chillgen.com::personalized-gold-scriptural-monogram-doormat,personalized-gold-scriptural-monogram-doormat,Christian monogram doormat,SECONDARY,AGENT_PROPOSED,SERP_SPOT_CHECK,SERP_ONLY,TRANSACTIONAL,PRODUCT,BR-B010-94,NEEDS_REVIEW
chillgen_20260911_01,B010,chillgen.com::personalized-gold-scriptural-monogram-doormat,personalized-gold-scriptural-monogram-doormat,personalized scripture rug,SECONDARY,AGENT_PROPOSED,SERP_SPOT_CHECK,SERP_ONLY,TRANSACTIONAL,PRODUCT,BR-B010-94,NEEDS_REVIEW
chillgen_20260911_01,B010,chillgen.com::personalized-bible-verse-crossword-family-names-doormat,personalized-bible-verse-crossword-family-names-doormat,Bible verse crossword family doormat,PRIMARY,AGENT_PROPOSED,SERP_SPOT_CHECK,SERP_ONLY,TRANSACTIONAL,PRODUCT,BR-B010-95,NEEDS_REVIEW
chillgen_20260911_01,B010,chillgen.com::personalized-bible-verse-crossword-family-names-doormat,personalized-bible-verse-crossword-family-names-doormat,custom family names scripture mat,SECONDARY,AGENT_PROPOSED,SERP_SPOT_CHECK,SERP_ONLY,TRANSACTIONAL,PRODUCT,BR-B010-95,NEEDS_REVIEW
chillgen_20260911_01,B010,chillgen.com::personalized-bible-verse-crossword-family-names-doormat,personalized-bible-verse-crossword-family-names-doormat,Joshua 24:15 doormat,SECONDARY,AGENT_PROPOSED,SERP_SPOT_CHECK,SERP_ONLY,TRANSACTIONAL,PRODUCT,BR-B010-95,NEEDS_REVIEW
chillgen_20260911_01,B010,chillgen.com::personalized-bible-verse-crossword-family-names-doormat,personalized-bible-verse-crossword-family-names-doormat,Christian personalized mat,SECONDARY,AGENT_PROPOSED,SERP_SPOT_CHECK,SERP_ONLY,TRANSACTIONAL,PRODUCT,BR-B010-95,NEEDS_REVIEW
chillgen_20260911_01,B010,chillgen.com::personalized-religious-typography-scrollwork-doormat-machine-washable,personalized-religious-typography-scrollwork-doormat-machine-washable,We Are Covered Psalm 91 doormat,PRIMARY,AGENT_PROPOSED,SERP_SPOT_CHECK,SERP_ONLY,TRANSACTIONAL,PRODUCT,BR-B010-96,NEEDS_REVIEW
chillgen_20260911_01,B010,chillgen.com::personalized-religious-typography-scrollwork-doormat-machine-washable,personalized-religious-typography-scrollwork-doormat-machine-washable,Psalm 91 welcome mat,SECONDARY,AGENT_PROPOSED,SERP_SPOT_CHECK,SERP_ONLY,TRANSACTIONAL,PRODUCT,BR-B010-96,NEEDS_REVIEW
chillgen_20260911_01,B010,chillgen.com::personalized-religious-typography-scrollwork-doormat-machine-washable,personalized-religious-typography-scrollwork-doormat-machine-washable,Christian family name doormat,SECONDARY,AGENT_PROPOSED,SERP_SPOT_CHECK,SERP_ONLY,TRANSACTIONAL,PRODUCT,BR-B010-96,NEEDS_REVIEW
chillgen_20260911_01,B010,chillgen.com::personalized-religious-typography-scrollwork-doormat-machine-washable,personalized-religious-typography-scrollwork-doormat-machine-washable,religious typography mat,SECONDARY,AGENT_PROPOSED,SERP_SPOT_CHECK,SERP_ONLY,TRANSACTIONAL,PRODUCT,BR-B010-96,NEEDS_REVIEW
chillgen_20260911_01,B010,chillgen.com::personalized-christian-family-name-doormat-machine-washable,personalized-christian-family-name-doormat-machine-washable,Christian family name doormat,PRIMARY,AGENT_PROPOSED,SERP_SPOT_CHECK,SERP_ONLY,TRANSACTIONAL,PRODUCT,BR-B010-97,NEEDS_REVIEW
chillgen_20260911_01,B010,chillgen.com::personalized-christian-family-name-doormat-machine-washable,personalized-christian-family-name-doormat-machine-washable,Home Sweet Home religious mat,SECONDARY,AGENT_PROPOSED,SERP_SPOT_CHECK,SERP_ONLY,TRANSACTIONAL,PRODUCT,BR-B010-97,NEEDS_REVIEW
chillgen_20260911_01,B010,chillgen.com::personalized-christian-family-name-doormat-machine-washable,personalized-christian-family-name-doormat-machine-washable,personalized cross doormat,SECONDARY,AGENT_PROPOSED,SERP_SPOT_CHECK,SERP_ONLY,TRANSACTIONAL,PRODUCT,BR-B010-97,NEEDS_REVIEW
chillgen_20260911_01,B010,chillgen.com::personalized-christian-family-name-doormat-machine-washable,personalized-christian-family-name-doormat-machine-washable,monogram scripture rug,SECONDARY,AGENT_PROPOSED,SERP_SPOT_CHECK,SERP_ONLY,TRANSACTIONAL,PRODUCT,BR-B010-97,NEEDS_REVIEW
chillgen_20260911_01,B010,chillgen.com::personalized-scripture-quote-with-family-name-doormat,personalized-scripture-quote-with-family-name-doormat,scripture quote family name doormat,PRIMARY,AGENT_PROPOSED,SERP_SPOT_CHECK,SERP_ONLY,TRANSACTIONAL,PRODUCT,BR-B010-98,NEEDS_REVIEW
chillgen_20260911_01,B010,chillgen.com::personalized-scripture-quote-with-family-name-doormat,personalized-scripture-quote-with-family-name-doormat,Joshua 24:15 doormat,SECONDARY,AGENT_PROPOSED,SERP_SPOT_CHECK,SERP_ONLY,TRANSACTIONAL,PRODUCT,BR-B010-98,NEEDS_REVIEW
chillgen_20260911_01,B010,chillgen.com::personalized-scripture-quote-with-family-name-doormat,personalized-scripture-quote-with-family-name-doormat,Christian monogram mat,SECONDARY,AGENT_PROPOSED,SERP_SPOT_CHECK,SERP_ONLY,TRANSACTIONAL,PRODUCT,BR-B010-98,NEEDS_REVIEW
chillgen_20260911_01,B010,chillgen.com::personalized-scripture-quote-with-family-name-doormat,personalized-scripture-quote-with-family-name-doormat,as for me and my house rug,SECONDARY,AGENT_PROPOSED,SERP_SPOT_CHECK,SERP_ONLY,TRANSACTIONAL,PRODUCT,BR-B010-98,NEEDS_REVIEW
chillgen_20260911_01,B010,chillgen.com::personalized-distressed-american-flag-cross-doormat-machine-washable,personalized-distressed-american-flag-cross-doormat-machine-washable,American flag cross doormat,PRIMARY,AGENT_PROPOSED,SERP_SPOT_CHECK,SERP_ONLY,TRANSACTIONAL,PRODUCT,BR-B010-99,NEEDS_REVIEW
chillgen_20260911_01,B010,chillgen.com::personalized-distressed-american-flag-cross-doormat-machine-washable,personalized-distressed-american-flag-cross-doormat-machine-washable,Blessed is the nation mat,SECONDARY,AGENT_PROPOSED,SERP_SPOT_CHECK,SERP_ONLY,TRANSACTIONAL,PRODUCT,BR-B010-99,NEEDS_REVIEW
chillgen_20260911_01,B010,chillgen.com::personalized-distressed-american-flag-cross-doormat-machine-washable,personalized-distressed-american-flag-cross-doormat-machine-washable,Psalm 33:12 doormat,SECONDARY,AGENT_PROPOSED,SERP_SPOT_CHECK,SERP_ONLY,TRANSACTIONAL,PRODUCT,BR-B010-99,NEEDS_REVIEW
chillgen_20260911_01,B010,chillgen.com::personalized-distressed-american-flag-cross-doormat-machine-washable,personalized-distressed-american-flag-cross-doormat-machine-washable,patriotic Christian welcome mat,SECONDARY,AGENT_PROPOSED,SERP_SPOT_CHECK,SERP_ONLY,TRANSACTIONAL,PRODUCT,BR-B010-99,NEEDS_REVIEW
chillgen_20260911_01,B010,chillgen.com::personalized-as-for-me-and-my-house-doormat-machine-washable,personalized-as-for-me-and-my-house-doormat-machine-washable,as for me and my house monogram doormat,PRIMARY,AGENT_PROPOSED,SERP_SPOT_CHECK,SERP_ONLY,TRANSACTIONAL,PRODUCT,BR-B010-100,NEEDS_REVIEW
chillgen_20260911_01,B010,chillgen.com::personalized-as-for-me-and-my-house-doormat-machine-washable,personalized-as-for-me-and-my-house-doormat-machine-washable,Joshua 24:15 family name mat,SECONDARY,AGENT_PROPOSED,SERP_SPOT_CHECK,SERP_ONLY,TRANSACTIONAL,PRODUCT,BR-B010-100,NEEDS_REVIEW
chillgen_20260911_01,B010,chillgen.com::personalized-as-for-me-and-my-house-doormat-machine-washable,personalized-as-for-me-and-my-house-doormat-machine-washable,Christian welcome doormat,SECONDARY,AGENT_PROPOSED,SERP_SPOT_CHECK,SERP_ONLY,TRANSACTIONAL,PRODUCT,BR-B010-100,NEEDS_REVIEW
chillgen_20260911_01,B010,chillgen.com::personalized-as-for-me-and-my-house-doormat-machine-washable,personalized-as-for-me-and-my-house-doormat-machine-washable,personalized scripture mat,SECONDARY,AGENT_PROPOSED,SERP_SPOT_CHECK,SERP_ONLY,TRANSACTIONAL,PRODUCT,BR-B010-100,NEEDS_REVIEW
chillgen_20260911_01,B011,chillgen.com::custom-ornate-red-cross-floral-area-rug-non-skid-church-decor,custom-ornate-red-cross-floral-area-rug-non-skid-church-decor,red cross floral area rug,PRIMARY,AGENT_PROPOSED,SERP_SPOT_CHECK,SERP_ONLY,TRANSACTIONAL,PRODUCT,BR-B011-101,NEEDS_REVIEW
chillgen_20260911_01,B011,chillgen.com::custom-ornate-red-cross-floral-area-rug-non-skid-church-decor,custom-ornate-red-cross-floral-area-rug-non-skid-church-decor,Christian cross rug,SECONDARY,AGENT_PROPOSED,SERP_SPOT_CHECK,SERP_ONLY,TRANSACTIONAL,PRODUCT,BR-B011-101,NEEDS_REVIEW
chillgen_20260911_01,B011,chillgen.com::custom-ornate-red-cross-floral-area-rug-non-skid-church-decor,custom-ornate-red-cross-floral-area-rug-non-skid-church-decor,ornate faith rug,SECONDARY,AGENT_PROPOSED,SERP_SPOT_CHECK,SERP_ONLY,TRANSACTIONAL,PRODUCT,BR-B011-101,NEEDS_REVIEW
chillgen_20260911_01,B011,chillgen.com::custom-ornate-red-cross-floral-area-rug-non-skid-church-decor,custom-ornate-red-cross-floral-area-rug-non-skid-church-decor,church decor area rug,SECONDARY,AGENT_PROPOSED,SERP_SPOT_CHECK,SERP_ONLY,TRANSACTIONAL,PRODUCT,BR-B011-101,NEEDS_REVIEW
chillgen_20260911_01,B011,chillgen.com::custom-gothic-cross-faith-area-rug-non-skid-church-decor,custom-gothic-cross-faith-area-rug-non-skid-church-decor,gothic cross rose rug,PRIMARY,AGENT_PROPOSED,SERP_SPOT_CHECK,SERP_ONLY,TRANSACTIONAL,PRODUCT,BR-B011-102,NEEDS_REVIEW
chillgen_20260911_01,B011,chillgen.com::custom-gothic-cross-faith-area-rug-non-skid-church-decor,custom-gothic-cross-faith-area-rug-non-skid-church-decor,Christian faith area rug,SECONDARY,AGENT_PROPOSED,SERP_SPOT_CHECK,SERP_ONLY,TRANSACTIONAL,PRODUCT,BR-B011-102,NEEDS_REVIEW
chillgen_20260911_01,B011,chillgen.com::custom-gothic-cross-faith-area-rug-non-skid-church-decor,custom-gothic-cross-faith-area-rug-non-skid-church-decor,purple rose cross rug,SECONDARY,AGENT_PROPOSED,SERP_SPOT_CHECK,SERP_ONLY,TRANSACTIONAL,PRODUCT,BR-B011-102,NEEDS_REVIEW
chillgen_20260911_01,B011,chillgen.com::custom-gothic-cross-faith-area-rug-non-skid-church-decor,custom-gothic-cross-faith-area-rug-non-skid-church-decor,church decor rug,SECONDARY,AGENT_PROPOSED,SERP_SPOT_CHECK,SERP_ONLY,TRANSACTIONAL,PRODUCT,BR-B011-102,NEEDS_REVIEW
chillgen_20260911_01,B011,chillgen.com::custom-inspirational-faith-floral-cross-area-rug-non-skid,custom-inspirational-faith-floral-cross-area-rug-non-skid,faith floral cross area rug,PRIMARY,AGENT_PROPOSED,SERP_SPOT_CHECK,SERP_ONLY,TRANSACTIONAL,PRODUCT,BR-B011-103,NEEDS_REVIEW
chillgen_20260911_01,B011,chillgen.com::custom-inspirational-faith-floral-cross-area-rug-non-skid,custom-inspirational-faith-floral-cross-area-rug-non-skid,Christian floral rug,SECONDARY,AGENT_PROPOSED,SERP_SPOT_CHECK,SERP_ONLY,TRANSACTIONAL,PRODUCT,BR-B011-103,NEEDS_REVIEW
chillgen_20260911_01,B011,chillgen.com::custom-inspirational-faith-floral-cross-area-rug-non-skid,custom-inspirational-faith-floral-cross-area-rug-non-skid,inspirational cross rug,SECONDARY,AGENT_PROPOSED,SERP_SPOT_CHECK,SERP_ONLY,TRANSACTIONAL,PRODUCT,BR-B011-103,NEEDS_REVIEW
chillgen_20260911_01,B011,chillgen.com::custom-inspirational-faith-floral-cross-area-rug-non-skid,custom-inspirational-faith-floral-cross-area-rug-non-skid,red gold church decor rug,SECONDARY,AGENT_PROPOSED,SERP_SPOT_CHECK,SERP_ONLY,TRANSACTIONAL,PRODUCT,BR-B011-103,NEEDS_REVIEW
