Handle,Title,Body (HTML),Vendor,Product Category,Type,Tags,Published,Option1 Name,Option1 Value,Option1 Linked To,Option2 Name,Option2 Value,Option2 Linked To,Option3 Name,Option3 Value,Option3 Linked To,Variant SKU,Variant Grams,Variant Inventory Tracker,Variant Inventory Qty,Variant Inventory Policy,Variant Fulfillment Service,Variant Price,Variant Compare At Price,Variant Requires Shipping,Variant Taxable,Unit Price Total Measure,Unit Price Total Measure Unit,Unit Price Base Measure,Unit Price Base Measure Unit,Variant Barcodes,Image Src,Image Position,Image Alt Text,Gift Card,SEO Title,SEO Description,Google Shopping / Google Product Category,Google Shopping / Gender,Google Shopping / Age Group,Google Shopping / MPN,Google Shopping / Condition,Google Shopping / Custom Product,Google Shopping / Custom Label 0,Google Shopping / Custom Label 1,Google Shopping / Custom Label 2,Google Shopping / Custom Label 3,Google Shopping / Custom Label 4,amazon_parent_asin (product.metafields.custom.amazon_parent_asin),Short name (product.metafields.custom.short_name),Google: Custom Product (product.metafields.mm-google-shopping.custom_product),Product rating count (product.metafields.reviews.rating_count),Variant Image,Variant Weight Unit,Variant Tax Code,Cost per item,Status
personalized-cheerful-school-themed-welcome-doormat-non-slip-backing,"Personalized Cheerful School Themed Welcome Doormat, Non-Slip Backing","<p>This personalized doormat offers a warm welcome to any classroom or learning space. Designed with a classic composition notebook style, it combines functionality with a unique touch. Its durable construction makes it an ideal addition for both indoor and outdoor settings, effectively capturing dirt and moisture to keep floors clean.</p><h3>Product Highlights</h3><ul>
<li>Personalizable with a teacher's name for a unique touch</li>
<li>Soft, heat-resistant non-woven fabric top</li>
<li>Non-slip neoprene rubber backing for stability</li>
<li>Effectively traps dirt, dust, and grime</li>
<li>Suitable for both indoor and outdoor use</li>
<li>Easy to clean and maintain</li>
</ul><h3>Specifications</h3><table border=""1"" cellpadding=""6"" style=""border-collapse:collapse;width:100%"">
<tr>
<th align=""left"" width=""35%"">Attribute</th>
<th align=""left"">Value</th>
</tr>
<tr>
<td>Rug Form</td>
<td>Doormat</td>
</tr>
<tr>
<td>Item Shape</td>
<td>Rectangular</td>
</tr>
<tr>
<td>Weave Type</td>
<td>Machine Made</td>
</tr>
<tr>
<td>Pile Height</td>
<td>Low Pile</td>
</tr>
<tr>
<td>Construction Type</td>
<td>Machine Made</td>
</tr>
<tr>
<td>Indoor/Outdoor Usage</td>
<td>Both</td>
</tr>
<tr>
<td>Water Resistance</td>
<td>Water Resistant</td>
</tr>
<tr>
<td>Pattern</td>
<td>Composition Notebook Style</td>
</tr>
<tr>
<td>Theme</td>
<td>Classroom</td>
</tr>
<tr>
<td>Style</td>
<td>Modern</td>
</tr>
<tr>
<td>Number of Pieces</td>
<td>1</td>
</tr>
<tr>
<td>Personalization</td>
<td>1 text input</td>
</tr>
</table><h3>Material &amp; Care</h3><table border=""1"" cellpadding=""6"" style=""border-collapse:collapse;width:100%"">
<tr>
<th align=""left"" width=""35%"">Item</th>
<th align=""left"">Detail</th>
</tr>
<tr>
<td>Material Type</td>
<td>Polyester</td>
</tr>
<tr>
<td>Backing Material</td>
<td>High-quality Epoxy, Neoprene Rubber</td>
</tr>
<tr>
<td>Surface/Feel</td>
<td>Soft non-woven fabric</td>
</tr>
<tr>
<td>Care Instructions</td>
<td>Avoid bleaching</td>
</tr>
<tr>
<td>Cleaning Method</td>
<td>Hose down or sponge clean with mild liquid soap</td>
</tr>
<tr>
<td>Drying</td>
<td>Air dry</td>
</tr>
</table><h3>Where It Works</h3><p>This doormat is suitable for classrooms, entryways, and RVs, making it a versatile option for various settings. It creates a welcoming atmosphere at classroom doors, reading corners, or teacher spaces.</p>",CHILLGEN,Services > Building & Construction Services > Outdoor Construction,Rug,"amazon-parent-b0fgdcsg3y, classroom, doormat, home-decor, low-pile, modern, personalized, rectangular, rug",false,Choose Your Option,"Blank Doormat, No Custom",,Pick Up Size,"24""x16"" (40x60 cm)",,,,,AMZ-RUG-B0H8DMRQ1N-1,0.0,,0,deny,manual,21.90,29.20,true,false,,,,,"",https://cdn.shopify.com/s/files/1/1023/0068/0561/files/69129ba18db13a9c162e82210ff3ea320f83a50d9c330480ef927fe532114432.jpg?v=1789094327,1,"Personalized Cheerful School Themed Welcome Doormat, Non-Slip Backing",false,,"Modern composition notebook style doormat with a personalized touch, featuring a non-slip backing for classrooms or entryways.",,,,,,,,,,,,B0FGDCSG3Y,,,,,lb,,,draft
personalized-cheerful-school-themed-welcome-doormat-non-slip-backing,,,,,,,,,"Blank Doormat, No Custom",,,"32""x20"" (50x80 cm) - BEST SELLING",,,,,AMZ-RUG-B0H8DMRQ1N-2,0.0,,0,deny,manual,30.90,41.20,true,false,,,,,"",https://cdn.shopify.com/s/files/1/1023/0068/0561/files/fadcd7c6849da17660f389af5f0827a27fb95ade2ab66070e5a6093a0bd3eceb.jpg?v=1789094327,2,"Personalized Cheerful School Themed Welcome Doormat, Non-Slip Backing",,,,,,,,,,,,,,,,,,,,lb,,,
personalized-cheerful-school-themed-welcome-doormat-non-slip-backing,,,,,,,,,"Blank Doormat, No Custom",,,"36""x24"" (60x90 cm)",,,,,AMZ-RUG-B0H8DMRQ1N-3,0.0,,0,deny,manual,34.90,46.53,true,false,,,,,"",https://cdn.shopify.com/s/files/1/1023/0068/0561/files/94f738a75ae3b53350ecf41c15734b7275b5e67fd1af34c7afe2b5b832205c04.jpg?v=1789094327,3,"Personalized Cheerful School Themed Welcome Doormat, Non-Slip Backing",,,,,,,,,,,,,,,,,,,,lb,,,
personalized-cheerful-school-themed-welcome-doormat-non-slip-backing,,,,,,,,,Customized Doormat,,,"24""x16"" (40x60 cm)",,,,,AMZ-RUG-B0H8DMRQ1N-4,0.0,,0,deny,manual,28.90,38.53,true,false,,,,,"",https://cdn.shopify.com/s/files/1/1023/0068/0561/files/9b9113b843757874663561ef989c5d6f647a80d1f6d89d0a53b49bf397af62de.jpg?v=1789094327,4,"Personalized Cheerful School Themed Welcome Doormat, Non-Slip Backing",,,,,,,,,,,,,,,,,,,,lb,,,
personalized-cheerful-school-themed-welcome-doormat-non-slip-backing,,,,,,,,,Customized Doormat,,,"32""x20"" (50x80 cm) - BEST SELLING",,,,,AMZ-RUG-B0H8DMRQ1N-5,0.0,,0,deny,manual,37.90,50.53,true,false,,,,,"",https://cdn.shopify.com/s/files/1/1023/0068/0561/files/2ca761033b1f5698cc82b2dfb7dcefdb99f9499a81f04a3436ae1047146e1941.jpg?v=1789094327,5,"Personalized Cheerful School Themed Welcome Doormat, Non-Slip Backing",,,,,,,,,,,,,,,,,,,,lb,,,
personalized-cheerful-school-themed-welcome-doormat-non-slip-backing,,,,,,,,,Customized Doormat,,,"36""x24"" (60x90 cm)",,,,,AMZ-RUG-B0H8DMRQ1N-6,0.0,,0,deny,manual,41.90,55.87,true,false,,,,,"",https://cdn.shopify.com/s/files/1/1023/0068/0561/files/e59eac41020c5d080404f8d39ad8b3d5c8ad833aa3e5ed52aeb61e1e9fef3fe3.jpg?v=1789094327,6,"Personalized Cheerful School Themed Welcome Doormat, Non-Slip Backing",,,,,,,,,,,,,,,,,,,,lb,,,
personalized-pink-school-supplies-doormat-machine-made,"Personalized Pink School Supplies Doormat, Machine Made","<p>This personalized doormat is designed to welcome students with a special touch, ideal for classroom entrances. Its unique design adds a cheerful and inviting atmosphere to any learning space. The doormat combines personalized charm with functional features to keep floors clean.</p><h3>Product Highlights</h3><ul>
<li>Personalize with a teacher’s name for a unique classroom entrance</li>
<li>Soft and durable non-woven fabric top for comfort and longevity</li>
<li>Features a neoprene rubber non-slip backing to keep the mat in place</li>
<li>Effectively dries wet feet and traps dirt, dust, and grime</li>
<li>Suitable for both indoor and outdoor use in various settings</li>
</ul><h3>Specifications</h3><table border=""1"" cellpadding=""6"" style=""border-collapse:collapse;width:100%"">
<tr>
<th align=""left"" width=""35%"">Attribute</th>
<th align=""left"">Value</th>
</tr>
<tr>
<td>Rug Form</td>
<td>Doormat</td>
</tr>
<tr>
<td>Item Shape</td>
<td>Rectangular</td>
</tr>
<tr>
<td>Weave Type</td>
<td>Machine Made</td>
</tr>
<tr>
<td>Pile Height</td>
<td>Low Pile</td>
</tr>
<tr>
<td>Construction Type</td>
<td>Machine Made</td>
</tr>
<tr>
<td>Indoor/Outdoor Usage</td>
<td>Both</td>
</tr>
<tr>
<td>Pattern</td>
<td>Composition Notebook Style</td>
</tr>
<tr>
<td>Theme</td>
<td>Classroom</td>
</tr>
<tr>
<td>Style</td>
<td>Modern</td>
</tr>
<tr>
<td>Number of Pieces</td>
<td>1</td>
</tr>
<tr>
<td>Water Resistance</td>
<td>Water Resistant</td>
</tr>
</table><h3>Material &amp; Care</h3><table border=""1"" cellpadding=""6"" style=""border-collapse:collapse;width:100%"">
<tr>
<th align=""left"" width=""35%"">Item</th>
<th align=""left"">Detail</th>
</tr>
<tr>
<td>Material Type</td>
<td>Polyester</td>
</tr>
<tr>
<td>Backing Material</td>
<td>High-quality Epoxy</td>
</tr>
<tr>
<td>Care Instructions</td>
<td>Avoid bleaching</td>
</tr>
<tr>
<td>Cleaning Method</td>
<td>Hose down or sponge clean with mild liquid soap</td>
</tr>
<tr>
<td>Drying</td>
<td>Air dry</td>
</tr>
</table><h3>Where It Works</h3><p>This doormat is perfect for classrooms, entryways, and RVs, creating a welcoming and clean environment. Its versatile design makes it suitable for various indoor and outdoor settings where a personalized touch is desired.</p>",CHILLGEN,Services > Building & Construction Services > Outdoor Construction,Rug,"amazon-parent-b0fgdcsg3y, classroom, doormat, home-decor, indoor-outdoor, modern, personalized, rectangular, rug",false,Choose Your Option,"Blank Doormat, No Custom",,Pick Up Size,"24""x16"" (40x60 cm)",,,,,AMZ-RUG-B0FGDB72WC-1,0.0,,0,deny,manual,21.90,29.20,true,false,,,,,"",https://cdn.shopify.com/s/files/1/1023/0068/0561/files/e1e7d712686c2aae384738b73617b89f148767eb0ec0dd792fee64bf1685a698.jpg?v=1789094328,1,"Personalized Teacher Welcome Door Mat with Name, Composition Notebook Style, Perfect Classroom Decor & Back to School Gift for Teachers (Cute Class)",false,,"Modern rectangular personalized doormat with a non-slip backing, perfect for classrooms and versatile indoor/outdoor use.",,,,,,,,,,,,B0FGDCSG3Y,,,,,lb,,,draft
personalized-pink-school-supplies-doormat-machine-made,,,,,,,,,"Blank Doormat, No Custom",,,"32""x20"" (50x80 cm) - BEST SELLING",,,,,AMZ-RUG-B0FGDB72WC-2,0.0,,0,deny,manual,30.90,41.20,true,false,,,,,"",https://cdn.shopify.com/s/files/1/1023/0068/0561/files/6d4e5b85d7f1657e12f9cf6fc146c242ea6c02ef9440cca83c1e468b508db642.jpg?v=1789094328,2,"Personalized Teacher Welcome Door Mat with Name, Composition Notebook Style, Perfect Classroom Decor & Back to School Gift for Teachers (Cute Class)",,,,,,,,,,,,,,,,,,,,lb,,,
personalized-pink-school-supplies-doormat-machine-made,,,,,,,,,"Blank Doormat, No Custom",,,"36""x24"" (60x90 cm)",,,,,AMZ-RUG-B0FGDB72WC-3,0.0,,0,deny,manual,34.90,46.53,true,false,,,,,"",https://cdn.shopify.com/s/files/1/1023/0068/0561/files/20461071e620900f98a70cc176981a6daf0d19f1922d802a37b614c3dda9d265.jpg?v=1789094327,3,"Personalized Teacher Welcome Door Mat with Name, Composition Notebook Style, Perfect Classroom Decor & Back to School Gift for Teachers (Cute Class)",,,,,,,,,,,,,,,,,,,,lb,,,
personalized-pink-school-supplies-doormat-machine-made,,,,,,,,,Customized Doormat,,,"24""x16"" (40x60 cm)",,,,,AMZ-RUG-B0FGDB72WC-4,0.0,,0,deny,manual,28.90,38.53,true,false,,,,,"",https://cdn.shopify.com/s/files/1/1023/0068/0561/files/7ccadf423a0d1e220f8af31f4b6b30019cc9dfb364b80f95059436efef66ad35.jpg?v=1789094327,4,"Personalized Teacher Welcome Door Mat with Name, Composition Notebook Style, Perfect Classroom Decor & Back to School Gift for Teachers (Cute Class)",,,,,,,,,,,,,,,,,,,,lb,,,
personalized-pink-school-supplies-doormat-machine-made,,,,,,,,,Customized Doormat,,,"32""x20"" (50x80 cm) - BEST SELLING",,,,,AMZ-RUG-B0FGDB72WC-5,0.0,,0,deny,manual,37.90,50.53,true,false,,,,,"",https://cdn.shopify.com/s/files/1/1023/0068/0561/files/d927a787c58efc81d143aa49f62202a0c1f9d69173ac88be3355d0212e80e403.jpg?v=1789094327,5,"Personalized Teacher Welcome Door Mat with Name, Composition Notebook Style, Perfect Classroom Decor & Back to School Gift for Teachers (Cute Class)",,,,,,,,,,,,,,,,,,,,lb,,,
personalized-pink-school-supplies-doormat-machine-made,,,,,,,,,Customized Doormat,,,"36""x24"" (60x90 cm)",,,,,AMZ-RUG-B0FGDB72WC-6,0.0,,0,deny,manual,41.90,55.87,true,false,,,,,"",https://cdn.shopify.com/s/files/1/1023/0068/0561/files/3f4f608bc262f50c4cd438ed534d39ab306c6887bc55bc4c0f41935941a1c581.jpg?v=1789094327,6,"Personalized Teacher Welcome Door Mat with Name, Composition Notebook Style, Perfect Classroom Decor & Back to School Gift for Teachers (Cute Class)",,,,,,,,,,,,,,,,,,,,lb,,,
personalized-teacher-classroom-welcome-with-school-supplies-doormat,Personalized Teacher Classroom Welcome with School Supplies Doormat,"<p>This personalized doormat offers a unique touch to any classroom, featuring a composition notebook style that blends educational charm with practical functionality. Designed to create a welcoming atmosphere, this doormat can be customized with a teacher's name, making it a special addition to any learning environment. It serves as an engaging accent piece while helping to maintain cleanliness.</p><h3>Product Highlights</h3><ul>
<li>Personalizable with a teacher's name for a unique classroom touch.</li>
<li>Made from soft, durable non-woven fabric with a non-slip rubber backing.</li>
<li>Effectively dries wet feet and traps dirt, dust, and grime.</li>
<li>Heat-resistant material ensures long-lasting use.</li>
<li>Suitable for both indoor and outdoor settings.</li>
</ul><h3>Specifications</h3><table border=""1"" cellpadding=""6"" style=""border-collapse:collapse;width:100%"">
<tr>
<th align=""left"" width=""35%"">Attribute</th>
<th align=""left"">Value</th>
</tr>
<tr>
<td>Rug Form</td>
<td>Doormat</td>
</tr>
<tr>
<td>Item Shape</td>
<td>Rectangular</td>
</tr>
<tr>
<td>Weave Type</td>
<td>Machine Made</td>
</tr>
<tr>
<td>Pile Height</td>
<td>Low Pile</td>
</tr>
<tr>
<td>Construction Type</td>
<td>Machine Made</td>
</tr>
<tr>
<td>Indoor/Outdoor Usage</td>
<td>Both</td>
</tr>
<tr>
<td>Water Resistance</td>
<td>Water Resistant</td>
</tr>
<tr>
<td>Pattern</td>
<td>Composition Notebook Style</td>
</tr>
<tr>
<td>Theme</td>
<td>Classroom</td>
</tr>
<tr>
<td>Style</td>
<td>Modern</td>
</tr>
<tr>
<td>Number of Pieces</td>
<td>1</td>
</tr>
</table><h3>Material &amp; Care</h3><table border=""1"" cellpadding=""6"" style=""border-collapse:collapse;width:100%"">
<tr>
<th align=""left"" width=""35%"">Item</th>
<th align=""left"">Detail</th>
</tr>
<tr>
<td>Material Type</td>
<td>Polyester</td>
</tr>
<tr>
<td>Backing Material</td>
<td>High-quality Epoxy</td>
</tr>
<tr>
<td>Care Instructions</td>
<td>Washable; simply hose down or sponge clean with mild liquid soap. Avoid bleaching.</td>
</tr>
<tr>
<td>Cleaning Method</td>
<td>Hose down or sponge clean</td>
</tr>
<tr>
<td>Drying</td>
<td>Air dry</td>
</tr>
</table><h3>Where It Works</h3><p>This versatile doormat is ideal for classrooms, entryways, and RVs, providing a welcoming accent that is both functional and stylish. Its durable construction makes it suitable for high-traffic areas, helping to keep floors clean in various settings.</p>",CHILLGEN,Services > Building & Construction Services > Outdoor Construction,Rug,"amazon-parent-b0fgdcsg3y, classroom-rug, doormat, home-decor, modern-style, personalized-rug, rectangular-rug, rug, teacher-gift",false,Choose Your Option,"Blank Doormat, No Custom",,Pick Up Size,"24""x16"" (40x60 cm)",,,,,AMZ-RUG-B0H8DJ6BYR-1,0.0,,0,deny,manual,21.90,29.20,true,false,,,,,"",https://cdn.shopify.com/s/files/1/1023/0068/0561/files/3761a828cdadf90b2e4b3273e909d993b93739d2c46ccdbc33d2171da934d418.jpg?v=1789094376,1,"Personalized Teacher Welcome Door Mat with Name, Composition Notebook Style, Perfect Classroom Decor & Back to School Gift for Teachers (Cute Classroom)",false,,"This modern personalized doormat, crafted from polyester, offers a non-slip backing, perfect for classroom entryways.",,,,,,,,,,,,B0FGDCSG3Y,,,,,lb,,,draft
personalized-teacher-classroom-welcome-with-school-supplies-doormat,,,,,,,,,"Blank Doormat, No Custom",,,"32""x20"" (50x80 cm) - BEST SELLING",,,,,AMZ-RUG-B0H8DJ6BYR-2,0.0,,0,deny,manual,30.90,41.20,true,false,,,,,"",https://cdn.shopify.com/s/files/1/1023/0068/0561/files/e41e52b97dc565bc8c6d83f0437e136e477e9bfbe537f50fcde3e20b2e9491fe.jpg?v=1789094376,2,"Personalized Teacher Welcome Door Mat with Name, Composition Notebook Style, Perfect Classroom Decor & Back to School Gift for Teachers (Cute Classroom)",,,,,,,,,,,,,,,,,,,,lb,,,
personalized-teacher-classroom-welcome-with-school-supplies-doormat,,,,,,,,,"Blank Doormat, No Custom",,,"36""x24"" (60x90 cm)",,,,,AMZ-RUG-B0H8DJ6BYR-3,0.0,,0,deny,manual,34.90,46.53,true,false,,,,,"",https://cdn.shopify.com/s/files/1/1023/0068/0561/files/2a6d545ef7f580f46e5a3c9bd557309cae145033c91484ac18cf00ce70d2620a.jpg?v=1789094376,3,"Personalized Teacher Welcome Door Mat with Name, Composition Notebook Style, Perfect Classroom Decor & Back to School Gift for Teachers (Cute Classroom)",,,,,,,,,,,,,,,,,,,,lb,,,
personalized-teacher-classroom-welcome-with-school-supplies-doormat,,,,,,,,,Customized Doormat,,,"24""x16"" (40x60 cm)",,,,,AMZ-RUG-B0H8DJ6BYR-4,0.0,,0,deny,manual,28.90,38.53,true,false,,,,,"",https://cdn.shopify.com/s/files/1/1023/0068/0561/files/d1e7dc8037516eb4d0ae69a9658139b502006b4edf2ded1098e0a25db211b9bc.jpg?v=1789094376,4,"Personalized Teacher Welcome Door Mat with Name, Composition Notebook Style, Perfect Classroom Decor & Back to School Gift for Teachers (Cute Classroom)",,,,,,,,,,,,,,,,,,,,lb,,,
personalized-teacher-classroom-welcome-with-school-supplies-doormat,,,,,,,,,Customized Doormat,,,"32""x20"" (50x80 cm) - BEST SELLING",,,,,AMZ-RUG-B0H8DJ6BYR-5,0.0,,0,deny,manual,37.90,50.53,true,false,,,,,"",https://cdn.shopify.com/s/files/1/1023/0068/0561/files/2fd4d4234d984db0fa74b0417385d04dbe9f04a09a59b2c5149d0f581469c032.jpg?v=1789094376,5,"Personalized Teacher Welcome Door Mat with Name, Composition Notebook Style, Perfect Classroom Decor & Back to School Gift for Teachers (Cute Classroom)",,,,,,,,,,,,,,,,,,,,lb,,,
personalized-teacher-classroom-welcome-with-school-supplies-doormat,,,,,,,,,Customized Doormat,,,"36""x24"" (60x90 cm)",,,,,AMZ-RUG-B0H8DJ6BYR-6,0.0,,0,deny,manual,41.90,55.87,true,false,,,,,"",https://cdn.shopify.com/s/files/1/1023/0068/0561/files/ed64c10223204ca32653e0ec37554a90c9dccc23744f9d9bd15b3df5b3bc92ff.jpg?v=1789094376,6,"Personalized Teacher Welcome Door Mat with Name, Composition Notebook Style, Perfect Classroom Decor & Back to School Gift for Teachers (Cute Classroom)",,,,,,,,,,,,,,,,,,,,lb,,,
personalized-speckled-classroom-decor-door-mat-non-slip-backing,"Personalized Speckled Classroom Decor Door Mat, Non-Slip Backing","<p>This personalized doormat offers a welcoming touch for any classroom or entryway. Designed with a modern aesthetic, it combines personalized charm with functional features to enhance various spaces. Its durable construction is suitable for everyday use.</p><h3>Product Highlights</h3><ul>
<li>Personalize with a teacher's name for a unique touch.</li>
<li>Features a soft, non-woven fabric top for comfort.</li>
<li>Equipped with a neoprene rubber non-slip backing for stability.</li>
<li>Effectively traps dirt, dust, and grime to help keep floors clean.</li>
<li>Versatile for both indoor and outdoor settings.</li>
<li>Washable and easy to maintain for lasting freshness.</li>
</ul><h3>Specifications</h3><table border=""1"" cellpadding=""6"" style=""border-collapse:collapse;width:100%"">
<tr>
<th align=""left"" width=""35%"">Attribute</th>
<th align=""left"">Value</th>
</tr>
<tr>
<td>Rug Form</td>
<td>Doormat</td>
</tr>
<tr>
<td>Item Shape</td>
<td>Rectangular</td>
</tr>
<tr>
<td>Weave Type</td>
<td>Machine Made</td>
</tr>
<tr>
<td>Pile Height</td>
<td>Low Pile</td>
</tr>
<tr>
<td>Construction Type</td>
<td>Machine Made</td>
</tr>
<tr>
<td>Indoor/Outdoor Usage</td>
<td>Both</td>
</tr>
<tr>
<td>Room Type</td>
<td>Classroom</td>
</tr>
<tr>
<td>Water Resistance</td>
<td>Water Resistant</td>
</tr>
<tr>
<td>Special Features</td>
<td>Personalized</td>
</tr>
<tr>
<td>Pattern</td>
<td>Composition Notebook Style</td>
</tr>
<tr>
<td>Theme</td>
<td>Classroom</td>
</tr>
<tr>
<td>Style</td>
<td>Modern</td>
</tr>
<tr>
<td>Number of Pieces</td>
<td>1</td>
</tr>
</table><h3>Material &amp; Care</h3><table border=""1"" cellpadding=""6"" style=""border-collapse:collapse;width:100%"">
<tr>
<th align=""left"" width=""35%"">Item</th>
<th align=""left"">Detail</th>
</tr>
<tr>
<td>Material Type</td>
<td>Polyester</td>
</tr>
<tr>
<td>Backing Material</td>
<td>High-quality Epoxy</td>
</tr>
<tr>
<td>Surface/Feel</td>
<td>Soft non-woven fabric</td>
</tr>
<tr>
<td>Care Instructions</td>
<td>Avoid bleaching</td>
</tr>
<tr>
<td>Cleaning Method</td>
<td>Hose down or sponge clean with mild liquid soap</td>
</tr>
<tr>
<td>Drying</td>
<td>Air dry</td>
</tr>
</table><h3>Where It Works</h3><p>This doormat is suitable for classroom entrances, teacher spaces, and reading corners. Its durable design also makes it appropriate for entryways and RVs, offering a functional and decorative accent in various settings.</p>",CHILLGEN,Home & Garden > Lawn & Garden > Gardening > Composting,Rug,"amazon-parent-b0fgdcsg3y, classroom, doormat, home-decor, low-pile, modern, personalized, rectangular, rug",false,Choose Your Option,"Blank Doormat, No Custom",,Pick Up Size,"24""x16"" (40x60 cm)",,,,,AMZ-RUG-B0H8DBJM17-1,0.0,,0,deny,manual,21.90,29.20,true,false,,,,,"",https://cdn.shopify.com/s/files/1/1023/0068/0561/files/0800d7da7860ebbb64ded8525b4f6e0194f0e8230b877e7dfee70334add4da93.jpg?v=1789094380,1,"Personalized Teacher Welcome Door Mat with Name, Composition Notebook Style, Perfect Classroom Decor & Back to School Gift for Teachers (Composition Book)",false,,"Modern rectangular doormat with a low pile and non-slip backing, perfect for personalized classroom entryways.",4085,,,,,,,,,,,B0FGDCSG3Y,,,,,lb,,,draft
personalized-speckled-classroom-decor-door-mat-non-slip-backing,,,,,,,,,"Blank Doormat, No Custom",,,"32""x20"" (50x80 cm) - BEST SELLING",,,,,AMZ-RUG-B0H8DBJM17-2,0.0,,0,deny,manual,30.90,41.20,true,false,,,,,"",https://cdn.shopify.com/s/files/1/1023/0068/0561/files/2b2445b49198e9c29c905083900c720d240f3ebf12b6515f2318dd777966da65.jpg?v=1789094380,2,"Personalized Teacher Welcome Door Mat with Name, Composition Notebook Style, Perfect Classroom Decor & Back to School Gift for Teachers (Composition Book)",,,,,,,,,,,,,,,,,,,,lb,,,
personalized-speckled-classroom-decor-door-mat-non-slip-backing,,,,,,,,,"Blank Doormat, No Custom",,,"36""x24"" (60x90 cm)",,,,,AMZ-RUG-B0H8DBJM17-3,0.0,,0,deny,manual,34.90,46.53,true,false,,,,,"",https://cdn.shopify.com/s/files/1/1023/0068/0561/files/212c462a483e1a59442cec52fbe0488be644ea11f6784fe512497208613e9dc6.jpg?v=1789094380,3,"Personalized Teacher Welcome Door Mat with Name, Composition Notebook Style, Perfect Classroom Decor & Back to School Gift for Teachers (Composition Book)",,,,,,,,,,,,,,,,,,,,lb,,,
personalized-speckled-classroom-decor-door-mat-non-slip-backing,,,,,,,,,Customized Doormat,,,"24""x16"" (40x60 cm)",,,,,AMZ-RUG-B0H8DBJM17-4,0.0,,0,deny,manual,28.90,38.53,true,false,,,,,"",https://cdn.shopify.com/s/files/1/1023/0068/0561/files/ac5d7e17c2c67f583f58e26ac61c6700a1b067a0be6a3b6ad577b61418f0115f.jpg?v=1789094380,4,"Personalized Teacher Welcome Door Mat with Name, Composition Notebook Style, Perfect Classroom Decor & Back to School Gift for Teachers (Composition Book)",,,,,,,,,,,,,,,,,,,,lb,,,
personalized-speckled-classroom-decor-door-mat-non-slip-backing,,,,,,,,,Customized Doormat,,,"32""x20"" (50x80 cm) - BEST SELLING",,,,,AMZ-RUG-B0H8DBJM17-5,0.0,,0,deny,manual,37.90,50.53,true,false,,,,,"",https://cdn.shopify.com/s/files/1/1023/0068/0561/files/836828235f3a16b8152f559beadf43c28fd9f7ecb15216b84f2dbea975c0484d.jpg?v=1789094380,5,"Personalized Teacher Welcome Door Mat with Name, Composition Notebook Style, Perfect Classroom Decor & Back to School Gift for Teachers (Composition Book)",,,,,,,,,,,,,,,,,,,,lb,,,
personalized-speckled-classroom-decor-door-mat-non-slip-backing,,,,,,,,,Customized Doormat,,,"36""x24"" (60x90 cm)",,,,,AMZ-RUG-B0H8DBJM17-6,0.0,,0,deny,manual,41.90,55.87,true,false,,,,,"",https://cdn.shopify.com/s/files/1/1023/0068/0561/files/56e7deb7eab17002cfc3f7fcac562488275fe566e5163996f5107d784b6a0d0f.jpg?v=1789094380,6,"Personalized Teacher Welcome Door Mat with Name, Composition Notebook Style, Perfect Classroom Decor & Back to School Gift for Teachers (Composition Book)",,,,,,,,,,,,,,,,,,,,lb,,,
personalized-flower-star-school-teacher-appreciation-playful-doormat,"Personalized Flower Star School, teacher appreciation, playful Doormat","<p>This personalized doormat offers a welcoming touch to any classroom, featuring a composition notebook style design that makes it a special addition. It is designed to be both functional and decorative, making it an ideal choice for educators looking to enhance their classroom entrance or interior space with a unique and inviting element.</p><h3>Product Highlights</h3><ul>
<li>Personalizable with a teacher's name for a unique touch.</li>
<li>Thoughtful gift for teachers for various occasions.</li>
<li>Soft non-woven fabric top and non-slip neoprene rubber backing.</li>
<li>Effectively dries wet feet and traps dirt.</li>
<li>Suitable for both indoor and outdoor settings.</li>
</ul><h3>Specifications</h3><table border=""1"" cellpadding=""6"" style=""border-collapse:collapse;width:100%"">
<tr>
<th align=""left"" width=""35%"">Attribute</th>
<th align=""left"">Value</th>
</tr>
<tr>
<td>Rug Form</td>
<td>Doormat</td>
</tr>
<tr>
<td>Item Shape</td>
<td>Rectangular</td>
</tr>
<tr>
<td>Weave Type</td>
<td>Machine Made</td>
</tr>
<tr>
<td>Pile Height</td>
<td>Low Pile</td>
</tr>
<tr>
<td>Construction Type</td>
<td>Machine Made</td>
</tr>
<tr>
<td>Indoor/Outdoor Usage</td>
<td>Both</td>
</tr>
<tr>
<td>Room Type</td>
<td>Classroom</td>
</tr>
<tr>
<td>Water Resistance</td>
<td>Water Resistant</td>
</tr>
<tr>
<td>Pattern</td>
<td>Composition Notebook Style</td>
</tr>
<tr>
<td>Theme</td>
<td>Classroom</td>
</tr>
<tr>
<td>Style</td>
<td>Modern</td>
</tr>
<tr>
<td>Number of Pieces</td>
<td>1</td>
</tr>
</table><h3>Material &amp; Care</h3><table border=""1"" cellpadding=""6"" style=""border-collapse:collapse;width:100%"">
<tr>
<th align=""left"" width=""35%"">Item</th>
<th align=""left"">Detail</th>
</tr>
<tr>
<td>Material Type</td>
<td>Polyester</td>
</tr>
<tr>
<td>Backing Material</td>
<td>High-quality Epoxy</td>
</tr>
<tr>
<td>Care Instructions</td>
<td>Avoid bleaching</td>
</tr>
<tr>
<td>Cleaning Method</td>
<td>Hose down or sponge clean with mild liquid soap</td>
</tr>
<tr>
<td>Drying</td>
<td>Air dry</td>
</tr>
</table><h3>Where It Works</h3><p>This doormat is perfect for classrooms, entryways, or RVs, providing a personalized and functional accent. Its durable design makes it suitable for areas that experience regular foot traffic, welcoming students and guests alike.</p>",CHILLGEN,Home & Garden > Lawn & Garden > Gardening > Composting > Compost,Rug,"amazon-parent-b0fgdcsg3y, classroom, doormat, home-decor, indoor-outdoor, modern, personalized, rectangular, rug",false,Choose Your Option,"Blank Doormat, No Custom",,Pick Up Size,"24""x16"" (40x60 cm)",,,,,AMZ-RUG-B0FGDGH6QR-1,0.0,,0,deny,manual,21.90,29.20,true,false,,,,,"",https://cdn.shopify.com/s/files/1/1023/0068/0561/files/bc950b7b33a0da97f530c0f36483cd9bd148b6a0c02bb4c5d327766b4abda27b.jpg?v=1789094383,1,"Personalized Teacher Welcome Door Mat with Name, Composition Notebook Style, Perfect Classroom Decor & Back to School Gift for Teachers (Pink Composition Notebook)",false,,"This modern personalized doormat in a composition notebook style is perfect for classrooms, offering non-slip backing for safety.",690,,,,,,,,,,,B0FGDCSG3Y,,,,,lb,,,draft
personalized-flower-star-school-teacher-appreciation-playful-doormat,,,,,,,,,"Blank Doormat, No Custom",,,"32""x20"" (50x80 cm) - BEST SELLING",,,,,AMZ-RUG-B0FGDGH6QR-2,0.0,,0,deny,manual,30.90,41.20,true,false,,,,,"",https://cdn.shopify.com/s/files/1/1023/0068/0561/files/9bb307a3d75b0f230f45d657e272259a7b9af878df797a4a450c0135276465ea.jpg?v=1789094383,2,"Personalized Teacher Welcome Door Mat with Name, Composition Notebook Style, Perfect Classroom Decor & Back to School Gift for Teachers (Pink Composition Notebook)",,,,,,,,,,,,,,,,,,,,lb,,,
personalized-flower-star-school-teacher-appreciation-playful-doormat,,,,,,,,,"Blank Doormat, No Custom",,,"36""x24"" (60x90 cm)",,,,,AMZ-RUG-B0FGDGH6QR-3,0.0,,0,deny,manual,34.90,46.53,true,false,,,,,"",https://cdn.shopify.com/s/files/1/1023/0068/0561/files/dfedf22f54f93c36c8e9b9d78c788c87c4a890f14de47e02970547dea4a6e8b0.jpg?v=1789094383,3,"Personalized Teacher Welcome Door Mat with Name, Composition Notebook Style, Perfect Classroom Decor & Back to School Gift for Teachers (Pink Composition Notebook)",,,,,,,,,,,,,,,,,,,,lb,,,
personalized-flower-star-school-teacher-appreciation-playful-doormat,,,,,,,,,Customized Doormat,,,"24""x16"" (40x60 cm)",,,,,AMZ-RUG-B0FGDGH6QR-4,0.0,,0,deny,manual,28.90,38.53,true,false,,,,,"",https://cdn.shopify.com/s/files/1/1023/0068/0561/files/b94bb4fe554068ffa8145a459594094e037f1025616f903ea6a2e77e37bce639.jpg?v=1789094383,4,"Personalized Teacher Welcome Door Mat with Name, Composition Notebook Style, Perfect Classroom Decor & Back to School Gift for Teachers (Pink Composition Notebook)",,,,,,,,,,,,,,,,,,,,lb,,,
personalized-flower-star-school-teacher-appreciation-playful-doormat,,,,,,,,,Customized Doormat,,,"32""x20"" (50x80 cm) - BEST SELLING",,,,,AMZ-RUG-B0FGDGH6QR-5,0.0,,0,deny,manual,37.90,50.53,true,false,,,,,"",https://cdn.shopify.com/s/files/1/1023/0068/0561/files/dc1c23e38ab3f43d8e180dc110a0c7905b769565f3f13fc8582be7cc5c3fc42a.jpg?v=1789094383,5,"Personalized Teacher Welcome Door Mat with Name, Composition Notebook Style, Perfect Classroom Decor & Back to School Gift for Teachers (Pink Composition Notebook)",,,,,,,,,,,,,,,,,,,,lb,,,
personalized-flower-star-school-teacher-appreciation-playful-doormat,,,,,,,,,Customized Doormat,,,"36""x24"" (60x90 cm)",,,,,AMZ-RUG-B0FGDGH6QR-6,0.0,,0,deny,manual,41.90,55.87,true,false,,,,,"",https://cdn.shopify.com/s/files/1/1023/0068/0561/files/734c6670a99220fdf573d623844679fbc028033bee93e140b9b47d5bed98ac19.jpg?v=1789094383,6,"Personalized Teacher Welcome Door Mat with Name, Composition Notebook Style, Perfect Classroom Decor & Back to School Gift for Teachers (Pink Composition Notebook)",,,,,,,,,,,,,,,,,,,,lb,,,
personalized-diverse-hands-welcome-door-mat-non-slip-backing,"Personalized Diverse Hands Welcome Door Mat, Non-Slip Backing","<p>This personalized doormat offers a welcoming touch to any classroom. Featuring a composition notebook style, it is designed to be a special addition to a teacher's learning space. It serves as an ideal piece for decorating a classroom entrance or as a thoughtful gift.</p><h3>Product Highlights</h3><ul>
<li>Personalizable with a teacher's name</li>
<li>Thoughtful gift for various occasions</li>
<li>Soft and durable non-woven fabric top</li>
<li>Non-slip neoprene rubber backing</li>
<li>Traps dirt, dust, and grime effectively</li>
<li>Suitable for both indoor and outdoor use</li>
</ul><h3>Specifications</h3><table border=""1"" cellpadding=""6"" style=""border-collapse:collapse;width:100%"">
<tr>
<th align=""left"" width=""35%"">Attribute</th>
<th align=""left"">Value</th>
</tr>
<tr>
<td>Rug Form</td>
<td>Doormat</td>
</tr>
<tr>
<td>Item Shape</td>
<td>Rectangular</td>
</tr>
<tr>
<td>Weave Type</td>
<td>Machine Made</td>
</tr>
<tr>
<td>Pile Height</td>
<td>Low Pile</td>
</tr>
<tr>
<td>Construction Type</td>
<td>Machine Made</td>
</tr>
<tr>
<td>Indoor/Outdoor Usage</td>
<td>Both</td>
</tr>
<tr>
<td>Room Type</td>
<td>Classroom</td>
</tr>
<tr>
<td>Water Resistance Level</td>
<td>Water Resistant</td>
</tr>
<tr>
<td>Pattern</td>
<td>Composition Notebook Style</td>
</tr>
<tr>
<td>Style Name</td>
<td>Modern</td>
</tr>
<tr>
<td>Number of Pieces</td>
<td>1</td>
</tr>
</table><h3>Material &amp; Care</h3><table border=""1"" cellpadding=""6"" style=""border-collapse:collapse;width:100%"">
<tr>
<th align=""left"" width=""35%"">Item</th>
<th align=""left"">Detail</th>
</tr>
<tr>
<td>Material Type</td>
<td>Polyester</td>
</tr>
<tr>
<td>Back Material Type</td>
<td>High-quality Epoxy</td>
</tr>
<tr>
<td>Care Instructions</td>
<td>Avoid bleaching</td>
</tr>
<tr>
<td>Cleaning Method</td>
<td>Hose down or sponge clean with mild liquid soap</td>
</tr>
<tr>
<td>Drying</td>
<td>Air dry</td>
</tr>
</table><h3>Where It Works</h3><p>This doormat is suitable for classrooms, entryways, and RVs, making it a versatile option for various settings. It is designed to add a welcoming and personalized element to these spaces.</p>",CHILLGEN,Services > Building & Construction Services > Outdoor Construction,Rug,"amazon-parent-b0fgdcsg3y, classroom, doormat, home-decor, low-pile, modern, personalized, rectangular, rug",false,Choose Your Option,"Blank Doormat, No Custom",,Pick Up Size,"24""x16"" (40x60 cm)",,,,,AMZ-RUG-B0FGDGJ9MY-1,0.0,,0,deny,manual,21.90,29.20,true,false,,,,,"",https://cdn.shopify.com/s/files/1/1023/0068/0561/files/12a24a7c0ffaba1fcb66cd9fcc65e99f578751c652ff43b9ee1b674ca581a99c.jpg?v=1789094429,1,"Personalized Teacher Welcome Door Mat with Name, Composition Notebook Style, Perfect Classroom Decor & Back to School Gift for Teachers (Everyone is Welcome)",false,,"This modern, personalized doormat is made from polyester with a non-slip backing, ideal for any classroom or entryway.",,,,,,,,,,,,B0FGDCSG3Y,,,,,lb,,,draft
personalized-diverse-hands-welcome-door-mat-non-slip-backing,,,,,,,,,"Blank Doormat, No Custom",,,"32""x20"" (50x80 cm) - BEST SELLING",,,,,AMZ-RUG-B0FGDGJ9MY-2,0.0,,0,deny,manual,30.90,41.20,true,false,,,,,"",https://cdn.shopify.com/s/files/1/1023/0068/0561/files/e6ad35317739851abf4a91fd2f59a59e641a3aa079e8797af64ab794685378c4.jpg?v=1789094429,2,"Personalized Teacher Welcome Door Mat with Name, Composition Notebook Style, Perfect Classroom Decor & Back to School Gift for Teachers (Everyone is Welcome)",,,,,,,,,,,,,,,,,,,,lb,,,
personalized-diverse-hands-welcome-door-mat-non-slip-backing,,,,,,,,,"Blank Doormat, No Custom",,,"36""x24"" (60x90 cm)",,,,,AMZ-RUG-B0FGDGJ9MY-3,0.0,,0,deny,manual,34.90,46.53,true,false,,,,,"",https://cdn.shopify.com/s/files/1/1023/0068/0561/files/fb5ee4ac7a7c5d2e09b92ab91c64e46e8d064b2f1a536f4316e8772ecbee83d1.jpg?v=1789094429,3,"Personalized Teacher Welcome Door Mat with Name, Composition Notebook Style, Perfect Classroom Decor & Back to School Gift for Teachers (Everyone is Welcome)",,,,,,,,,,,,,,,,,,,,lb,,,
personalized-diverse-hands-welcome-door-mat-non-slip-backing,,,,,,,,,Customized Doormat,,,"24""x16"" (40x60 cm)",,,,,AMZ-RUG-B0FGDGJ9MY-4,0.0,,0,deny,manual,28.90,38.53,true,false,,,,,"",https://cdn.shopify.com/s/files/1/1023/0068/0561/files/5492f742cd17706920421983a5c36d13682f5198c5ece43c7f61f3642ce557dd.jpg?v=1789094429,4,"Personalized Teacher Welcome Door Mat with Name, Composition Notebook Style, Perfect Classroom Decor & Back to School Gift for Teachers (Everyone is Welcome)",,,,,,,,,,,,,,,,,,,,lb,,,
personalized-diverse-hands-welcome-door-mat-non-slip-backing,,,,,,,,,Customized Doormat,,,"32""x20"" (50x80 cm) - BEST SELLING",,,,,AMZ-RUG-B0FGDGJ9MY-5,0.0,,0,deny,manual,37.90,50.53,true,false,,,,,"",https://cdn.shopify.com/s/files/1/1023/0068/0561/files/ec791d03544208a61fbe11cdec7e4a1245722d9f74c785be2a67a91e18dddea3.jpg?v=1789094429,5,"Personalized Teacher Welcome Door Mat with Name, Composition Notebook Style, Perfect Classroom Decor & Back to School Gift for Teachers (Everyone is Welcome)",,,,,,,,,,,,,,,,,,,,lb,,,
personalized-diverse-hands-welcome-door-mat-non-slip-backing,,,,,,,,,Customized Doormat,,,"36""x24"" (60x90 cm)",,,,,AMZ-RUG-B0FGDGJ9MY-6,0.0,,0,deny,manual,41.90,55.87,true,false,,,,,"",https://cdn.shopify.com/s/files/1/1023/0068/0561/files/7702dcbb4daac1bfeef71642b7f6524ff703b74dfe2cb40021a37cf388a34ea4.jpg?v=1789094429,6,"Personalized Teacher Welcome Door Mat with Name, Composition Notebook Style, Perfect Classroom Decor & Back to School Gift for Teachers (Everyone is Welcome)",,,,,,,,,,,,,,,,,,,,lb,,,
personalized-in-this-classroom-doormat-non-slip-backing-design-03,"Personalized In This Classroom Doormat, Non-Slip Backing - Design 03","<p>This personalized doormat offers a warm and cheerful welcome, designed specifically for classrooms. Featuring a unique Composition Notebook style, it adds a special, friendly touch to any learning environment. Ideal for welcoming students or as a thoughtful gift for educators.</p><h3>Product Highlights</h3><ul>
<li>Personalize with a teacher's name for a unique touch.</li>
<li>Made from soft, durable non-woven fabric with a non-slip backing.</li>
<li>Effectively traps dirt, dust, and grime to keep floors clean.</li>
<li>Heat-resistant material ensures long-lasting use.</li>
<li>Versatile for both indoor and outdoor settings.</li>
<li>Easy to clean and maintain with simple washing instructions.</li>
</ul><h3>Specifications</h3><table border=""1"" cellpadding=""6"" style=""border-collapse:collapse;width:100%"">
<tr>
<th align=""left"" width=""35%"">Attribute</th>
<th align=""left"">Value</th>
</tr>
<tr>
<td>Rug Form</td>
<td>Doormat</td>
</tr>
<tr>
<td>Item Shape</td>
<td>Rectangular</td>
</tr>
<tr>
<td>Weave Type</td>
<td>Machine Made</td>
</tr>
<tr>
<td>Pile Height</td>
<td>Low Pile</td>
</tr>
<tr>
<td>Construction Type</td>
<td>Machine Made</td>
</tr>
<tr>
<td>Indoor/Outdoor Usage</td>
<td>Both</td>
</tr>
<tr>
<td>Room Type</td>
<td>Classroom</td>
</tr>
<tr>
<td>Water Resistance</td>
<td>Water Resistant</td>
</tr>
<tr>
<td>Pattern</td>
<td>Composition Notebook Style</td>
</tr>
<tr>
<td>Theme</td>
<td>Classroom</td>
</tr>
<tr>
<td>Style</td>
<td>Modern</td>
</tr>
<tr>
<td>Number of Pieces</td>
<td>1</td>
</tr>
<tr>
<td>Personalization</td>
<td>Text Input</td>
</tr>
</table><h3>Material &amp; Care</h3><table border=""1"" cellpadding=""6"" style=""border-collapse:collapse;width=100%"">
<tr>
<th align=""left"" width=""35%"">Item</th>
<th align=""left"">Detail</th>
</tr>
<tr>
<td>Material Type</td>
<td>Polyester</td>
</tr>
<tr>
<td>Backing Material</td>
<td>High-quality Epoxy</td>
</tr>
<tr>
<td>Surface/Feel</td>
<td>Soft non-woven fabric top</td>
</tr>
<tr>
<td>Care Instructions</td>
<td>Washable; hose down or sponge clean with mild liquid soap. Avoid bleaching and air dry.</td>
</tr>
</table><h3>Where It Works</h3><p>This personalized doormat is perfect for classrooms, entryways, and RVs, creating a welcoming atmosphere for students and guests. Its durable design is suitable for various indoor and outdoor spaces where a cheerful and functional accent is desired.</p>",CHILLGEN,Services > Building & Construction Services > Outdoor Construction,Rug,"amazon-parent-b0fgdcsg3y, classroom, doormat, home-decor, modern, personalized, rectangular, rug, teacher",false,Choose Your Option,"Blank Doormat, No Custom",,Pick Up Size,"24""x16"" (40x60 cm)",,,,,AMZ-RUG-B0FGDBKNTZ-1,0.0,,0,deny,manual,21.90,29.20,true,false,,,,,"",https://cdn.shopify.com/s/files/1/1023/0068/0561/files/d76a7fb668e46d8d1d1ce7aefa2f1fe83f8d69dd74a6bd5b757c4af445695616.jpg?v=1789094431,1,"Personalized Teacher Welcome Door Mat with Name, Composition Notebook Style, Perfect Classroom Decor & Back to School Gift for Teachers (in This Classroom #3)",false,,This modern personalized doormat in a Composition Notebook style with non-slip backing is perfect for classrooms.,,,,,,,,,,,,B0FGDCSG3Y,,,,,lb,,,draft
personalized-in-this-classroom-doormat-non-slip-backing-design-03,,,,,,,,,"Blank Doormat, No Custom",,,"32""x20"" (50x80 cm) - BEST SELLING",,,,,AMZ-RUG-B0FGDBKNTZ-2,0.0,,0,deny,manual,30.90,41.20,true,false,,,,,"",https://cdn.shopify.com/s/files/1/1023/0068/0561/files/234a222114db2381eecedb9eed8f743243bd69af5cac4041928cf3dc336644c2.jpg?v=1789094431,2,"Personalized Teacher Welcome Door Mat with Name, Composition Notebook Style, Perfect Classroom Decor & Back to School Gift for Teachers (in This Classroom #3)",,,,,,,,,,,,,,,,,,,,lb,,,
personalized-in-this-classroom-doormat-non-slip-backing-design-03,,,,,,,,,"Blank Doormat, No Custom",,,"36""x24"" (60x90 cm)",,,,,AMZ-RUG-B0FGDBKNTZ-3,0.0,,0,deny,manual,34.90,46.53,true,false,,,,,"",https://cdn.shopify.com/s/files/1/1023/0068/0561/files/ec17236a138f6c703e74adace6b7431900136101ce6194263acdfc629c5af1b1.jpg?v=1789094430,3,"Personalized Teacher Welcome Door Mat with Name, Composition Notebook Style, Perfect Classroom Decor & Back to School Gift for Teachers (in This Classroom #3)",,,,,,,,,,,,,,,,,,,,lb,,,
personalized-in-this-classroom-doormat-non-slip-backing-design-03,,,,,,,,,Customized Doormat,,,"24""x16"" (40x60 cm)",,,,,AMZ-RUG-B0FGDBKNTZ-4,0.0,,0,deny,manual,28.90,38.53,true,false,,,,,"",https://cdn.shopify.com/s/files/1/1023/0068/0561/files/04ae7718250571aa280c309df5098b1dc4eafcdb134dc92fdbe511e0d9b57caa.jpg?v=1789094431,4,"Personalized Teacher Welcome Door Mat with Name, Composition Notebook Style, Perfect Classroom Decor & Back to School Gift for Teachers (in This Classroom #3)",,,,,,,,,,,,,,,,,,,,lb,,,
personalized-in-this-classroom-doormat-non-slip-backing-design-03,,,,,,,,,Customized Doormat,,,"32""x20"" (50x80 cm) - BEST SELLING",,,,,AMZ-RUG-B0FGDBKNTZ-5,0.0,,0,deny,manual,37.90,50.53,true,false,,,,,"",https://cdn.shopify.com/s/files/1/1023/0068/0561/files/609c8d8f04bb2fc44f53413619f18ce5e8f3de10149a0abb91f7a1f593f48066.jpg?v=1789094431,5,"Personalized Teacher Welcome Door Mat with Name, Composition Notebook Style, Perfect Classroom Decor & Back to School Gift for Teachers (in This Classroom #3)",,,,,,,,,,,,,,,,,,,,lb,,,
personalized-in-this-classroom-doormat-non-slip-backing-design-03,,,,,,,,,Customized Doormat,,,"36""x24"" (60x90 cm)",,,,,AMZ-RUG-B0FGDBKNTZ-6,0.0,,0,deny,manual,41.90,55.87,true,false,,,,,"",https://cdn.shopify.com/s/files/1/1023/0068/0561/files/8c644799eba05afb30e6725eb8a84a80d9ffa9a782b8fdd932403dcf9ec4100c.jpg?v=1789094431,6,"Personalized Teacher Welcome Door Mat with Name, Composition Notebook Style, Perfect Classroom Decor & Back to School Gift for Teachers (in This Classroom #3)",,,,,,,,,,,,,,,,,,,,lb,,,
personalized-rainbow-hearts-classroom-doormat-non-slip-backing,"Personalized Rainbow Hearts Classroom Doormat, Non-Slip Backing","<p>This personalized doormat is designed to welcome students with a warm and inviting entrance. Featuring a composition notebook style, it offers a special touch for any classroom. It serves as a decorative and functional item, perfect for creating a friendly atmosphere in educational spaces.</p><h3>Product Highlights</h3><ul>
<li>Personalize with a teacher's name for a unique touch.</li>
<li>Made with a soft and durable non-woven fabric top.</li>
<li>Neoprene rubber backing provides non-slip functionality.</li>
<li>Effectively traps dirt, dust, and grime to keep floors clean.</li>
<li>Suitable for both indoor and outdoor classroom use.</li>
</ul><h3>Specifications</h3><table border=""1"" cellpadding=""6"" style=""border-collapse:collapse;width:100%"">
<tr>
<th align=""left"" width=""35%"">Attribute</th>
<th align=""left"">Value</th>
</tr>
<tr>
<td>Rug Form</td>
<td>Doormat</td>
</tr>
<tr>
<td>Item Shape</td>
<td>Rectangular</td>
</tr>
<tr>
<td>Weave Type</td>
<td>Machine Made</td>
</tr>
<tr>
<td>Pile Height</td>
<td>Low Pile</td>
</tr>
<tr>
<td>Construction Type</td>
<td>Machine Made</td>
</tr>
<tr>
<td>Indoor/Outdoor Usage</td>
<td>Both</td>
</tr>
<tr>
<td>Water Resistance</td>
<td>Water Resistant</td>
</tr>
<tr>
<td>Pattern</td>
<td>Composition Notebook Style</td>
</tr>
<tr>
<td>Theme</td>
<td>Classroom</td>
</tr>
<tr>
<td>Style</td>
<td>Modern</td>
</tr>
<tr>
<td>Number of Pieces</td>
<td>1</td>
</tr>
<tr>
<td>Personalization</td>
<td>1 text input</td>
</tr>
</table><h3>Material &amp; Care</h3><table border=""1"" cellpadding=""6"" style=""border-collapse:collapse;width:100%"">
<tr>
<th align=""left"" width=""35%"">Item</th>
<th align=""left"">Detail</th>
</tr>
<tr>
<td>Material Type</td>
<td>Polyester</td>
</tr>
<tr>
<td>Backing Material</td>
<td>High-quality Epoxy</td>
</tr>
<tr>
<td>Care Instructions</td>
<td>Hose down or sponge clean with mild liquid soap; avoid bleaching; air dry</td>
</tr>
</table><h3>Where It Works</h3><p>This doormat is ideal for classrooms, entryways, and RVs, offering a welcoming touch to any educational or personal space. Its versatile design makes it suitable for both indoor and outdoor settings.</p>",CHILLGEN,Services > Building & Construction Services > Outdoor Construction,Rug,"amazon-parent-b0fgdcsg3y, classroom, doormat, home-decor, modern, personalized, rectangular, rug, teacher",false,Choose Your Option,"Blank Doormat, No Custom",,Pick Up Size,"24""x16"" (40x60 cm)",,,,,AMZ-RUG-B0FGDC5S3T-1,0.0,,0,deny,manual,21.90,29.20,true,false,,,,,"",https://cdn.shopify.com/s/files/1/1023/0068/0561/files/9a07fae58a117fa29c8c15ded2863ad5f48c2728c0015d7feab47947b7118f99.jpg?v=1789094431,1,"Personalized Teacher Welcome Door Mat with Name, Composition Notebook Style, Perfect Classroom Decor & Back to School Gift for Teachers (Affirmation #1)",false,,"Modern composition notebook style doormat with non-slip backing, perfect for personalized classroom entrances.",,,,,,,,,,,,B0FGDCSG3Y,,,,,lb,,,draft
personalized-rainbow-hearts-classroom-doormat-non-slip-backing,,,,,,,,,"Blank Doormat, No Custom",,,"32""x20"" (50x80 cm) - BEST SELLING",,,,,AMZ-RUG-B0FGDC5S3T-2,0.0,,0,deny,manual,30.90,41.20,true,false,,,,,"",https://cdn.shopify.com/s/files/1/1023/0068/0561/files/c838d5c4d8ad0cc53e106b436c658cbe9dfe90cdbfec0113a3ed2f389b8e2061.jpg?v=1789094431,2,"Personalized Teacher Welcome Door Mat with Name, Composition Notebook Style, Perfect Classroom Decor & Back to School Gift for Teachers (Affirmation #1)",,,,,,,,,,,,,,,,,,,,lb,,,
personalized-rainbow-hearts-classroom-doormat-non-slip-backing,,,,,,,,,"Blank Doormat, No Custom",,,"36""x24"" (60x90 cm)",,,,,AMZ-RUG-B0FGDC5S3T-3,0.0,,0,deny,manual,34.90,46.53,true,false,,,,,"",https://cdn.shopify.com/s/files/1/1023/0068/0561/files/ca82be20ba63f1d6ebe1f2a36d6a402324136514dea968255b6387a4f35adb27.jpg?v=1789094431,3,"Personalized Teacher Welcome Door Mat with Name, Composition Notebook Style, Perfect Classroom Decor & Back to School Gift for Teachers (Affirmation #1)",,,,,,,,,,,,,,,,,,,,lb,,,
personalized-rainbow-hearts-classroom-doormat-non-slip-backing,,,,,,,,,Customized Doormat,,,"24""x16"" (40x60 cm)",,,,,AMZ-RUG-B0FGDC5S3T-4,0.0,,0,deny,manual,28.90,38.53,true,false,,,,,"",https://cdn.shopify.com/s/files/1/1023/0068/0561/files/72b288f87043bfccfe0cf421990d907411ab84189ca348a6e75298424f2d6420.jpg?v=1789094431,4,"Personalized Teacher Welcome Door Mat with Name, Composition Notebook Style, Perfect Classroom Decor & Back to School Gift for Teachers (Affirmation #1)",,,,,,,,,,,,,,,,,,,,lb,,,
personalized-rainbow-hearts-classroom-doormat-non-slip-backing,,,,,,,,,Customized Doormat,,,"32""x20"" (50x80 cm) - BEST SELLING",,,,,AMZ-RUG-B0FGDC5S3T-5,0.0,,0,deny,manual,37.90,50.53,true,false,,,,,"",https://cdn.shopify.com/s/files/1/1023/0068/0561/files/e5e08a71640cf9def8f044738dc4474974e8851177d56a19e4c848902829c46f.jpg?v=1789094431,5,"Personalized Teacher Welcome Door Mat with Name, Composition Notebook Style, Perfect Classroom Decor & Back to School Gift for Teachers (Affirmation #1)",,,,,,,,,,,,,,,,,,,,lb,,,
personalized-rainbow-hearts-classroom-doormat-non-slip-backing,,,,,,,,,Customized Doormat,,,"36""x24"" (60x90 cm)",,,,,AMZ-RUG-B0FGDC5S3T-6,0.0,,0,deny,manual,41.90,55.87,true,false,,,,,"",https://cdn.shopify.com/s/files/1/1023/0068/0561/files/72cb1e085a6ba9012a142b093b220f21d34d7afa97fd546693547f7d17525747.jpg?v=1789094431,6,"Personalized Teacher Welcome Door Mat with Name, Composition Notebook Style, Perfect Classroom Decor & Back to School Gift for Teachers (Affirmation #1)",,,,,,,,,,,,,,,,,,,,lb,,,
personalized-classroom-inspirational-crayons-doormat-non-slip-backing,"Personalized Classroom Inspirational Crayons Doormat, Non-Slip Backing","<p>This personalized doormat offers a warm welcome to any classroom with its unique design. Featuring a Composition Notebook style, it can be customized with a teacher's name to create a special and inviting atmosphere. It is designed for daily use, effectively trapping dirt and moisture to keep floors clean.</p><h3>Product Highlights</h3><ul>
<li>Personalizable with a teacher's name</li>
<li>Soft and durable non-woven fabric top</li>
<li>Non-slip neoprene rubber backing</li>
<li>Traps dirt, dust, and grime</li>
<li>Suitable for indoor and outdoor use</li>
</ul><h3>Specifications</h3><table border=""1"" cellpadding=""6"" style=""border-collapse:collapse;width:100%"">
<tr>
<th align=""left"" width=""35%"">Attribute</th>
<th align=""left"">Value</th>
</tr>
<tr>
<td>Rug Form</td>
<td>Doormat</td>
</tr>
<tr>
<td>Item Shape</td>
<td>Rectangular</td>
</tr>
<tr>
<td>Weave Type</td>
<td>Machine Made</td>
</tr>
<tr>
<td>Pile Height</td>
<td>Low Pile</td>
</tr>
<tr>
<td>Construction Type</td>
<td>Machine Made</td>
</tr>
<tr>
<td>Indoor/Outdoor Usage</td>
<td>Both</td>
</tr>
<tr>
<td>Water Resistance</td>
<td>Water Resistant</td>
</tr>
<tr>
<td>Pattern</td>
<td>Composition Notebook Style</td>
</tr>
<tr>
<td>Style</td>
<td>Modern</td>
</tr>
<tr>
<td>Number of Pieces</td>
<td>1</td>
</tr>
</table><h3>Material &amp; Care</h3><table border=""1"" cellpadding=""6"" style=""border-collapse:collapse;width:100%"">
<tr>
<th align=""left"" width=""35%"">Item</th>
<th align=""left"">Detail</th>
</tr>
<tr>
<td>Material Type</td>
<td>Polyester</td>
</tr>
<tr>
<td>Backing Material</td>
<td>High-quality Epoxy</td>
</tr>
<tr>
<td>Care Instructions</td>
<td>Washable; hose down or sponge clean with mild liquid soap. Avoid bleaching.</td>
</tr>
<tr>
<td>Drying</td>
<td>Air dry</td>
</tr>
</table><h3>Where It Works</h3><p>This doormat is ideal for classrooms, entryways, and RVs, offering a versatile addition to various spaces. Its design makes it suitable for creating a welcoming environment for students and guests.</p>",CHILLGEN,Services > Building & Construction Services > Outdoor Construction,Rug,"amazon-parent-b0fgdcsg3y, classroom, doormat, home-decor, low-pile, modern, personalized, rectangular, rug",false,Choose Your Option,"Blank Doormat, No Custom",,Pick Up Size,"24""x16"" (40x60 cm)",,,,,AMZ-RUG-B0FGD9V4QF-1,0.0,,0,deny,manual,21.90,29.20,true,false,,,,,"",https://cdn.shopify.com/s/files/1/1023/0068/0561/files/f4342ea9b1031e6c560d2c9d4a5d9bee33c2b25f15fa3dabb95cad24915f61a8.jpg?v=1789094478,1,"Personalized Teacher Welcome Door Mat with Name, Composition Notebook Style, Perfect Classroom Decor & Back to School Gift for Teachers (in This Classroom #2)",false,,"Modern Composition Notebook style doormat made of polyester, ideal for personalized classroom decor, featuring a non-slip backing.",,,,,,,,,,,,B0FGDCSG3Y,,,,,lb,,,draft
personalized-classroom-inspirational-crayons-doormat-non-slip-backing,,,,,,,,,"Blank Doormat, No Custom",,,"32""x20"" (50x80 cm) - BEST SELLING",,,,,AMZ-RUG-B0FGD9V4QF-2,0.0,,0,deny,manual,30.90,41.20,true,false,,,,,"",https://cdn.shopify.com/s/files/1/1023/0068/0561/files/16f52d974efa1355cdc5924d8d6676fb55ca7f7e0341c5dbdbb17ace87c3ab33.jpg?v=1789094478,2,"Personalized Teacher Welcome Door Mat with Name, Composition Notebook Style, Perfect Classroom Decor & Back to School Gift for Teachers (in This Classroom #2)",,,,,,,,,,,,,,,,,,,,lb,,,
personalized-classroom-inspirational-crayons-doormat-non-slip-backing,,,,,,,,,"Blank Doormat, No Custom",,,"36""x24"" (60x90 cm)",,,,,AMZ-RUG-B0FGD9V4QF-3,0.0,,0,deny,manual,34.90,46.53,true,false,,,,,"",https://cdn.shopify.com/s/files/1/1023/0068/0561/files/f431c32f6321a80776eb8a4a3056a0df5f1a76987713a9c4cd95a9e29331ff3d.jpg?v=1789094478,3,"Personalized Teacher Welcome Door Mat with Name, Composition Notebook Style, Perfect Classroom Decor & Back to School Gift for Teachers (in This Classroom #2)",,,,,,,,,,,,,,,,,,,,lb,,,
personalized-classroom-inspirational-crayons-doormat-non-slip-backing,,,,,,,,,Customized Doormat,,,"24""x16"" (40x60 cm)",,,,,AMZ-RUG-B0FGD9V4QF-4,0.0,,0,deny,manual,28.90,38.53,true,false,,,,,"",https://cdn.shopify.com/s/files/1/1023/0068/0561/files/fbe88d18f5b5a349210a50f3f9828242b1c1027f9d050c99df049c1325ff47c9.jpg?v=1789094478,4,"Personalized Teacher Welcome Door Mat with Name, Composition Notebook Style, Perfect Classroom Decor & Back to School Gift for Teachers (in This Classroom #2)",,,,,,,,,,,,,,,,,,,,lb,,,
personalized-classroom-inspirational-crayons-doormat-non-slip-backing,,,,,,,,,Customized Doormat,,,"32""x20"" (50x80 cm) - BEST SELLING",,,,,AMZ-RUG-B0FGD9V4QF-5,0.0,,0,deny,manual,37.90,50.53,true,false,,,,,"",https://cdn.shopify.com/s/files/1/1023/0068/0561/files/794b0afeb3b10dc3d6cc0fc50f9a151a4569d17b42963e6650961f00e31852c3.jpg?v=1789094478,5,"Personalized Teacher Welcome Door Mat with Name, Composition Notebook Style, Perfect Classroom Decor & Back to School Gift for Teachers (in This Classroom #2)",,,,,,,,,,,,,,,,,,,,lb,,,
personalized-classroom-inspirational-crayons-doormat-non-slip-backing,,,,,,,,,Customized Doormat,,,"36""x24"" (60x90 cm)",,,,,AMZ-RUG-B0FGD9V4QF-6,0.0,,0,deny,manual,41.90,55.87,true,false,,,,,"",https://cdn.shopify.com/s/files/1/1023/0068/0561/files/c580e1987bba7064f670659aca06aacadf317395d2b3d98d2cc19527ba730ec7.jpg?v=1789094478,6,"Personalized Teacher Welcome Door Mat with Name, Composition Notebook Style, Perfect Classroom Decor & Back to School Gift for Teachers (in This Classroom #2)",,,,,,,,,,,,,,,,,,,,lb,,,
personalized-composition-book-style-door-mat-non-slip,"Personalized Composition Book Style Door Mat, Non-Slip","<p>This personalized doormat offers a welcoming touch for any classroom, featuring a unique composition notebook style. Designed for both visual appeal and daily function, it serves as an inviting accent piece while helping to maintain cleanliness. Ideal for educators, this doormat combines a distinctive design with practical features for a high-traffic environment.</p><h3>Product Highlights</h3><ul>
<li>Personalize with a teacher’s name for a unique touch.</li>
<li>Thoughtful gift for various occasions, including back-to-school.</li>
<li>Soft and durable non-woven fabric top ensures comfort.</li>
<li>Neoprene rubber backing provides non-slip functionality.</li>
<li>Effectively traps dirt, dust, and grime to keep floors clean.</li>
<li>Suitable for both indoor and outdoor classroom use.</li>
</ul><h3>Specifications</h3><table border=""1"" cellpadding=""6"" style=""border-collapse:collapse;width:100%"">
<tr>
<th align=""left"" width=""35%"">Attribute</th>
<th align=""left"">Value</th>
</tr>
<tr>
<td>Rug Form</td>
<td>Doormat</td>
</tr>
<tr>
<td>Item Shape</td>
<td>Rectangular</td>
</tr>
<tr>
<td>Weave Type</td>
<td>Machine Made</td>
</tr>
<tr>
<td>Pile Height</td>
<td>Low Pile</td>
</tr>
<tr>
<td>Construction Type</td>
<td>Machine Made</td>
</tr>
<tr>
<td>Indoor/Outdoor Usage</td>
<td>Both</td>
</tr>
<tr>
<td>Water Resistance</td>
<td>Water Resistant</td>
</tr>
<tr>
<td>Pattern</td>
<td>Composition Notebook Style</td>
</tr>
<tr>
<td>Theme</td>
<td>Composition Notebook Style</td>
</tr>
<tr>
<td>Style</td>
<td>Modern</td>
</tr>
<tr>
<td>Number of Pieces</td>
<td>1</td>
</tr>
</table><h3>Material &amp; Care</h3><table border=""1"" cellpadding=""6"" style=""border-collapse:collapse;width:100%"">
<tr>
<th align=""left"" width=""35%"">Item</th>
<th align=""left"">Detail</th>
</tr>
<tr>
<td>Material Type</td>
<td>Polyester</td>
</tr>
<tr>
<td>Backing Material</td>
<td>High-quality Epoxy</td>
</tr>
<tr>
<td>Care Instructions</td>
<td>Hose down or sponge clean with mild liquid soap; avoid bleaching; air dry</td>
</tr>
<tr>
<td>Cleaning Method</td>
<td>Hose down or sponge clean</td>
</tr>
</table><h3>Where It Works</h3><p>This versatile doormat is perfect for classrooms, entryways, and even RVs, providing a personalized and functional accent. Its durable construction makes it suitable for both indoor and outdoor settings, welcoming students and guests alike.</p>",CHILLGEN,Services > Building & Construction Services > Outdoor Construction,Rug,"amazon-parent-b0fgdcsg3y, back-to-school, classroom, doormat, home-decor, modern, personalized, rectangular, rug",false,Choose Your Option,"Blank Doormat, No Custom",,Pick Up Size,"24""x16"" (40x60 cm)",,,,,AMZ-RUG-B0H8D6J8F2-1,0.0,,0,deny,manual,21.90,29.20,true,false,,,,,"",https://cdn.shopify.com/s/files/1/1023/0068/0561/files/1cb42956a90cc1c3cc80f41ba6700889dae2b0de8f36bf6012c17cc74b19cea9.jpg?v=1789094479,1,"Personalized Teacher Welcome Door Mat with Name, Composition Notebook Style, Perfect Classroom Decor & Back to School Gift for Teachers (Composition Book Let's Learn)",false,,"Modern composition notebook style doormat with non-slip backing, personalized for classrooms or entryways, made of polyester.",,,,,,,,,,,,B0FGDCSG3Y,,,,,lb,,,draft
personalized-composition-book-style-door-mat-non-slip,,,,,,,,,"Blank Doormat, No Custom",,,"32""x20"" (50x80 cm) - BEST SELLING",,,,,AMZ-RUG-B0H8D6J8F2-2,0.0,,0,deny,manual,30.90,41.20,true,false,,,,,"",https://cdn.shopify.com/s/files/1/1023/0068/0561/files/14918e4158701b85f6845893059f9a6275a597f6cd1168929e3176290a1097e8.jpg?v=1789094479,2,"Personalized Teacher Welcome Door Mat with Name, Composition Notebook Style, Perfect Classroom Decor & Back to School Gift for Teachers (Composition Book Let's Learn)",,,,,,,,,,,,,,,,,,,,lb,,,
personalized-composition-book-style-door-mat-non-slip,,,,,,,,,"Blank Doormat, No Custom",,,"36""x24"" (60x90 cm)",,,,,AMZ-RUG-B0H8D6J8F2-3,0.0,,0,deny,manual,34.90,46.53,true,false,,,,,"",https://cdn.shopify.com/s/files/1/1023/0068/0561/files/100566e2d2ecff52266a7d0794b39e58cb4fd4b1fa4c4675b1949ce314a358d8.jpg?v=1789094479,3,"Personalized Teacher Welcome Door Mat with Name, Composition Notebook Style, Perfect Classroom Decor & Back to School Gift for Teachers (Composition Book Let's Learn)",,,,,,,,,,,,,,,,,,,,lb,,,
personalized-composition-book-style-door-mat-non-slip,,,,,,,,,Customized Doormat,,,"24""x16"" (40x60 cm)",,,,,AMZ-RUG-B0H8D6J8F2-4,0.0,,0,deny,manual,28.90,38.53,true,false,,,,,"",https://cdn.shopify.com/s/files/1/1023/0068/0561/files/14ab9849d47ae465620759afd92502a0d6800bcd5b32194ec4d70d6bde5c2fc2.jpg?v=1789094479,4,"Personalized Teacher Welcome Door Mat with Name, Composition Notebook Style, Perfect Classroom Decor & Back to School Gift for Teachers (Composition Book Let's Learn)",,,,,,,,,,,,,,,,,,,,lb,,,
personalized-composition-book-style-door-mat-non-slip,,,,,,,,,Customized Doormat,,,"32""x20"" (50x80 cm) - BEST SELLING",,,,,AMZ-RUG-B0H8D6J8F2-5,0.0,,0,deny,manual,37.90,50.53,true,false,,,,,"",https://cdn.shopify.com/s/files/1/1023/0068/0561/files/dcc9b6cb2f3a75a0b8866c993cfb205ede1ea3659f4b4d2399af5265b90a6ca8.jpg?v=1789094479,5,"Personalized Teacher Welcome Door Mat with Name, Composition Notebook Style, Perfect Classroom Decor & Back to School Gift for Teachers (Composition Book Let's Learn)",,,,,,,,,,,,,,,,,,,,lb,,,
personalized-composition-book-style-door-mat-non-slip,,,,,,,,,Customized Doormat,,,"36""x24"" (60x90 cm)",,,,,AMZ-RUG-B0H8D6J8F2-6,0.0,,0,deny,manual,41.90,55.87,true,false,,,,,"",https://cdn.shopify.com/s/files/1/1023/0068/0561/files/0613a2171326574411ee1b9afca4effae6d6be7f06b0512b099a793451521d2f.jpg?v=1789094479,6,"Personalized Teacher Welcome Door Mat with Name, Composition Notebook Style, Perfect Classroom Decor & Back to School Gift for Teachers (Composition Book Let's Learn)",,,,,,,,,,,,,,,,,,,,lb,,,
personalized-good-day-to-do-math-typography-door-mat-non-slip-backing,"Personalized Good Day To Do Math typography Door Mat, Non-Slip Backing","<p>🖊️ PERSONALIZED CLASSROOM DOORMAT: Make your classroom feel extra special by personalizing this doormat with the teacher’s name. Click “CUSTOMIZE” to enter your details and place your order!, 🎁 PERFECT BACK-TO-SCHOOL GIFT: A thoughtful and unique gift for teachers, ideal for welcoming students back to school, celebrating the first day, birthdays, Christmas, or Thanksgiving. Customizable with the teacher’s name., 🌟 HIGH-QUALITY MATERIAL: Soft and durable non-woven fabric top that’s heat-resistant, with a neoprene rubber non-slip backing. Effectively dries wet feet, and traps dirt, dust, and grime to keep your floors clean., 📏 IDEAL FOR CLASSROOM: Available in four sizes: 16x24 inches, 18x30 inches, 19x32 inches, and 24x36 inches. Perfect for both indoor and outdoor use, making it a versatile addition to classrooms, entryways, and RVs., 🧼 EASY TO MAINTAIN: The doormat is washable and easy to clean. Simply hose it down or sponge clean with mild liquid soap. Avoid bleaching and let it air dry for long-lasting use.</p>",CHILLGEN,Services > Building & Construction Services > Outdoor Construction,Rug,"amazon-parent-b0fgdcsg3y, Composition Notebook Style, home-decor, Perfect Classroom Decor & Back to School Gift for Teachers (Math Class), Personalized Teacher Welcome Door Mat with Name, rug",false,Choose Your Option,"Blank Doormat, No Custom",,Pick Up Size,"24""x16"" (40x60 cm)",,,,,AMZ-RUG-B0FGDBM423-1,0.0,,0,deny,manual,21.90,29.20,true,false,,,,,"",https://cdn.shopify.com/s/files/1/1023/0068/0561/files/39ebc76de60ccbb0b85c2df9c021292a5b53a87ca42fe4c81364b412afc1afe8.jpg?v=1789094479,1,"Personalized Teacher Welcome Door Mat with Name, Composition Notebook Style, Perfect Classroom Decor & Back to School Gift for Teachers (Math Class)",false,,"Modern rectangular doormat with a non-slip backing, made from polyester, ideal for classrooms and entryways.",,,,,,,,,,,,B0FGDCSG3Y,,,,,lb,,,draft
personalized-good-day-to-do-math-typography-door-mat-non-slip-backing,,,,,,,,,"Blank Doormat, No Custom",,,"32""x20"" (50x80 cm) - BEST SELLING",,,,,AMZ-RUG-B0FGDBM423-2,0.0,,0,deny,manual,30.90,41.20,true,false,,,,,"",https://cdn.shopify.com/s/files/1/1023/0068/0561/files/6a537ce1846604b3475d8e1c867e02f8f8edca4df9e95d16947cbef1e27f8c8a.jpg?v=1789094478,2,"Personalized Teacher Welcome Door Mat with Name, Composition Notebook Style, Perfect Classroom Decor & Back to School Gift for Teachers (Math Class)",,,,,,,,,,,,,,,,,,,,lb,,,
personalized-good-day-to-do-math-typography-door-mat-non-slip-backing,,,,,,,,,"Blank Doormat, No Custom",,,"36""x24"" (60x90 cm)",,,,,AMZ-RUG-B0FGDBM423-3,0.0,,0,deny,manual,34.90,46.53,true,false,,,,,"",https://cdn.shopify.com/s/files/1/1023/0068/0561/files/17bd7e56ab85bdb02a96dcd75c94e669979417ec61ed32fb4daa31fe514de200.jpg?v=1789094479,3,"Personalized Teacher Welcome Door Mat with Name, Composition Notebook Style, Perfect Classroom Decor & Back to School Gift for Teachers (Math Class)",,,,,,,,,,,,,,,,,,,,lb,,,
personalized-good-day-to-do-math-typography-door-mat-non-slip-backing,,,,,,,,,Customized Doormat,,,"24""x16"" (40x60 cm)",,,,,AMZ-RUG-B0FGDBM423-4,0.0,,0,deny,manual,28.90,38.53,true,false,,,,,"",https://cdn.shopify.com/s/files/1/1023/0068/0561/files/260ed4a3f7144d3996ba7c9d744e5c33537ff6c513c5fc6944d845c3b33d2c0e.jpg?v=1789094479,4,"Personalized Teacher Welcome Door Mat with Name, Composition Notebook Style, Perfect Classroom Decor & Back to School Gift for Teachers (Math Class)",,,,,,,,,,,,,,,,,,,,lb,,,
personalized-good-day-to-do-math-typography-door-mat-non-slip-backing,,,,,,,,,Customized Doormat,,,"32""x20"" (50x80 cm) - BEST SELLING",,,,,AMZ-RUG-B0FGDBM423-5,0.0,,0,deny,manual,37.90,50.53,true,false,,,,,"",https://cdn.shopify.com/s/files/1/1023/0068/0561/files/4d5d0a682c510610f954595e9eda1fa1a94c72e9bc30420850a30f8b955c6c5f.jpg?v=1789094479,5,"Personalized Teacher Welcome Door Mat with Name, Composition Notebook Style, Perfect Classroom Decor & Back to School Gift for Teachers (Math Class)",,,,,,,,,,,,,,,,,,,,lb,,,
personalized-good-day-to-do-math-typography-door-mat-non-slip-backing,,,,,,,,,Customized Doormat,,,"36""x24"" (60x90 cm)",,,,,AMZ-RUG-B0FGDBM423-6,0.0,,0,deny,manual,41.90,55.87,true,false,,,,,"",https://cdn.shopify.com/s/files/1/1023/0068/0561/files/6d0fb140cbe38256a01e224ba54d68f417f14081ad7df33bceeedd9da675b01e.jpg?v=1789094479,6,"Personalized Teacher Welcome Door Mat with Name, Composition Notebook Style, Perfect Classroom Decor & Back to School Gift for Teachers (Math Class)",,,,,,,,,,,,,,,,,,,,lb,,,
personalized-open-book-with-flowers-and-pencil-door-mat,Personalized Open Book With Flowers And Pencil Door Mat,"<p>This personalized doormat is designed to create a welcoming and special entrance for any classroom. Featuring a composition notebook style, it offers a unique touch while providing practical functionality. It serves as a thoughtful gift for teachers and is suitable for various settings.</p><h3>Product Highlights</h3><ul>
<li>Personalizable with a teacher's name</li>
<li>Thoughtful gift for teachers and back-to-school</li>
<li>Soft non-woven fabric top with non-slip backing</li>
<li>Traps dirt, dust, and grime to keep floors clean</li>
<li>Suitable for both indoor and outdoor use</li>
</ul><h3>Specifications</h3><table border=""1"" cellpadding=""6"" style=""border-collapse:collapse;width:100%"">
<tr>
<th align=""left"" width=""35%"">Attribute</th>
<th align=""left"">Value</th>
</tr>
<tr>
<td>Rug Form</td>
<td>Doormat</td>
</tr>
<tr>
<td>Item Shape</td>
<td>Rectangular</td>
</tr>
<tr>
<td>Weave Type</td>
<td>Machine Made</td>
</tr>
<tr>
<td>Pile Height</td>
<td>Low Pile</td>
</tr>
<tr>
<td>Construction Type</td>
<td>Machine Made</td>
</tr>
<tr>
<td>Indoor/Outdoor Usage</td>
<td>Both</td>
</tr>
<tr>
<td>Water Resistance</td>
<td>Water Resistant</td>
</tr>
<tr>
<td>Pattern</td>
<td>Composition Notebook Style</td>
</tr>
<tr>
<td>Style</td>
<td>Modern</td>
</tr>
<tr>
<td>Number of Pieces</td>
<td>1</td>
</tr>
<tr>
<td>Text</td>
<td>1 text input</td>
</tr>
</table><h3>Material &amp; Care</h3><table border=""1"" cellpadding=""6"" style=""border-collapse:collapse;width:100%"">
<tr>
<th align=""left"" width=""35%"">Item</th>
<th align=""left"">Detail</th>
</tr>
<tr>
<td>Material Type</td>
<td>Polyester</td>
</tr>
<tr>
<td>Backing Material</td>
<td>High-quality Epoxy</td>
</tr>
<tr>
<td>Care Instructions</td>
<td>Avoid bleaching</td>
</tr>
<tr>
<td>Cleaning Method</td>
<td>Hose down or sponge clean with mild liquid soap</td>
</tr>
<tr>
<td>Drying</td>
<td>Air dry</td>
</tr>
</table><h3>Where It Works</h3><p>This doormat is ideal for classrooms, entryways, and RVs, offering a welcoming touch to various spaces. Its versatile design makes it suitable for both indoor and outdoor environments.</p>",CHILLGEN,Home & Garden > Kitchen & Dining > Food & Beverage Carriers > Growlers,Rug,"amazon-parent-b0fgdcsg3y, classroom, doormat, home-decor, indoor-outdoor, modern, personalized, rectangular, rug",false,Choose Your Option,"Blank Doormat, No Custom",,Pick Up Size,"24""x16"" (40x60 cm)",,,,,AMZ-RUG-B0FGDBN4CH-1,0.0,,0,deny,manual,21.90,29.20,true,false,,,,,"",https://cdn.shopify.com/s/files/1/1023/0068/0561/files/b522fe1d263de4842fe547f16b0024dedacf2ce965e7ef43145555907bcbcdd4.jpg?v=1789094527,1,"Personalized Teacher Welcome Door Mat with Name, Composition Notebook Style, Perfect Classroom Decor & Back to School Gift for Teachers (Little Minds Grow Here #1)",false,,"This modern, personalized doormat with a non-slip backing is perfect for classrooms and entryways, made from durable polyester.",2920,,,,,,,,,,,B0FGDCSG3Y,,,,,lb,,,draft
personalized-open-book-with-flowers-and-pencil-door-mat,,,,,,,,,"Blank Doormat, No Custom",,,"32""x20"" (50x80 cm) - BEST SELLING",,,,,AMZ-RUG-B0FGDBN4CH-2,0.0,,0,deny,manual,30.90,41.20,true,false,,,,,"",https://cdn.shopify.com/s/files/1/1023/0068/0561/files/81e10a18dc6440cfd916bda81a1b2e37faf5602a05f9e46ca5bf64c11c003743.jpg?v=1789094527,2,"Personalized Teacher Welcome Door Mat with Name, Composition Notebook Style, Perfect Classroom Decor & Back to School Gift for Teachers (Little Minds Grow Here #1)",,,,,,,,,,,,,,,,,,,,lb,,,
personalized-open-book-with-flowers-and-pencil-door-mat,,,,,,,,,"Blank Doormat, No Custom",,,"36""x24"" (60x90 cm)",,,,,AMZ-RUG-B0FGDBN4CH-3,0.0,,0,deny,manual,34.90,46.53,true,false,,,,,"",https://cdn.shopify.com/s/files/1/1023/0068/0561/files/8474a7394b6765d55ced9e74766c5bd2a877d8dd551109b8490a608deff4f2ce.jpg?v=1789094527,3,"Personalized Teacher Welcome Door Mat with Name, Composition Notebook Style, Perfect Classroom Decor & Back to School Gift for Teachers (Little Minds Grow Here #1)",,,,,,,,,,,,,,,,,,,,lb,,,
personalized-open-book-with-flowers-and-pencil-door-mat,,,,,,,,,Customized Doormat,,,"24""x16"" (40x60 cm)",,,,,AMZ-RUG-B0FGDBN4CH-4,0.0,,0,deny,manual,28.90,38.53,true,false,,,,,"",https://cdn.shopify.com/s/files/1/1023/0068/0561/files/0cce56257869ffdef77424df4b06b7f8070e6d110eb78c1407831c1ba0edef03.jpg?v=1789094527,4,"Personalized Teacher Welcome Door Mat with Name, Composition Notebook Style, Perfect Classroom Decor & Back to School Gift for Teachers (Little Minds Grow Here #1)",,,,,,,,,,,,,,,,,,,,lb,,,
personalized-open-book-with-flowers-and-pencil-door-mat,,,,,,,,,Customized Doormat,,,"32""x20"" (50x80 cm) - BEST SELLING",,,,,AMZ-RUG-B0FGDBN4CH-5,0.0,,0,deny,manual,37.90,50.53,true,false,,,,,"",https://cdn.shopify.com/s/files/1/1023/0068/0561/files/ce5cd87c59d4105fb0db7c0635e80dd693f4c2c327a0ef81ab3ec89e599e919f.jpg?v=1789094527,5,"Personalized Teacher Welcome Door Mat with Name, Composition Notebook Style, Perfect Classroom Decor & Back to School Gift for Teachers (Little Minds Grow Here #1)",,,,,,,,,,,,,,,,,,,,lb,,,
personalized-open-book-with-flowers-and-pencil-door-mat,,,,,,,,,Customized Doormat,,,"36""x24"" (60x90 cm)",,,,,AMZ-RUG-B0FGDBN4CH-6,0.0,,0,deny,manual,41.90,55.87,true,false,,,,,"",https://cdn.shopify.com/s/files/1/1023/0068/0561/files/c3c451c733c61768f77e1bcc621e41abe270e18b1266d014f00ca63b2366d839.jpg?v=1789094527,6,"Personalized Teacher Welcome Door Mat with Name, Composition Notebook Style, Perfect Classroom Decor & Back to School Gift for Teachers (Little Minds Grow Here #1)",,,,,,,,,,,,,,,,,,,,lb,,,
personalized-composition-notebook-teacher-door-mat-non-slip-backing,"Personalized Composition Notebook Teacher Door Mat, Non-Slip Backing","<p>This personalized teacher welcome doormat creates a warm and cheerful entrance for any classroom. Featuring a unique Composition Notebook Style, it offers a special touch with customization options for a teacher's name. It's designed to be a welcoming and functional addition, perfect for greeting students.</p>
<h3>Product Highlights</h3>
<ul>
<li>Personalize with the teacher's name for a unique classroom touch.</li>
<li>Soft non-woven fabric top provides comfort.</li>
<li>Non-slip neoprene rubber backing ensures stability.</li>
<li>Effectively traps dirt, dust, and grime to keep floors clean.</li>
<li>Versatile for both indoor and outdoor classroom use.</li>
</ul>
<h3>Specifications</h3>
<table border=""1"" cellpadding=""6"" style=""border-collapse:collapse;width:100%"">
<tr>
<th align=""left"" width=""35%"">Attribute</th>
<th align=""left"">Value</th>
</tr>
<tr>
<td>Rug Form</td>
<td>Doormat</td>
</tr>
<tr>
<td>Item Shape</td>
<td>Rectangular</td>
</tr>
<tr>
<td>Weave Type</td>
<td>Machine Made</td>
</tr>
<tr>
<td>Pile Height</td>
<td>Low Pile</td>
</tr>
<tr>
<td>Construction Type</td>
<td>Machine Made</td>
</tr>
<tr>
<td>Indoor/Outdoor Usage</td>
<td>Both</td>
</tr>
<tr>
<td>Water Resistance Level</td>
<td>Water Resistant</td>
</tr>
<tr>
<td>Pattern</td>
<td>Composition Notebook Style</td>
</tr>
<tr>
<td>Style Name</td>
<td>Modern</td>
</tr>
<tr>
<td>Number of Pieces</td>
<td>1</td>
</tr>
</table>
<h3>Material &amp; Care</h3>
<table border=""1"" cellpadding=""6"" style=""border-collapse:collapse;width:100%"">
<tr>
<th align=""left"" width=""35%"">Item</th>
<th align=""left"">Detail</th>
</tr>
<tr>
<td>Material Type</td>
<td>Polyester</td>
</tr>
<tr>
<td>Back Material Type</td>
<td>High-quality Epoxy</td>
</tr>
<tr>
<td>Care Instructions</td>
<td>Avoid bleaching</td>
</tr>
<tr>
<td>Cleaning Method</td>
<td>Hose down or sponge clean with mild liquid soap</td>
</tr>
<tr>
<td>Drying</td>
<td>Air dry</td>
</tr>
</table>
<h3>Where It Works</h3>
<p>This doormat is ideal for classrooms, entryways, and RVs, offering a welcoming touch in various educational and personal spaces. Its durable design makes it suitable for both indoor and outdoor settings, ensuring functionality wherever it is placed.</p>",CHILLGEN,Home & Garden > Lawn & Garden > Gardening > Composting > Compost,Rug,"amazon-parent-b0fgdcsg3y, classroom-rug, doormat, home-decor, modern-style, personalized-rug, polyester-rug, rectangular-rug, rug",false,Choose Your Option,"Blank Doormat, No Custom",,Pick Up Size,"24""x16"" (40x60 cm)",,,,,AMZ-RUG-B0FGDCWSV5-1,0.0,,0,deny,manual,21.90,29.20,true,false,,,,,"",https://cdn.shopify.com/s/files/1/1023/0068/0561/files/63625ac2b606ce8f3d7faba7517a1681a69b8e54df2f298d4e1f3c07b2f074b6.jpg?v=1789094528,1,"Personalized Teacher Welcome Door Mat with Name, Composition Notebook Style, Perfect Classroom Decor & Back to School Gift for Teachers (Composition Notebook #2)",false,,"Modern Composition Notebook Style doormat made of polyester with a non-slip backing, perfect for a personalized classroom entrance.",690,,,,,,,,,,,B0FGDCSG3Y,,,,,lb,,,draft
personalized-composition-notebook-teacher-door-mat-non-slip-backing,,,,,,,,,"Blank Doormat, No Custom",,,"32""x20"" (50x80 cm) - BEST SELLING",,,,,AMZ-RUG-B0FGDCWSV5-2,0.0,,0,deny,manual,30.90,41.20,true,false,,,,,"",https://cdn.shopify.com/s/files/1/1023/0068/0561/files/197803e918e1549fe9ac58538db8a67a42ea08cff93586eec74d977e015de3a8.jpg?v=1789094528,2,"Personalized Teacher Welcome Door Mat with Name, Composition Notebook Style, Perfect Classroom Decor & Back to School Gift for Teachers (Composition Notebook #2)",,,,,,,,,,,,,,,,,,,,lb,,,
personalized-composition-notebook-teacher-door-mat-non-slip-backing,,,,,,,,,"Blank Doormat, No Custom",,,"36""x24"" (60x90 cm)",,,,,AMZ-RUG-B0FGDCWSV5-3,0.0,,0,deny,manual,34.90,46.53,true,false,,,,,"",https://cdn.shopify.com/s/files/1/1023/0068/0561/files/a4cb6367c784837a4a612180408e8010faa9365d9459c1ac40ac1558b88d2b98.jpg?v=1789094528,3,"Personalized Teacher Welcome Door Mat with Name, Composition Notebook Style, Perfect Classroom Decor & Back to School Gift for Teachers (Composition Notebook #2)",,,,,,,,,,,,,,,,,,,,lb,,,
personalized-composition-notebook-teacher-door-mat-non-slip-backing,,,,,,,,,Customized Doormat,,,"24""x16"" (40x60 cm)",,,,,AMZ-RUG-B0FGDCWSV5-4,0.0,,0,deny,manual,28.90,38.53,true,false,,,,,"",https://cdn.shopify.com/s/files/1/1023/0068/0561/files/015ffaa08c962f3d39546ed7f003dc8a0b02be8f4cb27ad0601943e50df5a8cd.jpg?v=1789094528,4,"Personalized Teacher Welcome Door Mat with Name, Composition Notebook Style, Perfect Classroom Decor & Back to School Gift for Teachers (Composition Notebook #2)",,,,,,,,,,,,,,,,,,,,lb,,,
personalized-composition-notebook-teacher-door-mat-non-slip-backing,,,,,,,,,Customized Doormat,,,"32""x20"" (50x80 cm) - BEST SELLING",,,,,AMZ-RUG-B0FGDCWSV5-5,0.0,,0,deny,manual,37.90,50.53,true,false,,,,,"",https://cdn.shopify.com/s/files/1/1023/0068/0561/files/6556a35c4975651ef5eb7e4e1b60a3c63c5de3e78255a876be6f70603d6c53e4.jpg?v=1789094528,5,"Personalized Teacher Welcome Door Mat with Name, Composition Notebook Style, Perfect Classroom Decor & Back to School Gift for Teachers (Composition Notebook #2)",,,,,,,,,,,,,,,,,,,,lb,,,
personalized-composition-notebook-teacher-door-mat-non-slip-backing,,,,,,,,,Customized Doormat,,,"36""x24"" (60x90 cm)",,,,,AMZ-RUG-B0FGDCWSV5-6,0.0,,0,deny,manual,41.90,55.87,true,false,,,,,"",https://cdn.shopify.com/s/files/1/1023/0068/0561/files/dd923aae5c51b3608343ff14701a9952f69f7602d8b61319952f1d6ff19f7a51.jpg?v=1789094528,6,"Personalized Teacher Welcome Door Mat with Name, Composition Notebook Style, Perfect Classroom Decor & Back to School Gift for Teachers (Composition Notebook #2)",,,,,,,,,,,,,,,,,,,,lb,,,
personalized-composition-notebook-style-teacher-door-mat,Personalized Composition Notebook Style Teacher Door Mat,"<p>This personalized doormat offers a welcoming touch to any classroom, featuring a modern composition notebook style. Designed for both indoor and outdoor use, it combines aesthetic appeal with practical functionality, making it a special addition to educational environments.</p><h3>Product Highlights</h3><ul>
<li>Personalized with a teacher’s name for a unique touch</li>
<li>Soft and durable non-woven fabric top for comfort</li>
<li>Neoprene rubber non-slip backing for stability</li>
<li>Effectively dries wet feet and traps dirt and grime</li>
<li>Suitable for classrooms, entryways, and RVs</li>
</ul><h3>Specifications</h3><table border=""1"" cellpadding=""6"" style=""border-collapse:collapse;width:100%"">
<tr>
<th align=""left"" width=""35%"">Attribute</th>
<th align=""left"">Value</th>
</tr>
<tr>
<td>Rug Form</td>
<td>Doormat</td>
</tr>
<tr>
<td>Item Shape</td>
<td>Rectangular</td>
</tr>
<tr>
<td>Weave Type</td>
<td>Machine Made</td>
</tr>
<tr>
<td>Pile Height</td>
<td>Low Pile</td>
</tr>
<tr>
<td>Construction Type</td>
<td>Machine Made</td>
</tr>
<tr>
<td>Indoor/Outdoor Usage</td>
<td>Both</td>
</tr>
<tr>
<td>Room Type</td>
<td>Classroom</td>
</tr>
<tr>
<td>Water Resistance</td>
<td>Water Resistant</td>
</tr>
<tr>
<td>Special Features</td>
<td>Personalized</td>
</tr>
<tr>
<td>Pattern</td>
<td>Composition Notebook Style</td>
</tr>
<tr>
<td>Theme</td>
<td>Teacher, Classroom</td>
</tr>
<tr>
<td>Style</td>
<td>Modern</td>
</tr>
<tr>
<td>Number of Pieces</td>
<td>1</td>
</tr>
</table><h3>Material &amp; Care</h3><table border=""1"" cellpadding=""6"" style=""border-collapse:collapse;width:100%"">
<tr>
<th align=""left"" width=""35%"">Item</th>
<th align=""left"">Detail</th>
</tr>
<tr>
<td>Material Type</td>
<td>Polyester</td>
</tr>
<tr>
<td>Backing Material</td>
<td>High-quality Epoxy, Neoprene Rubber</td>
</tr>
<tr>
<td>Care Instructions</td>
<td>Avoid bleaching</td>
</tr>
<tr>
<td>Cleaning Method</td>
<td>Hose down, sponge clean with mild liquid soap</td>
</tr>
<tr>
<td>Drying</td>
<td>Air dry</td>
</tr>
</table><h3>Where It Works</h3><p>This versatile doormat is perfect for creating a warm and inviting atmosphere in classrooms, school entryways, or even personal RVs. It serves as an excellent decorative and functional piece for educational settings.</p>",CHILLGEN,Home & Garden > Lawn & Garden > Gardening > Composting > Compost,Rug,"amazon-parent-b0fgdcsg3y, classroom, doormat, home-decor, modern, personalized, rectangular, rug, teacher-gift",false,Choose Your Option,"Blank Doormat, No Custom",,Pick Up Size,"24""x16"" (40x60 cm)",,,,,AMZ-RUG-B0FGDCSG3Y-1,0.0,,0,deny,manual,21.90,29.20,true,false,,,,,"",https://cdn.shopify.com/s/files/1/1023/0068/0561/files/de27125bd75b97b99a98de8b3cce734e1ab6a88f8d3172dc5b359d71e1cb2161.jpg?v=1789094530,1,"Personalized Teacher Welcome Door Mat with Name, Composition Notebook Style, Perfect Classroom Decor & Back to School Gift for Teachers (Composition Notebook #3)",false,,"Modern personalized classroom doormat, made of polyester with non-slip backing, perfect for welcoming students in any school entryway.",690,,,,,,,,,,,B0FGDCSG3Y,,,,,lb,,,draft
personalized-composition-notebook-style-teacher-door-mat,,,,,,,,,"Blank Doormat, No Custom",,,"32""x20"" (50x80 cm) - BEST SELLING",,,,,AMZ-RUG-B0FGDCSG3Y-2,0.0,,0,deny,manual,30.90,41.20,true,false,,,,,"",https://cdn.shopify.com/s/files/1/1023/0068/0561/files/064cc89fa3767d65920ef643d12729c534ecf99671a7ee06e12253dd39bd3678.jpg?v=1789094531,2,"Personalized Teacher Welcome Door Mat with Name, Composition Notebook Style, Perfect Classroom Decor & Back to School Gift for Teachers (Composition Notebook #3)",,,,,,,,,,,,,,,,,,,,lb,,,
personalized-composition-notebook-style-teacher-door-mat,,,,,,,,,"Blank Doormat, No Custom",,,"36""x24"" (60x90 cm)",,,,,AMZ-RUG-B0FGDCSG3Y-3,0.0,,0,deny,manual,34.90,46.53,true,false,,,,,"",https://cdn.shopify.com/s/files/1/1023/0068/0561/files/9e53924690322f823ce92d6445fcead47139eecf09750d901713f1d504b1cb38.jpg?v=1789094531,3,"Personalized Teacher Welcome Door Mat with Name, Composition Notebook Style, Perfect Classroom Decor & Back to School Gift for Teachers (Composition Notebook #3)",,,,,,,,,,,,,,,,,,,,lb,,,
personalized-composition-notebook-style-teacher-door-mat,,,,,,,,,Customized Doormat,,,"24""x16"" (40x60 cm)",,,,,AMZ-RUG-B0FGDCSG3Y-4,0.0,,0,deny,manual,28.90,38.53,true,false,,,,,"",https://cdn.shopify.com/s/files/1/1023/0068/0561/files/aea360aa424d2f52da8856fd155ffec9e7d4eb598bc26ae027486b9a58bf8ff0.jpg?v=1789094531,4,"Personalized Teacher Welcome Door Mat with Name, Composition Notebook Style, Perfect Classroom Decor & Back to School Gift for Teachers (Composition Notebook #3)",,,,,,,,,,,,,,,,,,,,lb,,,
personalized-composition-notebook-style-teacher-door-mat,,,,,,,,,Customized Doormat,,,"32""x20"" (50x80 cm) - BEST SELLING",,,,,AMZ-RUG-B0FGDCSG3Y-5,0.0,,0,deny,manual,37.90,50.53,true,false,,,,,"",https://cdn.shopify.com/s/files/1/1023/0068/0561/files/6ab6a5e92305f5861f8c9d2af019301adbe26480f7880802f875f57a517d143b.jpg?v=1789094530,5,"Personalized Teacher Welcome Door Mat with Name, Composition Notebook Style, Perfect Classroom Decor & Back to School Gift for Teachers (Composition Notebook #3)",,,,,,,,,,,,,,,,,,,,lb,,,
personalized-composition-notebook-style-teacher-door-mat,,,,,,,,,Customized Doormat,,,"36""x24"" (60x90 cm)",,,,,AMZ-RUG-B0FGDCSG3Y-6,0.0,,0,deny,manual,41.90,55.87,true,false,,,,,"",https://cdn.shopify.com/s/files/1/1023/0068/0561/files/836d1cd05ba6ebfb28f52a765a769e1f1c4757acd59f661900a9bf31b4ea1c02.jpg?v=1789094531,6,"Personalized Teacher Welcome Door Mat with Name, Composition Notebook Style, Perfect Classroom Decor & Back to School Gift for Teachers (Composition Notebook #3)",,,,,,,,,,,,,,,,,,,,lb,,,
personalized-composition-notebook-style-teacher-door-mat,,,,,,,,,,,,,,,,,,,,,,,,,,,,,,,"",https://cdn.shopify.com/s/files/1/1023/0068/0561/files/68f4453da9f0d6efa4cfba7a7951063746133023da87a9054266feeab1f3e292.jpg?v=1789094531,7,"Personalized Teacher Welcome Door Mat with Name, Composition Notebook Style, Perfect Classroom Decor & Back to School Gift for Teachers (Composition Notebook #3)",,,,,,,,,,,,,,,,,,,,,,,
personalized-colorful-class-teacher-welcome-door-mat-classroom-decor,"Personalized Colorful Class Teacher Welcome Door Mat, Classroom Decor","<p>This personalized doormat offers a unique way to welcome students and guests to any classroom. Featuring a Composition Notebook design, this doormat combines functionality with a special touch, making it an ideal addition to a teacher's space. It is designed for everyday use, effectively trapping dirt and moisture to help keep floors clean.</p><h3>Product Highlights</h3><ul>
<li>Personalize with a teacher’s name for a unique classroom entrance.</li>
<li>Serves as a thoughtful and unique gift for educators.</li>
<li>Features a soft, heat-resistant top and a non-slip backing for durability.</li>
<li>Efficiently dries wet feet and traps dirt and grime.</li>
<li>Suitable for both indoor and outdoor classroom environments.</li>
</ul><h3>Specifications</h3><table border=""1"" cellpadding=""6"" style=""border-collapse:collapse;width:100%"">
<tr>
<th align=""left"" width=""35%"">Attribute</th>
<th align=""left"">Value</th>
</tr>
<tr>
<td>Rug Form</td>
<td>Doormat</td>
</tr>
<tr>
<td>Item Shape</td>
<td>Rectangular</td>
</tr>
<tr>
<td>Weave Type</td>
<td>Machine Made</td>
</tr>
<tr>
<td>Pile Height</td>
<td>Low Pile</td>
</tr>
<tr>
<td>Construction Type</td>
<td>Machine Made</td>
</tr>
<tr>
<td>Indoor/Outdoor Usage</td>
<td>Both</td>
</tr>
<tr>
<td>Water Resistance Level</td>
<td>Water Resistant</td>
</tr>
<tr>
<td>Pattern</td>
<td>Composition Notebook Style</td>
</tr>
<tr>
<td>Style</td>
<td>Modern</td>
</tr>
<tr>
<td>Number of Pieces</td>
<td>1</td>
</tr>
<tr>
<td>Text</td>
<td>1 text input</td>
</tr>
</table><h3>Material &amp; Care</h3><table border=""1"" cellpadding=""6"" style=""border-collapse:collapse;width:100%"">
<tr>
<th align=""left"" width=""35%"">Item</th>
<th align=""left"">Detail</th>
</tr>
<tr>
<td>Material Type</td>
<td>Polyester</td>
</tr>
<tr>
<td>Backing Material</td>
<td>High-quality Epoxy, Neoprene Rubber</td>
</tr>
<tr>
<td>Care Instructions</td>
<td>Washable and easy to clean. Hose down or sponge clean with mild liquid soap. Avoid bleaching and air dry.</td>
</tr>
</table><h3>Where It Works</h3><p>This versatile doormat is perfect for classroom entrances, teacher spaces, and reading corners, creating a welcoming and personalized environment. It is also suitable for entryways and RVs, offering a practical and decorative accent.</p>",CHILLGEN,Health & Beauty > Health Care > Fitness & Nutrition > Vitamins & Supplements > Digestive Supplements > Colon Cleanses,Rug,"amazon-parent-b0fgdcsg3y, classroom-rug, doormat, gift, home-decor, modern, personalized-rug, rectangular, rug",false,Choose Your Option,"Blank Doormat, No Custom",,Pick Up Size,"24""x16"" (40x60 cm)",,,,,AMZ-RUG-B0FGDCZRN7-1,0.0,,0,deny,manual,21.90,29.20,true,false,,,,,"",https://cdn.shopify.com/s/files/1/1023/0068/0561/files/ab6232e8a81993244983e0f75d88bb75c8ed8919174a35158e86d99a89330d7c.jpg?v=1789094577,1,"Personalized Teacher Welcome Door Mat with Name, Composition Notebook Style, Perfect Classroom Decor & Back to School Gift for Teachers (Colorful Class #2)",false,,"This modern composition notebook style doormat, made of polyester, features a non-slip backing, perfect for classrooms and entryways.",525,,,,,,,,,,,B0FGDCSG3Y,,,,,lb,,,draft
personalized-colorful-class-teacher-welcome-door-mat-classroom-decor,,,,,,,,,"Blank Doormat, No Custom",,,"32""x20"" (50x80 cm) - BEST SELLING",,,,,AMZ-RUG-B0FGDCZRN7-2,0.0,,0,deny,manual,30.90,41.20,true,false,,,,,"",https://cdn.shopify.com/s/files/1/1023/0068/0561/files/9620ebf692e5d0b547a09060d7dd2dab1dc0f26ef6fd76b7fd25b118302f760d.jpg?v=1789094577,2,"Personalized Teacher Welcome Door Mat with Name, Composition Notebook Style, Perfect Classroom Decor & Back to School Gift for Teachers (Colorful Class #2)",,,,,,,,,,,,,,,,,,,,lb,,,
personalized-colorful-class-teacher-welcome-door-mat-classroom-decor,,,,,,,,,"Blank Doormat, No Custom",,,"36""x24"" (60x90 cm)",,,,,AMZ-RUG-B0FGDCZRN7-3,0.0,,0,deny,manual,34.90,46.53,true,false,,,,,"",https://cdn.shopify.com/s/files/1/1023/0068/0561/files/1b461127467ac97d898c1f87a096f0126ac5d0718ab7d75e1ba515484438f58b.jpg?v=1789094577,3,"Personalized Teacher Welcome Door Mat with Name, Composition Notebook Style, Perfect Classroom Decor & Back to School Gift for Teachers (Colorful Class #2)",,,,,,,,,,,,,,,,,,,,lb,,,
personalized-colorful-class-teacher-welcome-door-mat-classroom-decor,,,,,,,,,Customized Doormat,,,"24""x16"" (40x60 cm)",,,,,AMZ-RUG-B0FGDCZRN7-4,0.0,,0,deny,manual,28.90,38.53,true,false,,,,,"",https://cdn.shopify.com/s/files/1/1023/0068/0561/files/b142ef570d363304c00f985dd7284189125190e61e70e4a8fc225ea876c0175c.jpg?v=1789094577,4,"Personalized Teacher Welcome Door Mat with Name, Composition Notebook Style, Perfect Classroom Decor & Back to School Gift for Teachers (Colorful Class #2)",,,,,,,,,,,,,,,,,,,,lb,,,
personalized-colorful-class-teacher-welcome-door-mat-classroom-decor,,,,,,,,,Customized Doormat,,,"32""x20"" (50x80 cm) - BEST SELLING",,,,,AMZ-RUG-B0FGDCZRN7-5,0.0,,0,deny,manual,37.90,50.53,true,false,,,,,"",https://cdn.shopify.com/s/files/1/1023/0068/0561/files/7ec4586ee57c361a24ddc8f6474166a61fba1a18c569e72b69a4d50d49dda112.jpg?v=1789094577,5,"Personalized Teacher Welcome Door Mat with Name, Composition Notebook Style, Perfect Classroom Decor & Back to School Gift for Teachers (Colorful Class #2)",,,,,,,,,,,,,,,,,,,,lb,,,
personalized-colorful-class-teacher-welcome-door-mat-classroom-decor,,,,,,,,,Customized Doormat,,,"36""x24"" (60x90 cm)",,,,,AMZ-RUG-B0FGDCZRN7-6,0.0,,0,deny,manual,41.90,55.87,true,false,,,,,"",https://cdn.shopify.com/s/files/1/1023/0068/0561/files/59c7a997577515da7a8b22f0845a16b86eb257d8e78feb36ad5febb0d74ad5ff.jpg?v=1789094577,6,"Personalized Teacher Welcome Door Mat with Name, Composition Notebook Style, Perfect Classroom Decor & Back to School Gift for Teachers (Colorful Class #2)",,,,,,,,,,,,,,,,,,,,lb,,,
personalized-playful-teacher-name-school-supply-star-doormat,Personalized Playful Teacher Name School Supply Star Doormat,"<p>This personalized doormat is designed to welcome students with a warm and cheerful touch. Featuring a customizable design with a teacher's name, it adds a special and unique element to any classroom. Its primary use is to create a friendly first impression, making it an ideal addition for educational spaces.</p><h3>Product Highlights</h3><ul>
<li>Personalizable with a teacher's name for a unique classroom touch.</li>
<li>Thoughtful gift for teachers for various occasions.</li>
<li>Soft and durable non-woven fabric top with a non-slip backing.</li>
<li>Effectively dries wet feet and traps dirt to maintain clean floors.</li>
<li>Suitable for both indoor and outdoor use in classrooms, entryways, and RVs.</li>
<li>Washable and easy to maintain for long-lasting use.</li>
</ul><h3>Specifications</h3><table border=""1"" cellpadding=""6"" style=""border-collapse:collapse;width:100%"">
<tr>
<th align=""left"" width=""35%"">Attribute</th>
<th align=""left"">Value</th>
</tr>
<tr>
<td>Rug Form</td>
<td>Doormat</td>
</tr>
<tr>
<td>Item Shape</td>
<td>Rectangular</td>
</tr>
<tr>
<td>Weave Type</td>
<td>Machine Made</td>
</tr>
<tr>
<td>Pile Height</td>
<td>Low Pile</td>
</tr>
<tr>
<td>Construction Type</td>
<td>Machine Made</td>
</tr>
<tr>
<td>Indoor/Outdoor Usage</td>
<td>Both</td>
</tr>
<tr>
<td>Water Resistance Level</td>
<td>Water Resistant</td>
</tr>
<tr>
<td>Pattern</td>
<td>Composition Notebook Style</td>
</tr>
<tr>
<td>Theme</td>
<td>Classroom</td>
</tr>
<tr>
<td>Style</td>
<td>Modern</td>
</tr>
<tr>
<td>Number of Pieces</td>
<td>1</td>
</tr>
</table><h3>Material &amp; Care</h3><table border=""1"" cellpadding=""6"" style=""border-collapse:collapse;width:100%"">
<tr>
<th align=""left"" width=""35%"">Item</th>
<th align=""left"">Detail</th>
</tr>
<tr>
<td>Material Type</td>
<td>Polyester</td>
</tr>
<tr>
<td>Backing Material</td>
<td>High-quality Epoxy</td>
</tr>
<tr>
<td>Care Instructions</td>
<td>Avoid bleaching</td>
</tr>
<tr>
<td>Cleaning Method</td>
<td>Hose down or sponge clean with mild liquid soap</td>
</tr>
<tr>
<td>Drying</td>
<td>Air dry</td>
</tr>
</table><h3>Where It Works</h3><p>This doormat is perfect for classrooms, entryways, and RVs, offering a welcoming touch to various indoor and outdoor spaces. It is also an excellent decor piece for teacher spaces and reading corners.</p>",CHILLGEN,Health & Beauty > Health Care > Fitness & Nutrition > Vitamins & Supplements > Digestive Supplements > Colon Cleanses,Rug,"amazon-parent-b0fgdcsg3y, classroom, doormat, home-decor, indoor-outdoor, modern, personalized, rectangular, rug",false,Choose Your Option,"Blank Doormat, No Custom",,Pick Up Size,"24""x16"" (40x60 cm)",,,,,AMZ-RUG-B0FGD9Y2YV-1,0.0,,0,deny,manual,21.90,29.20,true,false,,,,,"",https://cdn.shopify.com/s/files/1/1023/0068/0561/files/cf7cf86e490bcf37f3f415cca8e273c9d87f42d02e0c77a70988d20be430f91d.jpg?v=1789094578,1,"Personalized Teacher Welcome Door Mat with Name, Composition Notebook Style, Perfect Classroom Decor & Back to School Gift for Teachers (Colorful Class #4)",false,,"Modern personalized doormat with a low pile, made of polyester, ideal for classrooms and entryways, featuring a non-slip backing.",525,,,,,,,,,,,B0FGDCSG3Y,,,,,lb,,,draft
personalized-playful-teacher-name-school-supply-star-doormat,,,,,,,,,"Blank Doormat, No Custom",,,"32""x20"" (50x80 cm) - BEST SELLING",,,,,AMZ-RUG-B0FGD9Y2YV-2,0.0,,0,deny,manual,30.90,41.20,true,false,,,,,"",https://cdn.shopify.com/s/files/1/1023/0068/0561/files/def946ff01184c31d4ce9d45a38400def11e0dfbdc17b0836db53cba04561891.jpg?v=1789094578,2,"Personalized Teacher Welcome Door Mat with Name, Composition Notebook Style, Perfect Classroom Decor & Back to School Gift for Teachers (Colorful Class #4)",,,,,,,,,,,,,,,,,,,,lb,,,
personalized-playful-teacher-name-school-supply-star-doormat,,,,,,,,,"Blank Doormat, No Custom",,,"36""x24"" (60x90 cm)",,,,,AMZ-RUG-B0FGD9Y2YV-3,0.0,,0,deny,manual,34.90,46.53,true,false,,,,,"",https://cdn.shopify.com/s/files/1/1023/0068/0561/files/83c12e991982e6f444232ce144b43cf605939e66388cb079088ecd5b05d29647.jpg?v=1789094579,3,"Personalized Teacher Welcome Door Mat with Name, Composition Notebook Style, Perfect Classroom Decor & Back to School Gift for Teachers (Colorful Class #4)",,,,,,,,,,,,,,,,,,,,lb,,,
personalized-playful-teacher-name-school-supply-star-doormat,,,,,,,,,Customized Doormat,,,"24""x16"" (40x60 cm)",,,,,AMZ-RUG-B0FGD9Y2YV-4,0.0,,0,deny,manual,28.90,38.53,true,false,,,,,"",https://cdn.shopify.com/s/files/1/1023/0068/0561/files/42a27d58d96271d322df7a40272022fdc669158c81426cbd0a6acbf39f934071.jpg?v=1789094579,4,"Personalized Teacher Welcome Door Mat with Name, Composition Notebook Style, Perfect Classroom Decor & Back to School Gift for Teachers (Colorful Class #4)",,,,,,,,,,,,,,,,,,,,lb,,,
personalized-playful-teacher-name-school-supply-star-doormat,,,,,,,,,Customized Doormat,,,"32""x20"" (50x80 cm) - BEST SELLING",,,,,AMZ-RUG-B0FGD9Y2YV-5,0.0,,0,deny,manual,37.90,50.53,true,false,,,,,"",https://cdn.shopify.com/s/files/1/1023/0068/0561/files/83a91f08fcc3bb150c00cb33e7737e9f6f09748f311b7cfd5d3c8f265a2c2c68.jpg?v=1789094579,5,"Personalized Teacher Welcome Door Mat with Name, Composition Notebook Style, Perfect Classroom Decor & Back to School Gift for Teachers (Colorful Class #4)",,,,,,,,,,,,,,,,,,,,lb,,,
personalized-playful-teacher-name-school-supply-star-doormat,,,,,,,,,Customized Doormat,,,"36""x24"" (60x90 cm)",,,,,AMZ-RUG-B0FGD9Y2YV-6,0.0,,0,deny,manual,41.90,55.87,true,false,,,,,"",https://cdn.shopify.com/s/files/1/1023/0068/0561/files/ea895391a256515cae67b5198be40e74dc34ff8fcbca3255fe6ba558f070ad2d.jpg?v=1789094578,6,"Personalized Teacher Welcome Door Mat with Name, Composition Notebook Style, Perfect Classroom Decor & Back to School Gift for Teachers (Colorful Class #4)",,,,,,,,,,,,,,,,,,,,lb,,,
personalized-flower-star-school-retro-whimsical-welcome-door-mat,"Personalized Flower Star School, retro, whimsical Welcome Door Mat","<p>This personalized doormat offers a warm welcome, featuring a unique composition notebook style design that adds character to any space. It is crafted for both comfort and durability, making it an ideal accent for classrooms and entryways. The doormat combines personalized charm with functional design, perfect for daily use.</p><h3>Product Highlights</h3><ul>
<li>Personalize with a teacher’s name for a special touch</li>
<li>Soft and durable non-woven fabric top</li>
<li>Non-slip neoprene rubber backing for stability</li>
<li>Effectively traps dirt, dust, and grime</li>
<li>Suitable for both indoor and outdoor settings</li>
</ul><h3>Specifications</h3><table border=""1"" cellpadding=""6"" style=""border-collapse:collapse;width:100%"">
<tr>
<th align=""left"" width=""35%"">Attribute</th>
<th align=""left"">Value</th>
</tr>
<tr>
<td>Rug Form</td>
<td>Doormat</td>
</tr>
<tr>
<td>Item Shape</td>
<td>Rectangular</td>
</tr>
<tr>
<td>Weave Type</td>
<td>Machine Made</td>
</tr>
<tr>
<td>Pile Height</td>
<td>Low Pile</td>
</tr>
<tr>
<td>Construction Type</td>
<td>Machine Made</td>
</tr>
<tr>
<td>Indoor/Outdoor Usage</td>
<td>Both</td>
</tr>
<tr>
<td>Water Resistance</td>
<td>Water Resistant</td>
</tr>
<tr>
<td>Pattern</td>
<td>Composition Notebook Style</td>
</tr>
<tr>
<td>Theme</td>
<td>Teacher, Classroom</td>
</tr>
<tr>
<td>Style</td>
<td>Modern</td>
</tr>
<tr>
<td>Number of Pieces</td>
<td>1</td>
</tr>
</table><h3>Material &amp; Care</h3><table border=""1"" cellpadding=""6"" style=""border-collapse:collapse;width:100%"">
<tr>
<th align=""left"" width=""35%"">Item</th>
<th align=""left"">Detail</th>
</tr>
<tr>
<td>Material Type</td>
<td>Polyester</td>
</tr>
<tr>
<td>Backing Material</td>
<td>High-quality Epoxy, Neoprene Rubber</td>
</tr>
<tr>
<td>Surface/Feel</td>
<td>Soft non-woven fabric top</td>
</tr>
<tr>
<td>Care Instructions</td>
<td>Avoid bleaching</td>
</tr>
<tr>
<td>Cleaning Method</td>
<td>Hose down, sponge clean with mild liquid soap</td>
</tr>
<tr>
<td>Drying</td>
<td>Air dry</td>
</tr>
</table><h3>Where It Works</h3><p>This versatile doormat is suitable for use in classrooms, entryways, and RVs, creating a welcoming atmosphere for students and guests. Its durable construction makes it ideal for areas with frequent foot traffic.</p>",CHILLGEN,Health & Beauty > Health Care > Fitness & Nutrition > Vitamins & Supplements > Digestive Supplements > Colon Cleanses,Rug,"amazon-parent-b0fgdcsg3y, classroom, doormat, home-decor, modern, personalized, rectangular, rug, teacher",false,Choose Your Option,"Blank Doormat, No Custom",,Pick Up Size,"24""x16"" (40x60 cm)",,,,,AMZ-RUG-B0FGDCHS75-1,0.0,,0,deny,manual,21.90,29.20,true,false,,,,,"",https://cdn.shopify.com/s/files/1/1023/0068/0561/files/119e648feb3fb0531d943ed13b4b7e0e97689ce0ec5eda3c7a5f4bea4e51a7f1.jpg?v=1789094585,1,"Personalized Teacher Welcome Door Mat with Name, Composition Notebook Style, Perfect Classroom Decor & Back to School Gift for Teachers (Colorful Class #1)",false,,"Modern personalized polyester doormat for classroom entrances, featuring a non-slip backing for both indoor and outdoor use.",525,,,,,,,,,,,B0FGDCSG3Y,,,,,lb,,,draft
personalized-flower-star-school-retro-whimsical-welcome-door-mat,,,,,,,,,"Blank Doormat, No Custom",,,"32""x20"" (50x80 cm) - BEST SELLING",,,,,AMZ-RUG-B0FGDCHS75-2,0.0,,0,deny,manual,30.90,41.20,true,false,,,,,"",https://cdn.shopify.com/s/files/1/1023/0068/0561/files/70dc24359bdcf70e0e51ed3935b9ab3b67c87e3741b363c92ae155247bd96591.jpg?v=1789094585,2,"Personalized Teacher Welcome Door Mat with Name, Composition Notebook Style, Perfect Classroom Decor & Back to School Gift for Teachers (Colorful Class #1)",,,,,,,,,,,,,,,,,,,,lb,,,
personalized-flower-star-school-retro-whimsical-welcome-door-mat,,,,,,,,,"Blank Doormat, No Custom",,,"36""x24"" (60x90 cm)",,,,,AMZ-RUG-B0FGDCHS75-3,0.0,,0,deny,manual,34.90,46.53,true,false,,,,,"",https://cdn.shopify.com/s/files/1/1023/0068/0561/files/5cdbf3ce71ea228eb1cfdfe1a4f7a949c8040ffbb3b02294e54cdf39fa6f4ac7.jpg?v=1789094585,3,"Personalized Teacher Welcome Door Mat with Name, Composition Notebook Style, Perfect Classroom Decor & Back to School Gift for Teachers (Colorful Class #1)",,,,,,,,,,,,,,,,,,,,lb,,,
personalized-flower-star-school-retro-whimsical-welcome-door-mat,,,,,,,,,Customized Doormat,,,"24""x16"" (40x60 cm)",,,,,AMZ-RUG-B0FGDCHS75-4,0.0,,0,deny,manual,28.90,38.53,true,false,,,,,"",https://cdn.shopify.com/s/files/1/1023/0068/0561/files/47426006c80b87bcacfc3f79327018175988a81f21d796d1c6cc75c86f27ed4a.jpg?v=1789094585,4,"Personalized Teacher Welcome Door Mat with Name, Composition Notebook Style, Perfect Classroom Decor & Back to School Gift for Teachers (Colorful Class #1)",,,,,,,,,,,,,,,,,,,,lb,,,
personalized-flower-star-school-retro-whimsical-welcome-door-mat,,,,,,,,,Customized Doormat,,,"32""x20"" (50x80 cm) - BEST SELLING",,,,,AMZ-RUG-B0FGDCHS75-5,0.0,,0,deny,manual,37.90,50.53,true,false,,,,,"",https://cdn.shopify.com/s/files/1/1023/0068/0561/files/e6cb1d4bd2df7ffc08c79a5142ed52e6a8d1391b954e846e42053d0aac4521fd.jpg?v=1789094585,5,"Personalized Teacher Welcome Door Mat with Name, Composition Notebook Style, Perfect Classroom Decor & Back to School Gift for Teachers (Colorful Class #1)",,,,,,,,,,,,,,,,,,,,lb,,,
personalized-flower-star-school-retro-whimsical-welcome-door-mat,,,,,,,,,Customized Doormat,,,"36""x24"" (60x90 cm)",,,,,AMZ-RUG-B0FGDCHS75-6,0.0,,0,deny,manual,41.90,55.87,true,false,,,,,"",https://cdn.shopify.com/s/files/1/1023/0068/0561/files/fd061a7abd1824337c968f59b3f7fa97cec962087af1b04b5fea1f6ce16b5c32.jpg?v=1789094585,6,"Personalized Teacher Welcome Door Mat with Name, Composition Notebook Style, Perfect Classroom Decor & Back to School Gift for Teachers (Colorful Class #1)",,,,,,,,,,,,,,,,,,,,lb,,,
personalized-in-this-classroom-inspirational-text-doormat,Personalized In This Classroom Inspirational Text Doormat,"<p>This personalized doormat offers a warm welcome to any classroom or learning space. Designed with a composition notebook style, it adds a unique and cheerful touch while also serving as a functional piece of decor. Its primary use is to greet students and guests, providing a personalized and inviting atmosphere.</p><h3>Product Highlights</h3><ul>
<li>Personalize with the teacher's name for a unique classroom touch.</li>
<li>Thoughtful gift for teachers for various occasions.</li>
<li>Soft and durable non-woven fabric top with non-slip backing.</li>
<li>Effectively dries wet feet and traps dirt to keep floors clean.</li>
<li>Versatile for both indoor and outdoor use in classrooms, entryways, and RVs.</li>
<li>Washable and easy to clean with mild liquid soap.</li>
</ul><h3>Specifications</h3><table border=""1"" cellpadding=""6"" style=""border-collapse:collapse;width:100%"">
<tr>
<th align=""left"" width=""35%"">Attribute</th>
<th align=""left"">Value</th>
</tr>
<tr>
<td>Rug Form</td>
<td>Doormat</td>
</tr>
<tr>
<td>Item Shape</td>
<td>Rectangular</td>
</tr>
<tr>
<td>Weave Type</td>
<td>Machine Made</td>
</tr>
<tr>
<td>Pile Height</td>
<td>Low Pile</td>
</tr>
<tr>
<td>Construction Type</td>
<td>Machine Made</td>
</tr>
<tr>
<td>Indoor/Outdoor Usage</td>
<td>Both</td>
</tr>
<tr>
<td>Water Resistance</td>
<td>Water Resistant</td>
</tr>
<tr>
<td>Pattern</td>
<td>Composition Notebook Style</td>
</tr>
<tr>
<td>Style</td>
<td>Modern</td>
</tr>
<tr>
<td>Number of Pieces</td>
<td>1</td>
</tr>
</table><h3>Material &amp; Care</h3><table border=""1"" cellpadding=""6"" style=""border-collapse:collapse;width:100%"">
<tr>
<th align=""left"" width=""35%"">Item</th>
<th align=""left"">Detail</th>
</tr>
<tr>
<td>Material Type</td>
<td>Polyester</td>
</tr>
<tr>
<td>Backing Material</td>
<td>High-quality Epoxy</td>
</tr>
<tr>
<td>Care Instructions</td>
<td>Hose down or sponge clean with mild liquid soap; avoid bleaching; air dry.</td>
</tr>
</table><h3>Where It Works</h3><p>This doormat is suitable for classrooms, entryways, and RVs, offering a welcoming touch. It can be used in both indoor and outdoor settings to enhance the space.</p>",CHILLGEN,Services > Building & Construction Services > Outdoor Construction,Rug,"amazon-parent-b0fgdcsg3y, classroom, doormat, home-decor, low-pile, modern, personalized, rectangular, rug",false,Choose Your Option,"Blank Doormat, No Custom",,Pick Up Size,"24""x16"" (40x60 cm)",,,,,AMZ-RUG-B0FGDC1Q5D-1,0.0,,0,deny,manual,21.90,29.20,true,false,,,,,"",https://cdn.shopify.com/s/files/1/1023/0068/0561/files/e2b34c25116bca30aef3aa28a11c1b6c8d076feb7ebf53d98d2b541983983bb6.jpg?v=1789094625,1,"Personalized Teacher Welcome Door Mat with Name, Composition Notebook Style, Perfect Classroom Decor & Back to School Gift for Teachers (in This Classroom #1)",false,,"This modern doormat, made from polyester, offers personalized charm with its non-slip backing, perfect for classroom entryways.",,,,,,,,,,,,B0FGDCSG3Y,,,,,lb,,,draft
personalized-in-this-classroom-inspirational-text-doormat,,,,,,,,,"Blank Doormat, No Custom",,,"32""x20"" (50x80 cm) - BEST SELLING",,,,,AMZ-RUG-B0FGDC1Q5D-2,0.0,,0,deny,manual,30.90,41.20,true,false,,,,,"",https://cdn.shopify.com/s/files/1/1023/0068/0561/files/57ef10172c3e3fa081ec0ef1bf16fb925239ffe56fb845d830a7ad3fac5fe203.jpg?v=1789094625,2,"Personalized Teacher Welcome Door Mat with Name, Composition Notebook Style, Perfect Classroom Decor & Back to School Gift for Teachers (in This Classroom #1)",,,,,,,,,,,,,,,,,,,,lb,,,
personalized-in-this-classroom-inspirational-text-doormat,,,,,,,,,"Blank Doormat, No Custom",,,"36""x24"" (60x90 cm)",,,,,AMZ-RUG-B0FGDC1Q5D-3,0.0,,0,deny,manual,34.90,46.53,true,false,,,,,"",https://cdn.shopify.com/s/files/1/1023/0068/0561/files/75be85a4c5012e2012b99bb3e8257132ef14f5b09cb63d8e5596ab16d328555e.jpg?v=1789094625,3,"Personalized Teacher Welcome Door Mat with Name, Composition Notebook Style, Perfect Classroom Decor & Back to School Gift for Teachers (in This Classroom #1)",,,,,,,,,,,,,,,,,,,,lb,,,
personalized-in-this-classroom-inspirational-text-doormat,,,,,,,,,Customized Doormat,,,"24""x16"" (40x60 cm)",,,,,AMZ-RUG-B0FGDC1Q5D-4,0.0,,0,deny,manual,28.90,38.53,true,false,,,,,"",https://cdn.shopify.com/s/files/1/1023/0068/0561/files/da1f9512a23d70360c457a2e3ed9b1fbd86787103918af26988f3752134e14a6.jpg?v=1789094625,4,"Personalized Teacher Welcome Door Mat with Name, Composition Notebook Style, Perfect Classroom Decor & Back to School Gift for Teachers (in This Classroom #1)",,,,,,,,,,,,,,,,,,,,lb,,,
personalized-in-this-classroom-inspirational-text-doormat,,,,,,,,,Customized Doormat,,,"32""x20"" (50x80 cm) - BEST SELLING",,,,,AMZ-RUG-B0FGDC1Q5D-5,0.0,,0,deny,manual,37.90,50.53,true,false,,,,,"",https://cdn.shopify.com/s/files/1/1023/0068/0561/files/e02a9c9e6bc31706b795d7dd2fabb3adcf03f99fb2348994887fe13557bad32a.jpg?v=1789094625,5,"Personalized Teacher Welcome Door Mat with Name, Composition Notebook Style, Perfect Classroom Decor & Back to School Gift for Teachers (in This Classroom #1)",,,,,,,,,,,,,,,,,,,,lb,,,
personalized-in-this-classroom-inspirational-text-doormat,,,,,,,,,Customized Doormat,,,"36""x24"" (60x90 cm)",,,,,AMZ-RUG-B0FGDC1Q5D-6,0.0,,0,deny,manual,41.90,55.87,true,false,,,,,"",https://cdn.shopify.com/s/files/1/1023/0068/0561/files/6a8623c4266bcfbc9e6881a3ee7dcc58717196f47b5b0c72d1dddbb70e5a204a.jpg?v=1789094625,6,"Personalized Teacher Welcome Door Mat with Name, Composition Notebook Style, Perfect Classroom Decor & Back to School Gift for Teachers (in This Classroom #1)",,,,,,,,,,,,,,,,,,,,lb,,,
personalized-flower-star-classroom-nature-rug,Personalized Flower Star classroom / nature Rug,"<p>This personalized teacher welcome doormat is designed to create a warm and inviting atmosphere for any classroom. Featuring a composition notebook style, it offers a special touch with customization options for a teacher's name. It serves as a thoughtful accent, perfect for enhancing classroom decor and welcoming students.</p><h3>Product Highlights</h3><ul>
<li>Personalizable with a teacher's name for a unique classroom entrance.</li>
<li>Made from soft, durable non-woven fabric with a neoprene rubber non-slip backing.</li>
<li>Effectively dries wet feet and traps dirt, dust, and grime to keep floors clean.</li>
<li>Suitable for both indoor and outdoor use in various settings.</li>
<li>Washable and easy to maintain with mild liquid soap.</li>
</ul><h3>Specifications</h3><table border=""1"" cellpadding=""6"" style=""border-collapse:collapse;width:100%"">
<tr>
<th align=""left"" width=""35%"">Attribute</th>
<th align=""left"">Value</th>
</tr>
<tr>
<td>Rug Form</td>
<td>Doormat</td>
</tr>
<tr>
<td>Item Shape</td>
<td>Rectangular</td>
</tr>
<tr>
<td>Weave Type</td>
<td>Machine Made</td>
</tr>
<tr>
<td>Pile Height</td>
<td>Low Pile</td>
</tr>
<tr>
<td>Construction Type</td>
<td>Machine Made</td>
</tr>
<tr>
<td>Indoor/Outdoor Usage</td>
<td>Both</td>
</tr>
<tr>
<td>Room Type</td>
<td>Classroom</td>
</tr>
<tr>
<td>Water Resistance</td>
<td>Water Resistant</td>
</tr>
<tr>
<td>Special Features</td>
<td>Personalized</td>
</tr>
<tr>
<td>Pattern</td>
<td>Composition Notebook Style</td>
</tr>
<tr>
<td>Theme</td>
<td>Teacher, Back to School</td>
</tr>
<tr>
<td>Style</td>
<td>Modern</td>
</tr>
<tr>
<td>Number of Pieces</td>
<td>1</td>
</tr>
</table><h3>Material &amp; Care</h3><table border=""1"" cellpadding=""6"" style=""border-collapse:collapse;width:100%"">
<tr>
<th align=""left"" width=""35%"">Item</th>
<th align=""left"">Detail</th>
</tr>
<tr>
<td>Material Type</td>
<td>Polyester</td>
</tr>
<tr>
<td>Backing Material</td>
<td>High-quality Epoxy, Neoprene Rubber</td>
</tr>
<tr>
<td>Surface/Feel</td>
<td>Soft non-woven fabric top</td>
</tr>
<tr>
<td>Care Instructions</td>
<td>Avoid bleaching</td>
</tr>
<tr>
<td>Cleaning Method</td>
<td>Hose down, sponge clean with mild liquid soap</td>
</tr>
<tr>
<td>Drying</td>
<td>Air dry</td>
</tr>
</table><h3>Where It Works</h3><p>This doormat is ideal for classrooms, entryways, and RVs. It provides a welcoming touch for teachers' spaces, reading corners, or learning environments.</p>",CHILLGEN,Home & Garden > Kitchen & Dining > Food & Beverage Carriers > Growlers,Rug,"amazon-parent-b0fgdcsg3y, classroom, doormat, home-decor, modern, personalized, rectangular, rug, teacher",false,Choose Your Option,"Blank Doormat, No Custom",,Pick Up Size,"24""x16"" (40x60 cm)",,,,,AMZ-RUG-B0FGDCXS16-1,0.0,,0,deny,manual,21.90,29.20,true,false,,,,,"",https://cdn.shopify.com/s/files/1/1023/0068/0561/files/ce789c67929164693ded10f112f39ee110b3f0ece66a43baa3f852e085af1798.jpg?v=1789094631,1,"Personalized Teacher Welcome Door Mat with Name, Composition Notebook Style, Perfect Classroom Decor & Back to School Gift for Teachers (Little Minds Grow Here #2)",false,,"This modern composition notebook style doormat is personalized for teachers, featuring a non-slip backing for classrooms and entryways.",2920,,,,,,,,,,,B0FGDCSG3Y,,,,,lb,,,draft
personalized-flower-star-classroom-nature-rug,,,,,,,,,"Blank Doormat, No Custom",,,"32""x20"" (50x80 cm) - BEST SELLING",,,,,AMZ-RUG-B0FGDCXS16-2,0.0,,0,deny,manual,30.90,41.20,true,false,,,,,"",https://cdn.shopify.com/s/files/1/1023/0068/0561/files/bdbedd18f1ae102b88fb4676ac68900636210c9248421be8f8703287a50a5603.jpg?v=1789094631,2,"Personalized Teacher Welcome Door Mat with Name, Composition Notebook Style, Perfect Classroom Decor & Back to School Gift for Teachers (Little Minds Grow Here #2)",,,,,,,,,,,,,,,,,,,,lb,,,
personalized-flower-star-classroom-nature-rug,,,,,,,,,"Blank Doormat, No Custom",,,"36""x24"" (60x90 cm)",,,,,AMZ-RUG-B0FGDCXS16-3,0.0,,0,deny,manual,34.90,46.53,true,false,,,,,"",https://cdn.shopify.com/s/files/1/1023/0068/0561/files/c33a990968aaf6107910e8ff34a0a272f5df4b1ecbdd21f82d4275b446bdcc0a.jpg?v=1789094631,3,"Personalized Teacher Welcome Door Mat with Name, Composition Notebook Style, Perfect Classroom Decor & Back to School Gift for Teachers (Little Minds Grow Here #2)",,,,,,,,,,,,,,,,,,,,lb,,,
personalized-flower-star-classroom-nature-rug,,,,,,,,,Customized Doormat,,,"24""x16"" (40x60 cm)",,,,,AMZ-RUG-B0FGDCXS16-4,0.0,,0,deny,manual,28.90,38.53,true,false,,,,,"",https://cdn.shopify.com/s/files/1/1023/0068/0561/files/cff732b18df1648113e4ceb6668a1603c21192ac98f234941446d3dfa5e23972.jpg?v=1789094631,4,"Personalized Teacher Welcome Door Mat with Name, Composition Notebook Style, Perfect Classroom Decor & Back to School Gift for Teachers (Little Minds Grow Here #2)",,,,,,,,,,,,,,,,,,,,lb,,,
personalized-flower-star-classroom-nature-rug,,,,,,,,,Customized Doormat,,,"32""x20"" (50x80 cm) - BEST SELLING",,,,,AMZ-RUG-B0FGDCXS16-5,0.0,,0,deny,manual,37.90,50.53,true,false,,,,,"",https://cdn.shopify.com/s/files/1/1023/0068/0561/files/cd9d54d0f6fc01573798154aecd3042d5df4f3e26c4666b56de82f7c01f3ed3f.jpg?v=1789094631,5,"Personalized Teacher Welcome Door Mat with Name, Composition Notebook Style, Perfect Classroom Decor & Back to School Gift for Teachers (Little Minds Grow Here #2)",,,,,,,,,,,,,,,,,,,,lb,,,
personalized-flower-star-classroom-nature-rug,,,,,,,,,Customized Doormat,,,"36""x24"" (60x90 cm)",,,,,AMZ-RUG-B0FGDCXS16-6,0.0,,0,deny,manual,41.90,55.87,true,false,,,,,"",https://cdn.shopify.com/s/files/1/1023/0068/0561/files/60262cf64074db0baca0c5dc51f25fdf6ca47d4e7af3c1e220bd67628d24e08a.jpg?v=1789094631,6,"Personalized Teacher Welcome Door Mat with Name, Composition Notebook Style, Perfect Classroom Decor & Back to School Gift for Teachers (Little Minds Grow Here #2)",,,,,,,,,,,,,,,,,,,,lb,,,
personalized-text-books-and-flowers-classroom-inspiration-doormat,Personalized Text books and flowers classroom inspiration Doormat,"<p>This personalized doormat is designed to create a warm and inviting atmosphere, perfect for welcoming students into any classroom. Featuring a composition notebook style, this doormat offers a unique touch that is both charming and functional. It serves as a special decorative element and helps keep spaces clean.</p><h3>Product Highlights</h3><ul>
<li>Personalize with a teacher's name for a unique touch.</li>
<li>Soft and durable non-woven fabric top.</li>
<li>Neoprene rubber non-slip backing for stability.</li>
<li>Effectively traps dirt, dust, and grime.</li>
<li>Suitable for both indoor and outdoor use.</li>
<li>Washable and easy to clean.</li>
</ul><h3>Specifications</h3><table border=""1"" cellpadding=""6"" style=""border-collapse:collapse;width:100%"">
<tr>
<th align=""left"" width=""35%"">Attribute</th>
<th align=""left"">Value</th>
</tr>
<tr>
<td>Rug Form</td>
<td>Doormat</td>
</tr>
<tr>
<td>Item Shape</td>
<td>Rectangular</td>
</tr>
<tr>
<td>Weave Type</td>
<td>Machine Made</td>
</tr>
<tr>
<td>Pile Height</td>
<td>Low Pile</td>
</tr>
<tr>
<td>Construction Type</td>
<td>Machine Made</td>
</tr>
<tr>
<td>Indoor/Outdoor Usage</td>
<td>Both</td>
</tr>
<tr>
<td>Water Resistance</td>
<td>Water Resistant</td>
</tr>
<tr>
<td>Pattern</td>
<td>Composition Notebook Style</td>
</tr>
<tr>
<td>Theme</td>
<td>Classroom</td>
</tr>
<tr>
<td>Style</td>
<td>Modern</td>
</tr>
<tr>
<td>Number of Pieces</td>
<td>1</td>
</tr>
<tr>
<td>Text Input</td>
<td>1 text input</td>
</tr>
</table><h3>Material &amp; Care</h3><table border=""1"" cellpadding=""6"" style=""border-collapse:collapse;width:100%"">
<tr>
<th align=""left"" width=""35%"">Item</th>
<th align=""left"">Detail</th>
</tr>
<tr>
<td>Material Type</td>
<td>Polyester</td>
</tr>
<tr>
<td>Backing Material</td>
<td>High-quality Epoxy</td>
</tr>
<tr>
<td>Care Instructions</td>
<td>Avoid bleaching</td>
</tr>
<tr>
<td>Cleaning Method</td>
<td>Hose down or sponge clean with mild liquid soap</td>
</tr>
<tr>
<td>Drying</td>
<td>Air dry</td>
</tr>
</table><h3>Where It Works</h3><p>This versatile doormat is ideal for classrooms, entryways, and RVs, making it suitable for various indoor and outdoor settings. Its design complements educational environments and can also enhance other welcoming spaces.</p>",CHILLGEN,Services > Building & Construction Services > Outdoor Construction,Rug,"amazon-parent-b0fgdcsg3y, classroom, doormat, home-decor, low-pile, modern, personalized, rectangular, rug",false,Choose Your Option,"Blank Doormat, No Custom",,Pick Up Size,"24""x16"" (40x60 cm)",,,,,AMZ-RUG-B0H8DJSCCT-1,0.0,,0,deny,manual,21.90,29.20,true,false,,,,,"",https://cdn.shopify.com/s/files/1/1023/0068/0561/files/7fa2c658fec45dfe1cd26c79ab42f944b680c51cf33dc86707865e2c8af9cf4c.jpg?v=1789094639,1,"Personalized Teacher Welcome Door Mat with Name, Composition Notebook Style, Perfect Classroom Decor & Back to School Gift for Teachers (You are)",false,,"This modern doormat, featuring a composition notebook style, is personalized and has a non-slip backing, ideal for classrooms and entryways.",,,,,,,,,,,,B0FGDCSG3Y,,,,,lb,,,draft
personalized-text-books-and-flowers-classroom-inspiration-doormat,,,,,,,,,"Blank Doormat, No Custom",,,"32""x20"" (50x80 cm) - BEST SELLING",,,,,AMZ-RUG-B0H8DJSCCT-2,0.0,,0,deny,manual,30.90,41.20,true,false,,,,,"",https://cdn.shopify.com/s/files/1/1023/0068/0561/files/a9d8e71ec7a86590178002946664011593fec0ebcead621741e4c3f5d50a5b69.jpg?v=1789094639,2,"Personalized Teacher Welcome Door Mat with Name, Composition Notebook Style, Perfect Classroom Decor & Back to School Gift for Teachers (You are)",,,,,,,,,,,,,,,,,,,,lb,,,
personalized-text-books-and-flowers-classroom-inspiration-doormat,,,,,,,,,"Blank Doormat, No Custom",,,"36""x24"" (60x90 cm)",,,,,AMZ-RUG-B0H8DJSCCT-3,0.0,,0,deny,manual,34.90,46.53,true,false,,,,,"",https://cdn.shopify.com/s/files/1/1023/0068/0561/files/30038980ef4b72f488882b1b7006cec6d080a3fb45825c94801e8bd21d533c7f.jpg?v=1789094639,3,"Personalized Teacher Welcome Door Mat with Name, Composition Notebook Style, Perfect Classroom Decor & Back to School Gift for Teachers (You are)",,,,,,,,,,,,,,,,,,,,lb,,,
personalized-text-books-and-flowers-classroom-inspiration-doormat,,,,,,,,,Customized Doormat,,,"24""x16"" (40x60 cm)",,,,,AMZ-RUG-B0H8DJSCCT-4,0.0,,0,deny,manual,28.90,38.53,true,false,,,,,"",https://cdn.shopify.com/s/files/1/1023/0068/0561/files/479c4101c46f954c04e7b881482a9b0abbf21d6de1a5798b86a72b3f4c5407f4.jpg?v=1789094639,4,"Personalized Teacher Welcome Door Mat with Name, Composition Notebook Style, Perfect Classroom Decor & Back to School Gift for Teachers (You are)",,,,,,,,,,,,,,,,,,,,lb,,,
personalized-text-books-and-flowers-classroom-inspiration-doormat,,,,,,,,,Customized Doormat,,,"32""x20"" (50x80 cm) - BEST SELLING",,,,,AMZ-RUG-B0H8DJSCCT-5,0.0,,0,deny,manual,37.90,50.53,true,false,,,,,"",https://cdn.shopify.com/s/files/1/1023/0068/0561/files/29c3b1056ee8eda93e88b88ad26e93f86666ed90e62a8a04543e676483844734.jpg?v=1789094639,5,"Personalized Teacher Welcome Door Mat with Name, Composition Notebook Style, Perfect Classroom Decor & Back to School Gift for Teachers (You are)",,,,,,,,,,,,,,,,,,,,lb,,,
personalized-text-books-and-flowers-classroom-inspiration-doormat,,,,,,,,,Customized Doormat,,,"36""x24"" (60x90 cm)",,,,,AMZ-RUG-B0H8DJSCCT-6,0.0,,0,deny,manual,41.90,55.87,true,false,,,,,"",https://cdn.shopify.com/s/files/1/1023/0068/0561/files/6e210604321b80c1d9c95d8561c6335cf83d89849bdea9ddf081ccccf2f8fcc9.jpg?v=1789094639,6,"Personalized Teacher Welcome Door Mat with Name, Composition Notebook Style, Perfect Classroom Decor & Back to School Gift for Teachers (You are)",,,,,,,,,,,,,,,,,,,,lb,,,
personalized-colorful-composition-notebook-teacher-door-mat,Personalized Colorful Composition Notebook Teacher Door Mat,"<p>🖊️ PERSONALIZED CLASSROOM DOORMAT: Make your classroom feel extra special by personalizing this doormat with the teacher’s name. Click “CUSTOMIZE” to enter your details and place your order!, 🎁 PERFECT BACK-TO-SCHOOL GIFT: A thoughtful and unique gift for teachers, ideal for welcoming students back to school, celebrating the first day, birthdays, Christmas, or Thanksgiving. Customizable with the teacher’s name., 🌟 HIGH-QUALITY MATERIAL: Soft and durable non-woven fabric top that’s heat-resistant, with a neoprene rubber non-slip backing. Effectively dries wet feet, and traps dirt, dust, and grime to keep your floors clean., 📏 IDEAL FOR CLASSROOM: Available in four sizes: 16x24 inches, 18x30 inches, 19x32 inches, and 24x36 inches. Perfect for both indoor and outdoor use, making it a versatile addition to classrooms, entryways, and RVs., 🧼 EASY TO MAINTAIN: The doormat is washable and easy to clean. Simply hose it down or sponge clean with mild liquid soap. Avoid bleaching and let it air dry for long-lasting use.</p>",CHILLGEN,Health & Beauty > Health Care > Fitness & Nutrition > Vitamins & Supplements > Digestive Supplements > Colon Cleanses,Rug,"amazon-parent-b0fgdcsg3y, classroom, doormat, home-decor, indoor-outdoor, modern, personalized, rectangular, rug",false,Choose Your Option,"Blank Doormat, No Custom",,Pick Up Size,"24""x16"" (40x60 cm)",,,,,AMZ-RUG-B0FGDDJYMS-1,0.0,,0,deny,manual,21.90,29.20,true,false,,,,,"",https://cdn.shopify.com/s/files/1/1023/0068/0561/files/c26450bd685e88db70c89e96af2e4faf923ddeeb3bd073d4265e0e6a9d8c00b7.jpg?v=1789094673,1,"Personalized Teacher Welcome Door Mat with Name, Composition Notebook Style, Perfect Classroom Decor & Back to School Gift for Teachers (Colorful Class #3)",false,,"Personalized Teacher Welcome Door Mat with Name, Composition Notebook Style, Perfect Classroom Decor & Back to School Gift for Teachers (Colorful Class #3)",525,,,,,,,,,,,B0FGDCSG3Y,,,,,lb,,,draft
personalized-colorful-composition-notebook-teacher-door-mat,,,,,,,,,"Blank Doormat, No Custom",,,"32""x20"" (50x80 cm) - BEST SELLING",,,,,AMZ-RUG-B0FGDDJYMS-2,0.0,,0,deny,manual,30.90,41.20,true,false,,,,,"",https://cdn.shopify.com/s/files/1/1023/0068/0561/files/acad622c61e4782a604593c8bc997807367ac1e641919840e3a0fe0744d88808.jpg?v=1789094673,2,"Personalized Teacher Welcome Door Mat with Name, Composition Notebook Style, Perfect Classroom Decor & Back to School Gift for Teachers (Colorful Class #3)",,,,,,,,,,,,,,,,,,,,lb,,,
personalized-colorful-composition-notebook-teacher-door-mat,,,,,,,,,"Blank Doormat, No Custom",,,"36""x24"" (60x90 cm)",,,,,AMZ-RUG-B0FGDDJYMS-3,0.0,,0,deny,manual,34.90,46.53,true,false,,,,,"",https://cdn.shopify.com/s/files/1/1023/0068/0561/files/b98f415e0bbdd5352045456adda7cb6d8b4d29d9f845558d9677318e57cb71c2.jpg?v=1789094673,3,"Personalized Teacher Welcome Door Mat with Name, Composition Notebook Style, Perfect Classroom Decor & Back to School Gift for Teachers (Colorful Class #3)",,,,,,,,,,,,,,,,,,,,lb,,,
personalized-colorful-composition-notebook-teacher-door-mat,,,,,,,,,Customized Doormat,,,"24""x16"" (40x60 cm)",,,,,AMZ-RUG-B0FGDDJYMS-4,0.0,,0,deny,manual,28.90,38.53,true,false,,,,,"",https://cdn.shopify.com/s/files/1/1023/0068/0561/files/3ee68e28cdeaec9489879c0962a6b830097bfcf31ef4740197191477310556fa.jpg?v=1789094673,4,"Personalized Teacher Welcome Door Mat with Name, Composition Notebook Style, Perfect Classroom Decor & Back to School Gift for Teachers (Colorful Class #3)",,,,,,,,,,,,,,,,,,,,lb,,,
personalized-colorful-composition-notebook-teacher-door-mat,,,,,,,,,Customized Doormat,,,"32""x20"" (50x80 cm) - BEST SELLING",,,,,AMZ-RUG-B0FGDDJYMS-5,0.0,,0,deny,manual,37.90,50.53,true,false,,,,,"",https://cdn.shopify.com/s/files/1/1023/0068/0561/files/1fc6d86364fcf400c4f50e891d21954fce05251ed59a8743922f8f0473358756.jpg?v=1789094673,5,"Personalized Teacher Welcome Door Mat with Name, Composition Notebook Style, Perfect Classroom Decor & Back to School Gift for Teachers (Colorful Class #3)",,,,,,,,,,,,,,,,,,,,lb,,,
personalized-colorful-composition-notebook-teacher-door-mat,,,,,,,,,Customized Doormat,,,"36""x24"" (60x90 cm)",,,,,AMZ-RUG-B0FGDDJYMS-6,0.0,,0,deny,manual,41.90,55.87,true,false,,,,,"",https://cdn.shopify.com/s/files/1/1023/0068/0561/files/1d1a896042bd7c23653f6178265783048e6f2de6da5490201f24eece3be3787e.jpg?v=1789094673,6,"Personalized Teacher Welcome Door Mat with Name, Composition Notebook Style, Perfect Classroom Decor & Back to School Gift for Teachers (Colorful Class #3)",,,,,,,,,,,,,,,,,,,,lb,,,
personalized-rainbow-butterfly-stained-glass-garden-doormat,Personalized Rainbow Butterfly Stained Glass Garden Doormat,"<p>This Pride Rainbow Doormat offers a vibrant and welcoming touch to any home. Featuring colorful artwork inspired by inclusivity, love, and positivity, it adds personality and warmth to your decor. Designed for everyday use, this decorative floor mat is perfect for creating a cozy and inviting atmosphere.</p><h3>Product Highlights</h3><ul>
<li>Features a bright and colorful Pride design with rainbow artwork.</li>
<li>Soft and durable material ensures everyday comfort and lasting print.</li>
<li>Adds personality and warmth to home decor with its vivid design.</li>
<li>Suitable for both indoor and outdoor spaces.</li>
<li>Perfect for creating an inclusive home aesthetic.</li>
</ul><h3>Specifications</h3><table border=""1"" cellpadding=""6"" style=""border-collapse:collapse;width:100%"">
<tr>
<th align=""left"" width=""35%"">Attribute</th>
<th align=""left"">Value</th>
</tr>
<tr>
<td>Rug Form</td>
<td>Doormat</td>
</tr>
<tr>
<td>Item Shape</td>
<td>Rectangular</td>
</tr>
<tr>
<td>Weave Type</td>
<td>Flat Woven</td>
</tr>
<tr>
<td>Pile Height</td>
<td>Low Pile</td>
</tr>
<tr>
<td>Construction Type</td>
<td>Machine Made</td>
</tr>
<tr>
<td>Indoor/Outdoor Usage</td>
<td>Both</td>
</tr>
<tr>
<td>Room Type</td>
<td>Porch</td>
</tr>
<tr>
<td>Pattern</td>
<td>rainbow</td>
</tr>
<tr>
<td>Theme</td>
<td>Rainbow</td>
</tr>
<tr>
<td>Style</td>
<td>Modern</td>
</tr>
<tr>
<td>Text Input</td>
<td>1 text input</td>
</tr>
</table><h3>Material &amp; Care</h3><table border=""1"" cellpadding=""6"" style=""border-collapse:collapse;width:100%"">
<tr>
<th align=""left"" width=""35%"">Item</th>
<th align=""left"">Detail</th>
</tr>
<tr>
<td>Material Type</td>
<td>Polyester</td>
</tr>
<tr>
<td>Backing Material</td>
<td>Rubber</td>
</tr>
</table><h3>Where It Works</h3><p>This versatile doormat is ideal for front doors, entryways, patios, porches, apartments, dorms, classrooms, offices, and other indoor or outdoor spaces. It helps create a warm and inviting atmosphere for guests and family alike.</p>",CHILLGEN,Home & Garden > Decor > Bird & Wildlife Houses > Butterfly Houses,Rug,"amazon-parent-b0h1wpbzvb, doormat, flat-woven, home-decor, indoor-outdoor, modern, rainbow, rectangular, rug",false,Choose Produt Size,20x14 Inches-Mini size,,,,,,,,AMZ-RUG-B0H1WJ96LR-1,0.0,,0,deny,manual,21.90,27.38,true,false,,,,,"",https://cdn.shopify.com/s/files/1/1023/0068/0561/files/89fd9dbdeb65d2147a62e151e1491eabf858d1335159f436591345bcedd4059f.jpg?v=1789095445,1,Personalized Rainbow Butterfly Stained Glass Garden Doormat,false,,This modern rainbow doormat features a vibrant Pride design and is suitable for both indoor and outdoor spaces.,500080,,,,,,,,,,,B0H1WPBZVB,,,,,lb,,,draft
personalized-rainbow-butterfly-stained-glass-garden-doormat,,,,,,,,,24x16 Inches (40x60 cm),,,,,,,,AMZ-RUG-B0H1WJ96LR-2,0.0,,0,deny,manual,25.90,32.38,true,false,,,,,"",https://cdn.shopify.com/s/files/1/1023/0068/0561/files/33e1cb7b67b0b4fb5ec62bcfc34b448fdaf4ebd746c461f659683210a2113091.jpg?v=1789095445,2,Personalized Rainbow Butterfly Stained Glass Garden Doormat,,,,,,,,,,,,,,,,,,,,lb,,,
personalized-rainbow-butterfly-stained-glass-garden-doormat,,,,,,,,,32x20 Inches (50x80 cm),,,,,,,,AMZ-RUG-B0H1WJ96LR-3,0.0,,0,deny,manual,27.90,34.88,true,false,,,,,"",https://cdn.shopify.com/s/files/1/1023/0068/0561/files/8c1f8d9ef274ab2df7ae60120195f6f8d62b96e57fcc5af5a6f81d3d841bb235.jpg?v=1789095445,3,Personalized Rainbow Butterfly Stained Glass Garden Doormat,,,,,,,,,,,,,,,,,,,,lb,,,
personalized-rainbow-butterfly-stained-glass-garden-doormat,,,,,,,,,36x24 Inches (60x90cm),,,,,,,,AMZ-RUG-B0H1WJ96LR-4,0.0,,0,deny,manual,33.90,42.38,true,false,,,,,"",https://cdn.shopify.com/s/files/1/1023/0068/0561/files/ca70e1738d5b01001a184e168a17c3a672b590844929f075e2550f9208c5f5ae.jpg?v=1789095445,4,Personalized Rainbow Butterfly Stained Glass Garden Doormat,,,,,,,,,,,,,,,,,,,,lb,,,
personalized-rainbow-butterfly-stained-glass-garden-doormat,,,,,,,,,,,,,,,,,,,,,,,,,,,,,,,"",https://cdn.shopify.com/s/files/1/1023/0068/0561/files/dcbd83d10a55ffd97e7dd42cbaf0b85c4853f73c0e6a5fba8e75e662fcefc6b0.jpg?v=1789095445,5,Personalized Rainbow Butterfly Stained Glass Garden Doormat,,,,,,,,,,,,,,,,,,,,,,,
personalized-rainbow-butterfly-stained-glass-garden-doormat,,,,,,,,,,,,,,,,,,,,,,,,,,,,,,,"",https://cdn.shopify.com/s/files/1/1023/0068/0561/files/c499b4af9c36f8d116bc363961058c5daf6dd15b788be691618f01004ae530b2.jpg?v=1789095445,6,Personalized Rainbow Butterfly Stained Glass Garden Doormat,,,,,,,,,,,,,,,,,,,,,,,
personalized-rainbow-butterfly-stained-glass-garden-doormat,,,,,,,,,,,,,,,,,,,,,,,,,,,,,,,"",https://cdn.shopify.com/s/files/1/1023/0068/0561/files/fbdea96e9862a9c4285a1881743fe7a77d66c0d752ebb86d31f4e2a21d6dde16.jpg?v=1789095445,7,Personalized Rainbow Butterfly Stained Glass Garden Doormat,,,,,,,,,,,,,,,,,,,,,,,
personalized-rainbow-everyone-is-welcome-here-hands-doormat,Personalized Rainbow Everyone Is Welcome Here Hands Doormat,"<p>This vibrant Pride Rainbow Doormat adds a welcoming touch to any home with its colorful artwork. Featuring a cheerful aesthetic, it helps create a warm and inviting atmosphere. It is designed for everyday use, adding personality and positivity to your decor.</p><h3>Product Highlights</h3><ul>
<li>Features a bright and colorful Pride design with rainbow-inspired artwork.</li>
<li>Soft and durable material ensures a comfortable surface.</li>
<li>Suitable for both indoor and outdoor use.</li>
<li>Adds personality and warmth to home decor.</li>
<li>Perfect for creating a cozy and welcoming atmosphere.</li>
</ul><h3>Specifications</h3><table border=""1"" cellpadding=""6"" style=""border-collapse:collapse;width:100%"">
<tr>
<th align=""left"" width=""35%"">Attribute</th>
<th align=""left"">Value</th>
</tr>
<tr>
<td>Rug Form</td>
<td>Doormat</td>
</tr>
<tr>
<td>Item Shape</td>
<td>Rectangular</td>
</tr>
<tr>
<td>Weave Type</td>
<td>Flat Woven</td>
</tr>
<tr>
<td>Pile Height</td>
<td>Low Pile</td>
</tr>
<tr>
<td>Construction Type</td>
<td>Machine Made</td>
</tr>
<tr>
<td>Indoor/Outdoor Usage</td>
<td>Both</td>
</tr>
<tr>
<td>Room Type</td>
<td>Porch</td>
</tr>
<tr>
<td>Pattern</td>
<td>rainbow</td>
</tr>
<tr>
<td>Theme</td>
<td>Rainbow</td>
</tr>
<tr>
<td>Style</td>
<td>Modern</td>
</tr>
<tr>
<td>Special Features</td>
<td>Lightweight</td>
</tr>
<tr>
<td>Text</td>
<td>1 text input</td>
</tr>
</table><h3>Material &amp; Care</h3><table border=""1"" cellpadding=""6"" style=""border-collapse:collapse;width:100%"">
<tr>
<th align=""left"" width=""35%"">Item</th>
<th align=""left"">Detail</th>
</tr>
<tr>
<td>Material Type</td>
<td>Polyester</td>
</tr>
<tr>
<td>Backing Material</td>
<td>Rubber</td>
</tr>
</table><h3>Where It Works</h3><p>This doormat is suitable for entryways, patios, porches, apartments, dorms, classrooms, and offices. It can be used in both indoor and outdoor spaces to enhance your decor.</p>",CHILLGEN,Services > Building & Construction Services > Outdoor Construction,Rug,"amazon-parent-b0h1wpbzvb, doormat, home-decor, indoor-outdoor, modern, porch, rainbow, rectangular, rug",false,Choose Produt Size,20x14 Inches-Mini size,,,,,,,,AMZ-RUG-B0H1WJ2MVQ-1,0.0,,0,deny,manual,21.90,27.38,true,false,,,,,"",https://cdn.shopify.com/s/files/1/1023/0068/0561/files/31bf7688bc02a93a13e47735424b76185ac1dc5d9248006acea3025d8f4c1e8a.jpg?v=1789095445,1,"Personalized Pride Rainbow Doormat, LGBTQ Welcome Mat, Inclusive Front Porch Decor, Colorful Entryway Rug, Indoor Outdoor Floor Mat (Welcome 2)",false,,"Modern rainbow doormat with a soft, durable surface, perfect for adding a welcoming touch to any porch or entryway.",,,,,,,,,,,,B0H1WPBZVB,,,,,lb,,,draft
personalized-rainbow-everyone-is-welcome-here-hands-doormat,,,,,,,,,24x16 Inches (40x60 cm),,,,,,,,AMZ-RUG-B0H1WJ2MVQ-2,0.0,,0,deny,manual,25.90,32.38,true,false,,,,,"",https://cdn.shopify.com/s/files/1/1023/0068/0561/files/fa266db2ba735bd730c587215634ef1d1ce7e57d36bd1ca8d1768b876cd3e958.jpg?v=1789095445,2,"Personalized Pride Rainbow Doormat, LGBTQ Welcome Mat, Inclusive Front Porch Decor, Colorful Entryway Rug, Indoor Outdoor Floor Mat (Welcome 2)",,,,,,,,,,,,,,,,,,,,lb,,,
personalized-rainbow-everyone-is-welcome-here-hands-doormat,,,,,,,,,32x20 Inches (50x80 cm),,,,,,,,AMZ-RUG-B0H1WJ2MVQ-3,0.0,,0,deny,manual,27.90,34.88,true,false,,,,,"",https://cdn.shopify.com/s/files/1/1023/0068/0561/files/201409f93f2d3c2a800bf0ea2f58518a14a593a8fe73bdd6c58b690033c7ee5a.jpg?v=1789095445,3,"Personalized Pride Rainbow Doormat, LGBTQ Welcome Mat, Inclusive Front Porch Decor, Colorful Entryway Rug, Indoor Outdoor Floor Mat (Welcome 2)",,,,,,,,,,,,,,,,,,,,lb,,,
personalized-rainbow-everyone-is-welcome-here-hands-doormat,,,,,,,,,36x24 Inches (60x90cm),,,,,,,,AMZ-RUG-B0H1WJ2MVQ-4,0.0,,0,deny,manual,33.90,42.38,true,false,,,,,"",https://cdn.shopify.com/s/files/1/1023/0068/0561/files/d7f07ce58ca285ca7f27bbe6f6db20bef6cbd363ea2d38ba6c921f59e1839975.jpg?v=1789095446,4,"Personalized Pride Rainbow Doormat, LGBTQ Welcome Mat, Inclusive Front Porch Decor, Colorful Entryway Rug, Indoor Outdoor Floor Mat (Welcome 2)",,,,,,,,,,,,,,,,,,,,lb,,,
personalized-rainbow-everyone-is-welcome-here-hands-doormat,,,,,,,,,,,,,,,,,,,,,,,,,,,,,,,"",https://cdn.shopify.com/s/files/1/1023/0068/0561/files/c36513fa01a94840cc100c8a317214d6c403b84e9da8ed796fc2ba6df60f85bf.jpg?v=1789095445,5,"Personalized Pride Rainbow Doormat, LGBTQ Welcome Mat, Inclusive Front Porch Decor, Colorful Entryway Rug, Indoor Outdoor Floor Mat (Welcome 2)",,,,,,,,,,,,,,,,,,,,,,,
personalized-rainbow-everyone-is-welcome-here-hands-doormat,,,,,,,,,,,,,,,,,,,,,,,,,,,,,,,"",https://cdn.shopify.com/s/files/1/1023/0068/0561/files/86c8dadd707c0c01cbcd1f9ab2f971a09387f5f70bc2f6a119440692a6810808.jpg?v=1789095446,6,"Personalized Pride Rainbow Doormat, LGBTQ Welcome Mat, Inclusive Front Porch Decor, Colorful Entryway Rug, Indoor Outdoor Floor Mat (Welcome 2)",,,,,,,,,,,,,,,,,,,,,,,
personalized-rainbow-everyone-is-welcome-here-hands-doormat,,,,,,,,,,,,,,,,,,,,,,,,,,,,,,,"",https://cdn.shopify.com/s/files/1/1023/0068/0561/files/e320f291b651172c9ad0bdd7de82a113436296db551dd3e285f268a51122c06b.jpg?v=1789095445,7,"Personalized Pride Rainbow Doormat, LGBTQ Welcome Mat, Inclusive Front Porch Decor, Colorful Entryway Rug, Indoor Outdoor Floor Mat (Welcome 2)",,,,,,,,,,,,,,,,,,,,,,,
personalized-rainbow-paw-print-love-is-doormat-pride-month-decor,"Personalized Rainbow Paw Print Love Is Doormat, Pride Month Decor","<p>This vibrant doormat celebrates love and inclusivity with a colorful rainbow design, adding a welcoming touch to any home. Its cheerful aesthetic helps create a warm and inviting atmosphere for guests, friends, and family. Designed for everyday use, this decorative floor mat brings personality and positivity to your decor.</p><h3>Product Highlights</h3><ul>
<li>Features a bright and colorful Pride design with rainbow artwork.</li>
<li>Soft and durable material ensures a comfortable surface and long-lasting print.</li>
<li>Adds a personalized touch to your space.</li>
<li>Suitable for both indoor and outdoor use.</li>
<li>Creates an inclusive home aesthetic for modern, boho, retro, or eclectic spaces.</li>
</ul><h3>Specifications</h3><table border=""1"" cellpadding=""6"" style=""border-collapse:collapse;width:100%"">
<tr>
<th align=""left"" width=""35%"">Attribute</th>
<th align=""left"">Value</th>
</tr>
<tr>
<td>Rug Form</td>
<td>Doormat</td>
</tr>
<tr>
<td>Item Shape</td>
<td>Rectangular</td>
</tr>
<tr>
<td>Weave Type</td>
<td>Flat Woven</td>
</tr>
<tr>
<td>Pile Height</td>
<td>Low Pile</td>
</tr>
<tr>
<td>Construction Type</td>
<td>Machine Made</td>
</tr>
<tr>
<td>Indoor/Outdoor Usage</td>
<td>Both</td>
</tr>
<tr>
<td>Room Type</td>
<td>Porch</td>
</tr>
<tr>
<td>Special Features</td>
<td>Lightweight</td>
</tr>
<tr>
<td>Pattern</td>
<td>rainbow</td>
</tr>
<tr>
<td>Theme</td>
<td>Rainbow</td>
</tr>
<tr>
<td>Style</td>
<td>Modern</td>
</tr>
<tr>
<td>Text Customization</td>
<td>1 text input</td>
</tr>
</table><h3>Material &amp; Care</h3><table border=""1"" cellpadding=""6"" style=""border-collapse:collapse;width:100%"">
<tr>
<th align=""left"" width=""35%"">Item</th>
<th align=""left"">Detail</th>
</tr>
<tr>
<td>Material Type</td>
<td>Polyester</td>
</tr>
<tr>
<td>Backing Material</td>
<td>Rubber</td>
</tr>
</table><h3>Where It Works</h3><p>This versatile doormat is perfect for entryways, patios, porches, apartments, dorms, classrooms, offices, and other indoor or outdoor spaces. It can be used to add a festive touch during Pride Month or as a thoughtful housewarming gift.</p>",CHILLGEN,Services > Building & Construction Services > Outdoor Construction,Rug,"amazon-parent-b0h1wpbzvb, doormat, home-decor, indoor-outdoor, modern, porch, rainbow, rectangular, rug",false,Choose Produt Size,20x14 Inches-Mini size,,,,,,,,AMZ-RUG-B0H1WLJDVC-1,0.0,,0,deny,manual,21.90,27.38,true,false,,,,,"",https://cdn.shopify.com/s/files/1/1023/0068/0561/files/38c4eff98afaf81cd5d4ffb4cb96bc248942806579ea4a66360eb54be3bbae42.jpg?v=1789095446,1,"Personalized Pride Rainbow Doormat, LGBTQ Welcome Mat, Inclusive Front Porch Decor, Colorful Entryway Rug, Indoor Outdoor Floor Mat (Paw Theme)",false,,"Modern rainbow doormat with a colorful Pride design, perfect for brightening any indoor or outdoor entryway.",,,,,,,,,,,,B0H1WPBZVB,,,,,lb,,,draft
personalized-rainbow-paw-print-love-is-doormat-pride-month-decor,,,,,,,,,24x16 Inches (40x60 cm),,,,,,,,AMZ-RUG-B0H1WLJDVC-2,0.0,,0,deny,manual,25.90,32.38,true,false,,,,,"",https://cdn.shopify.com/s/files/1/1023/0068/0561/files/11f934fa19a85373747ecfc223ff84d8bbfbabb2b2ff8c34fd689e36599ac4b5.jpg?v=1789095446,2,"Personalized Pride Rainbow Doormat, LGBTQ Welcome Mat, Inclusive Front Porch Decor, Colorful Entryway Rug, Indoor Outdoor Floor Mat (Paw Theme)",,,,,,,,,,,,,,,,,,,,lb,,,
personalized-rainbow-paw-print-love-is-doormat-pride-month-decor,,,,,,,,,32x20 Inches (50x80 cm),,,,,,,,AMZ-RUG-B0H1WLJDVC-3,0.0,,0,deny,manual,27.90,34.88,true,false,,,,,"",https://cdn.shopify.com/s/files/1/1023/0068/0561/files/84bf86e0296df81370a78b5d8b53d89f135dab91052ddf2786a5d1c1b061bd63.jpg?v=1789095446,3,"Personalized Pride Rainbow Doormat, LGBTQ Welcome Mat, Inclusive Front Porch Decor, Colorful Entryway Rug, Indoor Outdoor Floor Mat (Paw Theme)",,,,,,,,,,,,,,,,,,,,lb,,,
personalized-rainbow-paw-print-love-is-doormat-pride-month-decor,,,,,,,,,36x24 Inches (60x90cm),,,,,,,,AMZ-RUG-B0H1WLJDVC-4,0.0,,0,deny,manual,33.90,42.38,true,false,,,,,"",https://cdn.shopify.com/s/files/1/1023/0068/0561/files/285b4ed427fdab907741b2c287003f2b6f87552e0abc52ce78a8d29dc77dabc7.jpg?v=1789095446,4,"Personalized Pride Rainbow Doormat, LGBTQ Welcome Mat, Inclusive Front Porch Decor, Colorful Entryway Rug, Indoor Outdoor Floor Mat (Paw Theme)",,,,,,,,,,,,,,,,,,,,lb,,,
personalized-rainbow-paw-print-love-is-doormat-pride-month-decor,,,,,,,,,,,,,,,,,,,,,,,,,,,,,,,"",https://cdn.shopify.com/s/files/1/1023/0068/0561/files/032b35432158a2353594bcbaf601e29119a7b4dd7369b97b9757db7b75d8ee2c.jpg?v=1789095446,5,"Personalized Pride Rainbow Doormat, LGBTQ Welcome Mat, Inclusive Front Porch Decor, Colorful Entryway Rug, Indoor Outdoor Floor Mat (Paw Theme)",,,,,,,,,,,,,,,,,,,,,,,
personalized-rainbow-paw-print-love-is-doormat-pride-month-decor,,,,,,,,,,,,,,,,,,,,,,,,,,,,,,,"",https://cdn.shopify.com/s/files/1/1023/0068/0561/files/ea83f1e63956c9b52f458509ce2ba49d65fee0ded54d205518fc1a45e019412e.jpg?v=1789095446,6,"Personalized Pride Rainbow Doormat, LGBTQ Welcome Mat, Inclusive Front Porch Decor, Colorful Entryway Rug, Indoor Outdoor Floor Mat (Paw Theme)",,,,,,,,,,,,,,,,,,,,,,,
personalized-rainbow-paw-print-love-is-doormat-pride-month-decor,,,,,,,,,,,,,,,,,,,,,,,,,,,,,,,"",https://cdn.shopify.com/s/files/1/1023/0068/0561/files/d490769561e79c1eca1fffd533410d04f06ccfad0a7c2fd8dc6322883278f54e.jpg?v=1789095446,7,"Personalized Pride Rainbow Doormat, LGBTQ Welcome Mat, Inclusive Front Porch Decor, Colorful Entryway Rug, Indoor Outdoor Floor Mat (Paw Theme)",,,,,,,,,,,,,,,,,,,,,,,
personalized-pride-rainbow-all-are-welcome-doormat-front-porch-decor,"Personalized Pride Rainbow All Are Welcome Doormat, Front Porch Decor","<p>Celebrate love and inclusivity with this vibrant Pride Rainbow Doormat. Featuring colorful rainbow-inspired artwork, this doormat adds a cheerful aesthetic to your home. It creates a warm and inviting atmosphere, perfect for greeting guests and enhancing your decor.</p><h3>Product Highlights</h3><ul>
<li>Features a bright and colorful Pride design with inclusive artwork.</li>
<li>Adds personality and warmth with a vivid, long-lasting print.</li>
<li>Designed for everyday use with a comfortable surface.</li>
<li>Suitable for both indoor and outdoor spaces.</li>
<li>Perfect for creating an inclusive home aesthetic in various decor styles.</li>
</ul><h3>Specifications</h3><table border=""1"" cellpadding=""6"" style=""border-collapse:collapse;width:100%"">
<tr>
<th align=""left"" width=""35%"">Attribute</th>
<th align=""left"">Value</th>
</tr>
<tr>
<td>Rug Form</td>
<td>Doormat</td>
</tr>
<tr>
<td>Item Shape</td>
<td>Rectangular</td>
</tr>
<tr>
<td>Weave Type</td>
<td>Flat Woven</td>
</tr>
<tr>
<td>Pile Height</td>
<td>Low Pile</td>
</tr>
<tr>
<td>Construction Type</td>
<td>Machine Made</td>
</tr>
<tr>
<td>Indoor/Outdoor Usage</td>
<td>Both</td>
</tr>
<tr>
<td>Room Type</td>
<td>Porch</td>
</tr>
<tr>
<td>Pattern</td>
<td>rainbow</td>
</tr>
<tr>
<td>Theme</td>
<td>Rainbow</td>
</tr>
<tr>
<td>Style</td>
<td>Modern</td>
</tr>
<tr>
<td>Other Special Features</td>
<td>Lightweight</td>
</tr>
</table><h3>Material &amp; Care</h3><table border=""1"" cellpadding=""6"" style=""border-collapse:collapse;width:100%"">
<tr>
<th align=""left"" width=""35%"">Item</th>
<th align=""left"">Detail</th>
</tr>
<tr>
<td>Material Type</td>
<td>Polyester</td>
</tr>
<tr>
<td>Back Material Type</td>
<td>Rubber</td>
</tr>
</table><h3>Where It Works</h3><p>This decorative doormat is ideal for front doors, entryways, patios, and porches. It also works well in apartments, dorms, classrooms, and offices, offering a welcoming touch to any indoor or outdoor area.</p>",CHILLGEN,Services > Building & Construction Services > Outdoor Construction,Rug,"amazon-parent-b0h1wpbzvb, doormat, home-decor, indoor-outdoor, modern, porch, rainbow, rectangular, rug",false,Choose Produt Size,20x14 Inches-Mini size,,,,,,,,AMZ-RUG-B0H1WBK8Y3-1,0.0,,0,deny,manual,21.90,27.38,true,false,,,,,"",https://cdn.shopify.com/s/files/1/1023/0068/0561/files/e7c7cda8b85cdc849da8cf149b37831166155e9c83ba5c92e68789d8679c3b57.jpg?v=1789095496,1,"Personalized Pride Rainbow Doormat, LGBTQ Welcome Mat, Inclusive Front Porch Decor, Colorful Entryway Rug, Indoor Outdoor Floor Mat (Welcome 3)",false,,"This modern rainbow doormat features a soft, durable polyester material, perfect for welcoming guests in any indoor or outdoor space.",,,,,,,,,,,,B0H1WPBZVB,,,,,lb,,,draft
personalized-pride-rainbow-all-are-welcome-doormat-front-porch-decor,,,,,,,,,24x16 Inches (40x60 cm),,,,,,,,AMZ-RUG-B0H1WBK8Y3-2,0.0,,0,deny,manual,25.90,32.38,true,false,,,,,"",https://cdn.shopify.com/s/files/1/1023/0068/0561/files/5cc2dac42523382eb43a35ce0861381b74f80d79d35b6e3ca84130a9d6d208d7.jpg?v=1789095496,2,"Personalized Pride Rainbow Doormat, LGBTQ Welcome Mat, Inclusive Front Porch Decor, Colorful Entryway Rug, Indoor Outdoor Floor Mat (Welcome 3)",,,,,,,,,,,,,,,,,,,,lb,,,
personalized-pride-rainbow-all-are-welcome-doormat-front-porch-decor,,,,,,,,,32x20 Inches (50x80 cm),,,,,,,,AMZ-RUG-B0H1WBK8Y3-3,0.0,,0,deny,manual,27.90,34.88,true,false,,,,,"",https://cdn.shopify.com/s/files/1/1023/0068/0561/files/3e0928a299a87cfbd3796b2a8d6ed9319584696e675e2daf9c68ed896fb1f776.jpg?v=1789095496,3,"Personalized Pride Rainbow Doormat, LGBTQ Welcome Mat, Inclusive Front Porch Decor, Colorful Entryway Rug, Indoor Outdoor Floor Mat (Welcome 3)",,,,,,,,,,,,,,,,,,,,lb,,,
personalized-pride-rainbow-all-are-welcome-doormat-front-porch-decor,,,,,,,,,36x24 Inches (60x90cm),,,,,,,,AMZ-RUG-B0H1WBK8Y3-4,0.0,,0,deny,manual,33.90,42.38,true,false,,,,,"",https://cdn.shopify.com/s/files/1/1023/0068/0561/files/7633bcbcdfb91848b5d2b67d998e2a882871ff32cd6e24f64cc27cb70e876956.jpg?v=1789095496,4,"Personalized Pride Rainbow Doormat, LGBTQ Welcome Mat, Inclusive Front Porch Decor, Colorful Entryway Rug, Indoor Outdoor Floor Mat (Welcome 3)",,,,,,,,,,,,,,,,,,,,lb,,,
personalized-pride-rainbow-all-are-welcome-doormat-front-porch-decor,,,,,,,,,,,,,,,,,,,,,,,,,,,,,,,"",https://cdn.shopify.com/s/files/1/1023/0068/0561/files/6b59c01c15cf747cd46b76ca50fd8c941792edb9838230e0aca4d254dee2e564.jpg?v=1789095496,5,"Personalized Pride Rainbow Doormat, LGBTQ Welcome Mat, Inclusive Front Porch Decor, Colorful Entryway Rug, Indoor Outdoor Floor Mat (Welcome 3)",,,,,,,,,,,,,,,,,,,,,,,
personalized-pride-rainbow-all-are-welcome-doormat-front-porch-decor,,,,,,,,,,,,,,,,,,,,,,,,,,,,,,,"",https://cdn.shopify.com/s/files/1/1023/0068/0561/files/7b0e8a18ea95d0cde944b5968c919763c145fdcf8be6929f06177103cee2b2de.jpg?v=1789095496,6,"Personalized Pride Rainbow Doormat, LGBTQ Welcome Mat, Inclusive Front Porch Decor, Colorful Entryway Rug, Indoor Outdoor Floor Mat (Welcome 3)",,,,,,,,,,,,,,,,,,,,,,,
personalized-pride-rainbow-all-are-welcome-doormat-front-porch-decor,,,,,,,,,,,,,,,,,,,,,,,,,,,,,,,"",https://cdn.shopify.com/s/files/1/1023/0068/0561/files/219c284c46c20c47426c0ec1b4c558f13ff182b23e129055b0669df76fc9a9b9.jpg?v=1789095496,7,"Personalized Pride Rainbow Doormat, LGBTQ Welcome Mat, Inclusive Front Porch Decor, Colorful Entryway Rug, Indoor Outdoor Floor Mat (Welcome 3)",,,,,,,,,,,,,,,,,,,,,,,
personalized-rainbow-flag-cat-doormat-pride-month-decor,"Personalized Rainbow Flag Cat Doormat, Pride Month Decor","<p>This vibrant Pride Rainbow Doormat offers a welcoming touch to any home, featuring colorful artwork inspired by inclusivity, love, and positivity. It serves as a beautiful accent, designed for everyday use with a comfortable surface and a vivid, long-lasting print. This decorative floor mat adds personality and warmth to your home decor.</p><h3>Product Highlights</h3><ul>
<li>Features a bright and colorful Pride design with rainbow-inspired artwork.</li>
<li>Designed for everyday use with a soft and durable material.</li>
<li>Adds personality and warmth to home decor with a vivid, long-lasting print.</li>
<li>Creates a cozy and welcoming atmosphere.</li>
<li>Suitable for modern, boho, retro, or eclectic spaces.</li>
</ul><h3>Specifications</h3><table border=""1"" cellpadding=""6"" style=""border-collapse:collapse;width:100%"">
<tr>
<th align=""left"" width=""35%"">Attribute</th>
<th align=""left"">Value</th>
</tr>
<tr>
<td>Rug Form</td>
<td>Doormat</td>
</tr>
<tr>
<td>Item Shape</td>
<td>Rectangular</td>
</tr>
<tr>
<td>Weave Type</td>
<td>Flat Woven</td>
</tr>
<tr>
<td>Pile Height</td>
<td>Low Pile</td>
</tr>
<tr>
<td>Construction Type</td>
<td>Machine Made</td>
</tr>
<tr>
<td>Indoor/Outdoor Usage</td>
<td>Both</td>
</tr>
<tr>
<td>Room Type</td>
<td>Porch</td>
</tr>
<tr>
<td>Special Features</td>
<td>Lightweight</td>
</tr>
<tr>
<td>Pattern</td>
<td>rainbow</td>
</tr>
<tr>
<td>Theme</td>
<td>Rainbow</td>
</tr>
<tr>
<td>Style</td>
<td>Modern</td>
</tr>
</table><h3>Material &amp; Care</h3><table border=""1"" cellpadding=""6"" style=""border-collapse:collapse;width:100%"">
<tr>
<th align=""left"" width=""35%"">Item</th>
<th align=""left"">Detail</th>
</tr>
<tr>
<td>Material Type</td>
<td>Polyester</td>
</tr>
<tr>
<td>Backing Material</td>
<td>Rubber</td>
</tr>
</table><h3>Where It Works</h3><p>This doormat is perfect for entryways, patios, porches, apartments, dorms, classrooms, offices, and both indoor or outdoor spaces. It can be used for front doors or as a decorative accent in various rooms.</p>",CHILLGEN,Services > Building & Construction Services > Outdoor Construction,Rug,"amazon-parent-b0h1wpbzvb, doormat, flat-woven, home-decor, modern, porch, rainbow, rectangular, rug",false,Choose Produt Size,20x14 Inches-Mini size,,,,,,,,AMZ-RUG-B0H1WJ3FMJ-1,0.0,,0,deny,manual,21.90,27.38,true,false,,,,,"",https://cdn.shopify.com/s/files/1/1023/0068/0561/files/a6a51bcc48a5a0423d1baa29914ec7093e0341ac1467996e0d635e72bcd33dc3.jpg?v=1789095496,1,"Personalized Pride Rainbow Doormat, LGBTQ Welcome Mat, Inclusive Front Porch Decor, Colorful Entryway Rug, Indoor Outdoor Floor Mat (Cat 2)",false,,"Modern rectangular doormat with a colorful Pride rainbow design, perfect for brightening any porch or entryway.",,,,,,,,,,,,B0H1WPBZVB,,,,,lb,,,draft
personalized-rainbow-flag-cat-doormat-pride-month-decor,,,,,,,,,24x16 Inches (40x60 cm),,,,,,,,AMZ-RUG-B0H1WJ3FMJ-2,0.0,,0,deny,manual,25.90,32.38,true,false,,,,,"",https://cdn.shopify.com/s/files/1/1023/0068/0561/files/7bdf9a45a9f7a51f274c88380f4c1cb99148d7f2e171c225318033426d0c8cca.jpg?v=1789095496,2,"Personalized Pride Rainbow Doormat, LGBTQ Welcome Mat, Inclusive Front Porch Decor, Colorful Entryway Rug, Indoor Outdoor Floor Mat (Cat 2)",,,,,,,,,,,,,,,,,,,,lb,,,
personalized-rainbow-flag-cat-doormat-pride-month-decor,,,,,,,,,32x20 Inches (50x80 cm),,,,,,,,AMZ-RUG-B0H1WJ3FMJ-3,0.0,,0,deny,manual,27.90,34.88,true,false,,,,,"",https://cdn.shopify.com/s/files/1/1023/0068/0561/files/70f260369927a41974b6be9c943abcad21ddba78a5bbb9e70e50cc30a6521818.jpg?v=1789095496,3,"Personalized Pride Rainbow Doormat, LGBTQ Welcome Mat, Inclusive Front Porch Decor, Colorful Entryway Rug, Indoor Outdoor Floor Mat (Cat 2)",,,,,,,,,,,,,,,,,,,,lb,,,
personalized-rainbow-flag-cat-doormat-pride-month-decor,,,,,,,,,36x24 Inches (60x90cm),,,,,,,,AMZ-RUG-B0H1WJ3FMJ-4,0.0,,0,deny,manual,33.90,42.38,true,false,,,,,"",https://cdn.shopify.com/s/files/1/1023/0068/0561/files/6412721a30530d48282bbad4d3db7ad6b6b801dd2bcbe2ccb1d8e71c78b74c35.jpg?v=1789095496,4,"Personalized Pride Rainbow Doormat, LGBTQ Welcome Mat, Inclusive Front Porch Decor, Colorful Entryway Rug, Indoor Outdoor Floor Mat (Cat 2)",,,,,,,,,,,,,,,,,,,,lb,,,
personalized-rainbow-flag-cat-doormat-pride-month-decor,,,,,,,,,,,,,,,,,,,,,,,,,,,,,,,"",https://cdn.shopify.com/s/files/1/1023/0068/0561/files/99d339b893f757ccadf8524a382f1549e6f6e2b6b14155517905fb62a9e0e53f.jpg?v=1789095497,5,"Personalized Pride Rainbow Doormat, LGBTQ Welcome Mat, Inclusive Front Porch Decor, Colorful Entryway Rug, Indoor Outdoor Floor Mat (Cat 2)",,,,,,,,,,,,,,,,,,,,,,,
personalized-rainbow-flag-cat-doormat-pride-month-decor,,,,,,,,,,,,,,,,,,,,,,,,,,,,,,,"",https://cdn.shopify.com/s/files/1/1023/0068/0561/files/ad9edfa48c5d0b28438c9195ffba9b20e856e687a9191282192ea5e2c2c3edd0.jpg?v=1789095496,6,"Personalized Pride Rainbow Doormat, LGBTQ Welcome Mat, Inclusive Front Porch Decor, Colorful Entryway Rug, Indoor Outdoor Floor Mat (Cat 2)",,,,,,,,,,,,,,,,,,,,,,,
personalized-rainbow-flag-cat-doormat-pride-month-decor,,,,,,,,,,,,,,,,,,,,,,,,,,,,,,,"",https://cdn.shopify.com/s/files/1/1023/0068/0561/files/8edac386e2b4e2b501cf928b60090732fc61532464fa38c1a95d82b25751fb9d.jpg?v=1789095496,7,"Personalized Pride Rainbow Doormat, LGBTQ Welcome Mat, Inclusive Front Porch Decor, Colorful Entryway Rug, Indoor Outdoor Floor Mat (Cat 2)",,,,,,,,,,,,,,,,,,,,,,,
personalized-flower-fantasy-nature-whimsical-doormat,"Personalized Flower fantasy, nature, whimsical Doormat","<p>This vibrant doormat celebrates inclusivity with a bright rainbow design, adding a welcoming touch to any home. It features colorful artwork inspired by love and positivity, creating a cheerful aesthetic. Perfect for adding personality and warmth to entryways, patios, and various indoor or outdoor spaces.</p><h3>Product Highlights</h3><ul>
<li>Features a bright and colorful Pride rainbow design</li>
<li>Adds a welcoming touch with inclusive artwork</li>
<li>Soft and durable material designed for everyday use</li>
<li>Suitable for both indoor and outdoor spaces</li>
<li>Creates a cozy atmosphere with colorful rainbow decor</li>
</ul><h3>Specifications</h3><table border=""1"" cellpadding=""6"" style=""border-collapse:collapse;width:100%"">
<tr>
<th align=""left"" width=""35%"">Attribute</th>
<th align=""left"">Value</th>
</tr>
<tr>
<td>Rug Form</td>
<td>Doormat</td>
</tr>
<tr>
<td>Item Shape</td>
<td>Rectangular</td>
</tr>
<tr>
<td>Weave Type</td>
<td>Flat Woven</td>
</tr>
<tr>
<td>Pile Height</td>
<td>Low Pile</td>
</tr>
<tr>
<td>Construction Type</td>
<td>Machine Made</td>
</tr>
<tr>
<td>Indoor/Outdoor Usage</td>
<td>Both</td>
</tr>
<tr>
<td>Room Type</td>
<td>Porch</td>
</tr>
<tr>
<td>Pattern</td>
<td>rainbow</td>
</tr>
<tr>
<td>Theme</td>
<td>Rainbow</td>
</tr>
<tr>
<td>Style</td>
<td>Modern</td>
</tr>
<tr>
<td>Text</td>
<td>1 text input</td>
</tr>
<tr>
<td>Color</td>
<td>Mushroom Theme</td>
</tr>
<tr>
<td>Animal Theme</td>
<td>Cat</td>
</tr>
<tr>
<td>Other Special Features of the Product</td>
<td>Lightweight</td>
</tr>
</table><h3>Material &amp; Care</h3><table border=""1"" cellpadding=""6"" style=""border-collapse:collapse;width:100%"">
<tr>
<th align=""left"" width=""35%"">Item</th>
<th align=""left"">Detail</th>
</tr>
<tr>
<td>Material Type</td>
<td>Polyester</td>
</tr>
<tr>
<td>Backing Material</td>
<td>Rubber</td>
</tr>
</table><h3>Where It Works</h3><p>This versatile doormat is ideal for front doors, entryways, porches, apartments, dorms, classrooms, offices, and patios. It enhances both indoor and outdoor spaces with its decorative appeal.</p>",CHILLGEN,Services > Building & Construction Services > Outdoor Construction,Rug,"amazon-parent-b0h1wpbzvb, doormat, home-decor, indoor-outdoor, low-pile, modern, rainbow, rectangular, rug",false,Choose Produt Size,20x14 Inches-Mini size,,,,,,,,AMZ-RUG-B0H1WPBZVB-1,0.0,,0,deny,manual,21.90,27.38,true,false,,,,,"",https://cdn.shopify.com/s/files/1/1023/0068/0561/files/da13440a2d0db19c640268acc0c12274aea1e3a5f75fca1f8a53eccd1beeaef3.jpg?v=1789095497,1,"Personalized Pride Rainbow Doormat, LGBTQ Welcome Mat, Inclusive Front Porch Decor, Colorful Entryway Rug, Indoor Outdoor Floor Mat (Mushroom Theme)",false,,"Modern rainbow doormat with a bright design, perfect for welcoming guests in any indoor or outdoor space.",,,,,,,,,,,,B0H1WPBZVB,,,,,lb,,,draft
personalized-flower-fantasy-nature-whimsical-doormat,,,,,,,,,24x16 Inches (40x60 cm),,,,,,,,AMZ-RUG-B0H1WPBZVB-2,0.0,,0,deny,manual,25.90,32.38,true,false,,,,,"",https://cdn.shopify.com/s/files/1/1023/0068/0561/files/b10e6709ea5ad74aa484532ce2e99c388f1f44924e8f69c43a3d2e3390098011.jpg?v=1789095497,2,"Personalized Pride Rainbow Doormat, LGBTQ Welcome Mat, Inclusive Front Porch Decor, Colorful Entryway Rug, Indoor Outdoor Floor Mat (Mushroom Theme)",,,,,,,,,,,,,,,,,,,,lb,,,
personalized-flower-fantasy-nature-whimsical-doormat,,,,,,,,,32x20 Inches (50x80 cm),,,,,,,,AMZ-RUG-B0H1WPBZVB-3,0.0,,0,deny,manual,27.90,34.88,true,false,,,,,"",https://cdn.shopify.com/s/files/1/1023/0068/0561/files/1d6993ca72778dd1ee92cbd83a8b14df417147c035ac50fe207741f9700e1d3c.jpg?v=1789095497,3,"Personalized Pride Rainbow Doormat, LGBTQ Welcome Mat, Inclusive Front Porch Decor, Colorful Entryway Rug, Indoor Outdoor Floor Mat (Mushroom Theme)",,,,,,,,,,,,,,,,,,,,lb,,,
personalized-flower-fantasy-nature-whimsical-doormat,,,,,,,,,36x24 Inches (60x90cm),,,,,,,,AMZ-RUG-B0H1WPBZVB-4,0.0,,0,deny,manual,33.90,42.38,true,false,,,,,"",https://cdn.shopify.com/s/files/1/1023/0068/0561/files/b55792fd165597cbca6ecd38d885fcd1dda8d6a232e291a60e5ddc933d3110ec.jpg?v=1789095497,4,"Personalized Pride Rainbow Doormat, LGBTQ Welcome Mat, Inclusive Front Porch Decor, Colorful Entryway Rug, Indoor Outdoor Floor Mat (Mushroom Theme)",,,,,,,,,,,,,,,,,,,,lb,,,
personalized-flower-fantasy-nature-whimsical-doormat,,,,,,,,,,,,,,,,,,,,,,,,,,,,,,,"",https://cdn.shopify.com/s/files/1/1023/0068/0561/files/215beea099056e805ed2e3e704ac7e3f65f57036466236684dc8b1195220b6bf.jpg?v=1789095497,5,"Personalized Pride Rainbow Doormat, LGBTQ Welcome Mat, Inclusive Front Porch Decor, Colorful Entryway Rug, Indoor Outdoor Floor Mat (Mushroom Theme)",,,,,,,,,,,,,,,,,,,,,,,
personalized-flower-fantasy-nature-whimsical-doormat,,,,,,,,,,,,,,,,,,,,,,,,,,,,,,,"",https://cdn.shopify.com/s/files/1/1023/0068/0561/files/e6afb6c326279b11efa063609cd14d19fa930afab19ea40885b9a2cc7fdddbd8.jpg?v=1789095497,6,"Personalized Pride Rainbow Doormat, LGBTQ Welcome Mat, Inclusive Front Porch Decor, Colorful Entryway Rug, Indoor Outdoor Floor Mat (Mushroom Theme)",,,,,,,,,,,,,,,,,,,,,,,
personalized-flower-fantasy-nature-whimsical-doormat,,,,,,,,,,,,,,,,,,,,,,,,,,,,,,,"",https://cdn.shopify.com/s/files/1/1023/0068/0561/files/6986e1fd40a32a9bbe06a27fe7aa6ed48ea011676f5058b86471c3abbc0288ed.jpg?v=1789095497,7,"Personalized Pride Rainbow Doormat, LGBTQ Welcome Mat, Inclusive Front Porch Decor, Colorful Entryway Rug, Indoor Outdoor Floor Mat (Mushroom Theme)",,,,,,,,,,,,,,,,,,,,,,,
personalized-rainbow-skeleton-pride-doormat-porch-decor,"Personalized Rainbow Skeleton Pride Doormat, Porch Decor","<p>Celebrate love, inclusivity, and self-expression with this Pride Rainbow Doormat. It features vibrant rainbow-inspired artwork and a cheerful aesthetic, adding personality and positivity to your home. This doormat is designed for everyday use, offering a welcoming touch to any space.</p><h3>Product Highlights</h3><ul>
<li>Features a bright and colorful Pride design with inclusive artwork.</li>
<li>Designed for everyday use with a comfortable surface.</li>
<li>Vivid and long-lasting print enhances home decor.</li>
<li>Adds personality and warmth to various indoor or outdoor settings.</li>
<li>Perfect for creating a cozy and welcoming atmosphere with rainbow decor.</li>
</ul><h3>Specifications</h3><table border=""1"" cellpadding=""6"" style=""border-collapse:collapse;width:100%"">
<tr>
<th align=""left"" width=""35%"">Attribute</th>
<th align=""left"">Value</th>
</tr>
<tr>
<td>Rug Form</td>
<td>Doormat</td>
</tr>
<tr>
<td>Item Shape</td>
<td>Rectangular</td>
</tr>
<tr>
<td>Weave Type</td>
<td>Flat Woven</td>
</tr>
<tr>
<td>Pile Height</td>
<td>Low Pile</td>
</tr>
<tr>
<td>Construction Type</td>
<td>Machine Made</td>
</tr>
<tr>
<td>Indoor/Outdoor Usage</td>
<td>Both</td>
</tr>
<tr>
<td>Room Type</td>
<td>Porch</td>
</tr>
<tr>
<td>Special Features</td>
<td>Lightweight</td>
</tr>
<tr>
<td>Pattern</td>
<td>rainbow</td>
</tr>
<tr>
<td>Theme</td>
<td>Rainbow</td>
</tr>
<tr>
<td>Style</td>
<td>Modern</td>
</tr>
<tr>
<td>Text</td>
<td>1 text input</td>
</tr>
</table><h3>Material &amp; Care</h3><table border=""1"" cellpadding=""6"" style=""border-collapse:collapse;width:100%"">
<tr>
<th align=""left"" width=""35%"">Item</th>
<th align=""left"">Detail</th>
</tr>
<tr>
<td>Material Type</td>
<td>Polyester</td>
</tr>
<tr>
<td>Backing Material</td>
<td>Rubber</td>
</tr>
</table><h3>Where It Works</h3><p>This decorative floor mat is suitable for front doors, entryways, patios, porches, apartments, dorm rooms, classrooms, and offices. It can be used in both indoor and outdoor spaces to enhance your decor.</p>",CHILLGEN,Services > Building & Construction Services > Outdoor Construction,Rug,"amazon-parent-b0h1wpbzvb, doormat, home-decor, indoor-outdoor, modern, pride, rainbow, rectangular, rug",false,Choose Produt Size,20x14 Inches-Mini size,,,,,,,,AMZ-RUG-B0H1WKCSBZ-1,0.0,,0,deny,manual,21.90,27.38,true,false,,,,,"",https://cdn.shopify.com/s/files/1/1023/0068/0561/files/c3bfbe332c044fd35095aa4ff053913bcc0011974cc09a19cb78c7745396ed45.jpg?v=1789095546,1,"Personalized Pride Rainbow Doormat, LGBTQ Welcome Mat, Inclusive Front Porch Decor, Colorful Entryway Rug, Indoor Outdoor Floor Mat (in This House)",false,,"Modern rainbow doormat with a lightweight polyester design, perfect for welcoming guests in any indoor or outdoor space.",,,,,,,,,,,,B0H1WPBZVB,,,,,lb,,,draft
personalized-rainbow-skeleton-pride-doormat-porch-decor,,,,,,,,,24x16 Inches (40x60 cm),,,,,,,,AMZ-RUG-B0H1WKCSBZ-2,0.0,,0,deny,manual,25.90,32.38,true,false,,,,,"",https://cdn.shopify.com/s/files/1/1023/0068/0561/files/abf7671332a02470f3652bc196b391e304678ec28e9425b8f7d9b75538ecefde.jpg?v=1789095546,2,"Personalized Pride Rainbow Doormat, LGBTQ Welcome Mat, Inclusive Front Porch Decor, Colorful Entryway Rug, Indoor Outdoor Floor Mat (in This House)",,,,,,,,,,,,,,,,,,,,lb,,,
personalized-rainbow-skeleton-pride-doormat-porch-decor,,,,,,,,,32x20 Inches (50x80 cm),,,,,,,,AMZ-RUG-B0H1WKCSBZ-3,0.0,,0,deny,manual,27.90,34.88,true,false,,,,,"",https://cdn.shopify.com/s/files/1/1023/0068/0561/files/f0e310713df57647f6743d22056eb25b612d57635be57fad81938056e452a5c1.jpg?v=1789095546,3,"Personalized Pride Rainbow Doormat, LGBTQ Welcome Mat, Inclusive Front Porch Decor, Colorful Entryway Rug, Indoor Outdoor Floor Mat (in This House)",,,,,,,,,,,,,,,,,,,,lb,,,
personalized-rainbow-skeleton-pride-doormat-porch-decor,,,,,,,,,36x24 Inches (60x90cm),,,,,,,,AMZ-RUG-B0H1WKCSBZ-4,0.0,,0,deny,manual,33.90,42.38,true,false,,,,,"",https://cdn.shopify.com/s/files/1/1023/0068/0561/files/fab232e17299971e0f64abf0a878a0b5783a8de182cc6599165696a4f8870e07.jpg?v=1789095546,4,"Personalized Pride Rainbow Doormat, LGBTQ Welcome Mat, Inclusive Front Porch Decor, Colorful Entryway Rug, Indoor Outdoor Floor Mat (in This House)",,,,,,,,,,,,,,,,,,,,lb,,,
personalized-rainbow-skeleton-pride-doormat-porch-decor,,,,,,,,,,,,,,,,,,,,,,,,,,,,,,,"",https://cdn.shopify.com/s/files/1/1023/0068/0561/files/ea230d41069f2d7a49212bac0c33dfa2f8ae3fc350c13e25646ec4d23f74495c.jpg?v=1789095546,5,"Personalized Pride Rainbow Doormat, LGBTQ Welcome Mat, Inclusive Front Porch Decor, Colorful Entryway Rug, Indoor Outdoor Floor Mat (in This House)",,,,,,,,,,,,,,,,,,,,,,,
personalized-rainbow-skeleton-pride-doormat-porch-decor,,,,,,,,,,,,,,,,,,,,,,,,,,,,,,,"",https://cdn.shopify.com/s/files/1/1023/0068/0561/files/665148784b2a2e3a60c185d14d86fad1f499bf759af674c8c017f42d8008cdea.jpg?v=1789095546,6,"Personalized Pride Rainbow Doormat, LGBTQ Welcome Mat, Inclusive Front Porch Decor, Colorful Entryway Rug, Indoor Outdoor Floor Mat (in This House)",,,,,,,,,,,,,,,,,,,,,,,
personalized-rainbow-skeleton-pride-doormat-porch-decor,,,,,,,,,,,,,,,,,,,,,,,,,,,,,,,"",https://cdn.shopify.com/s/files/1/1023/0068/0561/files/736e634e9ab5e07fb2e72077df531d673410387dfe8f74ea7c0306aef21647d5.jpg?v=1789095546,7,"Personalized Pride Rainbow Doormat, LGBTQ Welcome Mat, Inclusive Front Porch Decor, Colorful Entryway Rug, Indoor Outdoor Floor Mat (in This House)",,,,,,,,,,,,,,,,,,,,,,,
personalized-rainbow-tree-love-wins-doormat-indoor-outdoor-usage,"Personalized Rainbow Tree Love Wins Doormat, Indoor Outdoor Usage","<p>This vibrant doormat celebrates inclusivity and self-expression, adding a colorful and welcoming touch to any home. Featuring cheerful rainbow-inspired artwork, it creates an inviting atmosphere for guests, friends, and family. Designed for everyday use, this decorative floor mat enhances your home decor with personality and positivity.</p><h3>Product Highlights</h3><ul>
<li>Features a bright and colorful Pride rainbow design</li>
<li>Soft and durable material for long-lasting use</li>
<li>Suitable for both indoor and outdoor spaces</li>
<li>Adds personality and warmth to home decor</li>
<li>Creates a cozy and welcoming atmosphere</li>
</ul><h3>Specifications</h3><table border=""1"" cellpadding=""6"" style=""border-collapse:collapse;width:100%"">
<tr>
<th align=""left"" width=""35%"">Attribute</th>
<th align=""left"">Value</th>
</tr>
<tr>
<td>Rug Form</td>
<td>Doormat</td>
</tr>
<tr>
<td>Item Shape</td>
<td>Rectangular</td>
</tr>
<tr>
<td>Weave Type</td>
<td>Flat Woven</td>
</tr>
<tr>
<td>Pile Height</td>
<td>Low Pile</td>
</tr>
<tr>
<td>Construction Type</td>
<td>Machine Made</td>
</tr>
<tr>
<td>Indoor/Outdoor Usage</td>
<td>Both</td>
</tr>
<tr>
<td>Room Type</td>
<td>Porch</td>
</tr>
<tr>
<td>Pattern</td>
<td>rainbow</td>
</tr>
<tr>
<td>Theme</td>
<td>Rainbow</td>
</tr>
<tr>
<td>Style</td>
<td>Modern</td>
</tr>
<tr>
<td>Special Features</td>
<td>Lightweight</td>
</tr>
<tr>
<td>Text</td>
<td>1 text input</td>
</tr>
</table><h3>Material &amp; Care</h3><table border=""1"" cellpadding=""6"" style=""border-collapse:collapse;width:100%"">
<tr>
<th align=""left"" width=""35%"">Item</th>
<th align=""left"">Detail</th>
</tr>
<tr>
<td>Material Type</td>
<td>Polyester</td>
</tr>
<tr>
<td>Backing Material</td>
<td>Rubber</td>
</tr>
</table><h3>Where It Works</h3><p>This doormat is perfect for enhancing front doors, entryways, patios, porches, apartments, dorms, classrooms, offices, and various indoor or outdoor spaces, bringing a cheerful aesthetic to your environment.</p>",CHILLGEN,Services > Building & Construction Services > Outdoor Construction,Rug,"amazon-parent-b0h1wpbzvb, doormat, home-decor, indoor-outdoor, modern, personalized, rainbow, rectangular, rug",false,Choose Produt Size,20x14 Inches-Mini size,,,,,,,,AMZ-RUG-B0H1WF6WYY-1,0.0,,0,deny,manual,21.90,27.38,true,false,,,,,"",https://cdn.shopify.com/s/files/1/1023/0068/0561/files/c6dac0cb9ebe42ed2476e4abed63f44836738ead66a6c52989da780f4bde7454.jpg?v=1789095547,1,"Personalized Pride Rainbow Doormat, LGBTQ Welcome Mat, Inclusive Front Porch Decor, Colorful Entryway Rug, Indoor Outdoor Floor Mat (Tree of Life)",false,,"Modern rainbow doormat with a soft, durable polyester surface, ideal for welcoming guests in any indoor or outdoor space.",,,,,,,,,,,,B0H1WPBZVB,,,,,lb,,,draft
personalized-rainbow-tree-love-wins-doormat-indoor-outdoor-usage,,,,,,,,,24x16 Inches (40x60 cm),,,,,,,,AMZ-RUG-B0H1WF6WYY-2,0.0,,0,deny,manual,25.90,32.38,true,false,,,,,"",https://cdn.shopify.com/s/files/1/1023/0068/0561/files/c4409e8cbf153d8084377fecdbc9f856f036fbdbe4bff9ca6de61e73bb6cee16.jpg?v=1789095547,2,"Personalized Pride Rainbow Doormat, LGBTQ Welcome Mat, Inclusive Front Porch Decor, Colorful Entryway Rug, Indoor Outdoor Floor Mat (Tree of Life)",,,,,,,,,,,,,,,,,,,,lb,,,
personalized-rainbow-tree-love-wins-doormat-indoor-outdoor-usage,,,,,,,,,32x20 Inches (50x80 cm),,,,,,,,AMZ-RUG-B0H1WF6WYY-3,0.0,,0,deny,manual,27.90,34.88,true,false,,,,,"",https://cdn.shopify.com/s/files/1/1023/0068/0561/files/28fd2916e5a474fa15a05b936d40974fe20909279f58bf77773be43a2c35aad4.jpg?v=1789095547,3,"Personalized Pride Rainbow Doormat, LGBTQ Welcome Mat, Inclusive Front Porch Decor, Colorful Entryway Rug, Indoor Outdoor Floor Mat (Tree of Life)",,,,,,,,,,,,,,,,,,,,lb,,,
personalized-rainbow-tree-love-wins-doormat-indoor-outdoor-usage,,,,,,,,,36x24 Inches (60x90cm),,,,,,,,AMZ-RUG-B0H1WF6WYY-4,0.0,,0,deny,manual,33.90,42.38,true,false,,,,,"",https://cdn.shopify.com/s/files/1/1023/0068/0561/files/9b65a6252e7cc7023328dea00103e4780ac2a2014c5faa9d1818fa2be54f54dd.jpg?v=1789095547,4,"Personalized Pride Rainbow Doormat, LGBTQ Welcome Mat, Inclusive Front Porch Decor, Colorful Entryway Rug, Indoor Outdoor Floor Mat (Tree of Life)",,,,,,,,,,,,,,,,,,,,lb,,,
personalized-rainbow-tree-love-wins-doormat-indoor-outdoor-usage,,,,,,,,,,,,,,,,,,,,,,,,,,,,,,,"",https://cdn.shopify.com/s/files/1/1023/0068/0561/files/91386d48d53894003ecfc7c0a97b7c644f5337b258b1ee959a361e42cc997c76.jpg?v=1789095547,5,"Personalized Pride Rainbow Doormat, LGBTQ Welcome Mat, Inclusive Front Porch Decor, Colorful Entryway Rug, Indoor Outdoor Floor Mat (Tree of Life)",,,,,,,,,,,,,,,,,,,,,,,
personalized-rainbow-tree-love-wins-doormat-indoor-outdoor-usage,,,,,,,,,,,,,,,,,,,,,,,,,,,,,,,"",https://cdn.shopify.com/s/files/1/1023/0068/0561/files/7b36a1613f5c4c6ff5b29db76744f16a9f2495c8d57c8976cd928a89d1e2a942.jpg?v=1789095547,6,"Personalized Pride Rainbow Doormat, LGBTQ Welcome Mat, Inclusive Front Porch Decor, Colorful Entryway Rug, Indoor Outdoor Floor Mat (Tree of Life)",,,,,,,,,,,,,,,,,,,,,,,
personalized-rainbow-tree-love-wins-doormat-indoor-outdoor-usage,,,,,,,,,,,,,,,,,,,,,,,,,,,,,,,"",https://cdn.shopify.com/s/files/1/1023/0068/0561/files/e090f4220f7e2990ba1d1e40d290ac01329c1e4d94c5d146d00646f58fc73b81.jpg?v=1789095547,7,"Personalized Pride Rainbow Doormat, LGBTQ Welcome Mat, Inclusive Front Porch Decor, Colorful Entryway Rug, Indoor Outdoor Floor Mat (Tree of Life)",,,,,,,,,,,,,,,,,,,,,,,
personalized-rainbow-skeleton-heart-hands-inclusive-doormat,Personalized Rainbow Skeleton Heart-Hands Inclusive Doormat,"<p>This Pride Rainbow Doormat is a colorful and welcoming addition, designed to celebrate inclusivity and self-expression. Featuring vibrant rainbow-inspired artwork, this decorative floor mat helps create a warm and inviting atmosphere for guests, friends, and family. It's perfect for enhancing the aesthetic of various indoor and outdoor spaces.</p><h3>Product Highlights</h3><ul>
<li>Features a vibrant Pride Rainbow design inspired by inclusivity and positivity.</li>
<li>Provides a comfortable surface with a vivid, long-lasting print.</li>
<li>Designed for everyday use in various settings.</li>
<li>Suitable for both indoor and outdoor spaces.</li>
<li>Adds personality and warmth to your home decor.</li>
</ul><h3>Specifications</h3><table border=""1"" cellpadding=""6"" style=""border-collapse:collapse;width:100%"">
<tr>
<th align=""left"" width=""35%"">Attribute</th>
<th align=""left"">Value</th>
</tr>
<tr>
<td>Rug Form</td>
<td>Doormat</td>
</tr>
<tr>
<td>Item Shape</td>
<td>Rectangular</td>
</tr>
<tr>
<td>Weave Type</td>
<td>Flat Woven</td>
</tr>
<tr>
<td>Pile Height</td>
<td>Low Pile</td>
</tr>
<tr>
<td>Construction Type</td>
<td>Machine Made</td>
</tr>
<tr>
<td>Indoor/Outdoor Usage</td>
<td>Both</td>
</tr>
<tr>
<td>Room Type</td>
<td>Porch</td>
</tr>
<tr>
<td>Special Features</td>
<td>Lightweight</td>
</tr>
<tr>
<td>Pattern</td>
<td>rainbow</td>
</tr>
<tr>
<td>Theme</td>
<td>Rainbow</td>
</tr>
<tr>
<td>Style</td>
<td>Modern</td>
</tr>
<tr>
<td>Text</td>
<td>1 text input</td>
</tr>
</table><h3>Material &amp; Care</h3><table border=""1"" cellpadding=""6"" style=""border-collapse:collapse;width:100%"">
<tr>
<th align=""left"" width=""35%"">Item</th>
<th align=""left"">Detail</th>
</tr>
<tr>
<td>Material Type</td>
<td>Polyester</td>
</tr>
<tr>
<td>Backing Material</td>
<td>Rubber</td>
</tr>
</table><h3>Where It Works</h3><p>This doormat is ideal for front doors, entryways, patios, porches, apartments, dorm rooms, classrooms, and offices. It adds a cheerful and inclusive touch to any space, making it perfect for creating a cozy and welcoming atmosphere.</p>",CHILLGEN,Services > Building & Construction Services > Outdoor Construction,Rug,"amazon-parent-b0h1wpbzvb, doormat, home-decor, indoor-outdoor, modern, porch, rainbow, rectangular, rug",false,Choose Produt Size,20x14 Inches-Mini size,,,,,,,,AMZ-RUG-B0H1WCFFTV-1,0.0,,0,deny,manual,21.90,27.38,true,false,,,,,"",https://cdn.shopify.com/s/files/1/1023/0068/0561/files/2be26f0a4dde86a3a0be0c4e409f9f1ead8cfccc7cde68214043abfa9d7c75b5.jpg?v=1789095548,1,"Personalized Pride Rainbow Doormat, LGBTQ Welcome Mat, Inclusive Front Porch Decor, Colorful Entryway Rug, Indoor Outdoor Floor Mat (Skull 1)",false,,"This modern Pride Rainbow doormat features a durable polyester material, perfect for welcoming guests on your front porch.",,,,,,,,,,,,B0H1WPBZVB,,,,,lb,,,draft
personalized-rainbow-skeleton-heart-hands-inclusive-doormat,,,,,,,,,24x16 Inches (40x60 cm),,,,,,,,AMZ-RUG-B0H1WCFFTV-2,0.0,,0,deny,manual,25.90,32.38,true,false,,,,,"",https://cdn.shopify.com/s/files/1/1023/0068/0561/files/e642f32cc3e17ae001f7dac3e3106835654b1def762b064f0262ad3c819e60bc.jpg?v=1789095548,2,"Personalized Pride Rainbow Doormat, LGBTQ Welcome Mat, Inclusive Front Porch Decor, Colorful Entryway Rug, Indoor Outdoor Floor Mat (Skull 1)",,,,,,,,,,,,,,,,,,,,lb,,,
personalized-rainbow-skeleton-heart-hands-inclusive-doormat,,,,,,,,,32x20 Inches (50x80 cm),,,,,,,,AMZ-RUG-B0H1WCFFTV-3,0.0,,0,deny,manual,27.90,34.88,true,false,,,,,"",https://cdn.shopify.com/s/files/1/1023/0068/0561/files/d29c6ff2c1b77adb536b9d4c682b4169b1fcea48f46de5997cea46e401038932.jpg?v=1789095548,3,"Personalized Pride Rainbow Doormat, LGBTQ Welcome Mat, Inclusive Front Porch Decor, Colorful Entryway Rug, Indoor Outdoor Floor Mat (Skull 1)",,,,,,,,,,,,,,,,,,,,lb,,,
personalized-rainbow-skeleton-heart-hands-inclusive-doormat,,,,,,,,,36x24 Inches (60x90cm),,,,,,,,AMZ-RUG-B0H1WCFFTV-4,0.0,,0,deny,manual,33.90,42.38,true,false,,,,,"",https://cdn.shopify.com/s/files/1/1023/0068/0561/files/6f4767bd9eb50ffec40a7141491ffffc81ef7879c078fb4e8f0ccdf819ddfbfc.jpg?v=1789095548,4,"Personalized Pride Rainbow Doormat, LGBTQ Welcome Mat, Inclusive Front Porch Decor, Colorful Entryway Rug, Indoor Outdoor Floor Mat (Skull 1)",,,,,,,,,,,,,,,,,,,,lb,,,
personalized-rainbow-skeleton-heart-hands-inclusive-doormat,,,,,,,,,,,,,,,,,,,,,,,,,,,,,,,"",https://cdn.shopify.com/s/files/1/1023/0068/0561/files/7233edeaf80859b5afb71d33b57e38cb94052dfccf3a8b389f24572e6aef0ebb.jpg?v=1789095548,5,"Personalized Pride Rainbow Doormat, LGBTQ Welcome Mat, Inclusive Front Porch Decor, Colorful Entryway Rug, Indoor Outdoor Floor Mat (Skull 1)",,,,,,,,,,,,,,,,,,,,,,,
personalized-rainbow-skeleton-heart-hands-inclusive-doormat,,,,,,,,,,,,,,,,,,,,,,,,,,,,,,,"",https://cdn.shopify.com/s/files/1/1023/0068/0561/files/1e28b9853add5875feddf5a3d636b3ab8bab14c473100b54904dd6e6b12d6ea3.jpg?v=1789095548,6,"Personalized Pride Rainbow Doormat, LGBTQ Welcome Mat, Inclusive Front Porch Decor, Colorful Entryway Rug, Indoor Outdoor Floor Mat (Skull 1)",,,,,,,,,,,,,,,,,,,,,,,
personalized-rainbow-skeleton-heart-hands-inclusive-doormat,,,,,,,,,,,,,,,,,,,,,,,,,,,,,,,"",https://cdn.shopify.com/s/files/1/1023/0068/0561/files/9d0bd5355a2618423fd9d6f2783115a02c9a3222aff262759acc29ce9d990eca.jpg?v=1789095548,7,"Personalized Pride Rainbow Doormat, LGBTQ Welcome Mat, Inclusive Front Porch Decor, Colorful Entryway Rug, Indoor Outdoor Floor Mat (Skull 1)",,,,,,,,,,,,,,,,,,,,,,,
personalized-pride-rainbow-doormat-front-porch-decor,"Personalized Pride Rainbow Doormat, Front Porch Decor","<p>This vibrant Pride Rainbow Doormat brings a welcoming touch to any home with its colorful artwork inspired by inclusivity, love, and positivity. Designed for both indoor and outdoor use, this doormat adds personality and warmth to your decor. It is a beautiful accent for entryways, patios, and porches, creating a cheerful aesthetic.</p><h3>Product Highlights</h3><ul>
<li>Features a bright and colorful Pride design with rainbow-inspired artwork.</li>
<li>Soft and durable material ensures a comfortable surface for everyday use.</li>
<li>Vivid, long-lasting print adds personality to your living spaces.</li>
<li>Suitable for both indoor and outdoor environments.</li>
<li>Perfect for creating an inclusive home aesthetic in various styles.</li>
</ul><h3>Specifications</h3><table border=""1"" cellpadding=""6"" style=""border-collapse:collapse;width:100%"">
<tr>
<th align=""left"" width=""35%"">Attribute</th>
<th align=""left"">Value</th>
</tr>
<tr>
<td>Rug Form</td>
<td>Doormat</td>
</tr>
<tr>
<td>Item Shape</td>
<td>Rectangular</td>
</tr>
<tr>
<td>Weave Type</td>
<td>Flat Woven</td>
</tr>
<tr>
<td>Pile Height</td>
<td>Low Pile</td>
</tr>
<tr>
<td>Construction Type</td>
<td>Machine Made</td>
</tr>
<tr>
<td>Indoor/Outdoor Usage</td>
<td>Both</td>
</tr>
<tr>
<td>Room Type</td>
<td>Porch</td>
</tr>
<tr>
<td>Pattern</td>
<td>rainbow</td>
</tr>
<tr>
<td>Theme</td>
<td>Rainbow</td>
</tr>
<tr>
<td>Style</td>
<td>Modern</td>
</tr>
<tr>
<td>Number of Pieces</td>
<td>1 text input</td>
</tr>
</table><h3>Material &amp; Care</h3><table border=""1"" cellpadding=""6"" style=""border-collapse:collapse;width:100%"">
<tr>
<th align=""left"" width=""35%"">Item</th>
<th align=""left"">Detail</th>
</tr>
<tr>
<td>Material Type</td>
<td>Polyester</td>
</tr>
<tr>
<td>Backing Material</td>
<td>Rubber</td>
</tr>
</table><h3>Where It Works</h3><p>This versatile doormat is ideal for front doors, entryways, patios, porches, apartments, dorms, classrooms, and offices. Its durable design makes it suitable for both indoor and outdoor use, enhancing any space with its cheerful and inclusive aesthetic.</p>",CHILLGEN,Services > Building & Construction Services > Outdoor Construction,Rug,"amazon-parent-b0h1wpbzvb, doormat, home-decor, indoor-outdoor, modern, pride, rainbow, rectangular, rug",false,Choose Produt Size,20x14 Inches-Mini size,,,,,,,,AMZ-RUG-B0H1WDG1V1-1,0.0,,0,deny,manual,21.90,27.38,true,false,,,,,"",https://cdn.shopify.com/s/files/1/1023/0068/0561/files/4b1b28d5b42993b5d0dc7ecaaeb543c76cebba84b01e5547c40bd6a2226d3ffd.jpg?v=1789095598,1,"Personalized Pride Rainbow Doormat, LGBTQ Welcome Mat, Inclusive Front Porch Decor, Colorful Entryway Rug, Indoor Outdoor Floor Mat (Catus Theme)",false,,This modern rainbow doormat with a vivid print is perfect for welcoming guests in indoor or outdoor spaces.,,,,,,,,,,,,B0H1WPBZVB,,,,,lb,,,draft
personalized-pride-rainbow-doormat-front-porch-decor,,,,,,,,,24x16 Inches (40x60 cm),,,,,,,,AMZ-RUG-B0H1WDG1V1-2,0.0,,0,deny,manual,25.90,32.38,true,false,,,,,"",https://cdn.shopify.com/s/files/1/1023/0068/0561/files/0602fdc54ded1543f2e96c525ebd7a44fe4d94d6e117e588d9bfdafe6b3e6b32.jpg?v=1789095598,2,"Personalized Pride Rainbow Doormat, LGBTQ Welcome Mat, Inclusive Front Porch Decor, Colorful Entryway Rug, Indoor Outdoor Floor Mat (Catus Theme)",,,,,,,,,,,,,,,,,,,,lb,,,
personalized-pride-rainbow-doormat-front-porch-decor,,,,,,,,,32x20 Inches (50x80 cm),,,,,,,,AMZ-RUG-B0H1WDG1V1-3,0.0,,0,deny,manual,27.90,34.88,true,false,,,,,"",https://cdn.shopify.com/s/files/1/1023/0068/0561/files/e3510b059841e4ce43cc588686cb9ee38802eb9de7b4836181d6a26b89227259.jpg?v=1789095598,3,"Personalized Pride Rainbow Doormat, LGBTQ Welcome Mat, Inclusive Front Porch Decor, Colorful Entryway Rug, Indoor Outdoor Floor Mat (Catus Theme)",,,,,,,,,,,,,,,,,,,,lb,,,
personalized-pride-rainbow-doormat-front-porch-decor,,,,,,,,,36x24 Inches (60x90cm),,,,,,,,AMZ-RUG-B0H1WDG1V1-4,0.0,,0,deny,manual,33.90,42.38,true,false,,,,,"",https://cdn.shopify.com/s/files/1/1023/0068/0561/files/ecaba9f2d9a4f7d807a3c0fbdb9dced6f627c04a850f2c36e6585c6530cb712a.jpg?v=1789095598,4,"Personalized Pride Rainbow Doormat, LGBTQ Welcome Mat, Inclusive Front Porch Decor, Colorful Entryway Rug, Indoor Outdoor Floor Mat (Catus Theme)",,,,,,,,,,,,,,,,,,,,lb,,,
personalized-pride-rainbow-doormat-front-porch-decor,,,,,,,,,,,,,,,,,,,,,,,,,,,,,,,"",https://cdn.shopify.com/s/files/1/1023/0068/0561/files/2cc9b5391f4be00f2b14a5f7adec23366cf94ad747dd48cc4bb6209226d8564e.jpg?v=1789095598,5,"Personalized Pride Rainbow Doormat, LGBTQ Welcome Mat, Inclusive Front Porch Decor, Colorful Entryway Rug, Indoor Outdoor Floor Mat (Catus Theme)",,,,,,,,,,,,,,,,,,,,,,,
personalized-pride-rainbow-doormat-front-porch-decor,,,,,,,,,,,,,,,,,,,,,,,,,,,,,,,"",https://cdn.shopify.com/s/files/1/1023/0068/0561/files/892d7f3dbd4893ef5294c91b0d4767100c965d43793e151b9f89713b04a75073.jpg?v=1789095598,6,"Personalized Pride Rainbow Doormat, LGBTQ Welcome Mat, Inclusive Front Porch Decor, Colorful Entryway Rug, Indoor Outdoor Floor Mat (Catus Theme)",,,,,,,,,,,,,,,,,,,,,,,
personalized-pride-rainbow-doormat-front-porch-decor,,,,,,,,,,,,,,,,,,,,,,,,,,,,,,,"",https://cdn.shopify.com/s/files/1/1023/0068/0561/files/98e68fa8133286b3abed677f9c4e3664ad7b3cba0a1b5828a5e24c33dc0282e8.jpg?v=1789095598,7,"Personalized Pride Rainbow Doormat, LGBTQ Welcome Mat, Inclusive Front Porch Decor, Colorful Entryway Rug, Indoor Outdoor Floor Mat (Catus Theme)",,,,,,,,,,,,,,,,,,,,,,,
personalized-pride-rainbow-flag-doormat-indoor-outdoor-usage,"Personalized Pride Rainbow Flag Doormat, Indoor Outdoor Usage","<p>Celebrate love and inclusivity with this vibrant Pride Rainbow Doormat, featuring colorful artwork inspired by positivity. This unique doormat adds a welcoming touch to any home, creating a warm and inviting atmosphere. It is designed to enhance your home decor with a cheerful aesthetic and a soft, durable surface.</p><h3>Product Highlights</h3><ul>
<li>Features a bright and colorful Pride design with rainbow-inspired artwork.</li>
<li>Designed for everyday use with a comfortable surface.</li>
<li>Vivid and long-lasting print adds personality and warmth.</li>
<li>Suitable for both indoor and outdoor spaces.</li>
<li>Perfect for creating an inclusive home aesthetic in modern, boho, retro, or eclectic spaces.</li>
</ul><h3>Specifications</h3><table border=""1"" cellpadding=""6"" style=""border-collapse:collapse;width:100%"">
<tr>
<th align=""left"" width=""35%"">Attribute</th>
<th align=""left"">Value</th>
</tr>
<tr>
<td>Rug Form</td>
<td>Doormat</td>
</tr>
<tr>
<td>Item Shape</td>
<td>Rectangular</td>
</tr>
<tr>
<td>Weave Type</td>
<td>Flat Woven</td>
</tr>
<tr>
<td>Pile Height</td>
<td>Low Pile</td>
</tr>
<tr>
<td>Construction Type</td>
<td>Machine Made</td>
</tr>
<tr>
<td>Indoor/Outdoor Usage</td>
<td>Both</td>
</tr>
<tr>
<td>Room Type</td>
<td>Porch</td>
</tr>
<tr>
<td>Special Features</td>
<td>Lightweight</td>
</tr>
<tr>
<td>Pattern</td>
<td>rainbow</td>
</tr>
<tr>
<td>Theme</td>
<td>Rainbow</td>
</tr>
<tr>
<td>Style</td>
<td>Modern</td>
</tr>
<tr>
<td>Text</td>
<td>1 text input</td>
</tr>
</table><h3>Material &amp; Care</h3><table border=""1"" cellpadding=""6"" style=""border-collapse:collapse;width:100%"">
<tr>
<th align=""left"" width=""35%"">Item</th>
<th align=""left"">Detail</th>
</tr>
<tr>
<td>Material Type</td>
<td>Polyester</td>
</tr>
<tr>
<td>Backing Material</td>
<td>Rubber</td>
</tr>
</table><h3>Where It Works</h3><p>This decorative doormat is ideal for front doors, entryways, patios, porches, apartments, dorms, classrooms, and offices. It adds a cheerful and inclusive accent to various indoor and outdoor environments.</p>",CHILLGEN,Services > Building & Construction Services > Outdoor Construction,Rug,"amazon-parent-b0h1wpbzvb, doormat, home-decor, indoor-outdoor, low-pile, modern, rainbow, rectangular, rug",false,Choose Produt Size,20x14 Inches-Mini size,,,,,,,,AMZ-RUG-B0H1WJNWV2-1,0.0,,0,deny,manual,21.90,27.38,true,false,,,,,"",https://cdn.shopify.com/s/files/1/1023/0068/0561/files/0d7dd2ffa601acf78e338d7d3f6a017928947209c8509368ef992436e1b1ee4b.jpg?v=1789095598,1,"Personalized Pride Rainbow Doormat, LGBTQ Welcome Mat, Inclusive Front Porch Decor, Colorful Entryway Rug, Indoor Outdoor Floor Mat (Everyone Welcome)",false,,"Modern rainbow doormat with a soft, durable surface, ideal for welcoming guests in indoor or outdoor spaces.",,,,,,,,,,,,B0H1WPBZVB,,,,,lb,,,draft
personalized-pride-rainbow-flag-doormat-indoor-outdoor-usage,,,,,,,,,24x16 Inches (40x60 cm),,,,,,,,AMZ-RUG-B0H1WJNWV2-2,0.0,,0,deny,manual,25.90,32.38,true,false,,,,,"",https://cdn.shopify.com/s/files/1/1023/0068/0561/files/58bb61384f2c00d08579c426004521f73da813ca8656bcd04fda14f0e571a8ab.jpg?v=1789095598,2,"Personalized Pride Rainbow Doormat, LGBTQ Welcome Mat, Inclusive Front Porch Decor, Colorful Entryway Rug, Indoor Outdoor Floor Mat (Everyone Welcome)",,,,,,,,,,,,,,,,,,,,lb,,,
personalized-pride-rainbow-flag-doormat-indoor-outdoor-usage,,,,,,,,,32x20 Inches (50x80 cm),,,,,,,,AMZ-RUG-B0H1WJNWV2-3,0.0,,0,deny,manual,27.90,34.88,true,false,,,,,"",https://cdn.shopify.com/s/files/1/1023/0068/0561/files/52806970174aed8ca4ee8b2e4e1a6f8083dd013d0ff97aabdd5587fe219a967b.jpg?v=1789095598,3,"Personalized Pride Rainbow Doormat, LGBTQ Welcome Mat, Inclusive Front Porch Decor, Colorful Entryway Rug, Indoor Outdoor Floor Mat (Everyone Welcome)",,,,,,,,,,,,,,,,,,,,lb,,,
personalized-pride-rainbow-flag-doormat-indoor-outdoor-usage,,,,,,,,,36x24 Inches (60x90cm),,,,,,,,AMZ-RUG-B0H1WJNWV2-4,0.0,,0,deny,manual,33.90,42.38,true,false,,,,,"",https://cdn.shopify.com/s/files/1/1023/0068/0561/files/70c178820f9a021739466f56b77071fb38f8e88e49f1c2c636740bf2b9326367.jpg?v=1789095598,4,"Personalized Pride Rainbow Doormat, LGBTQ Welcome Mat, Inclusive Front Porch Decor, Colorful Entryway Rug, Indoor Outdoor Floor Mat (Everyone Welcome)",,,,,,,,,,,,,,,,,,,,lb,,,
personalized-pride-rainbow-flag-doormat-indoor-outdoor-usage,,,,,,,,,,,,,,,,,,,,,,,,,,,,,,,"",https://cdn.shopify.com/s/files/1/1023/0068/0561/files/bd5e96f0e0e0183e4b0e28c20d8b17447fa78ced59a1d10ff7ed75c2deb46753.jpg?v=1789095598,5,"Personalized Pride Rainbow Doormat, LGBTQ Welcome Mat, Inclusive Front Porch Decor, Colorful Entryway Rug, Indoor Outdoor Floor Mat (Everyone Welcome)",,,,,,,,,,,,,,,,,,,,,,,
personalized-pride-rainbow-flag-doormat-indoor-outdoor-usage,,,,,,,,,,,,,,,,,,,,,,,,,,,,,,,"",https://cdn.shopify.com/s/files/1/1023/0068/0561/files/215dc5d8d6d5249519e6debf4185891869ed552846503b88cea0b1c12f2b3187.jpg?v=1789095598,6,"Personalized Pride Rainbow Doormat, LGBTQ Welcome Mat, Inclusive Front Porch Decor, Colorful Entryway Rug, Indoor Outdoor Floor Mat (Everyone Welcome)",,,,,,,,,,,,,,,,,,,,,,,
personalized-pride-rainbow-flag-doormat-indoor-outdoor-usage,,,,,,,,,,,,,,,,,,,,,,,,,,,,,,,"",https://cdn.shopify.com/s/files/1/1023/0068/0561/files/e9a95c585406c909cf5c1d47f6b90c9ccca08920866326672574d7c034606d68.jpg?v=1789095598,7,"Personalized Pride Rainbow Doormat, LGBTQ Welcome Mat, Inclusive Front Porch Decor, Colorful Entryway Rug, Indoor Outdoor Floor Mat (Everyone Welcome)",,,,,,,,,,,,,,,,,,,,,,,
personalized-rainbow-watercolor-love-wins-doormat-front-porch-decor,"Personalized Rainbow Watercolor Love Wins Doormat, Front Porch Decor","<p>This vibrant doormat features colorful artwork inspired by inclusivity, love, and positivity, adding a welcoming touch to your home. Designed for everyday use, it combines a soft surface with a vivid, long-lasting print to enhance your decor. This versatile mat is suitable for various indoor and outdoor spaces, creating an inviting atmosphere.</p><h3>Product Highlights</h3><ul>
<li>Features a bright and colorful Pride rainbow design.</li>
<li>Offers a soft and comfortable surface.</li>
<li>Designed for durability with a vivid, long-lasting print.</li>
<li>Suitable for both indoor and outdoor use.</li>
<li>Perfect for enhancing modern, boho, retro, or eclectic spaces.</li>
</ul><h3>Specifications</h3><table border=""1"" cellpadding=""6"" style=""border-collapse:collapse;width:100%"">
<tr>
<th align=""left"" width=""35%"">Attribute</th>
<th align=""left"">Value</th>
</tr>
<tr>
<td>Rug Form</td>
<td>Doormat</td>
</tr>
<tr>
<td>Item Shape</td>
<td>Rectangular</td>
</tr>
<tr>
<td>Weave Type</td>
<td>Flat Woven</td>
</tr>
<tr>
<td>Pile Height</td>
<td>Low Pile</td>
</tr>
<tr>
<td>Construction Type</td>
<td>Machine Made</td>
</tr>
<tr>
<td>Indoor/Outdoor Usage</td>
<td>Both</td>
</tr>
<tr>
<td>Room Type</td>
<td>Porch</td>
</tr>
<tr>
<td>Special Features</td>
<td>Lightweight</td>
</tr>
<tr>
<td>Pattern</td>
<td>rainbow</td>
</tr>
<tr>
<td>Theme</td>
<td>Rainbow</td>
</tr>
<tr>
<td>Style</td>
<td>Modern</td>
</tr>
<tr>
<td>Number of Pieces</td>
<td>1 text input</td>
</tr>
</table><h3>Material &amp; Care</h3><table border=""1"" cellpadding=""6"" style=""border-collapse:collapse;width:100%"">
<tr>
<th align=""left"" width=""35%"">Item</th>
<th align=""left"">Detail</th>
</tr>
<tr>
<td>Material Type</td>
<td>Polyester</td>
</tr>
<tr>
<td>Backing Material</td>
<td>Rubber</td>
</tr>
</table><h3>Where It Works</h3><p>This decorative doormat is ideal for front doors, entryways, patios, porches, apartments, dorms, classrooms, offices, and other indoor or outdoor spaces. It helps create a cozy and welcoming atmosphere.</p>",CHILLGEN,Services > Building & Construction Services > Outdoor Construction,Rug,"amazon-parent-b0h1wpbzvb, doormat, home-decor, indoor-outdoor, modern, pride, rainbow, rectangular, rug",false,Choose Produt Size,20x14 Inches-Mini size,,,,,,,,AMZ-RUG-B0H1WJHXQZ-1,0.0,,0,deny,manual,21.90,27.38,true,false,,,,,"",https://cdn.shopify.com/s/files/1/1023/0068/0561/files/50acc07cdba11b30f321e51218e25bc7263bb7e04724a946eaaa20b73e844cd7.jpg?v=1789095599,1,"Personalized Pride Rainbow Doormat, LGBTQ Welcome Mat, Inclusive Front Porch Decor, Colorful Entryway Rug, Indoor Outdoor Floor Mat (Rainbow 1)",false,,"Modern rainbow doormat with a soft, durable polyester surface for welcoming entryways and outdoor spaces.",,,,,,,,,,,,B0H1WPBZVB,,,,,lb,,,draft
personalized-rainbow-watercolor-love-wins-doormat-front-porch-decor,,,,,,,,,24x16 Inches (40x60 cm),,,,,,,,AMZ-RUG-B0H1WJHXQZ-2,0.0,,0,deny,manual,25.90,32.38,true,false,,,,,"",https://cdn.shopify.com/s/files/1/1023/0068/0561/files/8f872f0b116905ca909ef80c66589702295ead092efd129778d4209e62843504.jpg?v=1789095599,2,"Personalized Pride Rainbow Doormat, LGBTQ Welcome Mat, Inclusive Front Porch Decor, Colorful Entryway Rug, Indoor Outdoor Floor Mat (Rainbow 1)",,,,,,,,,,,,,,,,,,,,lb,,,
personalized-rainbow-watercolor-love-wins-doormat-front-porch-decor,,,,,,,,,32x20 Inches (50x80 cm),,,,,,,,AMZ-RUG-B0H1WJHXQZ-3,0.0,,0,deny,manual,27.90,34.88,true,false,,,,,"",https://cdn.shopify.com/s/files/1/1023/0068/0561/files/b92ff2ec5520327ef98da547180e41faa5040b13d3c51f1235908514a3a32cdd.jpg?v=1789095599,3,"Personalized Pride Rainbow Doormat, LGBTQ Welcome Mat, Inclusive Front Porch Decor, Colorful Entryway Rug, Indoor Outdoor Floor Mat (Rainbow 1)",,,,,,,,,,,,,,,,,,,,lb,,,
personalized-rainbow-watercolor-love-wins-doormat-front-porch-decor,,,,,,,,,36x24 Inches (60x90cm),,,,,,,,AMZ-RUG-B0H1WJHXQZ-4,0.0,,0,deny,manual,33.90,42.38,true,false,,,,,"",https://cdn.shopify.com/s/files/1/1023/0068/0561/files/cb9b276615b0cce2b77d4fb922f88b652cad92500c99c88f9b8bf91ea1d55b86.jpg?v=1789095599,4,"Personalized Pride Rainbow Doormat, LGBTQ Welcome Mat, Inclusive Front Porch Decor, Colorful Entryway Rug, Indoor Outdoor Floor Mat (Rainbow 1)",,,,,,,,,,,,,,,,,,,,lb,,,
personalized-rainbow-watercolor-love-wins-doormat-front-porch-decor,,,,,,,,,,,,,,,,,,,,,,,,,,,,,,,"",https://cdn.shopify.com/s/files/1/1023/0068/0561/files/0a6762cdad3fe543d8746bcefa49ff29ddf7805d2927860128ce81727968ba7b.jpg?v=1789095599,5,"Personalized Pride Rainbow Doormat, LGBTQ Welcome Mat, Inclusive Front Porch Decor, Colorful Entryway Rug, Indoor Outdoor Floor Mat (Rainbow 1)",,,,,,,,,,,,,,,,,,,,,,,
personalized-rainbow-watercolor-love-wins-doormat-front-porch-decor,,,,,,,,,,,,,,,,,,,,,,,,,,,,,,,"",https://cdn.shopify.com/s/files/1/1023/0068/0561/files/98c186ae2879453d46a0202d2d0764049dd8a202307953578e71ccf6e748730a.jpg?v=1789095599,6,"Personalized Pride Rainbow Doormat, LGBTQ Welcome Mat, Inclusive Front Porch Decor, Colorful Entryway Rug, Indoor Outdoor Floor Mat (Rainbow 1)",,,,,,,,,,,,,,,,,,,,,,,
personalized-rainbow-watercolor-love-wins-doormat-front-porch-decor,,,,,,,,,,,,,,,,,,,,,,,,,,,,,,,"",https://cdn.shopify.com/s/files/1/1023/0068/0561/files/53eee30bc9af66a0148e897f0e21943decae30a12b2533c6230cd417eb4be3b8.jpg?v=1789095599,7,"Personalized Pride Rainbow Doormat, LGBTQ Welcome Mat, Inclusive Front Porch Decor, Colorful Entryway Rug, Indoor Outdoor Floor Mat (Rainbow 1)",,,,,,,,,,,,,,,,,,,,,,,
personalized-rainbow-welcome-homos-doormat-indoor-outdoor,"Personalized Rainbow Welcome HOMOS Doormat, Indoor Outdoor","<p>This Pride Rainbow Doormat offers a vibrant and welcoming addition to any home. Featuring colorful artwork inspired by inclusivity and positivity, this doormat helps create a warm and inviting atmosphere. It is designed for everyday use and adds personality and warmth to your home decor.</p><h3>Product Highlights</h3><ul>
<li>Features a bright and colorful Pride design with rainbow artwork.</li>
<li>Designed for everyday use with a comfortable surface.</li>
<li>Non-slip backing ensures stability.</li>
<li>Suitable for both indoor and outdoor spaces.</li>
<li>Adds a personalized and inclusive touch to home aesthetics.</li>
</ul><h3>Specifications</h3><table border=""1"" cellpadding=""6"" style=""border-collapse:collapse;width:100%"">
<tr>
<th align=""left"" width=""35%"">Attribute</th>
<th align=""left"">Value</th>
</tr>
<tr>
<td>Rug Form</td>
<td>Doormat</td>
</tr>
<tr>
<td>Item Shape</td>
<td>Rectangular</td>
</tr>
<tr>
<td>Weave Type</td>
<td>Flat Woven</td>
</tr>
<tr>
<td>Pile Height</td>
<td>Low Pile</td>
</tr>
<tr>
<td>Construction Type</td>
<td>Machine Made</td>
</tr>
<tr>
<td>Indoor/Outdoor Usage</td>
<td>Both</td>
</tr>
<tr>
<td>Room Type</td>
<td>Porch</td>
</tr>
<tr>
<td>Special Features</td>
<td>Lightweight</td>
</tr>
<tr>
<td>Pattern</td>
<td>rainbow</td>
</tr>
<tr>
<td>Theme</td>
<td>Rainbow</td>
</tr>
<tr>
<td>Style</td>
<td>Modern</td>
</tr>
<tr>
<td>Text</td>
<td>1 text input</td>
</tr>
</table><h3>Material &amp; Care</h3><table border=""1"" cellpadding=""6"" style=""border-collapse:collapse;width:100%"">
<tr>
<th align=""left"" width=""35%"">Item</th>
<th align=""left"">Detail</th>
</tr>
<tr>
<td>Material Type</td>
<td>Polyester</td>
</tr>
<tr>
<td>Backing Material</td>
<td>Rubber</td>
</tr>
</table><h3>Where It Works</h3><p>This doormat is suitable for use in entryways, patios, porches, apartments, dorms, classrooms, offices, and both indoor and outdoor spaces, making it a versatile decorative piece for various settings.</p>",CHILLGEN,Services > Building & Construction Services > Outdoor Construction,Rug,"amazon-parent-b0h1wpbzvb, doormat, flat-woven, home-decor, modern, porch, rainbow, rectangular, rug",false,Choose Produt Size,20x14 Inches-Mini size,,,,,,,,AMZ-RUG-B0H1WH7RPW-1,0.0,,0,deny,manual,21.90,27.38,true,false,,,,,"",https://cdn.shopify.com/s/files/1/1023/0068/0561/files/6ad761e486fddc7df115d879d9aefe9a0fba30651e0b477720fcfcdac7647598.jpg?v=1789095649,1,"Personalized Pride Rainbow Doormat, LGBTQ Welcome Mat, Inclusive Front Porch Decor, Colorful Entryway Rug, Indoor Outdoor Floor Mat (Welcome 1)",false,,"Modern rainbow doormat with a soft, durable surface, perfect for adding a welcoming touch to your porch or entryway.",,,,,,,,,,,,B0H1WPBZVB,,,,,lb,,,draft
personalized-rainbow-welcome-homos-doormat-indoor-outdoor,,,,,,,,,24x16 Inches (40x60 cm),,,,,,,,AMZ-RUG-B0H1WH7RPW-2,0.0,,0,deny,manual,25.90,32.38,true,false,,,,,"",https://cdn.shopify.com/s/files/1/1023/0068/0561/files/8b621101ff592a4196a4298572ac76c15b68fcb6f0256020c095dbd9ff544d30.jpg?v=1789095648,2,"Personalized Pride Rainbow Doormat, LGBTQ Welcome Mat, Inclusive Front Porch Decor, Colorful Entryway Rug, Indoor Outdoor Floor Mat (Welcome 1)",,,,,,,,,,,,,,,,,,,,lb,,,
personalized-rainbow-welcome-homos-doormat-indoor-outdoor,,,,,,,,,32x20 Inches (50x80 cm),,,,,,,,AMZ-RUG-B0H1WH7RPW-3,0.0,,0,deny,manual,27.90,34.88,true,false,,,,,"",https://cdn.shopify.com/s/files/1/1023/0068/0561/files/5578ce47eae9d9a50971c0cd85dc876d3712403c2d87393406d60d1a11a0d288.jpg?v=1789095649,3,"Personalized Pride Rainbow Doormat, LGBTQ Welcome Mat, Inclusive Front Porch Decor, Colorful Entryway Rug, Indoor Outdoor Floor Mat (Welcome 1)",,,,,,,,,,,,,,,,,,,,lb,,,
personalized-rainbow-welcome-homos-doormat-indoor-outdoor,,,,,,,,,36x24 Inches (60x90cm),,,,,,,,AMZ-RUG-B0H1WH7RPW-4,0.0,,0,deny,manual,33.90,42.38,true,false,,,,,"",https://cdn.shopify.com/s/files/1/1023/0068/0561/files/85a95449af579a1b37862434c6874c8842d7e385b57f25b4ff2856bdbd9e62cf.jpg?v=1789095649,4,"Personalized Pride Rainbow Doormat, LGBTQ Welcome Mat, Inclusive Front Porch Decor, Colorful Entryway Rug, Indoor Outdoor Floor Mat (Welcome 1)",,,,,,,,,,,,,,,,,,,,lb,,,
personalized-rainbow-welcome-homos-doormat-indoor-outdoor,,,,,,,,,,,,,,,,,,,,,,,,,,,,,,,"",https://cdn.shopify.com/s/files/1/1023/0068/0561/files/db778bf595e21844cbec225fde84253a2205e2397d759ad9f759afe938bbd23f.jpg?v=1789095648,5,"Personalized Pride Rainbow Doormat, LGBTQ Welcome Mat, Inclusive Front Porch Decor, Colorful Entryway Rug, Indoor Outdoor Floor Mat (Welcome 1)",,,,,,,,,,,,,,,,,,,,,,,
personalized-rainbow-welcome-homos-doormat-indoor-outdoor,,,,,,,,,,,,,,,,,,,,,,,,,,,,,,,"",https://cdn.shopify.com/s/files/1/1023/0068/0561/files/f186f786cf695695d13f04073ac67759a155260f39860524c8b815c887dc8301.jpg?v=1789095648,6,"Personalized Pride Rainbow Doormat, LGBTQ Welcome Mat, Inclusive Front Porch Decor, Colorful Entryway Rug, Indoor Outdoor Floor Mat (Welcome 1)",,,,,,,,,,,,,,,,,,,,,,,
personalized-rainbow-welcome-homos-doormat-indoor-outdoor,,,,,,,,,,,,,,,,,,,,,,,,,,,,,,,"",https://cdn.shopify.com/s/files/1/1023/0068/0561/files/ac8b0d2a643e75151f3999b408de25314dfc16fb4ee334f62b3431048bf5d4c2.jpg?v=1789095648,7,"Personalized Pride Rainbow Doormat, LGBTQ Welcome Mat, Inclusive Front Porch Decor, Colorful Entryway Rug, Indoor Outdoor Floor Mat (Welcome 1)",,,,,,,,,,,,,,,,,,,,,,,
personalized-rainbow-astronaut-cat-cosmic-doormat-front-porch-decor,"Personalized Rainbow Astronaut Cat Cosmic Doormat, Front Porch Decor","<p>This vibrant doormat celebrates inclusivity with a bright and colorful Pride Rainbow design. It features cheerful artwork, adding a welcoming touch to any home. Designed for everyday use, this decorative mat enhances your decor with personality and positivity.</p><h3>Product Highlights</h3><ul>
<li>Features a bright and colorful Pride Rainbow design.</li>
<li>Offers a soft and durable surface for everyday use.</li>
<li>Suitable for both indoor and outdoor spaces.</li>
<li>Adds personality and warmth to your home decor.</li>
<li>Perfect for creating an inclusive home aesthetic.</li>
</ul><h3>Specifications</h3><table border=""1"" cellpadding=""6"" style=""border-collapse:collapse;width:100%"">
<tr>
<th align=""left"" width=""35%"">Attribute</th>
<th align=""left"">Value</th>
</tr>
<tr>
<td>Rug Form</td>
<td>Doormat</td>
</tr>
<tr>
<td>Item Shape</td>
<td>Rectangular</td>
</tr>
<tr>
<td>Weave Type</td>
<td>Flat Woven</td>
</tr>
<tr>
<td>Pile Height</td>
<td>Low Pile</td>
</tr>
<tr>
<td>Construction Type</td>
<td>Machine Made</td>
</tr>
<tr>
<td>Indoor/Outdoor Usage</td>
<td>Both</td>
</tr>
<tr>
<td>Room Type</td>
<td>Porch</td>
</tr>
<tr>
<td>Pattern</td>
<td>rainbow</td>
</tr>
<tr>
<td>Theme</td>
<td>Rainbow</td>
</tr>
<tr>
<td>Style</td>
<td>Modern</td>
</tr>
<tr>
<td>Special Features</td>
<td>Lightweight</td>
</tr>
<tr>
<td>Text Customization</td>
<td>1 text input</td>
</tr>
</table><h3>Material &amp; Care</h3><table border=""1"" cellpadding=""6"" style=""border-collapse:collapse;width:100%"">
<tr>
<th align=""left"" width=""35%"">Item</th>
<th align=""left"">Detail</th>
</tr>
<tr>
<td>Material Type</td>
<td>Polyester</td>
</tr>
<tr>
<td>Backing Material</td>
<td>Rubber</td>
</tr>
</table><h3>Where It Works</h3><p>This doormat is ideal for front doors, entryways, patios, porches, apartments, dorms, classrooms, and offices. It seamlessly integrates into both indoor and outdoor settings, adding a touch of color and personality.</p>",CHILLGEN,Services > Building & Construction Services > Outdoor Construction,Rug,"amazon-parent-b0h1wpbzvb, doormat, home-decor, indoor-outdoor, modern, pride, rainbow, rectangular, rug",false,Choose Produt Size,20x14 Inches-Mini size,,,,,,,,AMZ-RUG-B0H1W8ZFZ8-1,0.0,,0,deny,manual,21.90,27.38,true,false,,,,,"",https://cdn.shopify.com/s/files/1/1023/0068/0561/files/d290862feb221dab35afac61a5d8d425263d73926c9516997b6e427d81cc351b.jpg?v=1789095649,1,"Personalized Pride Rainbow Doormat, LGBTQ Welcome Mat, Inclusive Front Porch Decor, Colorful Entryway Rug, Indoor Outdoor Floor Mat (Cat 1)",false,,"Modern Pride Rainbow Doormat with a soft, durable polyester surface, perfect for any indoor or outdoor entryway.",,,,,,,,,,,,B0H1WPBZVB,,,,,lb,,,draft
personalized-rainbow-astronaut-cat-cosmic-doormat-front-porch-decor,,,,,,,,,24x16 Inches (40x60 cm),,,,,,,,AMZ-RUG-B0H1W8ZFZ8-2,0.0,,0,deny,manual,25.90,32.38,true,false,,,,,"",https://cdn.shopify.com/s/files/1/1023/0068/0561/files/1533cc2e71258efc77d8b8672eeb217af751c10724284e6653bcedf4eae58a8e.jpg?v=1789095649,2,"Personalized Pride Rainbow Doormat, LGBTQ Welcome Mat, Inclusive Front Porch Decor, Colorful Entryway Rug, Indoor Outdoor Floor Mat (Cat 1)",,,,,,,,,,,,,,,,,,,,lb,,,
personalized-rainbow-astronaut-cat-cosmic-doormat-front-porch-decor,,,,,,,,,32x20 Inches (50x80 cm),,,,,,,,AMZ-RUG-B0H1W8ZFZ8-3,0.0,,0,deny,manual,27.90,34.88,true,false,,,,,"",https://cdn.shopify.com/s/files/1/1023/0068/0561/files/ea3ebb416b3c2f74ba2348cc19d230950127596296891dfcdeb3b3961f599147.jpg?v=1789095649,3,"Personalized Pride Rainbow Doormat, LGBTQ Welcome Mat, Inclusive Front Porch Decor, Colorful Entryway Rug, Indoor Outdoor Floor Mat (Cat 1)",,,,,,,,,,,,,,,,,,,,lb,,,
personalized-rainbow-astronaut-cat-cosmic-doormat-front-porch-decor,,,,,,,,,36x24 Inches (60x90cm),,,,,,,,AMZ-RUG-B0H1W8ZFZ8-4,0.0,,0,deny,manual,33.90,42.38,true,false,,,,,"",https://cdn.shopify.com/s/files/1/1023/0068/0561/files/88a86465cf98dd261708de983e2a718514cf7371bd95e3f85073fb7f8b626edd.jpg?v=1789095649,4,"Personalized Pride Rainbow Doormat, LGBTQ Welcome Mat, Inclusive Front Porch Decor, Colorful Entryway Rug, Indoor Outdoor Floor Mat (Cat 1)",,,,,,,,,,,,,,,,,,,,lb,,,
personalized-rainbow-astronaut-cat-cosmic-doormat-front-porch-decor,,,,,,,,,,,,,,,,,,,,,,,,,,,,,,,"",https://cdn.shopify.com/s/files/1/1023/0068/0561/files/3d227cc6e74407468b07a2b4c0603213ec2123b4141557c6021254e6ce1ee62b.jpg?v=1789095649,5,"Personalized Pride Rainbow Doormat, LGBTQ Welcome Mat, Inclusive Front Porch Decor, Colorful Entryway Rug, Indoor Outdoor Floor Mat (Cat 1)",,,,,,,,,,,,,,,,,,,,,,,
personalized-rainbow-astronaut-cat-cosmic-doormat-front-porch-decor,,,,,,,,,,,,,,,,,,,,,,,,,,,,,,,"",https://cdn.shopify.com/s/files/1/1023/0068/0561/files/43e8ba09f8837f59046e8f6f4a83b015b89ccc2f30fb4f0770a67df9d24e791e.jpg?v=1789095649,6,"Personalized Pride Rainbow Doormat, LGBTQ Welcome Mat, Inclusive Front Porch Decor, Colorful Entryway Rug, Indoor Outdoor Floor Mat (Cat 1)",,,,,,,,,,,,,,,,,,,,,,,
personalized-rainbow-astronaut-cat-cosmic-doormat-front-porch-decor,,,,,,,,,,,,,,,,,,,,,,,,,,,,,,,"",https://cdn.shopify.com/s/files/1/1023/0068/0561/files/42a338069d1e45ae028c96a373bb4baed317263da501ee29a57fbc299b08c6b5.jpg?v=1789095649,7,"Personalized Pride Rainbow Doormat, LGBTQ Welcome Mat, Inclusive Front Porch Decor, Colorful Entryway Rug, Indoor Outdoor Floor Mat (Cat 1)",,,,,,,,,,,,,,,,,,,,,,,
personalized-flowers-hate-has-no-home-here-doormat-front-porch-decor,"Personalized Flowers Hate Has No Home Here Doormat, Front Porch Decor","<p>This vibrant Pride Rainbow Doormat offers a welcoming touch to any home, featuring colorful artwork inspired by inclusivity, love, and positivity. Designed for everyday use, its vivid, long-lasting print adds personality and warmth. This mat serves as a beautiful accent for various spaces, enhancing home decor with its cheerful aesthetic.</p><h3>Product Highlights</h3><ul>
<li>Features a bright and colorful Pride design with rainbow-inspired artwork.</li>
<li>Designed with a soft and durable surface for comfortable everyday use.</li>
<li>Adds personality and warmth to home decor with a vivid, long-lasting print.</li>
<li>Suitable for both indoor and outdoor spaces.</li>
<li>Perfect for creating an inclusive home aesthetic in modern, boho, retro, or eclectic settings.</li>
</ul><h3>Specifications</h3><table border=""1"" cellpadding=""6"" style=""border-collapse:collapse;width:100%"">
<tr>
<th align=""left"" width=""35%"">Attribute</th>
<th align=""left"">Value</th>
</tr>
<tr>
<td>Rug Form</td>
<td>Doormat</td>
</tr>
<tr>
<td>Item Shape</td>
<td>Rectangular</td>
</tr>
<tr>
<td>Weave Type</td>
<td>Flat Woven</td>
</tr>
<tr>
<td>Pile Height</td>
<td>Low Pile</td>
</tr>
<tr>
<td>Construction Type</td>
<td>Machine Made</td>
</tr>
<tr>
<td>Indoor/Outdoor Usage</td>
<td>Both</td>
</tr>
<tr>
<td>Room Type</td>
<td>Porch</td>
</tr>
<tr>
<td>Pattern</td>
<td>rainbow</td>
</tr>
<tr>
<td>Theme</td>
<td>Rainbow</td>
</tr>
<tr>
<td>Style</td>
<td>Modern</td>
</tr>
<tr>
<td>Special Features</td>
<td>Lightweight</td>
</tr>
<tr>
<td>Text</td>
<td>1 text input</td>
</tr>
</table><h3>Material &amp; Care</h3><table border=""1"" cellpadding=""6"" style=""border-collapse:collapse;width:100%"">
<tr>
<th align=""left"" width=""35%"">Item</th>
<th align=""left"">Detail</th>
</tr>
<tr>
<td>Material Type</td>
<td>Polyester</td>
</tr>
<tr>
<td>Backing Material</td>
<td>Rubber</td>
</tr>
</table><h3>Where It Works</h3><p>This doormat is suitable for front doors, entryways, patios, porches, apartments, dorms, classrooms, and offices. It can be used in both indoor and outdoor settings, adding a decorative and welcoming touch to various spaces.</p>",CHILLGEN,Services > Building & Construction Services > Outdoor Construction,Rug,"amazon-parent-b0h1wpbzvb, doormat, home-decor, indoor-outdoor, modern, pride, rainbow, rectangular, rug",false,Choose Produt Size,20x14 Inches-Mini size,,,,,,,,AMZ-RUG-B0H1W9NVJD-1,0.0,,0,deny,manual,21.90,27.38,true,false,,,,,"",https://cdn.shopify.com/s/files/1/1023/0068/0561/files/087a689e1786c26a5677d799523adb3a6526679fff76bff3a1c6adefcd5a71fc.jpg?v=1789095652,1,"Personalized Pride Rainbow Doormat, LGBTQ Welcome Mat, Inclusive Front Porch Decor, Colorful Entryway Rug, Indoor Outdoor Floor Mat (Hate Verse)",false,,"Modern rainbow doormat with a soft, durable polyester surface is perfect for inclusive indoor and outdoor spaces.",,,,,,,,,,,,B0H1WPBZVB,,,,,lb,,,draft
personalized-flowers-hate-has-no-home-here-doormat-front-porch-decor,,,,,,,,,24x16 Inches (40x60 cm),,,,,,,,AMZ-RUG-B0H1W9NVJD-2,0.0,,0,deny,manual,25.90,32.38,true,false,,,,,"",https://cdn.shopify.com/s/files/1/1023/0068/0561/files/e591e73b81dff2d71d6a9392b680319b7b0f8087b04fa585ed5d16f09513f1fe.jpg?v=1789095651,2,"Personalized Pride Rainbow Doormat, LGBTQ Welcome Mat, Inclusive Front Porch Decor, Colorful Entryway Rug, Indoor Outdoor Floor Mat (Hate Verse)",,,,,,,,,,,,,,,,,,,,lb,,,
personalized-flowers-hate-has-no-home-here-doormat-front-porch-decor,,,,,,,,,32x20 Inches (50x80 cm),,,,,,,,AMZ-RUG-B0H1W9NVJD-3,0.0,,0,deny,manual,27.90,34.88,true,false,,,,,"",https://cdn.shopify.com/s/files/1/1023/0068/0561/files/9bf8cc7572e83b36e370f571dd9bb5f974e25078e06ad14f2a600f982714f145.jpg?v=1789095651,3,"Personalized Pride Rainbow Doormat, LGBTQ Welcome Mat, Inclusive Front Porch Decor, Colorful Entryway Rug, Indoor Outdoor Floor Mat (Hate Verse)",,,,,,,,,,,,,,,,,,,,lb,,,
personalized-flowers-hate-has-no-home-here-doormat-front-porch-decor,,,,,,,,,36x24 Inches (60x90cm),,,,,,,,AMZ-RUG-B0H1W9NVJD-4,0.0,,0,deny,manual,33.90,42.38,true,false,,,,,"",https://cdn.shopify.com/s/files/1/1023/0068/0561/files/e77422a00257a8d434f4fb58d890f2471cabc7c9175844cc51f8489363da8a9b.jpg?v=1789095651,4,"Personalized Pride Rainbow Doormat, LGBTQ Welcome Mat, Inclusive Front Porch Decor, Colorful Entryway Rug, Indoor Outdoor Floor Mat (Hate Verse)",,,,,,,,,,,,,,,,,,,,lb,,,
personalized-flowers-hate-has-no-home-here-doormat-front-porch-decor,,,,,,,,,,,,,,,,,,,,,,,,,,,,,,,"",https://cdn.shopify.com/s/files/1/1023/0068/0561/files/070e36daca8a17c08e375c440815554be64cf0d327bcdb395b2172a7fd9285d8.jpg?v=1789095651,5,"Personalized Pride Rainbow Doormat, LGBTQ Welcome Mat, Inclusive Front Porch Decor, Colorful Entryway Rug, Indoor Outdoor Floor Mat (Hate Verse)",,,,,,,,,,,,,,,,,,,,,,,
personalized-flowers-hate-has-no-home-here-doormat-front-porch-decor,,,,,,,,,,,,,,,,,,,,,,,,,,,,,,,"",https://cdn.shopify.com/s/files/1/1023/0068/0561/files/7d14e1c697d86b1e2d9d106fab955b013aabe82d7cb811a78e3311c50fd101af.jpg?v=1789095651,6,"Personalized Pride Rainbow Doormat, LGBTQ Welcome Mat, Inclusive Front Porch Decor, Colorful Entryway Rug, Indoor Outdoor Floor Mat (Hate Verse)",,,,,,,,,,,,,,,,,,,,,,,
personalized-flowers-hate-has-no-home-here-doormat-front-porch-decor,,,,,,,,,,,,,,,,,,,,,,,,,,,,,,,"",https://cdn.shopify.com/s/files/1/1023/0068/0561/files/7353381e9a2443889e0ba11e9f4568e58aefe8a3403579b7c67d511bbe49f207.jpg?v=1789095651,7,"Personalized Pride Rainbow Doormat, LGBTQ Welcome Mat, Inclusive Front Porch Decor, Colorful Entryway Rug, Indoor Outdoor Floor Mat (Hate Verse)",,,,,,,,,,,,,,,,,,,,,,,
personalized-cozy-cat-rainbow-books-doormat-indoor-outdoor-usage,"Personalized Cozy Cat Rainbow Books Doormat, Indoor Outdoor Usage","<p>This vibrant doormat celebrates inclusivity with a colorful rainbow design, making it a welcoming accent for any home. Its cheerful aesthetic is perfect for creating an inviting atmosphere for guests and family alike. Designed for everyday use, this decorative floor mat adds personality and positivity to your decor, suitable for various spaces.</p><h3>Product Highlights</h3><ul>
<li>Features a bright and colorful Pride design with inclusive artwork.</li>
<li>Soft and durable material ensures a comfortable surface and long-lasting print.</li>
<li>Versatile for both indoor and outdoor spaces, enhancing home decor.</li>
<li>Adds personality and warmth with a vivid, long-lasting print.</li>
<li>Creates a cozy and welcoming atmosphere in modern or eclectic spaces.</li>
</ul><h3>Specifications</h3><table border=""1"" cellpadding=""6"" style=""border-collapse:collapse;width:100%"">
<tr>
<th align=""left"" width=""35%"">Attribute</th>
<th align=""left"">Value</th>
</tr>
<tr>
<td>Rug Form</td>
<td>Doormat</td>
</tr>
<tr>
<td>Item Shape</td>
<td>Rectangular</td>
</tr>
<tr>
<td>Weave Type</td>
<td>Flat Woven</td>
</tr>
<tr>
<td>Pile Height</td>
<td>Low Pile</td>
</tr>
<tr>
<td>Construction Type</td>
<td>Machine Made</td>
</tr>
<tr>
<td>Indoor/Outdoor Usage</td>
<td>Both</td>
</tr>
<tr>
<td>Room Type</td>
<td>Porch</td>
</tr>
<tr>
<td>Pattern</td>
<td>rainbow</td>
</tr>
<tr>
<td>Theme</td>
<td>Rainbow</td>
</tr>
<tr>
<td>Style</td>
<td>Modern</td>
</tr>
<tr>
<td>Special Features</td>
<td>Lightweight</td>
</tr>
<tr>
<td>Text Input</td>
<td>1 text input</td>
</tr>
</table><h3>Material &amp; Care</h3><table border=""1"" cellpadding=""6"" style=""border-collapse:collapse;width:100%"">
<tr>
<th align=""left"" width=""35%"">Item</th>
<th align=""left"">Detail</th>
</tr>
<tr>
<td>Material Type</td>
<td>Polyester</td>
</tr>
<tr>
<td>Backing Material</td>
<td>Rubber</td>
</tr>
</table><h3>Where It Works</h3><p>This doormat is perfect for front doors, entryways, patios, porches, apartments, dorms, classrooms, and offices. Its inclusive design makes it suitable for creating a welcoming atmosphere in various indoor and outdoor settings.</p>",CHILLGEN,Services > Building & Construction Services > Outdoor Construction,Rug,"amazon-parent-b0h1wpbzvb, doormat, flat-woven, home-decor, modern, porch, rainbow, rectangular, rug",false,Choose Produt Size,20x14 Inches-Mini size,,,,,,,,AMZ-RUG-B0H1WGS4KS-1,0.0,,0,deny,manual,21.90,27.38,true,false,,,,,"",https://cdn.shopify.com/s/files/1/1023/0068/0561/files/85538fe2047757ad11b6bc87133e9a74504e13db6d6d795dbd8fc70758a77ad4.jpg?v=1789095699,1,"Personalized Pride Rainbow Doormat, LGBTQ Welcome Mat, Inclusive Front Porch Decor, Colorful Entryway Rug, Indoor Outdoor Floor Mat (You Belong Here)",false,,"Modern rainbow doormat with a soft, durable polyester surface, perfect for welcoming guests in any indoor or outdoor space.",,,,,,,,,,,,B0H1WPBZVB,,,,,lb,,,draft
personalized-cozy-cat-rainbow-books-doormat-indoor-outdoor-usage,,,,,,,,,24x16 Inches (40x60 cm),,,,,,,,AMZ-RUG-B0H1WGS4KS-2,0.0,,0,deny,manual,25.90,32.38,true,false,,,,,"",https://cdn.shopify.com/s/files/1/1023/0068/0561/files/c368042da065a412701c7012d88f79674af20b4560733cd26de17aa93dd477c3.jpg?v=1789095699,2,"Personalized Pride Rainbow Doormat, LGBTQ Welcome Mat, Inclusive Front Porch Decor, Colorful Entryway Rug, Indoor Outdoor Floor Mat (You Belong Here)",,,,,,,,,,,,,,,,,,,,lb,,,
personalized-cozy-cat-rainbow-books-doormat-indoor-outdoor-usage,,,,,,,,,32x20 Inches (50x80 cm),,,,,,,,AMZ-RUG-B0H1WGS4KS-3,0.0,,0,deny,manual,27.90,34.88,true,false,,,,,"",https://cdn.shopify.com/s/files/1/1023/0068/0561/files/164854f006387c9cb3996907ed7ba1797cc131c1ad195f5591c146e5af74d519.jpg?v=1789095699,3,"Personalized Pride Rainbow Doormat, LGBTQ Welcome Mat, Inclusive Front Porch Decor, Colorful Entryway Rug, Indoor Outdoor Floor Mat (You Belong Here)",,,,,,,,,,,,,,,,,,,,lb,,,
personalized-cozy-cat-rainbow-books-doormat-indoor-outdoor-usage,,,,,,,,,36x24 Inches (60x90cm),,,,,,,,AMZ-RUG-B0H1WGS4KS-4,0.0,,0,deny,manual,33.90,42.38,true,false,,,,,"",https://cdn.shopify.com/s/files/1/1023/0068/0561/files/ac4f5455184f05b73095ed141208c48905b88a69d9c70c49a2f44b887df8fa16.jpg?v=1789095699,4,"Personalized Pride Rainbow Doormat, LGBTQ Welcome Mat, Inclusive Front Porch Decor, Colorful Entryway Rug, Indoor Outdoor Floor Mat (You Belong Here)",,,,,,,,,,,,,,,,,,,,lb,,,
personalized-cozy-cat-rainbow-books-doormat-indoor-outdoor-usage,,,,,,,,,,,,,,,,,,,,,,,,,,,,,,,"",https://cdn.shopify.com/s/files/1/1023/0068/0561/files/8ceafd55ce9ccb4134232d86839635a02af974cd12e313948a631b84570ce982.jpg?v=1789095699,5,"Personalized Pride Rainbow Doormat, LGBTQ Welcome Mat, Inclusive Front Porch Decor, Colorful Entryway Rug, Indoor Outdoor Floor Mat (You Belong Here)",,,,,,,,,,,,,,,,,,,,,,,
personalized-cozy-cat-rainbow-books-doormat-indoor-outdoor-usage,,,,,,,,,,,,,,,,,,,,,,,,,,,,,,,"",https://cdn.shopify.com/s/files/1/1023/0068/0561/files/e193295b8a4dfa27ef94a0d69fa479eccc7f26a29be0ac5edeff0670b5188cc7.jpg?v=1789095699,6,"Personalized Pride Rainbow Doormat, LGBTQ Welcome Mat, Inclusive Front Porch Decor, Colorful Entryway Rug, Indoor Outdoor Floor Mat (You Belong Here)",,,,,,,,,,,,,,,,,,,,,,,
personalized-cozy-cat-rainbow-books-doormat-indoor-outdoor-usage,,,,,,,,,,,,,,,,,,,,,,,,,,,,,,,"",https://cdn.shopify.com/s/files/1/1023/0068/0561/files/f7c72b4c65c59f9460708cec49f56d964845a8bc4e61ce01bc97225cf21fd830.jpg?v=1789095699,7,"Personalized Pride Rainbow Doormat, LGBTQ Welcome Mat, Inclusive Front Porch Decor, Colorful Entryway Rug, Indoor Outdoor Floor Mat (You Belong Here)",,,,,,,,,,,,,,,,,,,,,,,
personalized-as-for-me-and-my-house-doormat-water-resistant,"Personalized As For Me And My House Doormat, Water Resistant","<p>This customizable doormat offers a warm welcome to any home with its faith-based design. Featuring uplifting Bible verses and options for personalization, it serves as a meaningful accent piece. Crafted for both indoor and covered outdoor use, this doormat combines spiritual inspiration with everyday practicality.</p><h3>Product Highlights</h3><ul>
<li>Personalizable with family name, initial, or custom text.</li>
<li>Features inspirational scripture-based designs.</li>
<li>Soft and comfortable underfoot due to high-quality materials.</li>
<li>Durable and suitable for both indoor and covered outdoor use.</li>
<li>Easy to clean and maintain with simple methods.</li>
</ul><h3>Specifications</h3><table border=""1"" cellpadding=""6"" style=""border-collapse:collapse;width:100%"">
<tr>
<th align=""left"" width=""35%"">Attribute</th>
<th align=""left"">Value</th>
</tr>
<tr>
<td>Rug Form</td>
<td>Doormat</td>
</tr>
<tr>
<td>Item Shape</td>
<td>Rectangular</td>
</tr>
<tr>
<td>Weave Type</td>
<td>Flat Woven</td>
</tr>
<tr>
<td>Pile Height</td>
<td>Low Pile</td>
</tr>
<tr>
<td>Construction Type</td>
<td>Machine Made</td>
</tr>
<tr>
<td>Indoor/Outdoor Usage</td>
<td>Both</td>
</tr>
<tr>
<td>Water Resistance</td>
<td>Water Resistant</td>
</tr>
<tr>
<td>Pattern</td>
<td>Letter Print</td>
</tr>
<tr>
<td>Theme</td>
<td>Letter Print</td>
</tr>
<tr>
<td>Style</td>
<td>Traditional</td>
</tr>
<tr>
<td>Number of Pieces</td>
<td>2 text inputs</td>
</tr>
</table><h3>Material &amp; Care</h3><table border=""1"" cellpadding=""6"" style=""border-collapse:collapse;width:100%"">
<tr>
<th align=""left"" width=""35%"">Item</th>
<th align=""left"">Detail</th>
</tr>
<tr>
<td>Material Type</td>
<td>Faux Wool, Polyester fabric and memory stretch sponge</td>
</tr>
<tr>
<td>Backing Material</td>
<td>Suede</td>
</tr>
<tr>
<td>Care Instructions</td>
<td>Spot Clean Only</td>
</tr>
<tr>
<td>Cleaning Method</td>
<td>Gently soak up liquid with dry duster cloth, clean stain with water, use hand-held vacuum cleaner, sweep with broom, shake off outdoors, wipe with damp cloth and mild soap, or flush with garden hose.</td>
</tr>
</table><h3>Where It Works</h3><p>This personalized doormat is ideal for entrances, front porches, or entryways, offering a welcoming touch to any home. It also serves as a thoughtful gift for housewarmings, weddings, baptisms, Easter, Christmas, or other special occasions.</p>",CHILLGEN,Services > Home Improvement Services > Outdoor Services,Rug,"amazon-parent-b0ff4pszpz, christian, doormat, faith-based, home-decor, personalized, rectangular, rug, traditional",false,Choose Item Size,20x15 Inches,,,,,,,,AMZ-RUG-B0FF4Q9ZLS-1,0.0,,0,deny,manual,21.90,27.38,true,false,,,,,"",https://cdn.shopify.com/s/files/1/1023/0068/0561/files/d01db40090f69d23521115068a9636425de80df937206f55f9b21638734ab33e.jpg?v=1789096604,1,"Bible Verse Doormat with Custom Name, As for Me and My House We Will Serve The Lord Doormat 24x16 inches, Thoughtful Gift for Housewarmings, Weddings, Easter, Christmas",false,,"This traditional, rectangular doormat features a personalized faith-based design, perfect for welcoming guests at any entrance.",,,,,,,,,,,,B0FF4PSZPZ,,,,,lb,,,draft
personalized-as-for-me-and-my-house-doormat-water-resistant,,,,,,,,,24x16 Inches,,,,,,,,AMZ-RUG-B0FF4Q9ZLS-2,0.0,,0,deny,manual,28.90,36.13,true,false,,,,,"",https://cdn.shopify.com/s/files/1/1023/0068/0561/files/bee814e10d07ea34a6325fa8fb6459a9f0ccf6f8d6a1f467477ccb4df2c18e06.jpg?v=1789096604,2,"Bible Verse Doormat with Custom Name, As for Me and My House We Will Serve The Lord Doormat 24x16 inches, Thoughtful Gift for Housewarmings, Weddings, Easter, Christmas",,,,,,,,,,,,,,,,,,,,lb,,,
personalized-as-for-me-and-my-house-doormat-water-resistant,,,,,,,,,32x20 Inches,,,,,,,,AMZ-RUG-B0FF4Q9ZLS-3,0.0,,0,deny,manual,34.90,43.63,true,false,,,,,"",https://cdn.shopify.com/s/files/1/1023/0068/0561/files/77cca417e4add8339b59a4b0db83e34a64e65b6ed6de39879d36a24f8eb1d6d1.jpg?v=1789096604,3,"Bible Verse Doormat with Custom Name, As for Me and My House We Will Serve The Lord Doormat 24x16 inches, Thoughtful Gift for Housewarmings, Weddings, Easter, Christmas",,,,,,,,,,,,,,,,,,,,lb,,,
personalized-as-for-me-and-my-house-doormat-water-resistant,,,,,,,,,36x24 Inches,,,,,,,,AMZ-RUG-B0FF4Q9ZLS-4,0.0,,0,deny,manual,40.90,51.13,true,false,,,,,"",https://cdn.shopify.com/s/files/1/1023/0068/0561/files/dd647f932495c9a7c72268bfb114d4382cc04910d97bba1243539934c00b9d50.jpg?v=1789096604,4,"Bible Verse Doormat with Custom Name, As for Me and My House We Will Serve The Lord Doormat 24x16 inches, Thoughtful Gift for Housewarmings, Weddings, Easter, Christmas",,,,,,,,,,,,,,,,,,,,lb,,,
personalized-as-for-me-and-my-house-doormat-water-resistant,,,,,,,,,,,,,,,,,,,,,,,,,,,,,,,"",https://cdn.shopify.com/s/files/1/1023/0068/0561/files/a77afec2c1dd4466b31f2feaef91f12bdca4ed65d4341e83618b5812019c6a54.jpg?v=1789096604,5,"Bible Verse Doormat with Custom Name, As for Me and My House We Will Serve The Lord Doormat 24x16 inches, Thoughtful Gift for Housewarmings, Weddings, Easter, Christmas",,,,,,,,,,,,,,,,,,,,,,,
personalized-as-for-me-and-my-house-doormat-water-resistant,,,,,,,,,,,,,,,,,,,,,,,,,,,,,,,"",https://cdn.shopify.com/s/files/1/1023/0068/0561/files/c2e22b44f6384aee42d15efbb26f3c5c7f855261b1ca5c630d224b480520ec19.jpg?v=1789096604,6,"Bible Verse Doormat with Custom Name, As for Me and My House We Will Serve The Lord Doormat 24x16 inches, Thoughtful Gift for Housewarmings, Weddings, Easter, Christmas",,,,,,,,,,,,,,,,,,,,,,,
personalized-bible-verse-quote-with-ornate-frame-doormat,Personalized Bible Verse Quote with Ornate Frame Doormat,"<p>This personalized doormat offers a warm welcome to guests with its faith-based design. Featuring an uplifting Bible verse and customizable text, it serves as a meaningful accent for any home. It combines spiritual inspiration with practical home decor, making it a special addition to your entryway.</p><h3>Product Highlights</h3><ul>
<li>Personalize with family name, initial, or custom text alongside a Bible verse</li>
<li>Features inspirational, scripture-based designs</li>
<li>Soft, lightweight, and comfortable underfoot</li>
<li>Suitable for both indoor and covered outdoor use</li>
<li>Easy to clean and maintain</li>
</ul><h3>Specifications</h3><table border=""1"" cellpadding=""6"" style=""border-collapse:collapse;width:100%"">
<tr>
<th align=""left"" width=""35%"">Attribute</th>
<th align=""left"">Value</th>
</tr>
<tr>
<td>Rug Form</td>
<td>Doormat</td>
</tr>
<tr>
<td>Item Shape</td>
<td>Rectangular</td>
</tr>
<tr>
<td>Weave Type</td>
<td>Flat Woven</td>
</tr>
<tr>
<td>Pile Height</td>
<td>Low Pile</td>
</tr>
<tr>
<td>Construction Type</td>
<td>Machine Made</td>
</tr>
<tr>
<td>Indoor/Outdoor Usage</td>
<td>Both</td>
</tr>
<tr>
<td>Water Resistance Level</td>
<td>Water Resistant</td>
</tr>
<tr>
<td>Pattern</td>
<td>Letter Print</td>
</tr>
<tr>
<td>Style</td>
<td>Traditional</td>
</tr>
<tr>
<td>Text Customization</td>
<td>2 text inputs</td>
</tr>
</table><h3>Material &amp; Care</h3><table border=""1"" cellpadding=""6"" style=""border-collapse:collapse;width:100%"">
<tr>
<th align=""left"" width=""35%"">Item</th>
<th align=""left"">Detail</th>
</tr>
<tr>
<td>Material Type</td>
<td>Faux Wool, Polyester Fabric, Memory Stretch Sponge</td>
</tr>
<tr>
<td>Backing Material</td>
<td>Suede</td>
</tr>
<tr>
<td>Care Instructions</td>
<td>Spot Clean Only</td>
</tr>
<tr>
<td>Cleaning Method</td>
<td>Gently soak with dry duster cloth for liquids, vacuum or sweep for solid waste, wipe with damp cloth and mild soap for deeper cleaning, or flush with garden hose outdoors</td>
</tr>
</table><h3>Where It Works</h3><p>This versatile doormat is ideal for welcoming guests at entrances, front porches, and entryways. It also serves as a thoughtful decorative accent in various indoor settings, enhancing the spiritual ambiance of your home.</p>",CHILLGEN,Services > Home Improvement Services > Outdoor Services,Rug,"amazon-parent-b0ff4pszpz, Christian, doormat, home, home-decor, personalized, rectangular, rug, traditional",false,Choose Item Size,20x15 Inches,,,,,,,,AMZ-RUG-B0FY5VLDQL-1,0.0,,0,deny,manual,21.90,27.38,true,false,,,,,"",https://cdn.shopify.com/s/files/1/1023/0068/0561/files/2c18b057eef35ff2df7c346de501af37e191ddee5dbbbcad9ee1708e77060d94.jpg?v=1789096604,1,"Personalized Bible Verse Doormat - Custom Name Floor Mat, As for Me and My House We Will Serve The Lord Doormat 24x16 inches, Thoughtful Gift for Housewarmings, Easter, Christmas",false,,"This traditional rectangular doormat with a personalized Bible verse design offers a warm, faith-based welcome for any entryway.",,,,,,,,,,,,B0FF4PSZPZ,,,,,lb,,,draft
personalized-bible-verse-quote-with-ornate-frame-doormat,,,,,,,,,24x16 Inches,,,,,,,,AMZ-RUG-B0FY5VLDQL-2,0.0,,0,deny,manual,28.90,36.13,true,false,,,,,"",https://cdn.shopify.com/s/files/1/1023/0068/0561/files/f2aefeee2b2e6048ceba0634d8d714a5238723743dba5aa0de42280ce182fa6b.jpg?v=1789096604,2,"Personalized Bible Verse Doormat - Custom Name Floor Mat, As for Me and My House We Will Serve The Lord Doormat 24x16 inches, Thoughtful Gift for Housewarmings, Easter, Christmas",,,,,,,,,,,,,,,,,,,,lb,,,
personalized-bible-verse-quote-with-ornate-frame-doormat,,,,,,,,,32x20 Inches,,,,,,,,AMZ-RUG-B0FY5VLDQL-3,0.0,,0,deny,manual,34.90,43.63,true,false,,,,,"",https://cdn.shopify.com/s/files/1/1023/0068/0561/files/1b873ac5e0553670424ae860c673ad3b16cb79bb92a47bfb290f0728cfce3d76.jpg?v=1789096604,3,"Personalized Bible Verse Doormat - Custom Name Floor Mat, As for Me and My House We Will Serve The Lord Doormat 24x16 inches, Thoughtful Gift for Housewarmings, Easter, Christmas",,,,,,,,,,,,,,,,,,,,lb,,,
personalized-bible-verse-quote-with-ornate-frame-doormat,,,,,,,,,36x24 Inches,,,,,,,,AMZ-RUG-B0FY5VLDQL-4,0.0,,0,deny,manual,40.90,51.13,true,false,,,,,"",https://cdn.shopify.com/s/files/1/1023/0068/0561/files/fc5c779cfb53acac0f5c9f99b2ac7a18ceca1e8e4e373ca78aaea017512178d5.jpg?v=1789096604,4,"Personalized Bible Verse Doormat - Custom Name Floor Mat, As for Me and My House We Will Serve The Lord Doormat 24x16 inches, Thoughtful Gift for Housewarmings, Easter, Christmas",,,,,,,,,,,,,,,,,,,,lb,,,
personalized-bible-verse-quote-with-ornate-frame-doormat,,,,,,,,,,,,,,,,,,,,,,,,,,,,,,,"",https://cdn.shopify.com/s/files/1/1023/0068/0561/files/56b0954a1cf1fe623eae8edf511193492f606b91140f16b9487ab8e70c9e4eb7.jpg?v=1789096604,5,"Personalized Bible Verse Doormat - Custom Name Floor Mat, As for Me and My House We Will Serve The Lord Doormat 24x16 inches, Thoughtful Gift for Housewarmings, Easter, Christmas",,,,,,,,,,,,,,,,,,,,,,,
personalized-bible-verse-quote-with-ornate-frame-doormat,,,,,,,,,,,,,,,,,,,,,,,,,,,,,,,"",https://cdn.shopify.com/s/files/1/1023/0068/0561/files/793dc8fa50506ac9ac5b4fb4cb829aa506b9b4409ec07f5184110e9f8a3397b9.jpg?v=1789096604,6,"Personalized Bible Verse Doormat - Custom Name Floor Mat, As for Me and My House We Will Serve The Lord Doormat 24x16 inches, Thoughtful Gift for Housewarmings, Easter, Christmas",,,,,,,,,,,,,,,,,,,,,,,
personalized-bible-verse-family-name-doormat-water-resistant-bible,"Personalized Bible Verse Family Name Doormat, Water Resistant - Bible","<p>🧭 MAKE IT A UNIQUE FAITH-BASED GIFT: Personalize this doormat with your family name, initial, or custom text alongside an uplifting Bible verse. Choose from several inspirational backgrounds featuring scripture-based designs to reflect your faith and values., 🕊️ A BEAUTIFUL CHRISTIAN DOOR MAT FOR YOUR HOME: Welcome guests with warmth and scripture. This personalized Christian doormat with Bible verse brings blessings to your doorstep — ideal for entrances, front porches, or entryways. Makes a thoughtful gift for housewarmings, weddings, baptisms, Easter, Christmas, or any special occasion for believers., 👉 HIGH MATERIAL: Made from high-quality polyester fabric and memory stretch sponge, this doormat is soft, lightweight, and comfortable underfoot. Whether used indoors or outside a covered doorway, it offers both durability and a soft landing for tired feet., 💯 AVAILABLE DOORMAT SIZE: Choose from 16x24 inches | 20x32 inches | 24x36 inches. This Bible verse door mat is perfect as a Christian welcome mat, religious outdoor rug, or indoor decorative accent. A great personalized gift for families of faith, pastors, or church friends., ✔️ EASY TO CLEAN: It is easy to clean and maintain. For spilled liquid, you can gently soak up with a dry duster cloth or easily clean the stain with water. For solid waste, simply use a hand-held vacuum cleaner, sweep it with a broom, or shake it off outdoors or on your trash can. If you want a deeper cleaning, wipe with a damp cloth and mild soap, or flush the carpet outdoors with a garden hose.</p>",CHILLGEN,Services > Home Improvement Services > Outdoor Services,Rug,"amazon-parent-b0ff4pszpz, Christian, doormat, faith-based, home-decor, personalized, rectangular, rug, traditional",false,Choose Item Size,20x15 Inches,,,,,,,,AMZ-RUG-B0FY5W5FBB-1,0.0,,0,deny,manual,21.90,27.38,true,false,,,,,"",https://cdn.shopify.com/s/files/1/1023/0068/0561/files/781a09f99c3eef17c6c5dc2fdfc90436cc5d23eabbe7c605325a1239e6bb9412.jpg?v=1789096605,1,"Personalized Bible Verse Family Name Doormat, Water Resistant - Bible",false,,"This Christian doormat, made from polyester fabric and memory stretch sponge, offers personalization and is suitable for entrances, porches, or entryways.",,,,,,,,,,,,B0FF4PSZPZ,,,,,lb,,,draft
personalized-bible-verse-family-name-doormat-water-resistant-bible,,,,,,,,,24x16 Inches,,,,,,,,AMZ-RUG-B0FY5W5FBB-2,0.0,,0,deny,manual,28.90,36.13,true,false,,,,,"",https://cdn.shopify.com/s/files/1/1023/0068/0561/files/f077cb03b3e28fef66092946a28fe1bd05961a7fa116599dcb956339d73b5be9.jpg?v=1789096604,2,"Personalized Bible Verse Family Name Doormat, Water Resistant - Bible",,,,,,,,,,,,,,,,,,,,lb,,,
personalized-bible-verse-family-name-doormat-water-resistant-bible,,,,,,,,,32x20 Inches,,,,,,,,AMZ-RUG-B0FY5W5FBB-3,0.0,,0,deny,manual,34.90,43.63,true,false,,,,,"",https://cdn.shopify.com/s/files/1/1023/0068/0561/files/dbc4efd121e9d5678fd59d6b2eb9a34a2be19dbd0066527eba80bb7e38b1db5f.jpg?v=1789096605,3,"Personalized Bible Verse Family Name Doormat, Water Resistant - Bible",,,,,,,,,,,,,,,,,,,,lb,,,
personalized-bible-verse-family-name-doormat-water-resistant-bible,,,,,,,,,36x24 Inches,,,,,,,,AMZ-RUG-B0FY5W5FBB-4,0.0,,0,deny,manual,40.90,51.13,true,false,,,,,"",https://cdn.shopify.com/s/files/1/1023/0068/0561/files/4566c94cfcdce549ced77b80074c629a63a2a65e871a53bd17d2d5e861d94cb2.jpg?v=1789096605,4,"Personalized Bible Verse Family Name Doormat, Water Resistant - Bible",,,,,,,,,,,,,,,,,,,,lb,,,
personalized-bible-verse-family-name-doormat-water-resistant-bible,,,,,,,,,,,,,,,,,,,,,,,,,,,,,,,"",https://cdn.shopify.com/s/files/1/1023/0068/0561/files/7033436d2b05a39f6bd4f179fb90e49c7782f7689b49e938cd308b14db23aae7.jpg?v=1789096605,5,"Personalized Bible Verse Family Name Doormat, Water Resistant - Bible",,,,,,,,,,,,,,,,,,,,,,,
personalized-bible-verse-family-name-doormat-water-resistant-bible,,,,,,,,,,,,,,,,,,,,,,,,,,,,,,,"",https://cdn.shopify.com/s/files/1/1023/0068/0561/files/7ef827f8e25efe8373998f8c6c7007330f4c27887b90bd58c1f02965227673bf.jpg?v=1789096605,6,"Personalized Bible Verse Family Name Doormat, Water Resistant - Bible",,,,,,,,,,,,,,,,,,,,,,,
personalized-rustic-deer-antler-monogram-doormat,Personalized Rustic Deer Antler Monogram Doormat,"<p>Welcome guests with a personalized Christian doormat featuring an uplifting Bible verse. This doormat combines faith-based design with practical home utility, making it a special addition to any entryway. It's designed to offer warmth and scripture, creating a welcoming atmosphere for your home.</p><h3>Product Highlights</h3><ul>
<li>Personalizable with family name, initial, or custom text alongside a Bible verse</li>
<li>Features inspirational scripture-based designs to reflect faith and values</li>
<li>Made from high-quality polyester fabric and memory stretch sponge for comfort</li>
<li>Easy to clean with simple methods for spills, solids, or deeper cleaning</li>
<li>Suitable for use both indoors and outside covered doorways</li>
</ul><h3>Specifications</h3><table border=""1"" cellpadding=""6"" style=""border-collapse:collapse;width:100%"">
<tr>
<th align=""left"" width=""35%"">Attribute</th>
<th align=""left"">Value</th>
</tr>
<tr>
<td>Rug Form</td>
<td>Doormat</td>
</tr>
<tr>
<td>Item Shape</td>
<td>Rectangular</td>
</tr>
<tr>
<td>Weave Type</td>
<td>Flat Woven</td>
</tr>
<tr>
<td>Pile Height</td>
<td>Low Pile</td>
</tr>
<tr>
<td>Construction Type</td>
<td>Machine Made</td>
</tr>
<tr>
<td>Indoor/Outdoor Usage</td>
<td>Both</td>
</tr>
<tr>
<td>Pattern</td>
<td>Letter Print</td>
</tr>
<tr>
<td>Theme</td>
<td>Christian, Religious</td>
</tr>
<tr>
<td>Style</td>
<td>Traditional</td>
</tr>
<tr>
<td>Water Resistance Level</td>
<td>Water Resistant</td>
</tr>
<tr>
<td>Number of Pieces</td>
<td>1</td>
</tr>
</table><h3>Material &amp; Care</h3><table border=""1"" cellpadding=""6"" style=""border-collapse:collapse;width:100%"">
<tr>
<th align=""left"" width=""35%"">Item</th>
<th align=""left"">Detail</th>
</tr>
<tr>
<td>Material Type</td>
<td>Faux Wool, Polyester fabric, Memory stretch sponge</td>
</tr>
<tr>
<td>Backing Material</td>
<td>Suede</td>
</tr>
<tr>
<td>Care Instructions</td>
<td>Spot Clean Only</td>
</tr>
<tr>
<td>Cleaning Method</td>
<td>Gently soak with dry duster cloth for spilled liquid, use hand-held vacuum/broom/shake off for solid waste, wipe with damp cloth and mild soap for deeper cleaning, or flush with garden hose</td>
</tr>
</table><h3>Where It Works</h3><p>This doormat is ideal for entrances, front porches, and entryways, providing a welcoming touch. It can be used both indoors as a decorative accent or outdoors under a covered area to greet visitors with warmth and scripture.</p>",CHILLGEN,Services > Building & Construction Services > Outdoor Construction,Rug,"amazon-parent-b0ff4pszpz, Christian, doormat, home-decor, personalized, rectangular, rug, spiritual, traditional",false,Choose Item Size,20x15 Inches,,,,,,,,AMZ-RUG-B0FF4N6N69-1,0.0,,0,deny,manual,21.90,27.38,true,false,,,,,"",https://cdn.shopify.com/s/files/1/1023/0068/0561/files/b73a3c824d5306d59766a07c1459b0957a3129db9d86fca5bb249606f3983de6.jpg?v=1789096652,1,"Bible Verse Doormat with Custom Name, Religious Welcome Mat for Front Door Outdoor 24x16 inches, Thoughtful Gift for Housewarmings, Weddings, Easter, Christmas (Bible Doormat 05)",false,,"This traditional rectangular doormat, made from faux wool, is personalizable with a Bible verse, perfect for any entryway.",,,,,,,,,,,,B0FF4PSZPZ,,,,,lb,,,draft
personalized-rustic-deer-antler-monogram-doormat,,,,,,,,,24x16 Inches,,,,,,,,AMZ-RUG-B0FF4N6N69-2,0.0,,0,deny,manual,28.90,36.13,true,false,,,,,"",https://cdn.shopify.com/s/files/1/1023/0068/0561/files/9dccd979b7d996020a049ab2da75ad330b178c5347c1741eea85697680acff54.jpg?v=1789096651,2,"Bible Verse Doormat with Custom Name, Religious Welcome Mat for Front Door Outdoor 24x16 inches, Thoughtful Gift for Housewarmings, Weddings, Easter, Christmas (Bible Doormat 05)",,,,,,,,,,,,,,,,,,,,lb,,,
personalized-rustic-deer-antler-monogram-doormat,,,,,,,,,32x20 Inches,,,,,,,,AMZ-RUG-B0FF4N6N69-3,0.0,,0,deny,manual,34.90,43.63,true,false,,,,,"",https://cdn.shopify.com/s/files/1/1023/0068/0561/files/b22395e7051f7db8b0fa347fb54770bbc41241d4c66cbc7ca3ecdb577860aaf1.jpg?v=1789096652,3,"Bible Verse Doormat with Custom Name, Religious Welcome Mat for Front Door Outdoor 24x16 inches, Thoughtful Gift for Housewarmings, Weddings, Easter, Christmas (Bible Doormat 05)",,,,,,,,,,,,,,,,,,,,lb,,,
personalized-rustic-deer-antler-monogram-doormat,,,,,,,,,36x24 Inches,,,,,,,,AMZ-RUG-B0FF4N6N69-4,0.0,,0,deny,manual,40.90,51.13,true,false,,,,,"",https://cdn.shopify.com/s/files/1/1023/0068/0561/files/e61c918113f6e2ae2181982399a6f84740245cc55c56b61f729a0e551156fd76.jpg?v=1789096652,4,"Bible Verse Doormat with Custom Name, Religious Welcome Mat for Front Door Outdoor 24x16 inches, Thoughtful Gift for Housewarmings, Weddings, Easter, Christmas (Bible Doormat 05)",,,,,,,,,,,,,,,,,,,,lb,,,
personalized-rustic-deer-antler-monogram-doormat,,,,,,,,,,,,,,,,,,,,,,,,,,,,,,,"",https://cdn.shopify.com/s/files/1/1023/0068/0561/files/37817c90ebea6846cf492a9ab7b582bfafd7d5b2751ed3d41452a0a49afcf09c.jpg?v=1789096651,5,"Bible Verse Doormat with Custom Name, Religious Welcome Mat for Front Door Outdoor 24x16 inches, Thoughtful Gift for Housewarmings, Weddings, Easter, Christmas (Bible Doormat 05)",,,,,,,,,,,,,,,,,,,,,,,
personalized-rustic-deer-antler-monogram-doormat,,,,,,,,,,,,,,,,,,,,,,,,,,,,,,,"",https://cdn.shopify.com/s/files/1/1023/0068/0561/files/29ea5d2dbcd1003f33da74c614e34e60e20ae85a7d700725bf8c44f2901e5804.jpg?v=1789096652,6,"Bible Verse Doormat with Custom Name, Religious Welcome Mat for Front Door Outdoor 24x16 inches, Thoughtful Gift for Housewarmings, Weddings, Easter, Christmas (Bible Doormat 05)",,,,,,,,,,,,,,,,,,,,,,,
personalized-monogrammed-scripture-and-family-name-doormat,Personalized Monogrammed Scripture and Family Name Doormat,"<p>Welcome guests with a personalized Christian doormat, featuring uplifting Bible verses and faith-based designs. This doormat serves as a warm invitation, blending spiritual inspiration with everyday utility. It's an ideal choice for enhancing your home's entryway or as a meaningful gift for believers on various special occasions, creating a welcoming atmosphere at your doorstep.</p><h3>Product Highlights</h3><ul>
<li>Personalize with family name, initial, or custom text alongside a Bible verse</li>
<li>Features inspirational scripture-based designs</li>
<li>Soft, lightweight, and comfortable underfoot</li>
<li>Offers durability and a soft landing</li>
<li>Easy to clean and maintain</li>
</ul><h3>Specifications</h3><table border=""1"" cellpadding=""6"" style=""border-collapse:collapse;width:100%"">
<tr>
<th align=""left"" width=""35%"">Attribute</th>
<th align=""left"">Value</th>
</tr>
<tr>
<td>Rug Form</td>
<td>Doormat</td>
</tr>
<tr>
<td>Item Shape</td>
<td>Rectangular</td>
</tr>
<tr>
<td>Weave Type</td>
<td>Flat Woven</td>
</tr>
<tr>
<td>Pile Height</td>
<td>Low Pile</td>
</tr>
<tr>
<td>Construction Type</td>
<td>Machine Made</td>
</tr>
<tr>
<td>Indoor/Outdoor Usage</td>
<td>Both</td>
</tr>
<tr>
<td>Water Resistance</td>
<td>Water Resistant</td>
</tr>
<tr>
<td>Pattern</td>
<td>Letter Print</td>
</tr>
<tr>
<td>Theme</td>
<td>Bible Verse</td>
</tr>
<tr>
<td>Style</td>
<td>Traditional</td>
</tr>
<tr>
<td>Personalization</td>
<td>2 text inputs</td>
</tr>
</table><h3>Material &amp; Care</h3><table border=""1"" cellpadding=""6"" style=""border-collapse:collapse;width:100%"">
<tr>
<th align=""left"" width=""35%"">Item</th>
<th align=""left"">Detail</th>
</tr>
<tr>
<td>Material Type</td>
<td>Faux Wool, Polyester Fabric, Memory Stretch Sponge</td>
</tr>
<tr>
<td>Backing Material</td>
<td>Suede</td>
</tr>
<tr>
<td>Product Care Instructions</td>
<td>Spot Clean Only</td>
</tr>
<tr>
<td>Cleaning Method</td>
<td>Gently soak spilled liquid with dry duster cloth or clean stain with water. For solid waste, use hand-held vacuum cleaner, broom, or shake off outdoors. For deeper cleaning, wipe with damp cloth and mild soap, or flush outdoors with garden hose.</td>
</tr>
</table><h3>Where It Works</h3><p>This doormat is perfectly suited for various entryways, including front porches and indoor entrances. Its durable construction allows for versatile placement, making it a thoughtful addition to any home.</p>",CHILLGEN,Services > Building & Construction Services > Outdoor Construction,Rug,"amazon-parent-b0ff4pszpz, Christian, doormat, faith-based, home-decor, personalized, rectangular, rug, traditional",false,Choose Item Size,20x15 Inches,,,,,,,,AMZ-RUG-B0FF4T4QP9-1,0.0,,0,deny,manual,21.90,27.38,true,false,,,,,"",https://cdn.shopify.com/s/files/1/1023/0068/0561/files/85f49bd3fdc7cc5eb32939a8c9b21b30cb7962b8ec438a2fd0af5c63193b6d75.jpg?v=1789096653,1,"Bible Verse Doormat with Custom Name, Religious Welcome Mat for Front Door Outdoor 24x16 inches, Thoughtful Gift for Housewarmings, Weddings, Easter, Christmas (Bible Doormat 03)",false,,"This personalized traditional doormat features uplifting Bible verses, is easy to clean, and suitable for indoor or outdoor entryways.",,,,,,,,,,,,B0FF4PSZPZ,,,,,lb,,,draft
personalized-monogrammed-scripture-and-family-name-doormat,,,,,,,,,24x16 Inches,,,,,,,,AMZ-RUG-B0FF4T4QP9-2,0.0,,0,deny,manual,28.90,36.13,true,false,,,,,"",https://cdn.shopify.com/s/files/1/1023/0068/0561/files/5569ade91f0568f576eeb04e0d0c910e415a99c93238f81da31f62c4f8f3ffa7.jpg?v=1789096653,2,"Bible Verse Doormat with Custom Name, Religious Welcome Mat for Front Door Outdoor 24x16 inches, Thoughtful Gift for Housewarmings, Weddings, Easter, Christmas (Bible Doormat 03)",,,,,,,,,,,,,,,,,,,,lb,,,
personalized-monogrammed-scripture-and-family-name-doormat,,,,,,,,,32x20 Inches,,,,,,,,AMZ-RUG-B0FF4T4QP9-3,0.0,,0,deny,manual,34.90,43.63,true,false,,,,,"",https://cdn.shopify.com/s/files/1/1023/0068/0561/files/a7085cc90fcb909c06df02618fb8cfd2f491a1abceb6383048c0e85c85971b0f.jpg?v=1789096653,3,"Bible Verse Doormat with Custom Name, Religious Welcome Mat for Front Door Outdoor 24x16 inches, Thoughtful Gift for Housewarmings, Weddings, Easter, Christmas (Bible Doormat 03)",,,,,,,,,,,,,,,,,,,,lb,,,
personalized-monogrammed-scripture-and-family-name-doormat,,,,,,,,,36x24 Inches,,,,,,,,AMZ-RUG-B0FF4T4QP9-4,0.0,,0,deny,manual,40.90,51.13,true,false,,,,,"",https://cdn.shopify.com/s/files/1/1023/0068/0561/files/27490d14514a7b3e57c9e1fa639ec18846b700c0a65fda89df71a6d0c041c103.jpg?v=1789096653,4,"Bible Verse Doormat with Custom Name, Religious Welcome Mat for Front Door Outdoor 24x16 inches, Thoughtful Gift for Housewarmings, Weddings, Easter, Christmas (Bible Doormat 03)",,,,,,,,,,,,,,,,,,,,lb,,,
personalized-monogrammed-scripture-and-family-name-doormat,,,,,,,,,,,,,,,,,,,,,,,,,,,,,,,"",https://cdn.shopify.com/s/files/1/1023/0068/0561/files/3da4834de3e8b4011fde623e7a8910d5200f0006a945e5ca254e4f380049fd94.jpg?v=1789096653,5,"Bible Verse Doormat with Custom Name, Religious Welcome Mat for Front Door Outdoor 24x16 inches, Thoughtful Gift for Housewarmings, Weddings, Easter, Christmas (Bible Doormat 03)",,,,,,,,,,,,,,,,,,,,,,,
personalized-monogrammed-scripture-and-family-name-doormat,,,,,,,,,,,,,,,,,,,,,,,,,,,,,,,"",https://cdn.shopify.com/s/files/1/1023/0068/0561/files/0b14dbdc24eb7cb5449e7c03b345c6c90bf0d5aad1773d037f6ab43d6d20fd5c.jpg?v=1789096653,6,"Bible Verse Doormat with Custom Name, Religious Welcome Mat for Front Door Outdoor 24x16 inches, Thoughtful Gift for Housewarmings, Weddings, Easter, Christmas (Bible Doormat 03)",,,,,,,,,,,,,,,,,,,,,,,
personalized-scriptural-initial-with-ornate-frame-doormat,Personalized Scriptural Initial with Ornate Frame Doormat,"<p>This personalized doormat offers a unique way to welcome guests, featuring uplifting Bible verses and scripture-based designs. It combines faith-based aesthetics with practical functionality, making it a thoughtful accent for any entryway. Crafted for comfort and durability, this doormat serves as a beautiful expression of faith at your doorstep.</p><h3>Product Highlights</h3><ul>
<li>Personalize with family name, initial, or custom text alongside Bible verses.</li>
<li>Features inspirational backgrounds with scripture-based designs.</li>
<li>Soft, lightweight, and comfortable underfoot with durable material.</li>
<li>Suitable for both indoor use and covered outdoor areas.</li>
<li>Easy to clean and maintain with simple methods.</li>
</ul><h3>Specifications</h3><table border=""1"" cellpadding=""6"" style=""border-collapse:collapse;width:100%"">
<tr>
<th align=""left"" width=""35%"">Attribute</th>
<th align=""left"">Value</th>
</tr>
<tr>
<td>Rug Form</td>
<td>Doormat</td>
</tr>
<tr>
<td>Item Shape</td>
<td>Rectangular</td>
</tr>
<tr>
<td>Weave Type</td>
<td>Flat Woven</td>
</tr>
<tr>
<td>Pile Height</td>
<td>Low Pile</td>
</tr>
<tr>
<td>Construction Type</td>
<td>Machine Made</td>
</tr>
<tr>
<td>Indoor/Outdoor Usage</td>
<td>Both</td>
</tr>
<tr>
<td>Pattern</td>
<td>Letter Print</td>
</tr>
<tr>
<td>Theme</td>
<td>Bible Doormat 01</td>
</tr>
<tr>
<td>Style</td>
<td>Traditional</td>
</tr>
<tr>
<td>Number of Pieces</td>
<td>1</td>
</tr>
<tr>
<td>Water Resistance</td>
<td>Water Resistant</td>
</tr>
</table><h3>Material &amp; Care</h3><table border=""1"" cellpadding=""6"" style=""border-collapse:collapse;width:100%"">
<tr>
<th align=""left"" width=""35%"">Item</th>
<th align=""left"">Detail</th>
</tr>
<tr>
<td>Material Type</td>
<td>Faux Wool, Polyester Fabric, Memory Stretch Sponge</td>
</tr>
<tr>
<td>Backing Material</td>
<td>Suede</td>
</tr>
<tr>
<td>Care Instructions</td>
<td>Spot Clean Only</td>
</tr>
<tr>
<td>Cleaning Method</td>
<td>For spilled liquid, gently soak up with a dry duster cloth or clean with water. For solid waste, use a hand-held vacuum cleaner, sweep with a broom, or shake off outdoors. For deeper cleaning, wipe with a damp cloth and mild soap, or flush outdoors with a garden hose.</td>
</tr>
</table><h3>Where It Works</h3><p>This doormat is ideal for entrances, front porches, or entryways, providing a warm welcome to guests. It can be used both indoors and outside covered doorways, adding a personal and faith-inspired touch to your home decor.</p>",CHILLGEN,Services > Home Improvement Services > Outdoor Services,Rug,"amazon-parent-b0ff4pszpz, Christian, doormat, faith-based, home-decor, personalized, rectangular, rug, traditional",false,Choose Item Size,20x15 Inches,,,,,,,,AMZ-RUG-B0FY5MR2T3-1,0.0,,0,deny,manual,21.90,27.38,true,false,,,,,"",https://cdn.shopify.com/s/files/1/1023/0068/0561/files/8b701fc5f2f86abcc05a511ec5c1c1d9025b360a7cbb1465443b266ae3d70f91.jpg?v=1789096655,1,"Personalized Christian Entrance Doormat, As for Me and My House We Will Serve The Lord Doormat, Bible Verse Floor Mat, Thoughtful Gift for Housewarmings, Christmas",false,,"This personalized traditional doormat, made from faux wool and polyester fabric, offers a faith-based welcome for any entryway.",,,,,,,,,,,,B0FF4PSZPZ,,,,,lb,,,draft
personalized-scriptural-initial-with-ornate-frame-doormat,,,,,,,,,24x16 Inches,,,,,,,,AMZ-RUG-B0FY5MR2T3-2,0.0,,0,deny,manual,28.90,36.13,true,false,,,,,"",https://cdn.shopify.com/s/files/1/1023/0068/0561/files/a7af32eca94e0a1579cccc3d1a133f16c669f1b4b8d666167a0d50d3d65b8217.jpg?v=1789096655,2,"Personalized Christian Entrance Doormat, As for Me and My House We Will Serve The Lord Doormat, Bible Verse Floor Mat, Thoughtful Gift for Housewarmings, Christmas",,,,,,,,,,,,,,,,,,,,lb,,,
personalized-scriptural-initial-with-ornate-frame-doormat,,,,,,,,,32x20 Inches,,,,,,,,AMZ-RUG-B0FY5MR2T3-3,0.0,,0,deny,manual,34.90,43.63,true,false,,,,,"",https://cdn.shopify.com/s/files/1/1023/0068/0561/files/a96238b294611e18fb7e45204cf3043f8ff81e5f6f36f6b1a366c8798f866671.jpg?v=1789096655,3,"Personalized Christian Entrance Doormat, As for Me and My House We Will Serve The Lord Doormat, Bible Verse Floor Mat, Thoughtful Gift for Housewarmings, Christmas",,,,,,,,,,,,,,,,,,,,lb,,,
personalized-scriptural-initial-with-ornate-frame-doormat,,,,,,,,,36x24 Inches,,,,,,,,AMZ-RUG-B0FY5MR2T3-4,0.0,,0,deny,manual,40.90,51.13,true,false,,,,,"",https://cdn.shopify.com/s/files/1/1023/0068/0561/files/61d9206865d2b3be1a1a04af1ec33f58f71c272aeff608c182804048d95808f2.jpg?v=1789096655,4,"Personalized Christian Entrance Doormat, As for Me and My House We Will Serve The Lord Doormat, Bible Verse Floor Mat, Thoughtful Gift for Housewarmings, Christmas",,,,,,,,,,,,,,,,,,,,lb,,,
personalized-scriptural-initial-with-ornate-frame-doormat,,,,,,,,,,,,,,,,,,,,,,,,,,,,,,,"",https://cdn.shopify.com/s/files/1/1023/0068/0561/files/f4dc8da356a731e1d8bd2c62b0f803350983c0738bf3afa9acf650665fc418a2.jpg?v=1789096655,5,"Personalized Christian Entrance Doormat, As for Me and My House We Will Serve The Lord Doormat, Bible Verse Floor Mat, Thoughtful Gift for Housewarmings, Christmas",,,,,,,,,,,,,,,,,,,,,,,
personalized-scriptural-initial-with-ornate-frame-doormat,,,,,,,,,,,,,,,,,,,,,,,,,,,,,,,"",https://cdn.shopify.com/s/files/1/1023/0068/0561/files/058ad32fa8cefe7f6fa41b0f21ea0b57e76fdc5997b725b08f18fae481fa96c8.jpg?v=1789096655,6,"Personalized Christian Entrance Doormat, As for Me and My House We Will Serve The Lord Doormat, Bible Verse Floor Mat, Thoughtful Gift for Housewarmings, Christmas",,,,,,,,,,,,,,,,,,,,,,,
personalized-gold-scriptural-monogram-doormat,Personalized Gold Scriptural Monogram Doormat,"<p>This personalized doormat offers a warm welcome, blending functional home decor with spiritual expression. Featuring uplifting Bible verses and customizable text, it serves as a daily reminder of faith and values. Designed for both indoor and covered outdoor use, this doormat adds a meaningful touch to any entryway.</p><h3>Product Highlights</h3><ul>
<li>Personalizable with family name, initial, or custom text</li>
<li>Features inspirational scripture-based designs</li>
<li>Soft, lightweight, and comfortable underfoot</li>
<li>Durable for both indoor and covered outdoor placement</li>
<li>Easy to clean and maintain with simple methods</li>
</ul><h3>Specifications</h3><table border=""1"" cellpadding=""6"" style=""border-collapse:collapse;width:100%"">
<tr>
<th align=""left"" width=""35%"">Attribute</th>
<th align=""left"">Value</th>
</tr>
<tr>
<td>Rug Form</td>
<td>Doormat</td>
</tr>
<tr>
<td>Item Shape</td>
<td>Rectangular</td>
</tr>
<tr>
<td>Weave Type</td>
<td>Flat Woven</td>
</tr>
<tr>
<td>Pile Height</td>
<td>Low Pile</td>
</tr>
<tr>
<td>Construction Type</td>
<td>Machine Made</td>
</tr>
<tr>
<td>Indoor/Outdoor Usage</td>
<td>Both</td>
</tr>
<tr>
<td>Water Resistance</td>
<td>Water Resistant</td>
</tr>
<tr>
<td>Pattern</td>
<td>Letter Print</td>
</tr>
<tr>
<td>Style</td>
<td>Traditional</td>
</tr>
<tr>
<td>Number of Pieces</td>
<td>2 text inputs</td>
</tr>
</table><h3>Material &amp; Care</h3><table border=""1"" cellpadding=""6"" style=""border-collapse:collapse;width:100%"">
<tr>
<th align=""left"" width=""35%"">Item</th>
<th align=""left"">Detail</th>
</tr>
<tr>
<td>Material Type</td>
<td>Faux Wool, Polyester fabric, Memory stretch sponge</td>
</tr>
<tr>
<td>Backing Material</td>
<td>Suede</td>
</tr>
<tr>
<td>Care Instructions</td>
<td>Spot Clean Only</td>
</tr>
<tr>
<td>Cleaning Method</td>
<td>Gently soak with dry duster cloth, clean stain with water, use hand-held vacuum cleaner, sweep with broom, shake off outdoors, wipe with damp cloth and mild soap, flush with garden hose</td>
</tr>
</table><h3>Where It Works</h3><p>This versatile doormat is suitable for entrances, front porches, and entryways, making it an ideal accent for welcoming guests. Its durable yet soft construction makes it perfect for adding a personalized and faith-inspired touch to various home settings.</p>",CHILLGEN,Services > Home Improvement Services > Outdoor Services,Rug,"amazon-parent-b0ff4pszpz, Christian, doormat, faith-based, home-decor, personalized, rectangular, rug, traditional",false,Choose Item Size,20x15 Inches,,,,,,,,AMZ-RUG-B0FF4PSZPZ-1,0.0,,0,deny,manual,21.90,27.38,true,false,,,,,"",https://cdn.shopify.com/s/files/1/1023/0068/0561/files/1b2411c9ccd2c269156f9c7aa39e9c4a3d1f932676af91ddc666727fa25162d9.jpg?v=1789096699,1,"Personalized Bible Verse Doormat with Custom Name, As for Me and My House We Will Serve The Lord Doormat, Thoughtful Gift for Housewarmings, Weddings, Easter, Christmas",false,,"This personalized, traditional faux wool doormat with a Christian theme is perfect for indoor or covered outdoor entryways.",,,,,,,,,,,,B0FF4PSZPZ,,,,,lb,,,draft
personalized-gold-scriptural-monogram-doormat,,,,,,,,,24x16 Inches,,,,,,,,AMZ-RUG-B0FF4PSZPZ-2,0.0,,0,deny,manual,28.90,36.13,true,false,,,,,"",https://cdn.shopify.com/s/files/1/1023/0068/0561/files/3e0a9a6ac0504363755dca073bab7df42be53bfc8d1e57467cd217a8397073a4.jpg?v=1789096699,2,"Personalized Bible Verse Doormat with Custom Name, As for Me and My House We Will Serve The Lord Doormat, Thoughtful Gift for Housewarmings, Weddings, Easter, Christmas",,,,,,,,,,,,,,,,,,,,lb,,,
personalized-gold-scriptural-monogram-doormat,,,,,,,,,32x20 Inches,,,,,,,,AMZ-RUG-B0FF4PSZPZ-3,0.0,,0,deny,manual,34.90,43.63,true,false,,,,,"",https://cdn.shopify.com/s/files/1/1023/0068/0561/files/c2c9c9310c30c73d4618c50ea54f26525fe111d0a02bdfc73416dd8b893c048a.jpg?v=1789096699,3,"Personalized Bible Verse Doormat with Custom Name, As for Me and My House We Will Serve The Lord Doormat, Thoughtful Gift for Housewarmings, Weddings, Easter, Christmas",,,,,,,,,,,,,,,,,,,,lb,,,
personalized-gold-scriptural-monogram-doormat,,,,,,,,,36x24 Inches,,,,,,,,AMZ-RUG-B0FF4PSZPZ-4,0.0,,0,deny,manual,40.90,51.13,true,false,,,,,"",https://cdn.shopify.com/s/files/1/1023/0068/0561/files/7ccb68d13d4e22c43bd6be3598fb21b792ac58836695e9a0555b8e77d34ef80e.jpg?v=1789096699,4,"Personalized Bible Verse Doormat with Custom Name, As for Me and My House We Will Serve The Lord Doormat, Thoughtful Gift for Housewarmings, Weddings, Easter, Christmas",,,,,,,,,,,,,,,,,,,,lb,,,
personalized-gold-scriptural-monogram-doormat,,,,,,,,,,,,,,,,,,,,,,,,,,,,,,,"",https://cdn.shopify.com/s/files/1/1023/0068/0561/files/02b501400771ac1455033f63973691836eec31b8db711cca88b2192efff78ec8.jpg?v=1789096699,5,"Personalized Bible Verse Doormat with Custom Name, As for Me and My House We Will Serve The Lord Doormat, Thoughtful Gift for Housewarmings, Weddings, Easter, Christmas",,,,,,,,,,,,,,,,,,,,,,,
personalized-gold-scriptural-monogram-doormat,,,,,,,,,,,,,,,,,,,,,,,,,,,,,,,"",https://cdn.shopify.com/s/files/1/1023/0068/0561/files/a922e471e88f2924ec3e5dc80241f27adab3773de4793a13712d5f1f5da9cf15.jpg?v=1789096699,6,"Personalized Bible Verse Doormat with Custom Name, As for Me and My House We Will Serve The Lord Doormat, Thoughtful Gift for Housewarmings, Weddings, Easter, Christmas",,,,,,,,,,,,,,,,,,,,,,,
personalized-bible-verse-crossword-family-names-doormat,Personalized Bible Verse Crossword Family Names Doormat,"<p>This personalized Christian welcome mat features uplifting messages and faith-filled designs, creating a warm and spiritually enriching entryway to your home. It can be customized with your desired text, making it a unique gift for friends or family. This versatile doormat is suitable for both indoor and outdoor use, adding a personal and blessed touch to any space.</p><h3>Product Highlights</h3><ul>
<li>Features uplifting Christian messages and faith-filled designs.</li>
<li>Offers customization to add your desired text.</li>
<li>Soft to the touch on bare feet.</li>
<li>Equipped with a non-slip backing and is washable for easy care.</li>
<li>Highly versatile for various indoor and outdoor placements.</li>
</ul><h3>Specifications</h3><table border=""1"" cellpadding=""6"" style=""border-collapse:collapse;width:100%"">
<tr>
<th align=""left"" width=""35%"">Attribute</th>
<th align=""left"">Value</th>
</tr>
<tr>
<td>Rug Form</td>
<td>Doormat</td>
</tr>
<tr>
<td>Item Shape</td>
<td>Rectangular</td>
</tr>
<tr>
<td>Weave Type</td>
<td>Sponge - Memory Foam</td>
</tr>
<tr>
<td>Pile Height</td>
<td>Low Pile</td>
</tr>
<tr>
<td>Construction Type</td>
<td>Machine Made</td>
</tr>
<tr>
<td>Indoor/Outdoor Usage</td>
<td>Both</td>
</tr>
<tr>
<td>Room Type</td>
<td>Multiple</td>
</tr>
<tr>
<td>Water Resistance</td>
<td>Water Resistant</td>
</tr>
<tr>
<td>Special Features</td>
<td>Washable</td>
</tr>
<tr>
<td>Pattern</td>
<td>Bible</td>
</tr>
<tr>
<td>Theme</td>
<td>customized prayer mat with name</td>
</tr>
<tr>
<td>Style</td>
<td>Christian, Jesus, Bible</td>
</tr>
<tr>
<td>Number of Pieces</td>
<td>1</td>
</tr>
</table><h3>Material &amp; Care</h3><table border=""1"" cellpadding=""6"" style=""border-collapse:collapse;width:100%"">
<tr>
<th align=""left"" width=""35%"">Item</th>
<th align=""left"">Detail</th>
</tr>
<tr>
<td>Material Type</td>
<td>Memory Foam</td>
</tr>
<tr>
<td>Backing Material</td>
<td>Rubber</td>
</tr>
<tr>
<td>Surface/Feel</td>
<td>Soft touching on bare feet</td>
</tr>
<tr>
<td>Care Instructions</td>
<td>Do not bleach and let air dry. Hose or sponge clean with water and mild liquid soap for the best use.</td>
</tr>
<tr>
<td>Cleaning Method</td>
<td>Machine Wash</td>
</tr>
</table><h3>Where It Works</h3><p>This versatile doormat is suitable for various locations, including entryways, bedrooms, bathrooms, and living rooms. Its durable design allows for both indoor and outdoor placement, making it a welcoming addition to any home.</p>",CHILLGEN,Home & Garden > Decor > Door Mats,Rug,"amazon-parent-b0fjrv8vwd, bible, christian, doormat, home-decor, indoor-outdoor, personalized, rectangular, rug",false,Custom Product Size,20x14 Inches-Mini size,,,,,,,,AMZ-RUG-B0FJRV483Z-1,0.0,,0,deny,manual,21.90,29.20,true,false,,,,,"",https://cdn.shopify.com/s/files/1/1023/0068/0561/files/8b75febfc56c60afeea7eb13223efa48a59c75051ff744c6c334f4b4cc0d3a77.jpg?v=1789097812,1,"Personalized Christian Welcome Mat, As for me and My House We Will Serve The Lord Doormat, Religious Prayers Thought Door Mat Outdoor Indoor Print with Family Name, Entryway Decor (Puzzle)",false,,"This Christian-style personalized doormat, made from memory foam, features a non-slip backing and is suitable for indoor/outdoor use.",2675,,,,,,,,,,,B0FJRV8VWD,,,,,lb,,,draft
personalized-bible-verse-crossword-family-names-doormat,,,,,,,,,24x16 Inches (40x60 cm),,,,,,,,AMZ-RUG-B0FJRV483Z-2,0.0,,0,deny,manual,25.90,34.53,true,false,,,,,"",https://cdn.shopify.com/s/files/1/1023/0068/0561/files/8f920aa27f4dc4de925778d6ff5a351201909cc42b5a3130d13c13485cfceed2.jpg?v=1789097812,2,"Personalized Christian Welcome Mat, As for me and My House We Will Serve The Lord Doormat, Religious Prayers Thought Door Mat Outdoor Indoor Print with Family Name, Entryway Decor (Puzzle)",,,,,,,,,,,,,,,,,,,,lb,,,
personalized-bible-verse-crossword-family-names-doormat,,,,,,,,,32x20 Inches (50x80 cm),,,,,,,,AMZ-RUG-B0FJRV483Z-3,0.0,,0,deny,manual,27.90,37.20,true,false,,,,,"",https://cdn.shopify.com/s/files/1/1023/0068/0561/files/dc167301b42991f34326788da7514edec298df655fb207c567e312385abcbc52.jpg?v=1789097812,3,"Personalized Christian Welcome Mat, As for me and My House We Will Serve The Lord Doormat, Religious Prayers Thought Door Mat Outdoor Indoor Print with Family Name, Entryway Decor (Puzzle)",,,,,,,,,,,,,,,,,,,,lb,,,
personalized-bible-verse-crossword-family-names-doormat,,,,,,,,,36x24 Inches (60x90cm),,,,,,,,AMZ-RUG-B0FJRV483Z-4,0.0,,0,deny,manual,33.90,45.20,true,false,,,,,"",https://cdn.shopify.com/s/files/1/1023/0068/0561/files/71877a9be07ebba7a566607b828eace1a47d273cef01b47214e36ba615bc1d7b.jpg?v=1789097812,4,"Personalized Christian Welcome Mat, As for me and My House We Will Serve The Lord Doormat, Religious Prayers Thought Door Mat Outdoor Indoor Print with Family Name, Entryway Decor (Puzzle)",,,,,,,,,,,,,,,,,,,,lb,,,
personalized-bible-verse-crossword-family-names-doormat,,,,,,,,,,,,,,,,,,,,,,,,,,,,,,,"",https://cdn.shopify.com/s/files/1/1023/0068/0561/files/2e88cbcb6b31e66ced07583cc24b33ffa34aaefda43c48548dd13423f114357e.jpg?v=1789097812,5,"Personalized Christian Welcome Mat, As for me and My House We Will Serve The Lord Doormat, Religious Prayers Thought Door Mat Outdoor Indoor Print with Family Name, Entryway Decor (Puzzle)",,,,,,,,,,,,,,,,,,,,,,,
personalized-bible-verse-crossword-family-names-doormat,,,,,,,,,,,,,,,,,,,,,,,,,,,,,,,"",https://cdn.shopify.com/s/files/1/1023/0068/0561/files/2a86f333bcfacc9b3dd18f0cc0e130095d49af902330c9bd47b4ffede301b8f0.jpg?v=1789097812,6,"Personalized Christian Welcome Mat, As for me and My House We Will Serve The Lord Doormat, Religious Prayers Thought Door Mat Outdoor Indoor Print with Family Name, Entryway Decor (Puzzle)",,,,,,,,,,,,,,,,,,,,,,,
personalized-religious-typography-scrollwork-doormat-machine-washable,"Personalized Religious Typography Scrollwork Doormat, Machine Washable","<p>This personalized Christian welcome mat offers a unique way to greet guests with uplifting messages and faith-filled designs. It serves as a warm and spiritually enriching entryway to any home, blending thoughtful design with everyday functionality. The doormat is designed to reflect Christian values and adds a personal touch to your decor.</p><h3>Product Highlights</h3><ul>
<li>Features uplifting Christian messages and faith-filled designs.</li>
<li>Customizable with personalized text.</li>
<li>Offers a soft feel for bare feet.</li>
<li>Equipped with a non-slip backing for stability.</li>
<li>Suitable for both indoor and outdoor use.</li>
<li>Helps dry wet feet and trap dirt, dust, and grime.</li>
</ul><h3>Specifications</h3><table border=""1"" cellpadding=""6"" style=""border-collapse:collapse;width:100%"">
<tr>
<th align=""left"" width=""35%"">Attribute</th>
<th align=""left"">Value</th>
</tr>
<tr>
<td>Rug Form</td>
<td>Doormat</td>
</tr>
<tr>
<td>Item Shape</td>
<td>Rectangular</td>
</tr>
<tr>
<td>Weave Type</td>
<td>Sponge - Memory Foam</td>
</tr>
<tr>
<td>Pile Height</td>
<td>Low Pile</td>
</tr>
<tr>
<td>Construction Type</td>
<td>Machine Made</td>
</tr>
<tr>
<td>Indoor/Outdoor Usage</td>
<td>Both</td>
</tr>
<tr>
<td>Room Type</td>
<td>Multiple</td>
</tr>
<tr>
<td>Water Resistance</td>
<td>Water Resistant</td>
</tr>
<tr>
<td>Special Features</td>
<td>Washable</td>
</tr>
<tr>
<td>Pattern</td>
<td>Bible</td>
</tr>
<tr>
<td>Theme</td>
<td>customized prayer mat with name</td>
</tr>
<tr>
<td>Style</td>
<td>Christian, Jesus, Bible</td>
</tr>
<tr>
<td>Number of Pieces</td>
<td>1</td>
</tr>
</table><h3>Material &amp; Care</h3><table border=""1"" cellpadding=""6"" style=""border-collapse:collapse;width:100%"">
<tr>
<th align=""left"" width=""35%"">Item</th>
<th align=""left"">Detail</th>
</tr>
<tr>
<td>Material Type</td>
<td>Memory Foam</td>
</tr>
<tr>
<td>Backing Material</td>
<td>Rubber</td>
</tr>
<tr>
<td>Surface/Feel</td>
<td>Soft touching on bare feet</td>
</tr>
<tr>
<td>Care Instructions</td>
<td>Do not bleach, air dry</td>
</tr>
<tr>
<td>Cleaning Method</td>
<td>Machine Wash; Hose or sponge clean with water and mild liquid soap</td>
</tr>
</table><h3>Where It Works</h3><p>This versatile doormat is ideal for placement at your front door to welcome guests or in various rooms such as the bedroom, bathroom, or living room. Its design and features make it suitable for both indoor and outdoor settings, adding a blessed vibe and personal touch to your home.</p>",CHILLGEN,Home & Garden > Decor > Door Mats,Rug,"amazon-parent-b0fjrv8vwd, Christian, doormat, home-decor, indoor-outdoor, personalized, rectangular, religious, rug",false,Custom Product Size,20x14 Inches (Mini size),,,,,,,,AMZ-RUG-B0FJRST6RH-1,0.0,,0,deny,manual,21.90,29.20,true,false,,,,,"",https://cdn.shopify.com/s/files/1/1023/0068/0561/files/2fa19b9f6dbe8dabe026a096d75bf83825c851d689b90b5d2297adc04707aebc.jpg?v=1789097812,1,"Personalized Christian Welcome Mat, As for me and My House We Will Serve The Lord Doormat, Religious Prayers Thought Door Mat Outdoor Indoor Print with Family Name, Entryway Decor (Covered)",false,,"This personalized Christian style doormat, made with Memory Foam, features a non-slip backing and is suitable for both indoor and outdoor use.",2675,,,,,,,,,,,B0FJRV8VWD,,,,,lb,,,draft
personalized-religious-typography-scrollwork-doormat-machine-washable,,,,,,,,,24x16 Inches (40x60 cm),,,,,,,,AMZ-RUG-B0FJRST6RH-2,0.0,,0,deny,manual,25.90,34.53,true,false,,,,,"",https://cdn.shopify.com/s/files/1/1023/0068/0561/files/c3989dffe925ca6eacacd160a593c3200ab1b7a74c226c7035f1d4ce201da081.jpg?v=1789097812,2,"Personalized Christian Welcome Mat, As for me and My House We Will Serve The Lord Doormat, Religious Prayers Thought Door Mat Outdoor Indoor Print with Family Name, Entryway Decor (Covered)",,,,,,,,,,,,,,,,,,,,lb,,,
personalized-religious-typography-scrollwork-doormat-machine-washable,,,,,,,,,32x20 Inches (50x80 cm),,,,,,,,AMZ-RUG-B0FJRST6RH-3,0.0,,0,deny,manual,27.90,37.20,true,false,,,,,"",https://cdn.shopify.com/s/files/1/1023/0068/0561/files/9ea8b283c5d5077e2324bb7a49babd7f1bde83a8891aec1e332084b2c11e6f7a.jpg?v=1789097812,3,"Personalized Christian Welcome Mat, As for me and My House We Will Serve The Lord Doormat, Religious Prayers Thought Door Mat Outdoor Indoor Print with Family Name, Entryway Decor (Covered)",,,,,,,,,,,,,,,,,,,,lb,,,
personalized-religious-typography-scrollwork-doormat-machine-washable,,,,,,,,,36x24 Inches (60x90cm),,,,,,,,AMZ-RUG-B0FJRST6RH-4,0.0,,0,deny,manual,33.90,45.20,true,false,,,,,"",https://cdn.shopify.com/s/files/1/1023/0068/0561/files/2b4608012ec91a74774979f83559befa09f40f40a7e7f5fb19a80cdc48633e3b.jpg?v=1789097812,4,"Personalized Christian Welcome Mat, As for me and My House We Will Serve The Lord Doormat, Religious Prayers Thought Door Mat Outdoor Indoor Print with Family Name, Entryway Decor (Covered)",,,,,,,,,,,,,,,,,,,,lb,,,
personalized-religious-typography-scrollwork-doormat-machine-washable,,,,,,,,,,,,,,,,,,,,,,,,,,,,,,,"",https://cdn.shopify.com/s/files/1/1023/0068/0561/files/57e088468f4f1201b0301ed136ee70d012b936cf688572b1e37931450ecfb22b.jpg?v=1789097812,5,"Personalized Christian Welcome Mat, As for me and My House We Will Serve The Lord Doormat, Religious Prayers Thought Door Mat Outdoor Indoor Print with Family Name, Entryway Decor (Covered)",,,,,,,,,,,,,,,,,,,,,,,
personalized-religious-typography-scrollwork-doormat-machine-washable,,,,,,,,,,,,,,,,,,,,,,,,,,,,,,,"",https://cdn.shopify.com/s/files/1/1023/0068/0561/files/88e2dd846473fd5900dda941e1d3937bb73d4a564483834d5d727c3a812b10df.jpg?v=1789097812,6,"Personalized Christian Welcome Mat, As for me and My House We Will Serve The Lord Doormat, Religious Prayers Thought Door Mat Outdoor Indoor Print with Family Name, Entryway Decor (Covered)",,,,,,,,,,,,,,,,,,,,,,,
personalized-christian-family-name-doormat-machine-washable,"Personalized Christian Family Name Doormat, Machine Washable","<p>This welcome mat features uplifting Christian messages and designs, creating a warm and spiritually enriching entryway for your home. It serves as a thoughtful gift for various occasions and is designed to reflect Christian values. This versatile doormat is suitable for both indoor and outdoor use, adding a personal and blessed touch to any space.</p><h3>Product Highlights</h3><ul>
<li>Features faith-filled Christian designs and uplifting messages.</li>
<li>Offers customization for a unique and personalized touch.</li>
<li>Provides soft comfort underfoot with a durable non-woven fabric top.</li>
<li>Equipped with a non-slip backing to keep floors clean and dry.</li>
<li>Highly versatile for use in various indoor and outdoor settings.</li>
<li>Easy to clean with simple washing instructions.</li>
</ul><h3>Specifications</h3><table border=""1"" cellpadding=""6"" style=""border-collapse:collapse;width:100%"">
<tr>
<th align=""left"" width=""35%"">Attribute</th>
<th align=""left"">Value</th>
</tr>
<tr>
<td>Rug Form</td>
<td>Doormat</td>
</tr>
<tr>
<td>Item Shape</td>
<td>Rectangular</td>
</tr>
<tr>
<td>Weave Type</td>
<td>Sponge - Memory Foam</td>
</tr>
<tr>
<td>Pile Height</td>
<td>Low Pile</td>
</tr>
<tr>
<td>Construction Type</td>
<td>Machine Made</td>
</tr>
<tr>
<td>Indoor/Outdoor Usage</td>
<td>Both</td>
</tr>
<tr>
<td>Room Type</td>
<td>Multiple</td>
</tr>
<tr>
<td>Water Resistance</td>
<td>Water Resistant</td>
</tr>
<tr>
<td>Special Features</td>
<td>Washable</td>
</tr>
<tr>
<td>Pattern</td>
<td>Bible</td>
</tr>
<tr>
<td>Theme</td>
<td>customized prayer mat with name</td>
</tr>
<tr>
<td>Style</td>
<td>Christian, Jesus, Bible</td>
</tr>
<tr>
<td>Number of Pieces</td>
<td>1</td>
</tr>
</table><h3>Material &amp; Care</h3><table border=""1"" cellpadding=""6"" style=""border-collapse:collapse;width:100%"">
<tr>
<th align=""left"" width=""35%"">Item</th>
<th align=""left"">Detail</th>
</tr>
<tr>
<td>Material Type</td>
<td>Memory Foam</td>
</tr>
<tr>
<td>Backing Material</td>
<td>Rubber</td>
</tr>
<tr>
<td>Care Instructions</td>
<td>Machine Wash</td>
</tr>
<tr>
<td>Cleaning Method</td>
<td>Hose or sponge clean with water and mild liquid soap; do not bleach; air dry</td>
</tr>
</table><h3>Where It Works</h3><p>This doormat is suitable for placement in various rooms such as the bedroom, bathroom, and living room. It is also ideal for use in front of the house, serving as a welcoming accent for both indoor and outdoor entryways.</p>",CHILLGEN,Home & Garden > Decor > Door Mats,Rug,"amazon-parent-b0fjrv8vwd, Christian, doormat, home-decor, indoor, outdoor, personalized, rectangular, rug",false,Custom Product Size,20x14 Inches (Mini size),,,,,,,,AMZ-RUG-B0FJRZP9GB-1,0.0,,0,deny,manual,21.90,29.20,true,false,,,,,"",https://cdn.shopify.com/s/files/1/1023/0068/0561/files/f9f207b37b25c0b8ed476c84125ec1bd94b33f2797dfe0cf2530c65472c336b5.jpg?v=1789097857,1,"Personalized Christian Welcome Mat, As for me and My House We Will Serve The Lord Doormat, Religious Prayers Thought Door Mat Outdoor Indoor Print with Family Name, Entryway Decor (Sweet Home)",false,,This Christian-themed doormat offers a non-slip backing and is perfect for both indoor and outdoor entryways.,2675,,,,,,,,,,,B0FJRV8VWD,,,,,lb,,,draft
personalized-christian-family-name-doormat-machine-washable,,,,,,,,,24x16 Inches (40x60 cm),,,,,,,,AMZ-RUG-B0FJRZP9GB-2,0.0,,0,deny,manual,25.90,34.53,true,false,,,,,"",https://cdn.shopify.com/s/files/1/1023/0068/0561/files/3c968dabf233e829c2d94e1ddb5961ee321341e714cf3406a48cf0f41db9bd1d.jpg?v=1789097857,2,"Personalized Christian Welcome Mat, As for me and My House We Will Serve The Lord Doormat, Religious Prayers Thought Door Mat Outdoor Indoor Print with Family Name, Entryway Decor (Sweet Home)",,,,,,,,,,,,,,,,,,,,lb,,,
personalized-christian-family-name-doormat-machine-washable,,,,,,,,,32x20 Inches (50x80 cm),,,,,,,,AMZ-RUG-B0FJRZP9GB-3,0.0,,0,deny,manual,27.90,37.20,true,false,,,,,"",https://cdn.shopify.com/s/files/1/1023/0068/0561/files/2135ae49cf14056b838e865ff64d1709ebe595560c6701d153c2ac025ee59ab1.jpg?v=1789097856,3,"Personalized Christian Welcome Mat, As for me and My House We Will Serve The Lord Doormat, Religious Prayers Thought Door Mat Outdoor Indoor Print with Family Name, Entryway Decor (Sweet Home)",,,,,,,,,,,,,,,,,,,,lb,,,
personalized-christian-family-name-doormat-machine-washable,,,,,,,,,36x24 Inches (60x90cm),,,,,,,,AMZ-RUG-B0FJRZP9GB-4,0.0,,0,deny,manual,33.90,45.20,true,false,,,,,"",https://cdn.shopify.com/s/files/1/1023/0068/0561/files/aa25a289e5f17cc9bd993d1a7dfec72bfda98cefad79321463a02625c6ca2fc2.jpg?v=1789097857,4,"Personalized Christian Welcome Mat, As for me and My House We Will Serve The Lord Doormat, Religious Prayers Thought Door Mat Outdoor Indoor Print with Family Name, Entryway Decor (Sweet Home)",,,,,,,,,,,,,,,,,,,,lb,,,
personalized-christian-family-name-doormat-machine-washable,,,,,,,,,,,,,,,,,,,,,,,,,,,,,,,"",https://cdn.shopify.com/s/files/1/1023/0068/0561/files/2d8facef8f5afad0a1a9842c05b9cb620664aba0800fc63e2df0bb7acd90fd23.jpg?v=1789097857,5,"Personalized Christian Welcome Mat, As for me and My House We Will Serve The Lord Doormat, Religious Prayers Thought Door Mat Outdoor Indoor Print with Family Name, Entryway Decor (Sweet Home)",,,,,,,,,,,,,,,,,,,,,,,
personalized-christian-family-name-doormat-machine-washable,,,,,,,,,,,,,,,,,,,,,,,,,,,,,,,"",https://cdn.shopify.com/s/files/1/1023/0068/0561/files/6bd78454aa493ecbb7ee9070c20b2ad0f00a07e81038cd0b749a4ac191f3b586.jpg?v=1789097856,6,"Personalized Christian Welcome Mat, As for me and My House We Will Serve The Lord Doormat, Religious Prayers Thought Door Mat Outdoor Indoor Print with Family Name, Entryway Decor (Sweet Home)",,,,,,,,,,,,,,,,,,,,,,,
personalized-scripture-quote-with-family-name-doormat,Personalized Scripture Quote with Family Name Doormat,"<p>This Christian welcome mat offers an uplifting message and a faith-filled design, creating a warm and spiritually enriching entryway for your home. It features customization options for a unique personal touch. The doormat is designed for both indoor and outdoor use, providing a versatile home decor solution.</p><h3>Product Highlights</h3><ul>
<li>Features uplifting Christian messages and faith-filled designs</li>
<li>Customizable with personalized text</li>
<li>Soft to the touch on bare feet</li>
<li>Equipped with non-slip backing for stability</li>
<li>Suitable for both indoor and outdoor placement</li>
<li>Helps dry wet feet and capture dirt, dust, and grime</li>
</ul><h3>Specifications</h3><table border=""1"" cellpadding=""6"" style=""border-collapse:collapse;width:100%"">
<tr>
<th align=""left"" width=""35%"">Attribute</th>
<th align=""left"">Value</th>
</tr>
<tr>
<td>Rug Form</td>
<td>Doormat</td>
</tr>
<tr>
<td>Item Shape</td>
<td>Rectangular</td>
</tr>
<tr>
<td>Weave Type</td>
<td>Sponge - Memory Foam</td>
</tr>
<tr>
<td>Pile Height</td>
<td>Low Pile</td>
</tr>
<tr>
<td>Construction Type</td>
<td>Machine Made</td>
</tr>
<tr>
<td>Indoor/Outdoor Usage</td>
<td>Both</td>
</tr>
<tr>
<td>Room Type</td>
<td>Multiple</td>
</tr>
<tr>
<td>Water Resistance</td>
<td>Water Resistant</td>
</tr>
<tr>
<td>Special Features</td>
<td>Washable</td>
</tr>
<tr>
<td>Pattern</td>
<td>Bible</td>
</tr>
<tr>
<td>Theme</td>
<td>customized prayer mat with name</td>
</tr>
<tr>
<td>Style</td>
<td>Christian, Jesus, Bible</td>
</tr>
<tr>
<td>Number of Pieces</td>
<td>1</td>
</tr>
</table><h3>Material &amp; Care</h3><table border=""1"" cellpadding=""6"" style=""border-collapse:collapse;width=100%"">
<tr>
<th align=""left"" width=""35%"">Item</th>
<th align=""left"">Detail</th>
</tr>
<tr>
<td>Material Type</td>
<td>Memory Foam</td>
</tr>
<tr>
<td>Backing Material</td>
<td>Rubber</td>
</tr>
<tr>
<td>Care Instructions</td>
<td>Machine Wash</td>
</tr>
<tr>
<td>Cleaning Method</td>
<td>Hose or sponge clean with water and mild liquid soap</td>
</tr>
</table><h3>Where It Works</h3><p>This versatile doormat is suitable for placement in various locations, including bedrooms, bathrooms, living rooms, and especially at the front entry of your home to add a personal and blessed ambiance for guests.</p>",CHILLGEN,Home & Garden > Decor,Rug,"amazon-parent-b0fjrv8vwd, bible, christian, customizable, doormat, home-decor, rectangular, religious, rug",false,Custom Product Size,20x14 Inches (Mini size),,,,,,,,AMZ-RUG-B0FJRV8VWD-1,0.0,,0,deny,manual,21.90,29.20,true,false,,,,,"",https://cdn.shopify.com/s/files/1/1023/0068/0561/files/c59fe13f2127afb262604ddfdd27d0c366dfd1145be790f6035eb33a0464ef5d.jpg?v=1789097857,1,"Personalized Christian Welcome Mat, As for me and My House We Will Serve The Lord Doormat, Religious Prayers Thought Door Mat Outdoor Indoor Print with Family Name, Entryway Decor (AS for ME)",false,,"Christian doormat with a Bible theme and customizable text, featuring a non-slip rubber backing, ideal for indoor or outdoor entryways.",696,,,,,,,,,,,B0FJRV8VWD,,,,,lb,,,draft
personalized-scripture-quote-with-family-name-doormat,,,,,,,,,24x16 Inches (40x60 cm),,,,,,,,AMZ-RUG-B0FJRV8VWD-2,0.0,,0,deny,manual,25.90,34.53,true,false,,,,,"",https://cdn.shopify.com/s/files/1/1023/0068/0561/files/69b08bd1c7b2e3ab5ea50f6fdec57653d15c8f5a39905f0dfb9041f0c86134b2.jpg?v=1789097857,2,"Personalized Christian Welcome Mat, As for me and My House We Will Serve The Lord Doormat, Religious Prayers Thought Door Mat Outdoor Indoor Print with Family Name, Entryway Decor (AS for ME)",,,,,,,,,,,,,,,,,,,,lb,,,
personalized-scripture-quote-with-family-name-doormat,,,,,,,,,32x20 Inches (50x80 cm),,,,,,,,AMZ-RUG-B0FJRV8VWD-3,0.0,,0,deny,manual,27.90,37.20,true,false,,,,,"",https://cdn.shopify.com/s/files/1/1023/0068/0561/files/c4f14a9ba33ad1e89af00cc228bb6ac5d534a7cbe6c1956b47c8fbdfb84dc694.jpg?v=1789097857,3,"Personalized Christian Welcome Mat, As for me and My House We Will Serve The Lord Doormat, Religious Prayers Thought Door Mat Outdoor Indoor Print with Family Name, Entryway Decor (AS for ME)",,,,,,,,,,,,,,,,,,,,lb,,,
personalized-scripture-quote-with-family-name-doormat,,,,,,,,,36x24 Inches (60x90cm),,,,,,,,AMZ-RUG-B0FJRV8VWD-4,0.0,,0,deny,manual,33.90,45.20,true,false,,,,,"",https://cdn.shopify.com/s/files/1/1023/0068/0561/files/9eadb3f085feb214e7adfee72a5bab059d8ea768bf89aa893ed90f8e423a605f.jpg?v=1789097857,4,"Personalized Christian Welcome Mat, As for me and My House We Will Serve The Lord Doormat, Religious Prayers Thought Door Mat Outdoor Indoor Print with Family Name, Entryway Decor (AS for ME)",,,,,,,,,,,,,,,,,,,,lb,,,
personalized-scripture-quote-with-family-name-doormat,,,,,,,,,,,,,,,,,,,,,,,,,,,,,,,"",https://cdn.shopify.com/s/files/1/1023/0068/0561/files/f19842ff409426f06576f92e788c13b5882168321f86168f378c47c9bf0512e4.jpg?v=1789097857,5,"Personalized Christian Welcome Mat, As for me and My House We Will Serve The Lord Doormat, Religious Prayers Thought Door Mat Outdoor Indoor Print with Family Name, Entryway Decor (AS for ME)",,,,,,,,,,,,,,,,,,,,,,,
personalized-scripture-quote-with-family-name-doormat,,,,,,,,,,,,,,,,,,,,,,,,,,,,,,,"",https://cdn.shopify.com/s/files/1/1023/0068/0561/files/f747024a73ca233ba72f0f43bfe8d402478a7f2779a142e1188e5ce434f10df5.jpg?v=1789097857,6,"Personalized Christian Welcome Mat, As for me and My House We Will Serve The Lord Doormat, Religious Prayers Thought Door Mat Outdoor Indoor Print with Family Name, Entryway Decor (AS for ME)",,,,,,,,,,,,,,,,,,,,,,,
personalized-distressed-american-flag-cross-doormat-machine-washable,"Personalized Distressed American Flag Cross Doormat, Machine Washable","<p>This Christian welcome doormat offers a warm, spiritually enriching entryway to any home. Featuring uplifting messages and faith-filled designs, it creates a welcoming atmosphere for guests. This versatile doormat also provides a personal touch and a blessed vibe to your space.</p><h3>Product Highlights</h3><ul>
<li>Features Christian-themed designs and uplifting messages</li>
<li>Allows for text customization to create a unique doormat</li>
<li>Soft to the touch for comfort on bare feet</li>
<li>Equipped with a non-slip backing for stability</li>
<li>Suitable for both indoor and outdoor placement</li>
<li>Designed to dry wet feet and capture dirt and grime</li>
</ul><h3>Specifications</h3><table border=""1"" cellpadding=""6"" style=""border-collapse:collapse;width:100%"">
<tr>
<th align=""left"" width=""35%"">Attribute</th>
<th align=""left"">Value</th>
</tr>
<tr>
<td>Rug Form</td>
<td>Doormat</td>
</tr>
<tr>
<td>Item Shape</td>
<td>Rectangular</td>
</tr>
<tr>
<td>Weave Type</td>
<td>Sponge - Memory Foam</td>
</tr>
<tr>
<td>Pile Height</td>
<td>Low Pile</td>
</tr>
<tr>
<td>Construction Type</td>
<td>Machine Made</td>
</tr>
<tr>
<td>Indoor/Outdoor Usage</td>
<td>Both</td>
</tr>
<tr>
<td>Room Type</td>
<td>Multiple</td>
</tr>
<tr>
<td>Water Resistance</td>
<td>Water Resistant</td>
</tr>
<tr>
<td>Special Features</td>
<td>Washable</td>
</tr>
<tr>
<td>Pattern</td>
<td>Bible</td>
</tr>
<tr>
<td>Theme</td>
<td>customized prayer mat with name</td>
</tr>
<tr>
<td>Style</td>
<td>Christian, Jesus, Bible</td>
</tr>
<tr>
<td>Number of Pieces</td>
<td>1</td>
</tr>
</table><h3>Material &amp; Care</h3><table border=""1"" cellpadding=""6"" style=""border-collapse:collapse;width:100%"">
<tr>
<th align=""left"" width=""35%"">Item</th>
<th align=""left"">Detail</th>
</tr>
<tr>
<td>Material Type</td>
<td>Memory Foam</td>
</tr>
<tr>
<td>Backing Material</td>
<td>Rubber</td>
</tr>
<tr>
<td>Surface/Feel</td>
<td>Soft touching on bare feet</td>
</tr>
<tr>
<td>Care Instructions</td>
<td>Do not bleach and let air dry</td>
</tr>
<tr>
<td>Cleaning Method</td>
<td>Machine Wash, Hose or sponge clean with water and mild liquid soap</td>
</tr>
</table><h3>Where It Works</h3><p>This doormat is highly versatile, making it suitable for various spaces. It can be placed in bedrooms, bathrooms, and living rooms, or used as an entryway accent for both indoor and outdoor settings.</p>",CHILLGEN,Home & Garden > Decor > Door Mats,Rug,"amazon-parent-b0fjrv8vwd, Christian, doormat, home-decor, indoor-outdoor, personalized, rectangular, religious, rug",false,Custom Product Size,20x14 Inches (Mini size),,,,,,,,AMZ-RUG-B0FJRS7D7X-1,0.0,,0,deny,manual,21.90,29.20,true,false,,,,,"",https://cdn.shopify.com/s/files/1/1023/0068/0561/files/d468f0ad599a1a6914274ac29c4fdfee66e5a87baca30447d4ed5dab34642cea.jpg?v=1789097860,1,"Personalized Christian Welcome Mat, As for me and My House We Will Serve The Lord Doormat, Religious Prayers Thought Door Mat Outdoor Indoor Print with Family Name, Entryway Decor (Blessed)",false,,"This Christian-style memory foam doormat is washable and versatile for both indoor and outdoor use, adding a blessed vibe.",2675,,,,,,,,,,,B0FJRV8VWD,,,,,lb,,,draft
personalized-distressed-american-flag-cross-doormat-machine-washable,,,,,,,,,24x16 Inches (40x60 cm),,,,,,,,AMZ-RUG-B0FJRS7D7X-2,0.0,,0,deny,manual,25.90,34.53,true,false,,,,,"",https://cdn.shopify.com/s/files/1/1023/0068/0561/files/c70b3093bb70940f8291e202f28a0517773642f0102bdaaa4b95deebf3d6cc2c.jpg?v=1789097860,2,"Personalized Christian Welcome Mat, As for me and My House We Will Serve The Lord Doormat, Religious Prayers Thought Door Mat Outdoor Indoor Print with Family Name, Entryway Decor (Blessed)",,,,,,,,,,,,,,,,,,,,lb,,,
personalized-distressed-american-flag-cross-doormat-machine-washable,,,,,,,,,32x20 Inches (50x80 cm),,,,,,,,AMZ-RUG-B0FJRS7D7X-3,0.0,,0,deny,manual,27.90,37.20,true,false,,,,,"",https://cdn.shopify.com/s/files/1/1023/0068/0561/files/bed68dc7f44f0ddaf00ef6c7c5c9225eefeb894adc93e9620a085cb28353abff.jpg?v=1789097860,3,"Personalized Christian Welcome Mat, As for me and My House We Will Serve The Lord Doormat, Religious Prayers Thought Door Mat Outdoor Indoor Print with Family Name, Entryway Decor (Blessed)",,,,,,,,,,,,,,,,,,,,lb,,,
personalized-distressed-american-flag-cross-doormat-machine-washable,,,,,,,,,36x24 Inches (60x90cm),,,,,,,,AMZ-RUG-B0FJRS7D7X-4,0.0,,0,deny,manual,33.90,45.20,true,false,,,,,"",https://cdn.shopify.com/s/files/1/1023/0068/0561/files/d08a7c7ba03dcfd163b6f3643148c90906d88db33ef7036308ae3e3c357f45fc.jpg?v=1789097860,4,"Personalized Christian Welcome Mat, As for me and My House We Will Serve The Lord Doormat, Religious Prayers Thought Door Mat Outdoor Indoor Print with Family Name, Entryway Decor (Blessed)",,,,,,,,,,,,,,,,,,,,lb,,,
personalized-distressed-american-flag-cross-doormat-machine-washable,,,,,,,,,,,,,,,,,,,,,,,,,,,,,,,"",https://cdn.shopify.com/s/files/1/1023/0068/0561/files/ecec7a6b39492a01c12cfbb58b6fa02a5f3e38dbcf7aaf89f76274e31d959d61.jpg?v=1789097860,5,"Personalized Christian Welcome Mat, As for me and My House We Will Serve The Lord Doormat, Religious Prayers Thought Door Mat Outdoor Indoor Print with Family Name, Entryway Decor (Blessed)",,,,,,,,,,,,,,,,,,,,,,,
personalized-distressed-american-flag-cross-doormat-machine-washable,,,,,,,,,,,,,,,,,,,,,,,,,,,,,,,"",https://cdn.shopify.com/s/files/1/1023/0068/0561/files/2b2c745eec4aa4b8141015a8208b8b85956fb3fed794e1907357228b43fe0ef6.jpg?v=1789097861,6,"Personalized Christian Welcome Mat, As for me and My House We Will Serve The Lord Doormat, Religious Prayers Thought Door Mat Outdoor Indoor Print with Family Name, Entryway Decor (Blessed)",,,,,,,,,,,,,,,,,,,,,,,
personalized-as-for-me-and-my-house-doormat-machine-washable,"Personalized As For Me And My House Doormat, Machine Washable","<p>This personalized Christian welcome mat offers a spiritually enriching touch to any home entryway. Designed to greet guests with uplifting messages and faith-filled designs, it creates a warm and welcoming atmosphere. The doormat can be customized with text, making it a unique decorative accent for both indoor and outdoor settings.</p><h3>Product Highlights</h3><ul>
<li>Features faith-filled Christian designs and uplifting messages.</li>
<li>Allows for text customization to personalize the doormat.</li>
<li>Made with a soft-touch top for comfort under bare feet.</li>
<li>Equipped with a non-slip backing for stability and safety.</li>
<li>Suitable for both indoor and outdoor use in various rooms.</li>
<li>Designed to dry wet feet, and grab dirt, dust, and grime.</li>
</ul><h3>Specifications</h3><table border=""1"" cellpadding=""6"" style=""border-collapse:collapse;width:100%"">
<tr>
<th align=""left"" width=""35%"">Attribute</th>
<th align=""left"">Value</th>
</tr>
<tr>
<td>Rug Form</td>
<td>Doormat</td>
</tr>
<tr>
<td>Item Shape</td>
<td>Rectangular</td>
</tr>
<tr>
<td>Weave Type</td>
<td>Sponge - Memory Foam</td>
</tr>
<tr>
<td>Pile Height</td>
<td>Low Pile</td>
</tr>
<tr>
<td>Construction Type</td>
<td>Machine Made</td>
</tr>
<tr>
<td>Indoor/Outdoor Usage</td>
<td>Both</td>
</tr>
<tr>
<td>Room Type</td>
<td>Multiple</td>
</tr>
<tr>
<td>Water Resistance</td>
<td>Water Resistant</td>
</tr>
<tr>
<td>Special Features</td>
<td>Washable</td>
</tr>
<tr>
<td>Pattern</td>
<td>Bible</td>
</tr>
<tr>
<td>Theme</td>
<td>customized prayer mat with name</td>
</tr>
<tr>
<td>Style</td>
<td>Christian, Jesus, Bible</td>
</tr>
<tr>
<td>Number of Pieces</td>
<td>1</td>
</tr>
</table><h3>Material &amp; Care</h3><table border=""1"" cellpadding=""6"" style=""border-collapse:collapse;width:100%"">
<tr>
<th align=""left"" width=""35%"">Item</th>
<th align=""left"">Detail</th>
</tr>
<tr>
<td>Material Type</td>
<td>Memory Foam</td>
</tr>
<tr>
<td>Backing Material</td>
<td>Rubber</td>
</tr>
<tr>
<td>Surface/Feel</td>
<td>Soft touching on bare feet</td>
</tr>
<tr>
<td>Care Instructions</td>
<td>Machine Wash</td>
</tr>
<tr>
<td>Cleaning Method</td>
<td>Hose or sponge clean with water and mild liquid soap</td>
</tr>
<tr>
<td>Drying</td>
<td>Air dry; do not bleach</td>
</tr>
</table><h3>Where It Works</h3><p>This versatile doormat is suitable for placement in various locations, including entryways, bedrooms, bathrooms, and living rooms. Its design allows it to enhance both indoor and outdoor spaces, adding a personal and blessed vibe to your home.</p>",CHILLGEN,Home & Garden > Decor > Door Mats,Rug,"amazon-parent-b0fjrv8vwd, Christian, doormat, home-decor, indoor, outdoor, rectangular, rug, welcome",false,Custom Product Size,20x14 Inches (Mini size),,,,,,,,AMZ-RUG-B0G5XKKJ7W-1,0.0,,0,deny,manual,21.90,29.20,true,false,,,,,"",https://cdn.shopify.com/s/files/1/1023/0068/0561/files/fe9cc26ac3b7d6beca593ba4004e742a0e878cb23e59944bac29917eccc5213d.jpg?v=1789097909,1,"Personalized Christian Welcome Mat, As for me and My House We Will Serve The Lord Doormat, Religious Prayers Thought Door Mat Outdoor Indoor Print with Family Name, Entryway Decor (The Lord)",false,,"Customizable Christian welcome doormat with a non-slip rubber backing, suitable for indoor and outdoor entryways.",2675,,,,,,,,,,,B0FJRV8VWD,,,,,lb,,,draft
personalized-as-for-me-and-my-house-doormat-machine-washable,,,,,,,,,24x16 Inches (40x60 cm),,,,,,,,AMZ-RUG-B0G5XKKJ7W-2,0.0,,0,deny,manual,25.90,34.53,true,false,,,,,"",https://cdn.shopify.com/s/files/1/1023/0068/0561/files/69b08bd1c7b2e3ab5ea50f6fdec57653d15c8f5a39905f0dfb9041f0c86134b2_f2fbaf28-fb34-4bc2-be46-7b6fce9838e9.jpg?v=1789097909,2,"Personalized Christian Welcome Mat, As for me and My House We Will Serve The Lord Doormat, Religious Prayers Thought Door Mat Outdoor Indoor Print with Family Name, Entryway Decor (The Lord)",,,,,,,,,,,,,,,,,,,,lb,,,
personalized-as-for-me-and-my-house-doormat-machine-washable,,,,,,,,,32x20 Inches (50x80 cm),,,,,,,,AMZ-RUG-B0G5XKKJ7W-3,0.0,,0,deny,manual,28.90,38.53,true,false,,,,,"",https://cdn.shopify.com/s/files/1/1023/0068/0561/files/f747024a73ca233ba72f0f43bfe8d402478a7f2779a142e1188e5ce434f10df5_f5e029ba-f2ed-4253-8108-f2c6f2086957.jpg?v=1789097909,3,"Personalized Christian Welcome Mat, As for me and My House We Will Serve The Lord Doormat, Religious Prayers Thought Door Mat Outdoor Indoor Print with Family Name, Entryway Decor (The Lord)",,,,,,,,,,,,,,,,,,,,lb,,,
personalized-as-for-me-and-my-house-doormat-machine-washable,,,,,,,,,36x24 Inches (60x90cm),,,,,,,,AMZ-RUG-B0G5XKKJ7W-4,0.0,,0,deny,manual,34.90,46.53,true,false,,,,,"",https://cdn.shopify.com/s/files/1/1023/0068/0561/files/f19842ff409426f06576f92e788c13b5882168321f86168f378c47c9bf0512e4_2c9cf18d-b617-4e8e-8daf-fd2ac5194c30.jpg?v=1789097909,4,"Personalized Christian Welcome Mat, As for me and My House We Will Serve The Lord Doormat, Religious Prayers Thought Door Mat Outdoor Indoor Print with Family Name, Entryway Decor (The Lord)",,,,,,,,,,,,,,,,,,,,lb,,,
personalized-as-for-me-and-my-house-doormat-machine-washable,,,,,,,,,,,,,,,,,,,,,,,,,,,,,,,"",https://cdn.shopify.com/s/files/1/1023/0068/0561/files/c18004c907f0a29a7d228a2a3922c07c3af2993c23b505c8ae9b0973bda5f7f1.jpg?v=1789097909,5,"Personalized Christian Welcome Mat, As for me and My House We Will Serve The Lord Doormat, Religious Prayers Thought Door Mat Outdoor Indoor Print with Family Name, Entryway Decor (The Lord)",,,,,,,,,,,,,,,,,,,,,,,
personalized-as-for-me-and-my-house-doormat-machine-washable,,,,,,,,,,,,,,,,,,,,,,,,,,,,,,,"",https://cdn.shopify.com/s/files/1/1023/0068/0561/files/9eadb3f085feb214e7adfee72a5bab059d8ea768bf89aa893ed90f8e423a605f_25887ff4-8d49-457c-b84c-68bb4f4bf75e.jpg?v=1789097909,6,"Personalized Christian Welcome Mat, As for me and My House We Will Serve The Lord Doormat, Religious Prayers Thought Door Mat Outdoor Indoor Print with Family Name, Entryway Decor (The Lord)",,,,,,,,,,,,,,,,,,,,,,,
personalized-as-for-me-and-my-house-doormat-machine-washable,,,,,,,,,,,,,,,,,,,,,,,,,,,,,,,"",https://cdn.shopify.com/s/files/1/1023/0068/0561/files/6ec5bca8f0e6b5c98665a6a7de0fabcc3affe1e7edbfd3db2ba985a7ec206fa3.jpg?v=1789097909,7,"Personalized Christian Welcome Mat, As for me and My House We Will Serve The Lord Doormat, Religious Prayers Thought Door Mat Outdoor Indoor Print with Family Name, Entryway Decor (The Lord)",,,,,,,,,,,,,,,,,,,,,,,
