Handle,Title,Body (HTML),Vendor,Product Category,Type,Tags,Published,Option1 Name,Option1 Value,Option1 Linked To,Option2 Name,Option2 Value,Option2 Linked To,Option3 Name,Option3 Value,Option3 Linked To,Variant SKU,Variant Grams,Variant Inventory Tracker,Variant Inventory Qty,Variant Inventory Policy,Variant Fulfillment Service,Variant Price,Variant Compare At Price,Variant Requires Shipping,Variant Taxable,Unit Price Total Measure,Unit Price Total Measure Unit,Unit Price Base Measure,Unit Price Base Measure Unit,Variant Barcodes,Image Src,Image Position,Image Alt Text,Gift Card,SEO Title,SEO Description,Google Shopping / Google Product Category,Google Shopping / Gender,Google Shopping / Age Group,Google Shopping / MPN,Google Shopping / Condition,Google Shopping / Custom Product,Google Shopping / Custom Label 0,Google Shopping / Custom Label 1,Google Shopping / Custom Label 2,Google Shopping / Custom Label 3,Google Shopping / Custom Label 4,amazon_parent_asin (product.metafields.custom.amazon_parent_asin),Short name (product.metafields.custom.short_name),Google: Custom Product (product.metafields.mm-google-shopping.custom_product),Product rating count (product.metafields.reviews.rating_count),Variant Image,Variant Weight Unit,Variant Tax Code,Cost per item,Status
custom-christian-floral-cross-area-rug-non-skid-church-decor,"Custom Christian Floral Cross Area Rug, Non-Skid, Church Decor","<p>This inspirational faith floral area rug offers a unique blend of comfort and spirituality for your home. Featuring a customizable design, it serves as a meaningful centerpiece in various settings. Its thoughtful construction enhances both the aesthetic and spiritual atmosphere of any room.</p><h3>Product Highlights</h3><ul><li>Features a Christian faith floral design for an inspirational touch.</li><li>Personalize with a name or special message for a unique gift.</li><li>Soft polyester fabric provides comfort underfoot.</li><li>Equipped with an anti-slip backing for enhanced safety.</li><li>Suitable for a variety of home and church uses.</li></ul><h3>Specifications</h3><table border=""1"" cellpadding=""6"" style=""border-collapse:collapse;width:100%""><tr><th align=""left"" width=""35%"">Attribute</th><th align=""left"">Value</th></tr><tr><td>Rug Form</td><td>Area Rug</td></tr><tr><td>Item Shape</td><td>Rectangular</td></tr><tr><td>Weave Type</td><td>Flat Woven</td></tr><tr><td>Pile Height</td><td>Low Pile</td></tr><tr><td>Construction Type</td><td>Machine Made</td></tr><tr><td>Indoor/Outdoor Usage</td><td>Indoor</td></tr><tr><td>Room Type</td><td>Bedroom, Living Room, Office, Gamer Room, Reading Nook, Church</td></tr><tr><td>Water Resistance</td><td>Not Water Resistant</td></tr><tr><td>Special Features</td><td>Non-Skid</td></tr><tr><td>Pattern</td><td>Floral</td></tr><tr><td>Theme</td><td>Christian, Faith</td></tr><tr><td>Style</td><td>Traditional</td></tr><tr><td>Number of Pieces</td><td>1</td></tr></table><h3>Material &amp; Care</h3><table border=""1"" cellpadding=""6"" style=""border-collapse:collapse;width:100%""><tr><th align=""left"" width=""35%"">Item</th><th align=""left"">Detail</th></tr><tr><td>Material Type</td><td>Memory Foam, Polyester Fabric</td></tr><tr><td>Backing Material</td><td>Cotton Blend, Anti-slip</td></tr><tr><td>Care Instructions</td><td>Wrinkle-resistant, Fade-resistant</td></tr><tr><td>Cleaning Method</td><td>Vacuum for quick cleaning, Machine wash for deeper care</td></tr></table><h3>Where It Works</h3><p>This versatile area rug is ideal for enhancing spiritual and interior atmospheres in entryways, bedrooms, living rooms, offices, gamer rooms, cozy reading nooks, or as a decorative piece in a church setting. It also functions perfectly as a prayer rug or meditation corner rug.</p>",CHILLGEN,,Rug,"amazon-parent-b0fss8xw1z, christian, floral, home-decor, indoor, personalized, rectangular, rug, traditional",false,Choose Item Size,X-Small: 2x3ft,,,,,,,,AMZ-RUG-B0FSSCXX5N-1,0.0,,0,deny,manual,34.90,43.63,true,false,,,,,,https://cdn.shopify.com/s/files/1/1023/0068/0561/files/fe4b8df6b68701645826335f8f1c527809f85dea1f7d22ad0d2e16d260f73067.jpg?v=1789055900,1,"Custom Christian Rug with Name – Inspirational Faith Floral Area Carpet, Non-Skid Floor Mat for Bedroom, Living Room, Church Decor, Housewarming (Corss Faith 04)",false,,"Traditional Christian floral area rug with non-skid backing, ideal for indoor use in living rooms, bedrooms, or church decor.",,,,,,,,,,,,B0FSS8XW1Z,,,,,lb,,,draft
custom-christian-floral-cross-area-rug-non-skid-church-decor,,,,,,,,,Small: 3x5ft,,,,,,,,AMZ-RUG-B0FSSCXX5N-2,0.0,,0,deny,manual,69.90,87.38,true,false,,,,,,https://cdn.shopify.com/s/files/1/1023/0068/0561/files/6f5f706cccf4c9b2f03801ae6f2b0376a768efcfe7feda348b2a89b21e28a380.jpg?v=1789055900,2,"Custom Christian Rug with Name – Inspirational Faith Floral Area Carpet, Non-Skid Floor Mat for Bedroom, Living Room, Church Decor, Housewarming (Corss Faith 04)",,,,,,,,,,,,,,,,,,,,lb,,,
custom-christian-floral-cross-area-rug-non-skid-church-decor,,,,,,,,,Medium: 4x6ft,,,,,,,,AMZ-RUG-B0FSSCXX5N-3,0.0,,0,deny,manual,104.90,131.13,true,false,,,,,,https://cdn.shopify.com/s/files/1/1023/0068/0561/files/b568ebae8a149fa65c6268384e74fc3b70c1a601166af25976a37c64b443e43e.jpg?v=1789055900,3,"Custom Christian Rug with Name – Inspirational Faith Floral Area Carpet, Non-Skid Floor Mat for Bedroom, Living Room, Church Decor, Housewarming (Corss Faith 04)",,,,,,,,,,,,,,,,,,,,lb,,,
custom-christian-floral-cross-area-rug-non-skid-church-decor,,,,,,,,,Large: 5x8ft,,,,,,,,AMZ-RUG-B0FSSCXX5N-4,0.0,,0,deny,manual,139.90,174.88,true,false,,,,,,https://cdn.shopify.com/s/files/1/1023/0068/0561/files/91eabc29dba26e9e1a9c85d7907c3e286691a18a1af1069f4ef51bc250e8a1fd.jpg?v=1789055900,4,"Custom Christian Rug with Name – Inspirational Faith Floral Area Carpet, Non-Skid Floor Mat for Bedroom, Living Room, Church Decor, Housewarming (Corss Faith 04)",,,,,,,,,,,,,,,,,,,,lb,,,
custom-christian-floral-cross-area-rug-non-skid-church-decor,,,,,,,,,,,,,,,,,,,,,,,,,,,,,,,,https://cdn.shopify.com/s/files/1/1023/0068/0561/files/ae9f823edf41e937a07bebeb11207664e923939cfc7c39c3a177092d7ef953a7.jpg?v=1789055900,5,"Custom Christian Rug with Name – Inspirational Faith Floral Area Carpet, Non-Skid Floor Mat for Bedroom, Living Room, Church Decor, Housewarming (Corss Faith 04)",,,,,,,,,,,,,,,,,,,,,,,
custom-christian-floral-cross-area-rug-non-skid-church-decor,,,,,,,,,,,,,,,,,,,,,,,,,,,,,,,,https://cdn.shopify.com/s/files/1/1023/0068/0561/files/9f3dccac79c5e6e150f3cfcc681e2437a9466dfe6f8b574508fd49baf17c3cb8.jpg?v=1789055900,6,"Custom Christian Rug with Name – Inspirational Faith Floral Area Carpet, Non-Skid Floor Mat for Bedroom, Living Room, Church Decor, Housewarming (Corss Faith 04)",,,,,,,,,,,,,,,,,,,,,,,
custom-ornate-floral-gold-cross-area-rug-non-skid,"Custom Ornate Floral Gold Cross Area Rug, Non-Skid","<p>This area rug offers a blend of traditional style and personalized charm, featuring an inspirational floral design. Crafted for comfort and durability, it serves as a versatile accent piece suitable for various indoor settings.</p><h3>Product Highlights</h3><ul><li>Features an inspirational floral faith design.</li><li>Personalizable with a name, family name, or special message.</li><li>Made with soft polyester fabric and anti-slip backing.</li><li>Machine washable for easy maintenance.</li><li>Suitable for a variety of home and church uses.</li></ul><h3>Specifications</h3><table border=""1"" cellpadding=""6"" style=""border-collapse:collapse;width:100%""><tr><th align=""left"" width=""35%"">Attribute</th><th align=""left"">Value</th></tr><tr><td>Rug Form Type</td><td>Area Rug</td></tr><tr><td>Item Shape</td><td>Rectangular</td></tr><tr><td>Weave Type</td><td>Flat Woven</td></tr><tr><td>Pile Height</td><td>Low Pile</td></tr><tr><td>Construction Type</td><td>Machine Made</td></tr><tr><td>Indoor/Outdoor Usage</td><td>Indoor</td></tr><tr><td>Room Type</td><td>Bedroom, Living Room, Office, Gamer Room, Reading Nook, Entryway</td></tr><tr><td>Water Resistance Level</td><td>Not Water Resistant</td></tr><tr><td>Pattern</td><td>Floral</td></tr><tr><td>Theme</td><td>Christian, Faith</td></tr><tr><td>Style</td><td>Traditional</td></tr><tr><td>Number of Pieces</td><td>1</td></tr></table><h3>Material &amp; Care</h3><table border=""1"" cellpadding=""6"" style=""border-collapse:collapse;width:100%""><tr><th align=""left"" width=""35%"">Item</th><th align=""left"">Detail</th></tr><tr><td>Material Type</td><td>Memory Foam, Polyester Fabric</td></tr><tr><td>Backing Material</td><td>Cotton Blend, Anti-slip backing</td></tr><tr><td>Care Instructions</td><td>Vacuum for quick cleaning or machine wash for deeper care</td></tr></table><h3>Where It Works</h3><p>This versatile rug is ideal for enhancing the atmosphere in entryways, bedrooms, living rooms, offices, gamer rooms, and cozy reading nooks. It also serves as a suitable prayer rug or decorative piece in church settings.</p>",CHILLGEN,,Rug,"amazon-parent-b0fss8xw1z, faith, floral, home-decor, indoor, personalized, rectangular, rug, traditional",false,Choose Item Size,X-Small: 2x3ft,,,,,,,,AMZ-RUG-B0FSS8XW1Z-1,0.0,,0,deny,manual,34.90,43.63,true,false,,,,,,https://cdn.shopify.com/s/files/1/1023/0068/0561/files/d95613aaf6943f855fa7de8b9f996da63930435d0e0ef2a90fda680e6c8ca799.jpg?v=1789055902,1,"Custom Christian Rug with Name – Inspirational Faith Floral Area Carpet, Non-Skid Floor Mat for Bedroom, Living Room, Church Decor, Housewarming (Corss Faith 05)",false,,"Traditional Christian area rug with personalized floral faith design, anti-slip backing, perfect for indoor living spaces.",,,,,,,,,,,,B0FSS8XW1Z,,,,,lb,,,draft
custom-ornate-floral-gold-cross-area-rug-non-skid,,,,,,,,,Small: 3x5ft,,,,,,,,AMZ-RUG-B0FSS8XW1Z-2,0.0,,0,deny,manual,69.90,87.38,true,false,,,,,,https://cdn.shopify.com/s/files/1/1023/0068/0561/files/36dd2e328d22ca017384e89ea6017d54d15461c444bcfac20965e6e3c3a41929.jpg?v=1789055902,2,"Custom Christian Rug with Name – Inspirational Faith Floral Area Carpet, Non-Skid Floor Mat for Bedroom, Living Room, Church Decor, Housewarming (Corss Faith 05)",,,,,,,,,,,,,,,,,,,,lb,,,
custom-ornate-floral-gold-cross-area-rug-non-skid,,,,,,,,,Medium: 4x6ft,,,,,,,,AMZ-RUG-B0FSS8XW1Z-3,0.0,,0,deny,manual,104.90,131.13,true,false,,,,,,https://cdn.shopify.com/s/files/1/1023/0068/0561/files/850f6dfb92e652077137de9845bec65624f128e2489855f7f5cd12872a6e301d.jpg?v=1789055902,3,"Custom Christian Rug with Name – Inspirational Faith Floral Area Carpet, Non-Skid Floor Mat for Bedroom, Living Room, Church Decor, Housewarming (Corss Faith 05)",,,,,,,,,,,,,,,,,,,,lb,,,
custom-ornate-floral-gold-cross-area-rug-non-skid,,,,,,,,,Large: 5x8ft,,,,,,,,AMZ-RUG-B0FSS8XW1Z-4,0.0,,0,deny,manual,139.90,174.88,true,false,,,,,,https://cdn.shopify.com/s/files/1/1023/0068/0561/files/e05932b298675814394761b410043147213806eb5909e77ad85e893dd1daefb3.jpg?v=1789055902,4,"Custom Christian Rug with Name – Inspirational Faith Floral Area Carpet, Non-Skid Floor Mat for Bedroom, Living Room, Church Decor, Housewarming (Corss Faith 05)",,,,,,,,,,,,,,,,,,,,lb,,,
custom-ornate-floral-gold-cross-area-rug-non-skid,,,,,,,,,,,,,,,,,,,,,,,,,,,,,,,,https://cdn.shopify.com/s/files/1/1023/0068/0561/files/fc4a707fb509c5d5c196ed3cab7640110432dc765f6a5fc299647f0393f1d3c0.jpg?v=1789055902,5,"Custom Christian Rug with Name – Inspirational Faith Floral Area Carpet, Non-Skid Floor Mat for Bedroom, Living Room, Church Decor, Housewarming (Corss Faith 05)",,,,,,,,,,,,,,,,,,,,,,,
custom-ornate-floral-gold-cross-area-rug-non-skid,,,,,,,,,,,,,,,,,,,,,,,,,,,,,,,,https://cdn.shopify.com/s/files/1/1023/0068/0561/files/e041d94b404de2c4f630dea73114ae0e6b3460c9ef75def2bd52f31067ea5935.jpg?v=1789055902,6,"Custom Christian Rug with Name – Inspirational Faith Floral Area Carpet, Non-Skid Floor Mat for Bedroom, Living Room, Church Decor, Housewarming (Corss Faith 05)",,,,,,,,,,,,,,,,,,,,,,,
custom-ornate-christian-floral-area-rug-non-skid-church-design-06,"Custom Ornate Christian Floral Area Rug, Non-Skid, Church - Design 06","<p>This inspirational area rug combines faith-inspired design with everyday functionality. Featuring a floral motif, this traditional rug offers a welcoming accent for various home settings. It is designed to enhance both spiritual and interior atmospheres, making it a versatile addition to your living space.</p><h3>Product Highlights</h3><ul><li>Features an inspirational faith floral design for a traditional aesthetic.</li><li>Can be personalized with a name, family name, or special message.</li><li>Made with soft polyester fabric for comfort.</li><li>Equipped with an anti-slip backing for enhanced safety.</li><li>Suitable for various rooms, including living rooms, bedrooms, and offices.</li></ul><h3>Specifications</h3><table border=""1"" cellpadding=""6"" style=""border-collapse:collapse;width:100%""><tr><th align=""left"" width=""35%"">Attribute</th><th align=""left"">Value</th></tr><tr><td>Rug Form Type</td><td>Area Rug</td></tr><tr><td>Item Shape</td><td>Rectangular</td></tr><tr><td>Weave Type</td><td>Flat Woven</td></tr><tr><td>Pile Height</td><td>Low Pile</td></tr><tr><td>Construction Type</td><td>Machine Made</td></tr><tr><td>Indoor Outdoor Usage</td><td>Indoor</td></tr><tr><td>Room Type</td><td>Entryways, Bedrooms, Living Rooms, Offices, Gamer Rooms, Reading Nooks, Church</td></tr><tr><td>Water Resistance Level</td><td>Not Water Resistant</td></tr><tr><td>Special Features</td><td>Personalized with Name or Text</td></tr><tr><td>Pattern</td><td>Floral</td></tr><tr><td>Theme</td><td>Faith, Christian</td></tr><tr><td>Style</td><td>Traditional</td></tr><tr><td>Number of Pieces</td><td>1</td></tr></table><h3>Material &amp; Care</h3><table border=""1"" cellpadding=""6"" style=""border-collapse:collapse;width:100%""><tr><th align=""left"" width=""35%"">Item</th><th align=""left"">Detail</th></tr><tr><td>Material Type</td><td>Memory Foam</td></tr><tr><td>Backing Material</td><td>Cotton Blend</td></tr><tr><td>Surface/Feel</td><td>Soft polyester fabric</td></tr><tr><td>Care Instructions</td><td>Vacuum for quick cleaning or machine wash for deeper care</td></tr><tr><td>Special Attributes</td><td>Wrinkle-resistant, Fade-resistant, Long-lasting</td></tr></table><h3>Where It Works</h3><p>This versatile rug is ideal for entryways, bedrooms, living rooms, and offices, adding a touch of inspiration and comfort. It also serves as a meaningful piece for church decor or a dedicated meditation corner.</p>",CHILLGEN,,Rug,"amazon-parent-b0fss8xw1z, christian rug, floral, home-decor, indoor, personalized, rectangular, rug, traditional",false,Choose Item Size,X-Small: 2x3ft,,,,,,,,AMZ-RUG-B0FSS16WJL-1,0.0,,0,deny,manual,34.90,43.63,true,false,,,,,,https://cdn.shopify.com/s/files/1/1023/0068/0561/files/17e1ab96db04b7c79ea7a20e7886a80d2824c5644067f50c6489c17c8d701787.jpg?v=1789055905,1,"Custom Christian Rug with Name – Inspirational Faith Floral Area Carpet, Non-Skid Floor Mat for Bedroom, Living Room, Church Decor, Housewarming (Corss Faith 06)",false,,"This traditional Christian rug with a floral design and anti-slip backing is ideal for bedrooms, living rooms, or church decor.",,,,,,,,,,,,B0FSS8XW1Z,,,,,lb,,,draft
custom-ornate-christian-floral-area-rug-non-skid-church-design-06,,,,,,,,,Small: 3x5ft,,,,,,,,AMZ-RUG-B0FSS16WJL-2,0.0,,0,deny,manual,69.90,87.38,true,false,,,,,,https://cdn.shopify.com/s/files/1/1023/0068/0561/files/1f054ac6e395dfd5bb2e1f06ee296cf8af409cb09a49340730127e2dd02b8189.jpg?v=1789055905,2,"Custom Christian Rug with Name – Inspirational Faith Floral Area Carpet, Non-Skid Floor Mat for Bedroom, Living Room, Church Decor, Housewarming (Corss Faith 06)",,,,,,,,,,,,,,,,,,,,lb,,,
custom-ornate-christian-floral-area-rug-non-skid-church-design-06,,,,,,,,,Medium: 4x6ft,,,,,,,,AMZ-RUG-B0FSS16WJL-3,0.0,,0,deny,manual,104.90,131.13,true,false,,,,,,https://cdn.shopify.com/s/files/1/1023/0068/0561/files/19fbab53960a632392b66152eea18768c38596006e4cceea24b647ed44d5ad30.jpg?v=1789055905,3,"Custom Christian Rug with Name – Inspirational Faith Floral Area Carpet, Non-Skid Floor Mat for Bedroom, Living Room, Church Decor, Housewarming (Corss Faith 06)",,,,,,,,,,,,,,,,,,,,lb,,,
custom-ornate-christian-floral-area-rug-non-skid-church-design-06,,,,,,,,,Large: 5x8ft,,,,,,,,AMZ-RUG-B0FSS16WJL-4,0.0,,0,deny,manual,139.90,174.88,true,false,,,,,,https://cdn.shopify.com/s/files/1/1023/0068/0561/files/034518782eb32d39f97875f1b067a52978890c7d499c33ce3b5e871ab3508798.jpg?v=1789055905,4,"Custom Christian Rug with Name – Inspirational Faith Floral Area Carpet, Non-Skid Floor Mat for Bedroom, Living Room, Church Decor, Housewarming (Corss Faith 06)",,,,,,,,,,,,,,,,,,,,lb,,,
custom-ornate-christian-floral-area-rug-non-skid-church-design-06,,,,,,,,,,,,,,,,,,,,,,,,,,,,,,,,https://cdn.shopify.com/s/files/1/1023/0068/0561/files/31fa480569621417d85201717faebc9813c638f4325c5d8bae8055a0e5d624bd.jpg?v=1789055905,5,"Custom Christian Rug with Name – Inspirational Faith Floral Area Carpet, Non-Skid Floor Mat for Bedroom, Living Room, Church Decor, Housewarming (Corss Faith 06)",,,,,,,,,,,,,,,,,,,,,,,
custom-ornate-christian-floral-area-rug-non-skid-church-design-06,,,,,,,,,,,,,,,,,,,,,,,,,,,,,,,,https://cdn.shopify.com/s/files/1/1023/0068/0561/files/96a61bebab14c424cd260cea1a1c2ae56ba86203801b425515355e030b4a74a7.jpg?v=1789055905,6,"Custom Christian Rug with Name – Inspirational Faith Floral Area Carpet, Non-Skid Floor Mat for Bedroom, Living Room, Church Decor, Housewarming (Corss Faith 06)",,,,,,,,,,,,,,,,,,,,,,,
custom-ornate-golden-cross-crucifixion-area-rug-non-skid,"Custom Ornate Golden Cross Crucifixion Area Rug, Non-Skid","<p>This Christian-themed area rug offers a unique blend of spiritual inspiration and home décor. Featuring a faith-based floral design, it provides a comfortable and non-slip surface, perfect for enhancing various indoor spaces with both style and meaning.</p><h3>Product Highlights</h3><ul><li>Features a faith-based floral design for spiritual inspiration.</li><li>Soft polyester fabric ensures a comfortable feel underfoot.</li><li>Anti-slip backing provides enhanced safety and stability.</li><li>Machine washable for easy and thorough cleaning.</li><li>Can be personalized with a name or special message.</li><li>Suitable for a wide range of indoor settings and uses.</li></ul><h3>Specifications</h3><table border=""1"" cellpadding=""6"" style=""border-collapse:collapse;width:100%""><tr><th align=""left"" width=""35%"">Attribute</th><th align=""left"">Value</th></tr><tr><td>Rug Form Type</td><td>Area Rug</td></tr><tr><td>Item Shape</td><td>Rectangular</td></tr><tr><td>Weave Type</td><td>Flat Woven</td></tr><tr><td>Pile Height</td><td>Low Pile</td></tr><tr><td>Construction Type</td><td>Machine Made</td></tr><tr><td>Indoor Outdoor Usage</td><td>Indoor</td></tr><tr><td>Special Features</td><td>Non-Skid</td></tr><tr><td>Pattern</td><td>Floral</td></tr><tr><td>Theme</td><td>Faith</td></tr><tr><td>Style</td><td>Traditional</td></tr><tr><td>Number of Pieces</td><td>1</td></tr><tr><td>Water Resistance Level</td><td>Not Water Resistant</td></tr></table><h3>Material &amp; Care</h3><table border=""1"" cellpadding=""6"" style=""border-collapse:collapse;width:100%""><tr><th align=""left"" width=""35%"">Item</th><th align=""left"">Detail</th></tr><tr><td>Material Type</td><td>Memory Foam</td></tr><tr><td>Backing Material</td><td>Cotton Blend</td></tr><tr><td>Care Instructions</td><td>Vacuum for quick cleaning or machine wash for deeper care.</td></tr></table><h3>Where It Works</h3><p>This versatile rug is ideal for entryways, bedrooms, living rooms, and offices. It also serves beautifully as a prayer rug, meditation corner rug, or a decorative piece in a church setting.</p>",CHILLGEN,,Rug,"amazon-parent-b0fss8xw1z, christian-rug, floral-rug, home-decor, indoor-rug, personalized-rug, rectangular-rug, rug, traditional-rug",false,Choose Item Size,X-Small: 2x3ft,,,,,,,,AMZ-RUG-B0FSSDYSKH-1,0.0,,0,deny,manual,34.90,43.63,true,false,,,,,,https://cdn.shopify.com/s/files/1/1023/0068/0561/files/e5ad702d0687c9b774aee520601b13f1d1bc0b841dec90c894e4827a0eb302af.jpg?v=1789055950,1,"Custom Christian Rug with Name – Inspirational Faith Floral Area Carpet, Non-Skid Floor Mat for Bedroom, Living Room, Church Decor, Housewarming (Faith God)",false,,"Traditional Christian rug with non-skid backing, customizable with text. Ideal for bedrooms, living rooms, and prayer spaces.",,,,,,,,,,,,B0FSS8XW1Z,,,,,lb,,,draft
custom-ornate-golden-cross-crucifixion-area-rug-non-skid,,,,,,,,,Small: 3x5ft,,,,,,,,AMZ-RUG-B0FSSDYSKH-2,0.0,,0,deny,manual,69.90,87.38,true,false,,,,,,https://cdn.shopify.com/s/files/1/1023/0068/0561/files/a2a7190a3fb983d8c8f715f2f05d4950498fef54081e7593ae2c6574868981e5.jpg?v=1789055950,2,"Custom Christian Rug with Name – Inspirational Faith Floral Area Carpet, Non-Skid Floor Mat for Bedroom, Living Room, Church Decor, Housewarming (Faith God)",,,,,,,,,,,,,,,,,,,,lb,,,
custom-ornate-golden-cross-crucifixion-area-rug-non-skid,,,,,,,,,Medium: 4x6ft,,,,,,,,AMZ-RUG-B0FSSDYSKH-3,0.0,,0,deny,manual,104.90,131.13,true,false,,,,,,https://cdn.shopify.com/s/files/1/1023/0068/0561/files/1d3112b8eafd566169f32e594b6a7f3ae3c352ef1ccd75029e14729955cb8edc.jpg?v=1789055950,3,"Custom Christian Rug with Name – Inspirational Faith Floral Area Carpet, Non-Skid Floor Mat for Bedroom, Living Room, Church Decor, Housewarming (Faith God)",,,,,,,,,,,,,,,,,,,,lb,,,
custom-ornate-golden-cross-crucifixion-area-rug-non-skid,,,,,,,,,Large: 5x8ft,,,,,,,,AMZ-RUG-B0FSSDYSKH-4,0.0,,0,deny,manual,139.90,174.88,true,false,,,,,,https://cdn.shopify.com/s/files/1/1023/0068/0561/files/47fa63f06efd87d309f1d2413a3081c3d18856a3960174b641f3f8291ecd0a4c.jpg?v=1789055950,4,"Custom Christian Rug with Name – Inspirational Faith Floral Area Carpet, Non-Skid Floor Mat for Bedroom, Living Room, Church Decor, Housewarming (Faith God)",,,,,,,,,,,,,,,,,,,,lb,,,
custom-ornate-golden-cross-crucifixion-area-rug-non-skid,,,,,,,,,,,,,,,,,,,,,,,,,,,,,,,,https://cdn.shopify.com/s/files/1/1023/0068/0561/files/0b4d56216d6e672a9da68d186ada74a299ad755b7f530da4b34397ab2065573c.jpg?v=1789055950,5,"Custom Christian Rug with Name – Inspirational Faith Floral Area Carpet, Non-Skid Floor Mat for Bedroom, Living Room, Church Decor, Housewarming (Faith God)",,,,,,,,,,,,,,,,,,,,,,,
custom-ornate-golden-cross-crucifixion-area-rug-non-skid,,,,,,,,,,,,,,,,,,,,,,,,,,,,,,,,https://cdn.shopify.com/s/files/1/1023/0068/0561/files/20df411a05ce34438bce4041401b12dd686441091a3f63f695b8150eb29b77a4.jpg?v=1789055950,6,"Custom Christian Rug with Name – Inspirational Faith Floral Area Carpet, Non-Skid Floor Mat for Bedroom, Living Room, Church Decor, Housewarming (Faith God)",,,,,,,,,,,,,,,,,,,,,,,
custom-red-gold-ornate-cross-area-rug-non-skid-church-decor,"Custom Red Gold Ornate Cross Area Rug, Non-Skid, Church Decor","<p>This area rug offers both comfort and inspiration, featuring a traditional style with a faith floral design. Crafted for durability and ease of care, it enhances various indoor spaces. The rug can be personalized, making it a unique addition to any home or church setting.</p><h3>Product Highlights</h3><ul><li>Features an inspirational faith floral design.</li><li>Can be personalized with a name, family name, or special message.</li><li>Made with soft polyester fabric and an anti-slip backing for safety.</li><li>Wrinkle-resistant, fade-resistant, and long-lasting.</li><li>Suitable for various home and church uses, including prayer, meditation, and general decor.</li></ul><h3>Specifications</h3><table border=""1"" cellpadding=""6"" style=""border-collapse:collapse;width:100%""><tr><th align=""left"" width=""35%"">Attribute</th><th align=""left"">Value</th></tr><tr><td>Rug Form</td><td>Area Rug</td></tr><tr><td>Item Shape</td><td>Rectangular</td></tr><tr><td>Weave Type</td><td>Flat Woven</td></tr><tr><td>Pile Height</td><td>Low Pile</td></tr><tr><td>Construction Type</td><td>Machine Made</td></tr><tr><td>Indoor/Outdoor Usage</td><td>Indoor</td></tr><tr><td>Room Type</td><td>Bedroom, Living Room, Office, Gamer Room, Reading Nook, Entryway</td></tr><tr><td>Water Resistance</td><td>Not Water Resistant</td></tr><tr><td>Pattern</td><td>Floral</td></tr><tr><td>Theme</td><td>Faith, Christian</td></tr><tr><td>Style</td><td>Traditional</td></tr><tr><td>Number of Pieces</td><td>1</td></tr></table><h3>Material &amp; Care</h3><table border=""1"" cellpadding=""6"" style=""border-collapse:collapse;width:100%""><tr><th align=""left"" width=""35%"">Item</th><th align=""left"">Detail</th></tr><tr><td>Material Type</td><td>Memory Foam</td></tr><tr><td>Backing Material</td><td>Cotton Blend</td></tr><tr><td>Care Instructions</td><td>Vacuum for quick cleaning or machine wash for deeper care.</td></tr></table><h3>Where It Works</h3><p>This versatile rug is ideal for enhancing the atmosphere in various indoor settings. It is well-suited for bedrooms, living rooms, offices, gamer rooms, cozy reading nooks, and entryways. Its design also makes it appropriate for use in church spaces or meditation corners.</p>",CHILLGEN,,Rug,"amazon-parent-b0fss8xw1z, flat-woven, home-decor, indoor, personalized, rectangular, rug, traditional",false,Choose Item Size,X-Small: 2x3ft,,,,,,,,AMZ-RUG-B0FT7BNFLV-1,0.0,,0,deny,manual,34.90,43.63,true,false,,,,,,https://cdn.shopify.com/s/files/1/1023/0068/0561/files/f33b8e0b06d539f2fb91610113f02461671b35d16abfc204b90ba952649105ff.jpg?v=1789055955,1,"Custom Christian Rug with Name – Inspirational Faith Floral Area Carpet, Non-Skid Floor Mat for Bedroom, Living Room, Church Decor, Housewarming (Corss Faith 03)",false,,"Traditional rectangular indoor rug with a faith floral design and personalization, ideal for bedrooms and living rooms.",,,,,,,,,,,,B0FSS8XW1Z,,,,,lb,,,draft
custom-red-gold-ornate-cross-area-rug-non-skid-church-decor,,,,,,,,,Small: 3x5ft,,,,,,,,AMZ-RUG-B0FT7BNFLV-2,0.0,,0,deny,manual,69.90,87.38,true,false,,,,,,https://cdn.shopify.com/s/files/1/1023/0068/0561/files/7549201c5e5d9a124bbd9775add6b3754fc72a241a721dd0299dc6f3da14cec7.jpg?v=1789055955,2,"Custom Christian Rug with Name – Inspirational Faith Floral Area Carpet, Non-Skid Floor Mat for Bedroom, Living Room, Church Decor, Housewarming (Corss Faith 03)",,,,,,,,,,,,,,,,,,,,lb,,,
custom-red-gold-ornate-cross-area-rug-non-skid-church-decor,,,,,,,,,Medium: 4x6ft,,,,,,,,AMZ-RUG-B0FT7BNFLV-3,0.0,,0,deny,manual,104.90,131.13,true,false,,,,,,https://cdn.shopify.com/s/files/1/1023/0068/0561/files/90c527035002988b7177e971af4fc0dabcd2908d543aa7689b00cf4cca1513b5.jpg?v=1789055955,3,"Custom Christian Rug with Name – Inspirational Faith Floral Area Carpet, Non-Skid Floor Mat for Bedroom, Living Room, Church Decor, Housewarming (Corss Faith 03)",,,,,,,,,,,,,,,,,,,,lb,,,
custom-red-gold-ornate-cross-area-rug-non-skid-church-decor,,,,,,,,,Large: 5x8ft,,,,,,,,AMZ-RUG-B0FT7BNFLV-4,0.0,,0,deny,manual,139.90,174.88,true,false,,,,,,https://cdn.shopify.com/s/files/1/1023/0068/0561/files/3f61b20e628644d8827aeb8409f4ba8d152386f58bfdc014c0d7340f94b4de29.jpg?v=1789055955,4,"Custom Christian Rug with Name – Inspirational Faith Floral Area Carpet, Non-Skid Floor Mat for Bedroom, Living Room, Church Decor, Housewarming (Corss Faith 03)",,,,,,,,,,,,,,,,,,,,lb,,,
custom-red-gold-ornate-cross-area-rug-non-skid-church-decor,,,,,,,,,,,,,,,,,,,,,,,,,,,,,,,,https://cdn.shopify.com/s/files/1/1023/0068/0561/files/ce4dfb8dbc69409c1bd76a36c5bf53458fa5e715b161da8cb0cb551fffd8ff0c.jpg?v=1789055955,5,"Custom Christian Rug with Name – Inspirational Faith Floral Area Carpet, Non-Skid Floor Mat for Bedroom, Living Room, Church Decor, Housewarming (Corss Faith 03)",,,,,,,,,,,,,,,,,,,,,,,
custom-red-gold-ornate-cross-area-rug-non-skid-church-decor,,,,,,,,,,,,,,,,,,,,,,,,,,,,,,,,https://cdn.shopify.com/s/files/1/1023/0068/0561/files/5309070a2bdd0ca33bcffd20473342dab7c54cb29cf3339136c1883ea8cfb00f.jpg?v=1789055955,6,"Custom Christian Rug with Name – Inspirational Faith Floral Area Carpet, Non-Skid Floor Mat for Bedroom, Living Room, Church Decor, Housewarming (Corss Faith 03)",,,,,,,,,,,,,,,,,,,,,,,
custom-gothic-cross-radiant-heart-area-rug-non-skid,"Custom Gothic Cross Radiant Heart Area Rug, Non-Skid","<p>This Christian rug offers an inspiring floral design, perfect for enhancing any living space with a touch of faith. Made with soft polyester fabric, it provides comfort underfoot and features an anti-slip backing for safety. This versatile area rug can also be personalized with a name or text, making it a thoughtful gift or a unique addition to your home.</p><h3>Product Highlights</h3><ul><li>Features an inspirational floral design with Christian themes.</li><li>Personalize with your name, family name, or a special message.</li><li>Crafted from soft polyester fabric for a comfortable feel.</li><li>Equipped with an anti-slip backing for added safety.</li><li>Suitable for various settings including living rooms, bedrooms, and offices.</li></ul><h3>Specifications</h3><table border=""1"" cellpadding=""6"" style=""border-collapse:collapse;width:100%""><tr><th align=""left"" width=""35%"">Attribute</th><th align=""left"">Value</th></tr><tr><td>Rug Form</td><td>Area Rug</td></tr><tr><td>Item Shape</td><td>Rectangular</td></tr><tr><td>Weave Type</td><td>Flat Woven</td></tr><tr><td>Pile Height</td><td>Low Pile</td></tr><tr><td>Construction Type</td><td>Machine Made</td></tr><tr><td>Indoor/Outdoor Usage</td><td>Indoor</td></tr><tr><td>Room Type</td><td>Entryways, Bedrooms, Living Rooms, Offices, Gamer Rooms, Reading Nooks, Meditation Corners, Church</td></tr><tr><td>Water Resistance</td><td>Not Water Resistant</td></tr><tr><td>Special Features</td><td>Personalized with Name or Text, Anti-slip backing, Wrinkle-resistant, Fade-resistant, Long-lasting</td></tr><tr><td>Pattern</td><td>Floral</td></tr><tr><td>Theme</td><td>Christian, Faith</td></tr><tr><td>Style</td><td>Traditional</td></tr><tr><td>Number of Pieces</td><td>1</td></tr></table><h3>Material &amp; Care</h3><table border=""1"" cellpadding=""6"" style=""border-collapse:collapse;width:100%""><tr><th align=""left"" width=""35%"">Item</th><th align=""left"">Detail</th></tr><tr><td>Material Type</td><td>Memory Foam, Polyester Fabric</td></tr><tr><td>Backing Material</td><td>Cotton Blend</td></tr><tr><td>Care Instructions</td><td>Vacuum for quick cleaning; machine wash for deeper care</td></tr><tr><td>Cleaning Method</td><td>Machine Washable, Vacuum</td></tr></table><h3>Where It Works</h3><p>This versatile rug is ideal for enhancing spiritual and interior atmospheres in various settings. It is suitable for entryways, bedrooms, living rooms, offices, gamer rooms, cozy reading nooks, meditation corners, and as a decorative piece in churches.</p>",CHILLGEN,Furniture > Chairs > Rocking Chairs > Classic Rocking Chairs,Rug,"amazon-parent-b0fss8xw1z, christian rug, faith rug, floral rug, home-decor, non-skid rug, personalized rug, rug, traditional rug",false,Choose Item Size,X-Small: 2x3ft,,,,,,,,AMZ-RUG-B0H4LB7MPJ-1,0.0,,0,deny,manual,34.90,43.63,true,false,,,,,,https://cdn.shopify.com/s/files/1/1023/0068/0561/files/7cdd1de2c5d81584fb456b75c7a6bdfb0a7ad6e0ffe3ab01c6684a37ef932ce6.jpg?v=1789055957,1,"Custom Christian Rug with Name – Inspirational Faith Floral Area Carpet, Non-Skid Floor Mat for Bedroom, Living Room, Church Decor, Housewarming (Classic Gothic)",false,,"This traditional Christian rug, made with memory foam and an anti-slip backing, is perfect for living rooms or church decor.",2002,,,,,,,,,,,B0FSS8XW1Z,,,,,lb,,,draft
custom-gothic-cross-radiant-heart-area-rug-non-skid,,,,,,,,,Small: 3x5ft,,,,,,,,AMZ-RUG-B0H4LB7MPJ-2,0.0,,0,deny,manual,69.90,87.38,true,false,,,,,,https://cdn.shopify.com/s/files/1/1023/0068/0561/files/54c35ddbe1ea07a8a365df0153decdd2713a9f7e34a2caa1d37f2821562f931c.jpg?v=1789055957,2,"Custom Christian Rug with Name – Inspirational Faith Floral Area Carpet, Non-Skid Floor Mat for Bedroom, Living Room, Church Decor, Housewarming (Classic Gothic)",,,,,,,,,,,,,,,,,,,,lb,,,
custom-gothic-cross-radiant-heart-area-rug-non-skid,,,,,,,,,Medium: 4x6ft,,,,,,,,AMZ-RUG-B0H4LB7MPJ-3,0.0,,0,deny,manual,104.90,131.13,true,false,,,,,,https://cdn.shopify.com/s/files/1/1023/0068/0561/files/1f2b3406da16d792cb9fcc60357f99dd39d19ddc6cb1e33a9c32d1ca36405b76.jpg?v=1789055957,3,"Custom Christian Rug with Name – Inspirational Faith Floral Area Carpet, Non-Skid Floor Mat for Bedroom, Living Room, Church Decor, Housewarming (Classic Gothic)",,,,,,,,,,,,,,,,,,,,lb,,,
custom-gothic-cross-radiant-heart-area-rug-non-skid,,,,,,,,,Large: 5x8ft,,,,,,,,AMZ-RUG-B0H4LB7MPJ-4,0.0,,0,deny,manual,139.90,174.88,true,false,,,,,,https://cdn.shopify.com/s/files/1/1023/0068/0561/files/3c50448969379cee2dec8f459031463f8055aea7d54a6a33ffa94e2ca2d25fa4.jpg?v=1789055957,4,"Custom Christian Rug with Name – Inspirational Faith Floral Area Carpet, Non-Skid Floor Mat for Bedroom, Living Room, Church Decor, Housewarming (Classic Gothic)",,,,,,,,,,,,,,,,,,,,lb,,,
custom-gothic-cross-radiant-heart-area-rug-non-skid,,,,,,,,,,,,,,,,,,,,,,,,,,,,,,,,https://cdn.shopify.com/s/files/1/1023/0068/0561/files/e06bf0095442225930cca89c77bcad2c09f1bfdcb46bb280c43b4ff2aa7f896a.jpg?v=1789055957,5,"Custom Christian Rug with Name – Inspirational Faith Floral Area Carpet, Non-Skid Floor Mat for Bedroom, Living Room, Church Decor, Housewarming (Classic Gothic)",,,,,,,,,,,,,,,,,,,,,,,
custom-gothic-cross-radiant-heart-area-rug-non-skid,,,,,,,,,,,,,,,,,,,,,,,,,,,,,,,,https://cdn.shopify.com/s/files/1/1023/0068/0561/files/994a94d27a4e34805d645322b37f9cad2a3bfe19451f3e471355343b7fe55752.jpg?v=1789055957,6,"Custom Christian Rug with Name – Inspirational Faith Floral Area Carpet, Non-Skid Floor Mat for Bedroom, Living Room, Church Decor, Housewarming (Classic Gothic)",,,,,,,,,,,,,,,,,,,,,,,
custom-gothic-cross-radiant-heart-area-rug-non-skid,,,,,,,,,,,,,,,,,,,,,,,,,,,,,,,,https://cdn.shopify.com/s/files/1/1023/0068/0561/files/8d14311a6fa433032754770d8a29d18f4b747d9ed630d8313cc1a1e701088460.jpg?v=1789055957,7,"Custom Christian Rug with Name – Inspirational Faith Floral Area Carpet, Non-Skid Floor Mat for Bedroom, Living Room, Church Decor, Housewarming (Classic Gothic)",,,,,,,,,,,,,,,,,,,,,,,
custom-our-lady-stained-glass-flowers-area-rug-non-skid,"Custom Our Lady Stained Glass Flowers Area Rug, Non-Skid","<p>This inspirational faith floral area rug offers a blend of comfort and spiritual ambiance, featuring a beautiful design. Crafted for durability and ease of care, it enhances various home settings and church spaces. The rug can be personalized, making it a thoughtful gift or a unique decorative element.</p><h3>Product Highlights</h3><ul><li>Features an inspirational faith floral design with personalized text options.</li><li>Soft polyester fabric with anti-slip backing for comfort and safety.</li><li>Wrinkle-resistant and fade-resistant for long-lasting appearance.</li><li>Suitable for a variety of indoor spaces including bedrooms and living rooms.</li><li>Enhances both spiritual and interior atmospheres.</li></ul><h3>Specifications</h3><table border=""1"" cellpadding=""6"" style=""border-collapse:collapse;width:100%""><tr><th align=""left"" width=""35%"">Attribute</th><th align=""left"">Value</th></tr><tr><td>Rug Form Type</td><td>Area Rug</td></tr><tr><td>Item Shape</td><td>Rectangular</td></tr><tr><td>Weave Type</td><td>Flat Woven</td></tr><tr><td>Pile Height</td><td>Low Pile</td></tr><tr><td>Construction Type</td><td>Machine Made</td></tr><tr><td>Indoor/Outdoor Usage</td><td>Indoor</td></tr><tr><td>Room Type</td><td>Entryways, Bedrooms, Living Rooms, Offices, Gamer Rooms, Reading Nooks, Church</td></tr><tr><td>Water Resistance Level</td><td>Not Water Resistant</td></tr><tr><td>Pattern</td><td>Floral</td></tr><tr><td>Theme</td><td>Faith, Christian</td></tr><tr><td>Style</td><td>Traditional</td></tr><tr><td>Number of Pieces</td><td>1</td></tr></table><h3>Material &amp; Care</h3><table border=""1"" cellpadding=""6"" style=""border-collapse:collapse;width:100%""><tr><th align=""left"" width=""35%"">Item</th><th align=""left"">Detail</th></tr><tr><td>Material Type</td><td>Memory Foam, Polyester Fabric</td></tr><tr><td>Backing Material</td><td>Cotton Blend, Anti-slip Backing</td></tr><tr><td>Care Instructions</td><td>Vacuum for quick cleaning, machine wash for deeper care</td></tr><tr><td>Cleaning Method</td><td>Vacuuming, Machine Wash</td></tr></table><h3>Where It Works</h3><p>This versatile rug is ideal for enhancing the decor of entryways, bedrooms, living rooms, offices, gamer rooms, and cozy reading nooks. It also serves as a suitable prayer rug or a decorative piece for church settings, fostering a spiritual and welcoming environment.</p>",CHILLGEN,,Rug,"amazon-parent-b0fss8xw1z, floral, home-decor, indoor, personalized, prayer, rectangular, rug, traditional",false,Choose Item Size,X-Small: 2x3ft,,,,,,,,AMZ-RUG-B0H4LMKDR4-1,0.0,,0,deny,manual,34.90,43.63,true,false,,,,,,https://cdn.shopify.com/s/files/1/1023/0068/0561/files/65d351e64b2422b1e08050cb392b20d6596275ed996d6534f3ab51f80faaa4ea.jpg?v=1789056003,1,"Custom Christian Rug with Name – Inspirational Faith Floral Area Carpet, Non-Skid Floor Mat for Bedroom, Living Room, Church Decor, Housewarming (Pink Roses)",false,,"This Traditional Christian rug with a faith floral pattern is personalizable and offers non-skid backing, ideal for indoor spaces.",,,,,,,,,,,,B0FSS8XW1Z,,,,,lb,,,draft
custom-our-lady-stained-glass-flowers-area-rug-non-skid,,,,,,,,,Small: 3x5ft,,,,,,,,AMZ-RUG-B0H4LMKDR4-2,0.0,,0,deny,manual,69.90,87.38,true,false,,,,,,https://cdn.shopify.com/s/files/1/1023/0068/0561/files/e4895bd391141c2bd71768cd622ff8d49f4dc761d1813b2bb257ed5954eb1edd.jpg?v=1789056002,2,"Custom Christian Rug with Name – Inspirational Faith Floral Area Carpet, Non-Skid Floor Mat for Bedroom, Living Room, Church Decor, Housewarming (Pink Roses)",,,,,,,,,,,,,,,,,,,,lb,,,
custom-our-lady-stained-glass-flowers-area-rug-non-skid,,,,,,,,,Medium: 4x6ft,,,,,,,,AMZ-RUG-B0H4LMKDR4-3,0.0,,0,deny,manual,104.90,131.13,true,false,,,,,,https://cdn.shopify.com/s/files/1/1023/0068/0561/files/65ef6663718e1801b3a106ea1c7dd99caebcbd8e4c4255be2dbca07220443783.jpg?v=1789056003,3,"Custom Christian Rug with Name – Inspirational Faith Floral Area Carpet, Non-Skid Floor Mat for Bedroom, Living Room, Church Decor, Housewarming (Pink Roses)",,,,,,,,,,,,,,,,,,,,lb,,,
custom-our-lady-stained-glass-flowers-area-rug-non-skid,,,,,,,,,Large: 5x8ft,,,,,,,,AMZ-RUG-B0H4LMKDR4-4,0.0,,0,deny,manual,139.90,174.88,true,false,,,,,,https://cdn.shopify.com/s/files/1/1023/0068/0561/files/fd27fd8147058d44409ab8556415bba05af8e06a0ba7d3a0a065003f1b2120e8.jpg?v=1789056002,4,"Custom Christian Rug with Name – Inspirational Faith Floral Area Carpet, Non-Skid Floor Mat for Bedroom, Living Room, Church Decor, Housewarming (Pink Roses)",,,,,,,,,,,,,,,,,,,,lb,,,
custom-our-lady-stained-glass-flowers-area-rug-non-skid,,,,,,,,,,,,,,,,,,,,,,,,,,,,,,,,https://cdn.shopify.com/s/files/1/1023/0068/0561/files/fe1898009a672ab6db43cd712080350f26af691bf751315f467076e99aed9205.jpg?v=1789056003,5,"Custom Christian Rug with Name – Inspirational Faith Floral Area Carpet, Non-Skid Floor Mat for Bedroom, Living Room, Church Decor, Housewarming (Pink Roses)",,,,,,,,,,,,,,,,,,,,,,,
custom-our-lady-stained-glass-flowers-area-rug-non-skid,,,,,,,,,,,,,,,,,,,,,,,,,,,,,,,,https://cdn.shopify.com/s/files/1/1023/0068/0561/files/cba85481b8d7d58ab6aa32a684d8caa3130b67a1901f59fd79103caa0141e695.jpg?v=1789056003,6,"Custom Christian Rug with Name – Inspirational Faith Floral Area Carpet, Non-Skid Floor Mat for Bedroom, Living Room, Church Decor, Housewarming (Pink Roses)",,,,,,,,,,,,,,,,,,,,,,,
custom-ornate-cross-vine-border-area-rug-non-skid,"Custom Ornate Cross Vine Border Area Rug, Non-Skid","<p>This inspirational faith floral area carpet offers a unique blend of comfort and spiritual decor. Designed with a traditional style, this rug features a non-skid backing for enhanced safety and durability. It serves as a versatile floor mat, suitable for various settings while adding a meaningful touch to any room.</p><h3>Product Highlights</h3><ul><li>Features an inspirational faith floral design</li><li>Can be personalized with a name or text</li><li>Soft polyester fabric for comfort</li><li>Anti-slip backing ensures safety</li><li>Versatile for home and church use</li><li>Wrinkle-resistant and fade-resistant for lasting beauty</li></ul><h3>Specifications</h3><table border=""1"" cellpadding=""6"" style=""border-collapse:collapse;width:100%""><tr><th align=""left"" width=""35%"">Attribute</th><th align=""left"">Value</th></tr><tr><td>Rug Form</td><td>Area Rug</td></tr><tr><td>Item Shape</td><td>Rectangular</td></tr><tr><td>Weave Type</td><td>Flat Woven</td></tr><tr><td>Pile Height</td><td>Low Pile</td></tr><tr><td>Construction Type</td><td>Machine Made</td></tr><tr><td>Indoor/Outdoor Usage</td><td>Indoor</td></tr><tr><td>Room Type</td><td>Bedroom, Living Room, Office, Gamer Room, Reading Nook, Church</td></tr><tr><td>Water Resistance</td><td>Not Water Resistant</td></tr><tr><td>Pattern</td><td>Floral</td></tr><tr><td>Theme</td><td>Faith, Christian</td></tr><tr><td>Style</td><td>Traditional</td></tr><tr><td>Number of Pieces</td><td>1</td></tr></table><h3>Material &amp; Care</h3><table border=""1"" cellpadding=""6"" style=""border-collapse:collapse;width:100%""><tr><th align=""left"" width=""35%"">Item</th><th align=""left"">Detail</th></tr><tr><td>Material Type</td><td>Memory Foam, Polyester</td></tr><tr><td>Backing Material</td><td>Cotton Blend</td></tr><tr><td>Care Instructions</td><td>Vacuum for quick cleaning or machine wash for deeper care</td></tr><tr><td>Cleaning Method</td><td>Vacuum, Machine Wash</td></tr></table><h3>Where It Works</h3><p>This versatile area rug is ideal for enhancing the ambiance of entryways, bedrooms, living rooms, offices, gamer rooms, and cozy reading nooks. It is also well-suited for use in meditation corners or as a decorative piece in churches, blending spiritual and interior atmospheres.</p>",CHILLGEN,,Rug,"amazon-parent-b0fss8xw1z, area rug, home-decor, indoor rug, machine-made rug, prayer rug, rectangular rug, rug, traditional rug",false,Choose Item Size,X-Small: 2x3ft,,,,,,,,AMZ-RUG-B0FSS12TVR-1,0.0,,0,deny,manual,34.90,43.63,true,false,,,,,,https://cdn.shopify.com/s/files/1/1023/0068/0561/files/a3d3ea5557965ee0f3fc1b4913e076ac803bc3621b934518362f45427cd8a4ed.jpg?v=1789056006,1,"Custom Christian Rug with Name – Inspirational Faith Floral Area Carpet, Non-Skid Floor Mat for Bedroom, Living Room, Church Decor, Housewarming (Corss Faith 07)",false,,"This Traditional Christian rug, made with Memory Foam, features an anti-slip backing for safety in any indoor space.",,,,,,,,,,,,B0FSS8XW1Z,,,,,lb,,,draft
custom-ornate-cross-vine-border-area-rug-non-skid,,,,,,,,,Small: 3x5ft,,,,,,,,AMZ-RUG-B0FSS12TVR-2,0.0,,0,deny,manual,69.90,87.38,true,false,,,,,,https://cdn.shopify.com/s/files/1/1023/0068/0561/files/42f4ebef64d2888ef2c286e3e1cf1ff03b3572746e66930f999e4b85b961a4ef.jpg?v=1789056006,2,"Custom Christian Rug with Name – Inspirational Faith Floral Area Carpet, Non-Skid Floor Mat for Bedroom, Living Room, Church Decor, Housewarming (Corss Faith 07)",,,,,,,,,,,,,,,,,,,,lb,,,
custom-ornate-cross-vine-border-area-rug-non-skid,,,,,,,,,Medium: 4x6ft,,,,,,,,AMZ-RUG-B0FSS12TVR-3,0.0,,0,deny,manual,104.90,131.13,true,false,,,,,,https://cdn.shopify.com/s/files/1/1023/0068/0561/files/be0d202629522da56f41ec23f91c4b1c0ddff38481598932e022f8874020d9c1.jpg?v=1789056006,3,"Custom Christian Rug with Name – Inspirational Faith Floral Area Carpet, Non-Skid Floor Mat for Bedroom, Living Room, Church Decor, Housewarming (Corss Faith 07)",,,,,,,,,,,,,,,,,,,,lb,,,
custom-ornate-cross-vine-border-area-rug-non-skid,,,,,,,,,Large: 5x8ft,,,,,,,,AMZ-RUG-B0FSS12TVR-4,0.0,,0,deny,manual,139.90,174.88,true,false,,,,,,https://cdn.shopify.com/s/files/1/1023/0068/0561/files/1eea93198b319183e3a72ee5abc920b226c3d1c2c211e859e9f3be56d97923c3.jpg?v=1789056006,4,"Custom Christian Rug with Name – Inspirational Faith Floral Area Carpet, Non-Skid Floor Mat for Bedroom, Living Room, Church Decor, Housewarming (Corss Faith 07)",,,,,,,,,,,,,,,,,,,,lb,,,
custom-ornate-cross-vine-border-area-rug-non-skid,,,,,,,,,,,,,,,,,,,,,,,,,,,,,,,,https://cdn.shopify.com/s/files/1/1023/0068/0561/files/6c2767fc87678729973d7a76363a25f440bb36e556f067b6f56b0b0266ad43f9.jpg?v=1789056006,5,"Custom Christian Rug with Name – Inspirational Faith Floral Area Carpet, Non-Skid Floor Mat for Bedroom, Living Room, Church Decor, Housewarming (Corss Faith 07)",,,,,,,,,,,,,,,,,,,,,,,
custom-ornate-cross-vine-border-area-rug-non-skid,,,,,,,,,,,,,,,,,,,,,,,,,,,,,,,,https://cdn.shopify.com/s/files/1/1023/0068/0561/files/858895a9802d480ced58aa726cde92cdd6f0e8c877fb386c9458df3875a8cb1d.jpg?v=1789056006,6,"Custom Christian Rug with Name – Inspirational Faith Floral Area Carpet, Non-Skid Floor Mat for Bedroom, Living Room, Church Decor, Housewarming (Corss Faith 07)",,,,,,,,,,,,,,,,,,,,,,,
custom-ornate-cross-area-rug-non-skid-church-decor-design-01,"Custom Ornate Cross Area Rug, Non-Skid, Church Decor - Design 01","<p>This inspirational faith floral area rug offers a blend of comfort and spiritual decor for your home. Crafted with soft polyester fabric, it features an anti-slip backing for safety and can be personalized with a name or special message. Ideal for enhancing the atmosphere in various rooms, this rug serves as both a decorative piece and a meaningful accent.</p><h3>Product Highlights</h3><ul><li>Features an inspirational faith floral design.</li><li>Offers personalization with a name or text.</li><li>Made with soft polyester fabric for comfort.</li><li>Equipped with an anti-slip backing for safety.</li><li>Suitable for a variety of indoor spaces.</li><li>Wrinkle-resistant and fade-resistant for lasting beauty.</li></ul><h3>Specifications</h3><table border=""1"" cellpadding=""6"" style=""border-collapse:collapse;width:100%""><tr><th align=""left"" width=""35%"">Attribute</th><th align=""left"">Value</th></tr><tr><td>Rug Form Type</td><td>Area Rug</td></tr><tr><td>Item Shape</td><td>Rectangular</td></tr><tr><td>Weave Type</td><td>Flat Woven</td></tr><tr><td>Pile Height</td><td>Low Pile</td></tr><tr><td>Construction Type</td><td>Machine Made</td></tr><tr><td>Indoor/Outdoor Usage</td><td>Indoor</td></tr><tr><td>Room Type</td><td>Entryways, Bedrooms, Living Rooms, Offices, Gamer Rooms, Reading Nooks, Church</td></tr><tr><td>Water Resistance Level</td><td>Not Water Resistant</td></tr><tr><td>Pattern</td><td>Floral</td></tr><tr><td>Theme</td><td>Christian, Faith</td></tr><tr><td>Style Name</td><td>Traditional</td></tr><tr><td>Number of Pieces</td><td>1</td></tr></table><h3>Material &amp; Care</h3><table border=""1"" cellpadding=""6"" style=""border-collapse:collapse;width:100%""><tr><th align=""left"" width=""35%"">Item</th><th align=""left"">Detail</th></tr><tr><td>Material Type</td><td>Memory Foam</td></tr><tr><td>Back Material Type</td><td>Cotton Blend</td></tr><tr><td>Care Instructions</td><td>Vacuum for quick cleaning or machine wash for deeper care.</td></tr></table><h3>Where It Works</h3><p>This versatile area rug is perfect for entryways, bedrooms, living rooms, and offices, adding a touch of inspirational decor. It also works well in gamer rooms, cozy reading nooks, or as a decorative piece in a church, enhancing both comfort and spiritual ambiance.</p>",CHILLGEN,Uncategorized,Rug,"amazon-parent-b0fss8xw1z, area-rug, faith-rug, floral-rug, home-decor, personalized-rug, rectangular-rug, rug, traditional-rug",false,Choose Item Size,X-Small: 2x3ft,,,,,,,,AMZ-RUG-B0H4L2Y5H7-1,0.0,,0,deny,manual,34.90,43.63,true,false,,,,,,https://cdn.shopify.com/s/files/1/1023/0068/0561/files/a19e946881a35f96a697dcf950d57c7fb62222e5490fd88ab7d3a437b8071563.jpg?v=1789056007,1,"Custom Christian Rug with Name – Inspirational Faith Floral Area Carpet, Non-Skid Floor Mat for Bedroom, Living Room, Church Decor, Housewarming (Gothic Faith)",false,,"This traditional Christian rug with a faith floral design features personalization and an anti-slip backing, perfect for living rooms or church decor.",,,,,,,,,,,,B0FSS8XW1Z,,,,,lb,,,draft
custom-ornate-cross-area-rug-non-skid-church-decor-design-01,,,,,,,,,Small: 3x5ft,,,,,,,,AMZ-RUG-B0H4L2Y5H7-2,0.0,,0,deny,manual,69.90,87.38,true,false,,,,,,https://cdn.shopify.com/s/files/1/1023/0068/0561/files/af5303bb55083d30f3213046e80f2902071ce9adf0652da1056982f538573fb6.jpg?v=1789056007,2,"Custom Christian Rug with Name – Inspirational Faith Floral Area Carpet, Non-Skid Floor Mat for Bedroom, Living Room, Church Decor, Housewarming (Gothic Faith)",,,,,,,,,,,,,,,,,,,,lb,,,
custom-ornate-cross-area-rug-non-skid-church-decor-design-01,,,,,,,,,Medium: 4x6ft,,,,,,,,AMZ-RUG-B0H4L2Y5H7-3,0.0,,0,deny,manual,104.90,131.13,true,false,,,,,,https://cdn.shopify.com/s/files/1/1023/0068/0561/files/6098422ec3ae974291a36de5ca50e892e1f4b9f900d628acac2ca38def74ab7d.jpg?v=1789056007,3,"Custom Christian Rug with Name – Inspirational Faith Floral Area Carpet, Non-Skid Floor Mat for Bedroom, Living Room, Church Decor, Housewarming (Gothic Faith)",,,,,,,,,,,,,,,,,,,,lb,,,
custom-ornate-cross-area-rug-non-skid-church-decor-design-01,,,,,,,,,Large: 5x8ft,,,,,,,,AMZ-RUG-B0H4L2Y5H7-4,0.0,,0,deny,manual,139.90,174.88,true,false,,,,,,https://cdn.shopify.com/s/files/1/1023/0068/0561/files/24b5850acea80c0ddf1349d41e7e21d5c072209a4f09d908d13d710eb3e186d5.jpg?v=1789056007,4,"Custom Christian Rug with Name – Inspirational Faith Floral Area Carpet, Non-Skid Floor Mat for Bedroom, Living Room, Church Decor, Housewarming (Gothic Faith)",,,,,,,,,,,,,,,,,,,,lb,,,
custom-ornate-cross-area-rug-non-skid-church-decor-design-01,,,,,,,,,,,,,,,,,,,,,,,,,,,,,,,,https://cdn.shopify.com/s/files/1/1023/0068/0561/files/6f32b400285e98b29f11f2824781692ead917d13357703f413ae9a198e245717.jpg?v=1789056007,5,"Custom Christian Rug with Name – Inspirational Faith Floral Area Carpet, Non-Skid Floor Mat for Bedroom, Living Room, Church Decor, Housewarming (Gothic Faith)",,,,,,,,,,,,,,,,,,,,,,,
custom-ornate-cross-area-rug-non-skid-church-decor-design-01,,,,,,,,,,,,,,,,,,,,,,,,,,,,,,,,https://cdn.shopify.com/s/files/1/1023/0068/0561/files/29bd60f2e48a647a31aec76f6b0ae1083d297d482eec64079156c7ec9bf4dc0e.jpg?v=1789056007,6,"Custom Christian Rug with Name – Inspirational Faith Floral Area Carpet, Non-Skid Floor Mat for Bedroom, Living Room, Church Decor, Housewarming (Gothic Faith)",,,,,,,,,,,,,,,,,,,,,,,
personalized-bigfoot-under-the-moon-area-rug-home-decor,"Personalized Bigfoot Under The Moon Area Rug, Home Decor","<p>Bring the wild outdoors into your home with this high-quality area rug. Featuring a detailed Bigfoot or Sasquatch design, this rug is perfect for adding personality and a touch of adventure to your space. It adds rustic charm to any room, ideal for those who appreciate the beauty of the forest and wildlife.</p><h3>Product Highlights</h3><ul><li>Features a unique Bigfoot or Sasquatch design.</li><li>Offers durability and comfort with premium materials.</li><li>Non-slip backing ensures safety.</li><li>Soft surface provides a cozy feel underfoot.</li><li>Designed for low maintenance and easy cleaning.</li></ul><h3>Specifications</h3><table border=""1"" cellpadding=""6"" style=""border-collapse:collapse;width:100%""><tr><th align=""left"" width=""35%"">Attribute</th><th align=""left"">Value</th></tr><tr><td>Rug Form</td><td>Area Rug</td></tr><tr><td>Item Shape</td><td>Rectangular</td></tr><tr><td>Weave Type</td><td>Machine-Made</td></tr><tr><td>Pile Height</td><td>Low Pile</td></tr><tr><td>Construction Type</td><td>Machine Made</td></tr><tr><td>Indoor/Outdoor Usage</td><td>Indoor</td></tr><tr><td>Room Type</td><td>Living Room, Bedroom, Cabin</td></tr><tr><td>Water Resistance</td><td>Not Water Resistant</td></tr><tr><td>Pattern</td><td>Bigfoot</td></tr><tr><td>Theme</td><td>Outdoor Adventure, Wildlife</td></tr><tr><td>Style</td><td>Rustic</td></tr><tr><td>Number of Pieces</td><td>1</td></tr></table><h3>Material &amp; Care</h3><table border=""1"" cellpadding=""6"" style=""border-collapse:collapse;width:100%""><tr><th align=""left"" width=""35%"">Item</th><th align=""left"">Detail</th></tr><tr><td>Material Type</td><td>Sponge - Memory Foam</td></tr><tr><td>Backing Material</td><td>High-quality Epoxy</td></tr><tr><td>Product Care Instructions</td><td>Spot Clean Only</td></tr><tr><td>Cleaning Method</td><td>Regular vacuuming or gentle washing</td></tr></table><h3>Where It Works</h3><p>This area rug is suitable for various indoor spaces, including living rooms, bedrooms, and cabins. Its unique design makes it an ideal addition for nature lovers and those looking to enhance their home decor with a rustic, adventurous theme.</p>",CHILLGEN,Arts & Entertainment > Hobbies & Creative Arts > Arts & Crafts > Crafting Patterns & Molds > Sewing Patterns > Home Decor Sewing Patterns,Rug,"amazon-parent-b0fgx9tg5n, bedroom, bigfoot, home-decor, living-room, rectangular, rug, rustic, sasquatch",false,Choose Size,X-Small: 2x3ft,,,,,,,,AMZ-RUG-B0FGX76TGP-1,0.0,,0,deny,manual,34.90,46.53,true,false,,,,,,https://cdn.shopify.com/s/files/1/1023/0068/0561/files/802d1ab8924779089cce5fd13f4671a8cae7d40b6bb513ae54f4265bfe8a2eeb.jpg?v=1789056694,1,Personalized Bigfoot Area Rug Sasquatch Rug Unique Outdoor Adventure for Home Décor Living Room Bedroom (Bigfoot and Moon),false,,"Rustic area rug with a unique Bigfoot design and non-slip backing, perfect for indoor living rooms, bedrooms, or cabins.",3697,,,,,,,,,,,B0FGX9TG5N,,,,,lb,,,draft
personalized-bigfoot-under-the-moon-area-rug-home-decor,,,,,,,,,Small: 3x5ft,,,,,,,,AMZ-RUG-B0FGX76TGP-2,0.0,,0,deny,manual,69.85,93.13,true,false,,,,,,https://cdn.shopify.com/s/files/1/1023/0068/0561/files/e0acef5602288008626b7adefde947121e66b7d7e515e490dd741f3b325b7059.jpg?v=1789056694,2,Personalized Bigfoot Area Rug Sasquatch Rug Unique Outdoor Adventure for Home Décor Living Room Bedroom (Bigfoot and Moon),,,,,,,,,,,,,,,,,,,,lb,,,
personalized-bigfoot-under-the-moon-area-rug-home-decor,,,,,,,,,Medium: 4x6ft,,,,,,,,AMZ-RUG-B0FGX76TGP-3,0.0,,0,deny,manual,104.85,139.80,true,false,,,,,,https://cdn.shopify.com/s/files/1/1023/0068/0561/files/2f0272c7eb37f05a0e7e361ebe545f55a8af3fe651d23283c4edc402ab66dfef.jpg?v=1789056694,3,Personalized Bigfoot Area Rug Sasquatch Rug Unique Outdoor Adventure for Home Décor Living Room Bedroom (Bigfoot and Moon),,,,,,,,,,,,,,,,,,,,lb,,,
personalized-bigfoot-under-the-moon-area-rug-home-decor,,,,,,,,,Large: 5x8ft,,,,,,,,AMZ-RUG-B0FGX76TGP-4,0.0,,0,deny,manual,139.85,186.47,true,false,,,,,,https://cdn.shopify.com/s/files/1/1023/0068/0561/files/67be75f96ac19164595aee5835809dffa044cbebfb59f5ddbe893f861ecc9b67.jpg?v=1789056694,4,Personalized Bigfoot Area Rug Sasquatch Rug Unique Outdoor Adventure for Home Décor Living Room Bedroom (Bigfoot and Moon),,,,,,,,,,,,,,,,,,,,lb,,,
personalized-bigfoot-under-the-moon-area-rug-home-decor,,,,,,,,,,,,,,,,,,,,,,,,,,,,,,,,https://cdn.shopify.com/s/files/1/1023/0068/0561/files/81aa8854192e7c6fe60ced4a753f3156a2ed50f9e96b608a3654c919d2fbab8f.jpg?v=1789056694,5,Personalized Bigfoot Area Rug Sasquatch Rug Unique Outdoor Adventure for Home Décor Living Room Bedroom (Bigfoot and Moon),,,,,,,,,,,,,,,,,,,,,,,
personalized-bigfoot-under-the-moon-area-rug-home-decor,,,,,,,,,,,,,,,,,,,,,,,,,,,,,,,,https://cdn.shopify.com/s/files/1/1023/0068/0561/files/2ce9b922fb732f39cf74398728bdbd34eb8bee36838e9466a0a2a4657d49d574.jpg?v=1789056694,6,Personalized Bigfoot Area Rug Sasquatch Rug Unique Outdoor Adventure for Home Décor Living Room Bedroom (Bigfoot and Moon),,,,,,,,,,,,,,,,,,,,,,,
personalized-stained-glass-bigfoot-forest-area-rug-non-slip-backing,"Personalized Stained Glass Bigfoot Forest Area Rug, Non-Slip Backing","<p>This high-quality area rug features a unique Bigfoot design, bringing a touch of outdoor adventure into your home. It's a perfect blend of personality and rustic charm, suitable for various living spaces.</p><h3>Product Highlights</h3><ul><li>Features a detailed Sasquatch design for a unique look.</li><li>Offers durability and comfort with premium materials.</li><li>Non-slip backing ensures safety.</li><li>Soft surface provides a cozy feel underfoot.</li><li>Designed for low maintenance and easy cleaning.</li></ul><h3>Specifications</h3><table border=""1"" cellpadding=""6"" style=""border-collapse:collapse;width:100%""><tr><th align=""left"" width=""35%"">Attribute</th><th align=""left"">Value</th></tr><tr><td>Rug Form</td><td>Area Rug</td></tr><tr><td>Item Shape</td><td>Rectangular</td></tr><tr><td>Weave Type</td><td>Machine-Made</td></tr><tr><td>Pile Height</td><td>Low Pile</td></tr><tr><td>Construction Type</td><td>Machine Made</td></tr><tr><td>Indoor/Outdoor Usage</td><td>Indoor</td></tr><tr><td>Room Type</td><td>Living Room, Bedroom, Cabin</td></tr><tr><td>Water Resistance</td><td>Not Water Resistant</td></tr><tr><td>Pattern</td><td>Bigfoot</td></tr><tr><td>Theme</td><td>Bigfoot, Sasquatch, Outdoor Adventure, Nature, Wildlife</td></tr><tr><td>Style</td><td>Rustic</td></tr><tr><td>Number of Pieces</td><td>1</td></tr></table><h3>Material &amp; Care</h3><table border=""1"" cellpadding=""6"" style=""border-collapse:collapse;width:100%""><tr><th align=""left"" width=""35%"">Item</th><th align=""left"">Detail</th></tr><tr><td>Material Type</td><td>Sponge - Memory Foam</td></tr><tr><td>Backing Material</td><td>High-quality Epoxy</td></tr><tr><td>Care Instructions</td><td>Spot Clean Only</td></tr><tr><td>Cleaning Method</td><td>Regular vacuuming or gentle washing</td></tr></table><h3>Where It Works</h3><p>This area rug is an excellent choice for adding rustic charm to your living room, bedroom, or cabin. It's ideal for those who appreciate the beauty of the forest and wildlife.</p>",CHILLGEN,Hardware > Building Materials > Staircases,Rug,"amazon-parent-b0fgx9tg5n, area-rug, bigfoot, home-decor, indoor, rectangular, rug, rustic, sasquatch",false,Choose Size,X-Small: 2x3ft,,,,,,,,AMZ-RUG-B0FGX6VZFF-1,0.0,,0,deny,manual,34.90,46.53,true,false,,,,,,https://cdn.shopify.com/s/files/1/1023/0068/0561/files/bb9c8fe6e770d4e32d760a1c4402abf549203805d599748703504e362e919708.jpg?v=1789056694,1,Personalized Bigfoot Area Rug Sasquatch Rug Unique Outdoor Adventure for Home Décor Living Room Bedroom (Bigfoot Stained Glass),false,,"This rustic Bigfoot area rug with a non-slip backing offers comfort and personality, perfect for indoor spaces like living rooms.",7004,,,,,,,,,,,B0FGX9TG5N,,,,,lb,,,draft
personalized-stained-glass-bigfoot-forest-area-rug-non-slip-backing,,,,,,,,,Small: 3x5ft,,,,,,,,AMZ-RUG-B0FGX6VZFF-2,0.0,,0,deny,manual,69.85,93.13,true,false,,,,,,https://cdn.shopify.com/s/files/1/1023/0068/0561/files/7957430fb0c836cb6e53c3c6940dbe7e1ac486a7d66dc4e6e6491135783fd355.jpg?v=1789056694,2,Personalized Bigfoot Area Rug Sasquatch Rug Unique Outdoor Adventure for Home Décor Living Room Bedroom (Bigfoot Stained Glass),,,,,,,,,,,,,,,,,,,,lb,,,
personalized-stained-glass-bigfoot-forest-area-rug-non-slip-backing,,,,,,,,,Medium: 4x6ft,,,,,,,,AMZ-RUG-B0FGX6VZFF-3,0.0,,0,deny,manual,104.85,139.80,true,false,,,,,,https://cdn.shopify.com/s/files/1/1023/0068/0561/files/aef7ced23a8bb98e3e0df5c561370e3e7005689e327b84a6c898316c325ccc74.jpg?v=1789056694,3,Personalized Bigfoot Area Rug Sasquatch Rug Unique Outdoor Adventure for Home Décor Living Room Bedroom (Bigfoot Stained Glass),,,,,,,,,,,,,,,,,,,,lb,,,
personalized-stained-glass-bigfoot-forest-area-rug-non-slip-backing,,,,,,,,,Large: 5x8ft,,,,,,,,AMZ-RUG-B0FGX6VZFF-4,0.0,,0,deny,manual,139.85,186.47,true,false,,,,,,https://cdn.shopify.com/s/files/1/1023/0068/0561/files/e7c8bef067e2716bdcaa3b2e25507274b4e0f8076e86c732f511a1971f76d096.jpg?v=1789056694,4,Personalized Bigfoot Area Rug Sasquatch Rug Unique Outdoor Adventure for Home Décor Living Room Bedroom (Bigfoot Stained Glass),,,,,,,,,,,,,,,,,,,,lb,,,
personalized-stained-glass-bigfoot-forest-area-rug-non-slip-backing,,,,,,,,,,,,,,,,,,,,,,,,,,,,,,,,https://cdn.shopify.com/s/files/1/1023/0068/0561/files/e0acef5602288008626b7adefde947121e66b7d7e515e490dd741f3b325b7059_5674d1ee-3f9c-4352-8873-a58a54c528fb.jpg?v=1789056694,5,Personalized Bigfoot Area Rug Sasquatch Rug Unique Outdoor Adventure for Home Décor Living Room Bedroom (Bigfoot Stained Glass),,,,,,,,,,,,,,,,,,,,,,,
personalized-stained-glass-bigfoot-forest-area-rug-non-slip-backing,,,,,,,,,,,,,,,,,,,,,,,,,,,,,,,,https://cdn.shopify.com/s/files/1/1023/0068/0561/files/0c321e08123fb680517145a27f439f836e5fdcf7da710f633e8fe10d67c608a0.jpg?v=1789056694,6,Personalized Bigfoot Area Rug Sasquatch Rug Unique Outdoor Adventure for Home Décor Living Room Bedroom (Bigfoot Stained Glass),,,,,,,,,,,,,,,,,,,,,,,
personalized-bigfoot-peace-sign-forest-area-rug-home-decor-bigfoot,"Personalized Bigfoot Peace Sign Forest Area Rug, Home Decor - Bigfoot","<p>Bring the wild outdoors into your home with this unique area rug. Featuring a detailed Bigfoot design, this rug adds personality and a touch of adventure to your space. It's an ideal choice for nature lovers looking to incorporate rustic charm into their home decor.</p><h3>Product Highlights</h3><ul><li>Unique Bigfoot and Sasquatch design for outdoor enthusiasts.</li><li>Durable construction ensures lasting quality.</li><li>Soft surface provides a comfortable feel underfoot.</li><li>Non-slip backing enhances safety in any room.</li><li>Easy to clean for convenient low maintenance.</li></ul><h3>Specifications</h3><table border=""1"" cellpadding=""6"" style=""border-collapse:collapse;width:100%""><tr><th align=""left"" width=""35%"">Attribute</th><th align=""left"">Value</th></tr><tr><td>Rug Form</td><td>Area Rug</td></tr><tr><td>Item Shape</td><td>Rectangular</td></tr><tr><td>Weave Type</td><td>Machine-Made</td></tr><tr><td>Pile Height</td><td>Low Pile</td></tr><tr><td>Construction Type</td><td>Machine Made</td></tr><tr><td>Indoor/Outdoor Usage</td><td>Indoor</td></tr><tr><td>Room Type</td><td>Living Room, Bedroom, Cabin</td></tr><tr><td>Pattern</td><td>Bigfoot</td></tr><tr><td>Theme</td><td>Bigfoot</td></tr><tr><td>Style</td><td>Rustic</td></tr><tr><td>Number of Pieces</td><td>1</td></tr></table><h3>Material &amp; Care</h3><table border=""1"" cellpadding=""6"" style=""border-collapse:collapse;width:100%""><tr><th align=""left"" width=""35%"">Item</th><th align=""left"">Detail</th></tr><tr><td>Material Type</td><td>Sponge - Memory Foam</td></tr><tr><td>Backing Material</td><td>High-quality Epoxy</td></tr><tr><td>Care Instructions</td><td>Spot Clean Only</td></tr></table><h3>Where It Works</h3><p>This area rug is suitable for various indoor spaces, including living rooms, bedrooms, and cabins, bringing a touch of rustic charm and adventure to any setting.</p>",CHILLGEN,Arts & Entertainment > Hobbies & Creative Arts > Arts & Crafts > Crafting Patterns & Molds > Sewing Patterns > Home Decor Sewing Patterns,Rug,"amazon-parent-b0fgx9tg5n, bigfoot, home-decor, indoor, low-pile, rectangular, rug, rustic, sasquatch",false,Choose Size,X-Small: 2x3ft,,,,,,,,AMZ-RUG-B0FGX7Y866-1,0.0,,0,deny,manual,34.90,46.53,true,false,,,,,,https://cdn.shopify.com/s/files/1/1023/0068/0561/files/f53ccfd22e08ba38a7160e080ba37ec28dc78478ac49af1020c9a1666f7e47fc.jpg?v=1789056697,1,"Personalized Bigfoot Peace Sign Forest Area Rug, Home Decor",false,,"Rustic Bigfoot area rug with a non-slip backing, made from sponge-memory foam, ideal for living rooms, bedrooms, or cabins.",3697,,,,,,,,,,,B0FGX9TG5N,,,,,lb,,,draft
personalized-bigfoot-peace-sign-forest-area-rug-home-decor-bigfoot,,,,,,,,,Small: 3x5ft,,,,,,,,AMZ-RUG-B0FGX7Y866-2,0.0,,0,deny,manual,69.85,93.13,true,false,,,,,,https://cdn.shopify.com/s/files/1/1023/0068/0561/files/e0acef5602288008626b7adefde947121e66b7d7e515e490dd741f3b325b7059_df9ce007-b8ff-4672-b9a5-de66acadfdbf.jpg?v=1789056697,2,"Personalized Bigfoot Peace Sign Forest Area Rug, Home Decor",,,,,,,,,,,,,,,,,,,,lb,,,
personalized-bigfoot-peace-sign-forest-area-rug-home-decor-bigfoot,,,,,,,,,Medium: 4x6ft,,,,,,,,AMZ-RUG-B0FGX7Y866-3,0.0,,0,deny,manual,104.85,139.80,true,false,,,,,,https://cdn.shopify.com/s/files/1/1023/0068/0561/files/6dcd0b603e33e412db42d7fdd2f71f3a72449de5b5f1c50dd8e6b2fc22079a67.jpg?v=1789056697,3,"Personalized Bigfoot Peace Sign Forest Area Rug, Home Decor",,,,,,,,,,,,,,,,,,,,lb,,,
personalized-bigfoot-peace-sign-forest-area-rug-home-decor-bigfoot,,,,,,,,,Large: 5x8ft,,,,,,,,AMZ-RUG-B0FGX7Y866-4,0.0,,0,deny,manual,139.85,186.47,true,false,,,,,,https://cdn.shopify.com/s/files/1/1023/0068/0561/files/4da1a0dfca39f2c8e50d3a5a8d9f0f35eca8408a3012bf554cca411568614b2a.jpg?v=1789056697,4,"Personalized Bigfoot Peace Sign Forest Area Rug, Home Decor",,,,,,,,,,,,,,,,,,,,lb,,,
personalized-bigfoot-peace-sign-forest-area-rug-home-decor-bigfoot,,,,,,,,,,,,,,,,,,,,,,,,,,,,,,,,https://cdn.shopify.com/s/files/1/1023/0068/0561/files/4ac31b14bea5b99c41bed24f8e12f0c67f88f8d5897d1d91113dc7a34ced3838.jpg?v=1789056697,5,"Personalized Bigfoot Peace Sign Forest Area Rug, Home Decor",,,,,,,,,,,,,,,,,,,,,,,
personalized-bigfoot-peace-sign-forest-area-rug-home-decor-bigfoot,,,,,,,,,,,,,,,,,,,,,,,,,,,,,,,,https://cdn.shopify.com/s/files/1/1023/0068/0561/files/9b3ee8ac16abd9bc9cbc69604d989c11f147eb40da31ba008ebe69c61f9ad9f7.jpg?v=1789056697,6,"Personalized Bigfoot Peace Sign Forest Area Rug, Home Decor",,,,,,,,,,,,,,,,,,,,,,,
personalized-bigfoot-silhouette-with-full-moon-area-rug-design-01,Personalized Bigfoot Silhouette with Full Moon Area Rug - Design 01,"<p>This area rug features a unique Bigfoot design, adding a touch of adventure and personality to any room. Crafted for durability and comfort, it brings a rustic charm to your home. This rug is an ideal choice for nature enthusiasts looking to enhance their living space.</p><h3>Product Highlights</h3><ul><li>Detailed Sasquatch design for a distinctive look.</li><li>Non-slip backing for enhanced safety.</li><li>Soft surface provides a cozy feel underfoot.</li><li>Designed for low maintenance and easy cleaning.</li><li>Adds rustic charm to various room settings.</li></ul><h3>Specifications</h3><table border=""1"" cellpadding=""6"" style=""border-collapse:collapse;width:100%""><tr><th align=""left"" width=""35%"">Attribute</th><th align=""left"">Value</th></tr><tr><td>Rug Form</td><td>Area Rug</td></tr><tr><td>Item Shape</td><td>Rectangular</td></tr><tr><td>Weave Type</td><td>Machine-Made</td></tr><tr><td>Pile Height</td><td>Low Pile</td></tr><tr><td>Construction Type</td><td>Machine Made</td></tr><tr><td>Indoor/Outdoor Usage</td><td>Indoor</td></tr><tr><td>Room Type</td><td>Living Room, Bedroom, Cabin</td></tr><tr><td>Water Resistance</td><td>Not Water Resistant</td></tr><tr><td>Pattern</td><td>Bigfoot</td></tr><tr><td>Theme</td><td>Bigfoot, Sasquatch, Outdoor Adventure, Nature, Wildlife</td></tr><tr><td>Style</td><td>Rustic</td></tr><tr><td>Number of Pieces</td><td>1</td></tr></table><h3>Material &amp; Care</h3><table border=""1"" cellpadding=""6"" style=""border-collapse:collapse;width:100%""><tr><th align=""left"" width=""35%"">Item</th><th align=""left"">Detail</th></tr><tr><td>Material Type</td><td>Sponge - Memory Foam</td></tr><tr><td>Backing Material</td><td>High-quality Epoxy</td></tr><tr><td>Product Care Instructions</td><td>Spot Clean Only</td></tr></table><h3>Where It Works</h3><p>This rug is well-suited for adding a unique touch to living rooms, bedrooms, or cabins. Its rustic theme makes it perfect for spaces that appreciate nature and wildlife aesthetics.</p>",CHILLGEN,Arts & Entertainment > Hobbies & Creative Arts > Arts & Crafts > Crafting Patterns & Molds > Sewing Patterns > Home Decor Sewing Patterns,Rug,"amazon-parent-b0fgx9tg5n, bigfoot, home-decor, indoor, low-pile, rectangular, rug, rustic, sasquatch",false,Choose Size,X-Small: 2x3ft,,,,,,,,AMZ-RUG-B0FGX7PXBT-1,0.0,,0,deny,manual,34.90,46.53,true,false,,,,,,https://cdn.shopify.com/s/files/1/1023/0068/0561/files/16e4c6103c618ffd0cce821cbe57d573e1f4384e2e5e29219ad8840afa1e3fc8.jpg?v=1789056742,1,Personalized Bigfoot Area Rug Sasquatch Rug Unique Outdoor Adventure for Home Décor Living Room Bedroom (Bigfoot & Moon),false,,"Rustic Bigfoot area rug with a non-slip backing, made of sponge-memory foam, ideal for indoor living rooms or bedrooms.",3697,,,,,,,,,,,B0FGX9TG5N,,,,,lb,,,draft
personalized-bigfoot-silhouette-with-full-moon-area-rug-design-01,,,,,,,,,Small: 3x5ft,,,,,,,,AMZ-RUG-B0FGX7PXBT-2,0.0,,0,deny,manual,69.85,93.13,true,false,,,,,,https://cdn.shopify.com/s/files/1/1023/0068/0561/files/b1e1596b6e0bf74efa836269d0ba2929aaad6db60eefb7628fc0686ad7376a08.jpg?v=1789056742,2,Personalized Bigfoot Area Rug Sasquatch Rug Unique Outdoor Adventure for Home Décor Living Room Bedroom (Bigfoot & Moon),,,,,,,,,,,,,,,,,,,,lb,,,
personalized-bigfoot-silhouette-with-full-moon-area-rug-design-01,,,,,,,,,Medium: 4x6ft,,,,,,,,AMZ-RUG-B0FGX7PXBT-3,0.0,,0,deny,manual,104.85,139.80,true,false,,,,,,https://cdn.shopify.com/s/files/1/1023/0068/0561/files/b6ca9af96198dbee6408b1686fbd7fe654ff6555a59a4908fe1ed474f2cd2448.jpg?v=1789056742,3,Personalized Bigfoot Area Rug Sasquatch Rug Unique Outdoor Adventure for Home Décor Living Room Bedroom (Bigfoot & Moon),,,,,,,,,,,,,,,,,,,,lb,,,
personalized-bigfoot-silhouette-with-full-moon-area-rug-design-01,,,,,,,,,Large: 5x8ft,,,,,,,,AMZ-RUG-B0FGX7PXBT-4,0.0,,0,deny,manual,139.85,186.47,true,false,,,,,,https://cdn.shopify.com/s/files/1/1023/0068/0561/files/e0acef5602288008626b7adefde947121e66b7d7e515e490dd741f3b325b7059_6e8d5ed8-581d-404d-9f14-7645538473e2.jpg?v=1789056742,4,Personalized Bigfoot Area Rug Sasquatch Rug Unique Outdoor Adventure for Home Décor Living Room Bedroom (Bigfoot & Moon),,,,,,,,,,,,,,,,,,,,lb,,,
personalized-bigfoot-silhouette-with-full-moon-area-rug-design-01,,,,,,,,,,,,,,,,,,,,,,,,,,,,,,,,https://cdn.shopify.com/s/files/1/1023/0068/0561/files/3db91b5b62ee6ae62270d13eb0a2dd7f1f5f74d53d44da0a50718aa8c57a6906.jpg?v=1789056742,5,Personalized Bigfoot Area Rug Sasquatch Rug Unique Outdoor Adventure for Home Décor Living Room Bedroom (Bigfoot & Moon),,,,,,,,,,,,,,,,,,,,,,,
personalized-bigfoot-silhouette-with-full-moon-area-rug-design-01,,,,,,,,,,,,,,,,,,,,,,,,,,,,,,,,https://cdn.shopify.com/s/files/1/1023/0068/0561/files/c295d277238a7ca8b8674e2aecfe6df65db06f215592c1ae97175f405d1469c5.jpg?v=1789056742,6,Personalized Bigfoot Area Rug Sasquatch Rug Unique Outdoor Adventure for Home Décor Living Room Bedroom (Bigfoot & Moon),,,,,,,,,,,,,,,,,,,,,,,
personalized-bigfoot-silhouette-full-moon-forest-area-rug,Personalized Bigfoot Silhouette Full Moon Forest Area Rug,"<p>This Bigfoot area rug brings a unique outdoor adventure theme to your living space. Featuring a detailed Sasquatch design, this rug is ideal for adding personality and rustic charm. It is designed for indoor use, providing both comfort and a touch of wilderness to any room.</p><h3>Product Highlights</h3><ul><li>Features a detailed Sasquatch design for an adventurous theme.</li><li>Adds rustic charm to various indoor settings.</li><li>Constructed with durable materials for longevity.</li><li>Equipped with a non-slip backing for safety.</li><li>Offers a soft surface for a cozy underfoot feel.</li><li>Designed for easy maintenance with simple cleaning methods.</li></ul><h3>Specifications</h3><table border=""1"" cellpadding=""6"" style=""border-collapse:collapse;width:100%""><tr><th align=""left"" width=""35%"">Attribute</th><th align=""left"">Value</th></tr><tr><td>Rug Form</td><td>Area Rug</td></tr><tr><td>Item Shape</td><td>Rectangular</td></tr><tr><td>Weave Type</td><td>Machine-Made</td></tr><tr><td>Pile Height</td><td>Low Pile</td></tr><tr><td>Construction Type</td><td>Machine Made</td></tr><tr><td>Indoor/Outdoor Usage</td><td>Indoor</td></tr><tr><td>Room Type</td><td>Living Room, Bedroom, Cabin</td></tr><tr><td>Water Resistance</td><td>Not Water Resistant</td></tr><tr><td>Pattern</td><td>Bigfoot</td></tr><tr><td>Theme</td><td>Bigfoot</td></tr><tr><td>Style</td><td>Rustic</td></tr><tr><td>Number of Pieces</td><td>1</td></tr></table><h3>Material &amp; Care</h3><table border=""1"" cellpadding=""6"" style=""border-collapse:collapse;width:100%""><tr><th align=""left"" width=""35%"">Item</th><th align=""left"">Detail</th></tr><tr><td>Material Type</td><td>Sponge - Memory Foam</td></tr><tr><td>Backing Material</td><td>High-quality Epoxy</td></tr><tr><td>Care Instructions</td><td>Spot Clean Only</td></tr><tr><td>Cleaning Method</td><td>Regular vacuuming or gentle washing</td></tr></table><h3>Where It Works</h3><p>This area rug is suitable for various indoor spaces, including living rooms, bedrooms, and cabins. Its unique design and rustic style make it a perfect addition for nature lovers and those looking to infuse an adventurous touch into their home décor.</p>",CHILLGEN,Arts & Entertainment > Hobbies & Creative Arts > Arts & Crafts > Crafting Patterns & Molds > Sewing Patterns > Home Decor Sewing Patterns,Rug,"amazon-parent-b0fgx9tg5n, bigfoot, home-decor, indoor, low-pile, rectangular, rug, rustic",false,Choose Size,X-Small: 2x3ft,,,,,,,,AMZ-RUG-B0FGX7HPRG-1,0.0,,0,deny,manual,34.90,46.53,true,false,,,,,,https://cdn.shopify.com/s/files/1/1023/0068/0561/files/64c814c58b36c24ee57b15f04ffa2f42ce770b60f2018f4c16639fa0b6311a7d.jpg?v=1789056744,1,Personalized Bigfoot Area Rug Sasquatch Rug Unique Outdoor Adventure for Home Décor Living Room Bedroom (Bigfoot Night 2),false,,"Rustic Bigfoot area rug with a non-slip backing, perfect for adding a unique outdoor adventure to your living room or bedroom.",3697,,,,,,,,,,,B0FGX9TG5N,,,,,lb,,,draft
personalized-bigfoot-silhouette-full-moon-forest-area-rug,,,,,,,,,Small: 3x5ft,,,,,,,,AMZ-RUG-B0FGX7HPRG-2,0.0,,0,deny,manual,69.85,93.13,true,false,,,,,,https://cdn.shopify.com/s/files/1/1023/0068/0561/files/4855b435e39242250dd085f3495e191c962810a3001d0ce90d79fd31b1be4829.jpg?v=1789056744,2,Personalized Bigfoot Area Rug Sasquatch Rug Unique Outdoor Adventure for Home Décor Living Room Bedroom (Bigfoot Night 2),,,,,,,,,,,,,,,,,,,,lb,,,
personalized-bigfoot-silhouette-full-moon-forest-area-rug,,,,,,,,,Medium: 4x6ft,,,,,,,,AMZ-RUG-B0FGX7HPRG-3,0.0,,0,deny,manual,104.85,139.80,true,false,,,,,,https://cdn.shopify.com/s/files/1/1023/0068/0561/files/08555e41d30b7516e869ff8b754fd603fa73fa490e12f0bc6111409cb42d4bb0.jpg?v=1789056744,3,Personalized Bigfoot Area Rug Sasquatch Rug Unique Outdoor Adventure for Home Décor Living Room Bedroom (Bigfoot Night 2),,,,,,,,,,,,,,,,,,,,lb,,,
personalized-bigfoot-silhouette-full-moon-forest-area-rug,,,,,,,,,Large: 5x8ft,,,,,,,,AMZ-RUG-B0FGX7HPRG-4,0.0,,0,deny,manual,139.85,186.47,true,false,,,,,,https://cdn.shopify.com/s/files/1/1023/0068/0561/files/e0acef5602288008626b7adefde947121e66b7d7e515e490dd741f3b325b7059_67e6afdc-da72-4419-8baf-d5958f451dda.jpg?v=1789056744,4,Personalized Bigfoot Area Rug Sasquatch Rug Unique Outdoor Adventure for Home Décor Living Room Bedroom (Bigfoot Night 2),,,,,,,,,,,,,,,,,,,,lb,,,
personalized-bigfoot-silhouette-full-moon-forest-area-rug,,,,,,,,,,,,,,,,,,,,,,,,,,,,,,,,https://cdn.shopify.com/s/files/1/1023/0068/0561/files/960830410aa1a8b243dfa11bc53a0e88916011371b4a4cb6bb8051e504109f0e.jpg?v=1789056744,5,Personalized Bigfoot Area Rug Sasquatch Rug Unique Outdoor Adventure for Home Décor Living Room Bedroom (Bigfoot Night 2),,,,,,,,,,,,,,,,,,,,,,,
personalized-bigfoot-silhouette-full-moon-forest-area-rug,,,,,,,,,,,,,,,,,,,,,,,,,,,,,,,,https://cdn.shopify.com/s/files/1/1023/0068/0561/files/111c9a480db0ab46f81f48cdc96ba7512132223c648d65a9f3f65c386aa40511.jpg?v=1789056745,6,Personalized Bigfoot Area Rug Sasquatch Rug Unique Outdoor Adventure for Home Décor Living Room Bedroom (Bigfoot Night 2),,,,,,,,,,,,,,,,,,,,,,,
personalized-bird-nature-with-mountains-and-trees-area-rug-home-decor,"Personalized Bird nature with mountains and trees Area Rug, Home Decor","<p>This area rug features a unique Bigfoot design, bringing a touch of the wild outdoors and adventure into your home. It combines durability and comfort with a non-slip backing, making it a functional yet cozy addition to any room. Ideal for nature lovers, this rug adds rustic charm and personality to living spaces.</p><h3>Product Highlights</h3><ul><li>Features a detailed Sasquatch design for a unique aesthetic.</li><li>Offers a comfortable and soft surface underfoot.</li><li>Equipped with a non-slip backing for enhanced safety.</li><li>Easy to clean for low maintenance and practical use.</li><li>Adds rustic charm and personality to various rooms.</li></ul><h3>Specifications</h3><table border=""1"" cellpadding=""6"" style=""border-collapse:collapse;width:100%""><tr><th align=""left"" width=""35%"">Attribute</th><th align=""left"">Value</th></tr><tr><td>Rug Form</td><td>Area Rug</td></tr><tr><td>Item Shape</td><td>Rectangular</td></tr><tr><td>Weave Type</td><td>Machine-Made</td></tr><tr><td>Pile Height</td><td>Low Pile</td></tr><tr><td>Construction Type</td><td>Machine Made</td></tr><tr><td>Indoor/Outdoor Usage</td><td>Indoor</td></tr><tr><td>Room Type</td><td>Living Room, Bedroom, Cabin</td></tr><tr><td>Water Resistance Level</td><td>Not Water Resistant</td></tr><tr><td>Pattern</td><td>Bigfoot</td></tr><tr><td>Theme</td><td>Outdoor Adventure</td></tr><tr><td>Style</td><td>Rustic</td></tr><tr><td>Number of Pieces</td><td>1</td></tr><tr><td>Text Input</td><td>1</td></tr></table><h3>Material &amp; Care</h3><table border=""1"" cellpadding=""6"" style=""border-collapse:collapse;width:100%""><tr><th align=""left"" width=""35%"">Item</th><th align=""left"">Detail</th></tr><tr><td>Material Type</td><td>Sponge - Memory Foam</td></tr><tr><td>Backing Material</td><td>High-quality Epoxy</td></tr><tr><td>Care Instructions</td><td>Spot Clean Only</td></tr><tr><td>Cleaning Method</td><td>Regular vacuuming or gentle washing</td></tr></table><h3>Where It Works</h3><p>This versatile area rug is suitable for various indoor settings, including living rooms, bedrooms, and cabins. Its durable and comfortable nature makes it a fitting accent for any space needing a touch of rustic charm and adventure.</p>",CHILLGEN,Arts & Entertainment > Hobbies & Creative Arts > Arts & Crafts > Crafting Patterns & Molds > Sewing Patterns > Home Decor Sewing Patterns,Rug,"amazon-parent-b0fgx9tg5n, bigfoot, home-decor, indoor, low-pile, machine-made, rectangular, rug, rustic",false,Choose Size,X-Small: 2x3ft,,,,,,,,AMZ-RUG-B0FGX7Z53D-1,0.0,,0,deny,manual,34.90,46.53,true,false,,,,,,https://cdn.shopify.com/s/files/1/1023/0068/0561/files/bdc487fdd01caefb1c5e31e3d126e7c59785637dca088afd7c5164fcbbc48add.jpg?v=1789056754,1,Personalized Bigfoot Area Rug Sasquatch Rug Unique Outdoor Adventure for Home Décor Living Room Bedroom (Bigfoot Say Hello),false,,This rustic Bigfoot area rug with a non-slip backing is perfect for adding an outdoor adventure theme to your living room or bedroom.,3697,,,,,,,,,,,B0FGX9TG5N,,,,,lb,,,draft
personalized-bird-nature-with-mountains-and-trees-area-rug-home-decor,,,,,,,,,Small: 3x5ft,,,,,,,,AMZ-RUG-B0FGX7Z53D-2,0.0,,0,deny,manual,69.85,93.13,true,false,,,,,,https://cdn.shopify.com/s/files/1/1023/0068/0561/files/57bc23e316bc4a9030d26ffa1a3b2cf8ec82d1e7b3b1e6f903c9b901177ab703.jpg?v=1789056754,2,Personalized Bigfoot Area Rug Sasquatch Rug Unique Outdoor Adventure for Home Décor Living Room Bedroom (Bigfoot Say Hello),,,,,,,,,,,,,,,,,,,,lb,,,
personalized-bird-nature-with-mountains-and-trees-area-rug-home-decor,,,,,,,,,Medium: 4x6ft,,,,,,,,AMZ-RUG-B0FGX7Z53D-3,0.0,,0,deny,manual,104.85,139.80,true,false,,,,,,https://cdn.shopify.com/s/files/1/1023/0068/0561/files/e0acef5602288008626b7adefde947121e66b7d7e515e490dd741f3b325b7059_afef1fc5-379b-498f-ad23-08e17df09a37.jpg?v=1789056754,3,Personalized Bigfoot Area Rug Sasquatch Rug Unique Outdoor Adventure for Home Décor Living Room Bedroom (Bigfoot Say Hello),,,,,,,,,,,,,,,,,,,,lb,,,
personalized-bird-nature-with-mountains-and-trees-area-rug-home-decor,,,,,,,,,Large: 5x8ft,,,,,,,,AMZ-RUG-B0FGX7Z53D-4,0.0,,0,deny,manual,139.85,186.47,true,false,,,,,,https://cdn.shopify.com/s/files/1/1023/0068/0561/files/462adb7a9800b39bf6c62d2c04c31689675b9eb47161b6421b6f25bb3b4571e2.jpg?v=1789056754,4,Personalized Bigfoot Area Rug Sasquatch Rug Unique Outdoor Adventure for Home Décor Living Room Bedroom (Bigfoot Say Hello),,,,,,,,,,,,,,,,,,,,lb,,,
personalized-bird-nature-with-mountains-and-trees-area-rug-home-decor,,,,,,,,,,,,,,,,,,,,,,,,,,,,,,,,https://cdn.shopify.com/s/files/1/1023/0068/0561/files/0ed3af51a3daf821ddf6efb422db2305133e493e8f31830dfe3169918bbf6c50.jpg?v=1789056754,5,Personalized Bigfoot Area Rug Sasquatch Rug Unique Outdoor Adventure for Home Décor Living Room Bedroom (Bigfoot Say Hello),,,,,,,,,,,,,,,,,,,,,,,
personalized-bird-nature-with-mountains-and-trees-area-rug-home-decor,,,,,,,,,,,,,,,,,,,,,,,,,,,,,,,,https://cdn.shopify.com/s/files/1/1023/0068/0561/files/b4ce4fbaa7795f457db8677ec12d0541b489a61be9ee63c8c6fc203c120de9f2.jpg?v=1789056754,6,Personalized Bigfoot Area Rug Sasquatch Rug Unique Outdoor Adventure for Home Décor Living Room Bedroom (Bigfoot Say Hello),,,,,,,,,,,,,,,,,,,,,,,
personalized-bigfoot-outdoor-adventure-area-rug-non-slip-backing,"Personalized Bigfoot Outdoor Adventure Area Rug, Non-Slip Backing","<p>Introduce a touch of adventure to your home with this unique Bigfoot area rug. Featuring a detailed Sasquatch design, this rug adds personality and a rustic charm to any living space. It combines comfort with durability, making it a distinctive accent piece for nature lovers.</p><h3>Product Highlights</h3><ul><li>Features a detailed Sasquatch design for a unique outdoor theme.</li><li>Offers durability for long-lasting use.</li><li>Non-slip backing provides enhanced safety.</li><li>Soft surface delivers a cozy underfoot feel.</li><li>Designed for low maintenance and easy cleaning.</li></ul><h3>Specifications</h3><table border=""1"" cellpadding=""6"" style=""border-collapse:collapse;width:100%""><tr><th align=""left"" width=""35%"">Attribute</th><th align=""left"">Value</th></tr><tr><td>Rug Form</td><td>Area Rug</td></tr><tr><td>Item Shape</td><td>Rectangular</td></tr><tr><td>Weave Type</td><td>Machine-Made</td></tr><tr><td>Pile Height</td><td>Low Pile</td></tr><tr><td>Construction Type</td><td>Machine Made</td></tr><tr><td>Indoor/Outdoor Usage</td><td>Indoor</td></tr><tr><td>Room Type</td><td>Living Room, Bedroom, Cabin</td></tr><tr><td>Water Resistance</td><td>Not Water Resistant</td></tr><tr><td>Pattern</td><td>Bigfoot</td></tr><tr><td>Theme</td><td>Outdoor Adventure, Nature, Wildlife</td></tr><tr><td>Style</td><td>Rustic</td></tr><tr><td>Number of Pieces</td><td>1</td></tr></table><h3>Material &amp; Care</h3><table border=""1"" cellpadding=""6"" style=""border-collapse:collapse;width:100%""><tr><th align=""left"" width=""35%"">Item</th><th align=""left"">Detail</th></tr><tr><td>Material Type</td><td>Sponge - Memory Foam</td></tr><tr><td>Backing Material</td><td>High-quality Epoxy</td></tr><tr><td>Surface/Feel</td><td>Soft</td></tr><tr><td>Care Instructions</td><td>Spot Clean Only</td></tr><tr><td>Cleaning Method</td><td>Regular vacuuming or gentle washing</td></tr></table><h3>Where It Works</h3><p>This rustic area rug is ideal for bringing a touch of the wild outdoors into indoor spaces. It is suitable for living rooms, bedrooms, or cabins, enhancing decor with its unique Bigfoot theme.</p>",CHILLGEN,Arts & Entertainment > Hobbies & Creative Arts > Arts & Crafts > Crafting Patterns & Molds > Sewing Patterns > Home Decor Sewing Patterns,Rug,"amazon-parent-b0fgx9tg5n, bigfoot, home-decor, indoor, low-pile, machine-made, rectangular, rug, rustic",false,Choose Size,X-Small: 2x3ft,,,,,,,,AMZ-RUG-B0FGX64M3L-1,0.0,,0,deny,manual,34.90,46.53,true,false,,,,,,https://cdn.shopify.com/s/files/1/1023/0068/0561/files/bf6db076a8ebc25484832acafdc9e5802eafa6f070887bd86df863dd5f227619.jpg?v=1789056793,1,Personalized Bigfoot Area Rug Sasquatch Rug Unique Outdoor Adventure for Home Décor Living Room Bedroom (Bigfoot Say 2),false,,"Rustic Bigfoot area rug with non-slip backing, made from sponge memory foam, perfect for living room and bedroom.",3697,,,,,,,,,,,B0FGX9TG5N,,,,,lb,,,draft
personalized-bigfoot-outdoor-adventure-area-rug-non-slip-backing,,,,,,,,,Small: 3x5ft,,,,,,,,AMZ-RUG-B0FGX64M3L-2,0.0,,0,deny,manual,69.85,93.13,true,false,,,,,,https://cdn.shopify.com/s/files/1/1023/0068/0561/files/0480109f57ed50c6debcadaae89c0fcb16eb18a2c092b872e8960c56d21872af.jpg?v=1789056793,2,Personalized Bigfoot Area Rug Sasquatch Rug Unique Outdoor Adventure for Home Décor Living Room Bedroom (Bigfoot Say 2),,,,,,,,,,,,,,,,,,,,lb,,,
personalized-bigfoot-outdoor-adventure-area-rug-non-slip-backing,,,,,,,,,Medium: 4x6ft,,,,,,,,AMZ-RUG-B0FGX64M3L-3,0.0,,0,deny,manual,104.85,139.80,true,false,,,,,,https://cdn.shopify.com/s/files/1/1023/0068/0561/files/2f76d59305f4d9bd03de0cf005eaef340fb3a24e3dc234c71ecd37dfe914974d.jpg?v=1789056793,3,Personalized Bigfoot Area Rug Sasquatch Rug Unique Outdoor Adventure for Home Décor Living Room Bedroom (Bigfoot Say 2),,,,,,,,,,,,,,,,,,,,lb,,,
personalized-bigfoot-outdoor-adventure-area-rug-non-slip-backing,,,,,,,,,Large: 5x8ft,,,,,,,,AMZ-RUG-B0FGX64M3L-4,0.0,,0,deny,manual,139.85,186.47,true,false,,,,,,https://cdn.shopify.com/s/files/1/1023/0068/0561/files/e0acef5602288008626b7adefde947121e66b7d7e515e490dd741f3b325b7059_69b3a26d-3048-4361-8194-191cb6ec1dd8.jpg?v=1789056793,4,Personalized Bigfoot Area Rug Sasquatch Rug Unique Outdoor Adventure for Home Décor Living Room Bedroom (Bigfoot Say 2),,,,,,,,,,,,,,,,,,,,lb,,,
personalized-bigfoot-outdoor-adventure-area-rug-non-slip-backing,,,,,,,,,,,,,,,,,,,,,,,,,,,,,,,,https://cdn.shopify.com/s/files/1/1023/0068/0561/files/21dd4129abc63d564f18c2052ac7afa448839026b03e819e25ed6c709212ff4d.jpg?v=1789056793,5,Personalized Bigfoot Area Rug Sasquatch Rug Unique Outdoor Adventure for Home Décor Living Room Bedroom (Bigfoot Say 2),,,,,,,,,,,,,,,,,,,,,,,
personalized-bigfoot-outdoor-adventure-area-rug-non-slip-backing,,,,,,,,,,,,,,,,,,,,,,,,,,,,,,,,https://cdn.shopify.com/s/files/1/1023/0068/0561/files/b1a05a8b69e77e3464bf352a4697836ef277cc3413d8c46db9f26bd8e6f871cb.jpg?v=1789056793,6,Personalized Bigfoot Area Rug Sasquatch Rug Unique Outdoor Adventure for Home Décor Living Room Bedroom (Bigfoot Say 2),,,,,,,,,,,,,,,,,,,,,,,
personalized-bigfoot-stained-glass-forest-area-rug-home-decor,"Personalized Bigfoot Stained Glass Forest Area Rug, Home Decor","<p>Bring the allure of the wilderness into your home with this unique Bigfoot area rug. Featuring a detailed Sasquatch design, this rug adds a touch of adventure and personality to your living space. Crafted for comfort and durability, it is an ideal choice for nature enthusiasts.</p><h3>Product Highlights</h3><ul><li>Unique Sasquatch design for an adventurous aesthetic</li><li>Soft surface provides a cozy feel underfoot</li><li>Non-slip backing ensures enhanced safety</li><li>Easy to clean for convenient maintenance</li><li>Adds rustic charm to various indoor settings</li></ul><h3>Specifications</h3><table border=""1"" cellpadding=""6"" style=""border-collapse:collapse;width:100%""><tr><th align=""left"" width=""35%"">Attribute</th><th align=""left"">Value</th></tr><tr><td>Rug Form</td><td>Area Rug</td></tr><tr><td>Item Shape</td><td>Rectangular</td></tr><tr><td>Weave Type</td><td>Machine-Made</td></tr><tr><td>Pile Height</td><td>Low Pile</td></tr><tr><td>Construction Type</td><td>Machine Made</td></tr><tr><td>Indoor/Outdoor Usage</td><td>Indoor</td></tr><tr><td>Room Type</td><td>Living Room, Bedroom, Cabin</td></tr><tr><td>Water Resistance</td><td>Not Water Resistant</td></tr><tr><td>Pattern</td><td>Bigfoot</td></tr><tr><td>Theme</td><td>Bigfoot</td></tr><tr><td>Style</td><td>Rustic</td></tr><tr><td>Number of Pieces</td><td>1</td></tr></table><h3>Material &amp; Care</h3><table border=""1"" cellpadding=""6"" style=""border-collapse:collapse;width:100%""><tr><th align=""left"" width=""35%"">Item</th><th align=""left"">Detail</th></tr><tr><td>Material Type</td><td>Sponge - Memory Foam</td></tr><tr><td>Backing Material</td><td>High-quality Epoxy</td></tr><tr><td>Care Instructions</td><td>Spot Clean Only</td></tr></table><h3>Where It Works</h3><p>This area rug is perfectly suited for indoor use in living rooms, bedrooms, or cabins, adding a rustic and adventurous touch to any decor. It creates a cozy and inviting atmosphere for those who appreciate nature and wildlife themes.</p>",CHILLGEN,Hardware > Building Materials > Staircases,Rug,"amazon-parent-b0fgx9tg5n, bigfoot, home-decor, indoor, low-pile, machine-made, rectangular, rug, rustic",false,Choose Size,X-Small: 2x3ft,,,,,,,,AMZ-RUG-B0FGX7QRKL-1,0.0,,0,deny,manual,34.90,46.53,true,false,,,,,,https://cdn.shopify.com/s/files/1/1023/0068/0561/files/256ff5235f9bfd74298ca19beeefae26afb7a0cab4ea5a8a00337152bf4e706a.jpg?v=1789056794,1,Personalized Bigfoot Area Rug Sasquatch Rug Unique Outdoor Adventure for Home Décor Living Room Bedroom (Bigfoot Stained Glass 2),false,,"Rustic Bigfoot area rug with a non-slip backing, crafted from sponge memory foam, perfect for adding an adventurous touch to your living room.",7004,,,,,,,,,,,B0FGX9TG5N,,,,,lb,,,draft
personalized-bigfoot-stained-glass-forest-area-rug-home-decor,,,,,,,,,Small: 3x5ft,,,,,,,,AMZ-RUG-B0FGX7QRKL-2,0.0,,0,deny,manual,69.85,93.13,true,false,,,,,,https://cdn.shopify.com/s/files/1/1023/0068/0561/files/add616f427b499290c75131e861c826d7b6149878daf449185bec9bc2d70bd96.jpg?v=1789056794,2,Personalized Bigfoot Area Rug Sasquatch Rug Unique Outdoor Adventure for Home Décor Living Room Bedroom (Bigfoot Stained Glass 2),,,,,,,,,,,,,,,,,,,,lb,,,
personalized-bigfoot-stained-glass-forest-area-rug-home-decor,,,,,,,,,Medium: 4x6ft,,,,,,,,AMZ-RUG-B0FGX7QRKL-3,0.0,,0,deny,manual,104.85,139.80,true,false,,,,,,https://cdn.shopify.com/s/files/1/1023/0068/0561/files/69f04264f2d8a101770eee9510ab7134071381e292c0982c9b9e6f59cd3b0558.jpg?v=1789056794,3,Personalized Bigfoot Area Rug Sasquatch Rug Unique Outdoor Adventure for Home Décor Living Room Bedroom (Bigfoot Stained Glass 2),,,,,,,,,,,,,,,,,,,,lb,,,
personalized-bigfoot-stained-glass-forest-area-rug-home-decor,,,,,,,,,Large: 5x8ft,,,,,,,,AMZ-RUG-B0FGX7QRKL-4,0.0,,0,deny,manual,139.85,186.47,true,false,,,,,,https://cdn.shopify.com/s/files/1/1023/0068/0561/files/e0acef5602288008626b7adefde947121e66b7d7e515e490dd741f3b325b7059_6f640648-f401-4841-bc14-337310fb5c6c.jpg?v=1789056794,4,Personalized Bigfoot Area Rug Sasquatch Rug Unique Outdoor Adventure for Home Décor Living Room Bedroom (Bigfoot Stained Glass 2),,,,,,,,,,,,,,,,,,,,lb,,,
personalized-bigfoot-stained-glass-forest-area-rug-home-decor,,,,,,,,,,,,,,,,,,,,,,,,,,,,,,,,https://cdn.shopify.com/s/files/1/1023/0068/0561/files/14cc828abed41e5497c86c3b587860afb133cb3cc7d816200e839e0880ae3dc7.jpg?v=1789056794,5,Personalized Bigfoot Area Rug Sasquatch Rug Unique Outdoor Adventure for Home Décor Living Room Bedroom (Bigfoot Stained Glass 2),,,,,,,,,,,,,,,,,,,,,,,
personalized-bigfoot-stained-glass-forest-area-rug-home-decor,,,,,,,,,,,,,,,,,,,,,,,,,,,,,,,,https://cdn.shopify.com/s/files/1/1023/0068/0561/files/528fa6020548c2913716253c0bec86f0b9a50b171afd6262ed38ff5f4c3d782c.jpg?v=1789056794,6,Personalized Bigfoot Area Rug Sasquatch Rug Unique Outdoor Adventure for Home Décor Living Room Bedroom (Bigfoot Stained Glass 2),,,,,,,,,,,,,,,,,,,,,,,
personalized-by-campfire-forest-area-rug-for-outdoor-adventure,Personalized by Campfire Forest Area Rug for Outdoor Adventure,"<p>This Bigfoot area rug offers a unique design featuring a detailed Sasquatch, bringing a touch of adventure and personality to your living space. Made with premium materials, it provides both durability and comfort. Its rustic charm makes it a suitable accent for various rooms, enhancing home décor with an outdoorsy theme.</p><h3>Product Highlights</h3><ul><li>Features a unique Bigfoot Sasquatch design for an adventurous theme.</li><li>Offers durability and comfort with premium material construction.</li><li>Equipped with a non-slip backing to ensure safety.</li><li>Provides a soft surface for a cozy feel underfoot.</li><li>Designed for easy maintenance with simple cleaning methods.</li></ul><h3>Specifications</h3><table border=""1"" cellpadding=""6"" style=""border-collapse:collapse;width:100%""><tr><th align=""left"" width=""35%"">Attribute</th><th align=""left"">Value</th></tr><tr><td>Rug Form</td><td>Area Rug</td></tr><tr><td>Item Shape</td><td>Rectangular</td></tr><tr><td>Weave Type</td><td>Machine-Made</td></tr><tr><td>Pile Height</td><td>Low Pile</td></tr><tr><td>Construction Type</td><td>Machine Made</td></tr><tr><td>Indoor/Outdoor Usage</td><td>Indoor</td></tr><tr><td>Room Type</td><td>Living Room, Bedroom, Cabin</td></tr><tr><td>Water Resistance</td><td>Not Water Resistant</td></tr><tr><td>Pattern</td><td>Bigfoot</td></tr><tr><td>Theme</td><td>Bigfoot</td></tr><tr><td>Style</td><td>Rustic</td></tr><tr><td>Number of Pieces</td><td>1</td></tr></table><h3>Material &amp; Care</h3><table border=""1"" cellpadding=""6"" style=""border-collapse:collapse;width:100%""><tr><th align=""left"" width=""35%"">Item</th><th align=""left"">Detail</th></tr><tr><td>Material Type</td><td>Sponge - Memory Foam</td></tr><tr><td>Backing Material</td><td>High-quality Epoxy</td></tr><tr><td>Product Care Instructions</td><td>Spot Clean Only</td></tr><tr><td>Cleaning Method</td><td>Regular vacuuming or gentle washing</td></tr></table><h3>Where It Works</h3><p>This area rug is suitable for indoor use, perfect for adding a rustic charm to your living room, bedroom, or a cabin setting. It’s an ideal choice for nature lovers seeking to infuse their home with an outdoor adventure theme.</p>",CHILLGEN,Arts & Entertainment > Hobbies & Creative Arts > Arts & Crafts > Crafting Patterns & Molds > Sewing Patterns > Home Decor Sewing Patterns,Rug,"amazon-parent-b0fgx9tg5n, bigfoot, home-decor, indoor, low-pile, machine-made, rectangular, rug, rustic",false,Choose Size,X-Small: 2x3ft,,,,,,,,AMZ-RUG-B0FGX9TG5N-1,0.0,,0,deny,manual,34.90,46.53,true,false,,,,,,https://cdn.shopify.com/s/files/1/1023/0068/0561/files/941c66257d06dd89b9e810be7276b227d9dbb93b5a342e01857e1ca94771d9c3.jpg?v=1789056802,1,Personalized Bigfoot Area Rug Sasquatch Rug Unique Outdoor Adventure for Home Décor Living Room Bedroom (Bigfoot Camping),false,,"Rustic Bigfoot area rug features a detailed Sasquatch design with a non-slip backing, ideal for indoor living rooms or bedrooms.",3697,,,,,,,,,,,B0FGX9TG5N,,,,,lb,,,draft
personalized-by-campfire-forest-area-rug-for-outdoor-adventure,,,,,,,,,Small: 3x5ft,,,,,,,,AMZ-RUG-B0FGX9TG5N-2,0.0,,0,deny,manual,69.85,93.13,true,false,,,,,,https://cdn.shopify.com/s/files/1/1023/0068/0561/files/17e1578fe5cff39637f39fc67a0c746aec5b159a85175dd84c6db8c5e2238dcf.jpg?v=1789056802,2,Personalized Bigfoot Area Rug Sasquatch Rug Unique Outdoor Adventure for Home Décor Living Room Bedroom (Bigfoot Camping),,,,,,,,,,,,,,,,,,,,lb,,,
personalized-by-campfire-forest-area-rug-for-outdoor-adventure,,,,,,,,,Medium: 4x6ft,,,,,,,,AMZ-RUG-B0FGX9TG5N-3,0.0,,0,deny,manual,104.85,139.80,true,false,,,,,,https://cdn.shopify.com/s/files/1/1023/0068/0561/files/5073c8e1b4bef4085c170f84c40084eda144923e38486c4a108b8cfeeab10da8.jpg?v=1789056802,3,Personalized Bigfoot Area Rug Sasquatch Rug Unique Outdoor Adventure for Home Décor Living Room Bedroom (Bigfoot Camping),,,,,,,,,,,,,,,,,,,,lb,,,
personalized-by-campfire-forest-area-rug-for-outdoor-adventure,,,,,,,,,Large: 5x8ft,,,,,,,,AMZ-RUG-B0FGX9TG5N-4,0.0,,0,deny,manual,139.85,186.47,true,false,,,,,,https://cdn.shopify.com/s/files/1/1023/0068/0561/files/e0acef5602288008626b7adefde947121e66b7d7e515e490dd741f3b325b7059_5e851050-864d-4b43-9b9e-69532d811de8.jpg?v=1789056802,4,Personalized Bigfoot Area Rug Sasquatch Rug Unique Outdoor Adventure for Home Décor Living Room Bedroom (Bigfoot Camping),,,,,,,,,,,,,,,,,,,,lb,,,
personalized-by-campfire-forest-area-rug-for-outdoor-adventure,,,,,,,,,,,,,,,,,,,,,,,,,,,,,,,,https://cdn.shopify.com/s/files/1/1023/0068/0561/files/fcd077ded09cbcf18c0c2f9316d3594e575ef8166ab07fdf49daa6d50730d7cd.jpg?v=1789056802,5,Personalized Bigfoot Area Rug Sasquatch Rug Unique Outdoor Adventure for Home Décor Living Room Bedroom (Bigfoot Camping),,,,,,,,,,,,,,,,,,,,,,,
personalized-by-campfire-forest-area-rug-for-outdoor-adventure,,,,,,,,,,,,,,,,,,,,,,,,,,,,,,,,https://cdn.shopify.com/s/files/1/1023/0068/0561/files/dcf98dca622cea612b69773f9c6be97ca5b27066e1ad6f7bb1e4f45040012468.jpg?v=1789056802,6,Personalized Bigfoot Area Rug Sasquatch Rug Unique Outdoor Adventure for Home Décor Living Room Bedroom (Bigfoot Camping),,,,,,,,,,,,,,,,,,,,,,,
personalized-bigfoot-night-full-moon-forest-area-rug-home-decor,"Personalized Bigfoot Night Full Moon Forest Area Rug, Home Decor","<p>This area rug brings the spirit of the outdoors into your living space with its detailed Bigfoot design. Crafted for both durability and comfort, it adds a touch of adventure and rustic charm. Ideal for nature lovers, this rug enhances the ambiance of any room while providing a cozy feel underfoot.</p><h3>Product Highlights</h3><ul><li>Features a unique and detailed Sasquatch design, perfect for adding personality.</li><li>Adds rustic charm, complementing themes of nature, forest, and wildlife.</li><li>Constructed from premium materials for durability and comfort.</li><li>Equipped with a non-slip backing to ensure safety and stability.</li><li>Designed for easy maintenance with simple cleaning methods.</li></ul><h3>Specifications</h3><table border=""1"" cellpadding=""6"" style=""border-collapse:collapse;width:100%""><tr><th align=""left"" width=""35%"">Attribute</th><th align=""left"">Value</th></tr><tr><td>Rug Form</td><td>Area Rug</td></tr><tr><td>Item Shape</td><td>Rectangular</td></tr><tr><td>Weave Type</td><td>Machine-Made</td></tr><tr><td>Pile Height</td><td>Low Pile</td></tr><tr><td>Construction Type</td><td>Machine Made</td></tr><tr><td>Indoor/Outdoor Usage</td><td>Indoor</td></tr><tr><td>Room Type</td><td>Living Room, Bedroom, Cabin</td></tr><tr><td>Water Resistance</td><td>Not Water Resistant</td></tr><tr><td>Pattern</td><td>Bigfoot</td></tr><tr><td>Theme</td><td>Outdoor Adventure</td></tr><tr><td>Style</td><td>Rustic</td></tr><tr><td>Number of Pieces</td><td>1</td></tr></table><h3>Material &amp; Care</h3><table border=""1"" cellpadding=""6"" style=""border-collapse:collapse;width:100%""><tr><th align=""left"" width=""35%"">Item</th><th align=""left"">Detail</th></tr><tr><td>Material Type</td><td>Sponge - Memory Foam</td></tr><tr><td>Backing Material</td><td>High-quality Epoxy</td></tr><tr><td>Product Care Instructions</td><td>Spot Clean Only</td></tr><tr><td>Cleaning Method</td><td>Regular vacuuming or gentle washing</td></tr></table><h3>Where It Works</h3><p>This Bigfoot area rug is suitable for various indoor settings, including living rooms, bedrooms, and cabins. Its rustic theme makes it a fitting addition for spaces designed for nature enthusiasts or those seeking an adventurous touch.</p>",CHILLGEN,Arts & Entertainment > Hobbies & Creative Arts > Arts & Crafts > Crafting Patterns & Molds > Sewing Patterns > Home Decor Sewing Patterns,Rug,"adventure rug, amazon-parent-b0fgx9tg5n, bigfoot rug, home-decor, indoor rug, rectangular rug, rug, rustic rug, sasquatch rug",false,Choose Size,X-Small: 2x3ft,,,,,,,,AMZ-RUG-B0FGX85KC2-1,0.0,,0,deny,manual,34.90,46.53,true,false,,,,,,https://cdn.shopify.com/s/files/1/1023/0068/0561/files/eb78e330659b6b3da4b02bcef58c0e54966fe8e65f61ad9c338bd0e4b93a74d9.jpg?v=1789056841,1,Personalized Bigfoot Area Rug Sasquatch Rug Unique Outdoor Adventure for Home Décor Living Room Bedroom (Bigfoot Night 1),false,,"This rustic Bigfoot area rug features a non-slip backing and is made from sponge-memory foam, perfect for indoor living rooms or bedrooms.",3697,,,,,,,,,,,B0FGX9TG5N,,,,,lb,,,draft
personalized-bigfoot-night-full-moon-forest-area-rug-home-decor,,,,,,,,,Small: 3x5ft,,,,,,,,AMZ-RUG-B0FGX85KC2-2,0.0,,0,deny,manual,69.85,93.13,true,false,,,,,,https://cdn.shopify.com/s/files/1/1023/0068/0561/files/a9f5b2cfd6f79701f54cc7d4818216f3dbdc544d6dabd621931d2aa7d393758e.jpg?v=1789056841,2,Personalized Bigfoot Area Rug Sasquatch Rug Unique Outdoor Adventure for Home Décor Living Room Bedroom (Bigfoot Night 1),,,,,,,,,,,,,,,,,,,,lb,,,
personalized-bigfoot-night-full-moon-forest-area-rug-home-decor,,,,,,,,,Medium: 4x6ft,,,,,,,,AMZ-RUG-B0FGX85KC2-3,0.0,,0,deny,manual,104.85,139.80,true,false,,,,,,https://cdn.shopify.com/s/files/1/1023/0068/0561/files/300e96474950a8bf5b334463830953ac86fa35a23c8c7f9f144d9c7fe573a262.jpg?v=1789056841,3,Personalized Bigfoot Area Rug Sasquatch Rug Unique Outdoor Adventure for Home Décor Living Room Bedroom (Bigfoot Night 1),,,,,,,,,,,,,,,,,,,,lb,,,
personalized-bigfoot-night-full-moon-forest-area-rug-home-decor,,,,,,,,,Large: 5x8ft,,,,,,,,AMZ-RUG-B0FGX85KC2-4,0.0,,0,deny,manual,139.85,186.47,true,false,,,,,,https://cdn.shopify.com/s/files/1/1023/0068/0561/files/e0acef5602288008626b7adefde947121e66b7d7e515e490dd741f3b325b7059_a62e3209-4b86-48d4-8fde-6839d7eede44.jpg?v=1789056840,4,Personalized Bigfoot Area Rug Sasquatch Rug Unique Outdoor Adventure for Home Décor Living Room Bedroom (Bigfoot Night 1),,,,,,,,,,,,,,,,,,,,lb,,,
personalized-bigfoot-night-full-moon-forest-area-rug-home-decor,,,,,,,,,,,,,,,,,,,,,,,,,,,,,,,,https://cdn.shopify.com/s/files/1/1023/0068/0561/files/fe8887805ee34f082137e4ff9b1d02ab6472ba2a8f4063029f859cf039c6f25f.jpg?v=1789056841,5,Personalized Bigfoot Area Rug Sasquatch Rug Unique Outdoor Adventure for Home Décor Living Room Bedroom (Bigfoot Night 1),,,,,,,,,,,,,,,,,,,,,,,
personalized-bigfoot-night-full-moon-forest-area-rug-home-decor,,,,,,,,,,,,,,,,,,,,,,,,,,,,,,,,https://cdn.shopify.com/s/files/1/1023/0068/0561/files/ef9bdf2ee0326023a5fccc79ddfd816c25231f57be4d62fa32c578b9a6ca0dcb.jpg?v=1789056841,6,Personalized Bigfoot Area Rug Sasquatch Rug Unique Outdoor Adventure for Home Décor Living Room Bedroom (Bigfoot Night 1),,,,,,,,,,,,,,,,,,,,,,,
personalized-bigfoot-sunset-forest-silhouette-area-rug,Personalized Bigfoot Sunset Forest Silhouette Area Rug,"<p>This high-quality area rug features a unique Bigfoot design, bringing a touch of outdoor adventure and personality to any home. With its detailed Sasquatch imagery, this rug is perfect for enthusiasts of nature and wildlife, adding rustic charm to various indoor settings.</p><h3>Product Highlights</h3><ul><li>Features a detailed Bigfoot and Sasquatch design.</li><li>Offers a soft surface for a cozy feel underfoot.</li><li>Includes a non-slip backing for safety.</li><li>Suitable for nature lovers and those who appreciate wildlife.</li><li>Designed for low maintenance and easy cleaning.</li></ul><h3>Specifications</h3><table border=""1"" cellpadding=""6"" style=""border-collapse:collapse;width:100%""><tr><th align=""left"" width=""35%"">Attribute</th><th align=""left"">Value</th></tr><tr><td>Rug Form</td><td>Area Rug</td></tr><tr><td>Item Shape</td><td>Rectangular</td></tr><tr><td>Weave Type</td><td>Machine-Made</td></tr><tr><td>Pile Height</td><td>Low Pile</td></tr><tr><td>Construction Type</td><td>Machine Made</td></tr><tr><td>Indoor/Outdoor Usage</td><td>Indoor</td></tr><tr><td>Pattern</td><td>Bigfoot</td></tr><tr><td>Theme</td><td>Bigfoot</td></tr><tr><td>Style</td><td>Rustic</td></tr><tr><td>Number of Pieces</td><td>1</td></tr></table><h3>Material &amp; Care</h3><table border=""1"" cellpadding=""6"" style=""border-collapse:collapse;width:100%""><tr><th align=""left"" width=""35%"">Item</th><th align=""left"">Detail</th></tr><tr><td>Material Type</td><td>Sponge - Memory Foam</td></tr><tr><td>Backing Material</td><td>High-quality Epoxy</td></tr><tr><td>Care Instructions</td><td>Spot Clean Only</td></tr></table><h3>Where It Works</h3><p>This area rug is an ideal addition to living rooms, bedrooms, or cabins, enhancing the decor with its rustic and adventurous theme. It provides a unique focal point in spaces where nature and unique design are appreciated.</p>",CHILLGEN,Arts & Entertainment > Hobbies & Creative Arts > Arts & Crafts > Crafting Patterns & Molds > Sewing Patterns > Home Decor Sewing Patterns,Rug,"amazon-parent-b0fgx9tg5n, area-rug, bigfoot, home-decor, indoor, rectangular, rug, rustic, sasquatch",false,Choose Size,X-Small: 2x3ft,,,,,,,,AMZ-RUG-B0FGX8KS8K-1,0.0,,0,deny,manual,34.90,46.53,true,false,,,,,,https://cdn.shopify.com/s/files/1/1023/0068/0561/files/37dbadacf982dfb0f06d710b3770cf5f9c5a1f6e111b22a017232a9205442368.jpg?v=1789056841,1,Personalized Bigfoot Area Rug Sasquatch Rug Unique Outdoor Adventure for Home Décor Living Room Bedroom (Bigfoot & Sunset),false,,"Rustic Bigfoot area rug with non-slip backing, made from sponge-memory foam, ideal for indoor living rooms and bedrooms.",3697,,,,,,,,,,,B0FGX9TG5N,,,,,lb,,,draft
personalized-bigfoot-sunset-forest-silhouette-area-rug,,,,,,,,,Small: 3x5ft,,,,,,,,AMZ-RUG-B0FGX8KS8K-2,0.0,,0,deny,manual,69.85,93.13,true,false,,,,,,https://cdn.shopify.com/s/files/1/1023/0068/0561/files/d34ffae366b7eaf4228b29f38abc3617c8de1010d734c1d70aaaee0336cb884e.jpg?v=1789056841,2,Personalized Bigfoot Area Rug Sasquatch Rug Unique Outdoor Adventure for Home Décor Living Room Bedroom (Bigfoot & Sunset),,,,,,,,,,,,,,,,,,,,lb,,,
personalized-bigfoot-sunset-forest-silhouette-area-rug,,,,,,,,,Medium: 4x6ft,,,,,,,,AMZ-RUG-B0FGX8KS8K-3,0.0,,0,deny,manual,104.85,139.80,true,false,,,,,,https://cdn.shopify.com/s/files/1/1023/0068/0561/files/0f5ce24e166f1f672cda54a3f274c382c3aee75e0bac855ff7111626474cdf8c.jpg?v=1789056841,3,Personalized Bigfoot Area Rug Sasquatch Rug Unique Outdoor Adventure for Home Décor Living Room Bedroom (Bigfoot & Sunset),,,,,,,,,,,,,,,,,,,,lb,,,
personalized-bigfoot-sunset-forest-silhouette-area-rug,,,,,,,,,Large: 5x8ft,,,,,,,,AMZ-RUG-B0FGX8KS8K-4,0.0,,0,deny,manual,139.85,186.47,true,false,,,,,,https://cdn.shopify.com/s/files/1/1023/0068/0561/files/e0acef5602288008626b7adefde947121e66b7d7e515e490dd741f3b325b7059_2f9f3de2-c5ee-499b-be3f-0e36a711e1ca.jpg?v=1789056841,4,Personalized Bigfoot Area Rug Sasquatch Rug Unique Outdoor Adventure for Home Décor Living Room Bedroom (Bigfoot & Sunset),,,,,,,,,,,,,,,,,,,,lb,,,
personalized-bigfoot-sunset-forest-silhouette-area-rug,,,,,,,,,,,,,,,,,,,,,,,,,,,,,,,,https://cdn.shopify.com/s/files/1/1023/0068/0561/files/4123477a54f2d18344aa20b7a317902d44f48fe4f68fccbf514adc69a472cbaa.jpg?v=1789056841,5,Personalized Bigfoot Area Rug Sasquatch Rug Unique Outdoor Adventure for Home Décor Living Room Bedroom (Bigfoot & Sunset),,,,,,,,,,,,,,,,,,,,,,,
personalized-bigfoot-sunset-forest-silhouette-area-rug,,,,,,,,,,,,,,,,,,,,,,,,,,,,,,,,https://cdn.shopify.com/s/files/1/1023/0068/0561/files/47bf5ad4ddb61fb2383de7e08e19b3313a9a0433cfa44ad9a13f4fdfc590faa9.jpg?v=1789056841,6,Personalized Bigfoot Area Rug Sasquatch Rug Unique Outdoor Adventure for Home Décor Living Room Bedroom (Bigfoot & Sunset),,,,,,,,,,,,,,,,,,,,,,,
personalized-bigfoot-camping-sunset-forest-area-rug,Personalized Bigfoot Camping Sunset Forest Area Rug,"<p>Introduce a unique touch of the outdoors to your home with this distinctive area rug, featuring a detailed Bigfoot design. This rug serves as a perfect accent for spaces seeking a rustic charm and a hint of adventure. Its comfortable feel and practical features make it an ideal addition to various indoor settings.</p><h3>Product Highlights</h3><ul><li>Features a unique and detailed Sasquatch design</li><li>Adds rustic charm suitable for nature and wildlife enthusiasts</li><li>Provides comfort underfoot with a soft surface</li><li>Equipped with non-slip backing for enhanced safety</li><li>Designed for ease of cleaning and low maintenance</li></ul><h3>Specifications</h3><table border=""1"" cellpadding=""6"" style=""border-collapse:collapse;width:100%""><tr><th align=""left"" width=""35%"">Attribute</th><th align=""left"">Value</th></tr><tr><td>Rug Form</td><td>Area Rug</td></tr><tr><td>Item Shape</td><td>Rectangular</td></tr><tr><td>Weave Type</td><td>Machine-Made</td></tr><tr><td>Pile Height</td><td>Low Pile</td></tr><tr><td>Construction Type</td><td>Machine Made</td></tr><tr><td>Indoor/Outdoor Usage</td><td>Indoor</td></tr><tr><td>Room Type</td><td>Living Room, Bedroom, Cabin</td></tr><tr><td>Special Features</td><td>Non-slip backing</td></tr><tr><td>Pattern</td><td>Bigfoot</td></tr><tr><td>Theme</td><td>Outdoor Adventure, Wildlife</td></tr><tr><td>Style</td><td>Rustic</td></tr><tr><td>Number of Pieces</td><td>1</td></tr></table><h3>Material &amp; Care</h3><table border=""1"" cellpadding=""6"" style=""border-collapse:collapse;width:100%""><tr><th align=""left"" width=""35%"">Item</th><th align=""left"">Detail</th></tr><tr><td>Material Type</td><td>Sponge - Memory Foam</td></tr><tr><td>Backing Material</td><td>High-quality Epoxy</td></tr><tr><td>Surface/Feel</td><td>Soft surface</td></tr><tr><td>Care Instructions</td><td>Spot Clean Only</td></tr><tr><td>Cleaning Method</td><td>Regular vacuuming or gentle washing</td></tr></table><h3>Where It Works</h3><p>This area rug is well-suited for adding personality to indoor spaces such as living rooms, bedrooms, or cabins. Its rustic theme makes it a great fit for homes that appreciate nature-inspired decor and comfort.</p>",CHILLGEN,Arts & Entertainment > Hobbies & Creative Arts > Arts & Crafts > Crafting Patterns & Molds > Sewing Patterns > Home Decor Sewing Patterns,Rug,"amazon-parent-b0fgx9tg5n, bigfoot, home-decor, indoor, low-pile, machine-made, rectangular, rug, rustic",false,Choose Size,X-Small: 2x3ft,,,,,,,,AMZ-RUG-B0FGX81MH6-1,0.0,,0,deny,manual,34.90,46.53,true,false,,,,,,https://cdn.shopify.com/s/files/1/1023/0068/0561/files/16c8edf72e8f6966a0ec37a4232b795c46434e9e461569c5b37e096102b6501c.jpg?v=1789056863,1,Personalized Bigfoot Area Rug Sasquatch Rug Unique Outdoor Adventure for Home Décor Living Room Bedroom (Bigfoot Sunset),false,,"Rustic Bigfoot area rug with a non-slip backing, made from sponge memory foam, perfect for living rooms or bedrooms.",3697,,,,,,,,,,,B0FGX9TG5N,,,,,lb,,,draft
personalized-bigfoot-camping-sunset-forest-area-rug,,,,,,,,,Small: 3x5ft,,,,,,,,AMZ-RUG-B0FGX81MH6-2,0.0,,0,deny,manual,69.85,93.13,true,false,,,,,,https://cdn.shopify.com/s/files/1/1023/0068/0561/files/e0acef5602288008626b7adefde947121e66b7d7e515e490dd741f3b325b7059_cd4624d8-78b6-4b13-b98e-8262d50ea47a.jpg?v=1789056863,2,Personalized Bigfoot Area Rug Sasquatch Rug Unique Outdoor Adventure for Home Décor Living Room Bedroom (Bigfoot Sunset),,,,,,,,,,,,,,,,,,,,lb,,,
personalized-bigfoot-camping-sunset-forest-area-rug,,,,,,,,,Medium: 4x6ft,,,,,,,,AMZ-RUG-B0FGX81MH6-3,0.0,,0,deny,manual,104.85,139.80,true,false,,,,,,https://cdn.shopify.com/s/files/1/1023/0068/0561/files/25804c7412e860483120a871b57b4916169afeddbafecbf63855d5562b4b740a.jpg?v=1789056863,3,Personalized Bigfoot Area Rug Sasquatch Rug Unique Outdoor Adventure for Home Décor Living Room Bedroom (Bigfoot Sunset),,,,,,,,,,,,,,,,,,,,lb,,,
personalized-bigfoot-camping-sunset-forest-area-rug,,,,,,,,,Large: 5x8ft,,,,,,,,AMZ-RUG-B0FGX81MH6-4,0.0,,0,deny,manual,139.85,186.47,true,false,,,,,,https://cdn.shopify.com/s/files/1/1023/0068/0561/files/4975c30e815c01c1810cdedfc0fcc25ea2418f030946626a2efacbf959bfaaf2.jpg?v=1789056863,4,Personalized Bigfoot Area Rug Sasquatch Rug Unique Outdoor Adventure for Home Décor Living Room Bedroom (Bigfoot Sunset),,,,,,,,,,,,,,,,,,,,lb,,,
personalized-bigfoot-camping-sunset-forest-area-rug,,,,,,,,,,,,,,,,,,,,,,,,,,,,,,,,https://cdn.shopify.com/s/files/1/1023/0068/0561/files/66c27f72064d5bfdf246c4861d59eba373d55c851807183229b59865f559ae36.jpg?v=1789056863,5,Personalized Bigfoot Area Rug Sasquatch Rug Unique Outdoor Adventure for Home Décor Living Room Bedroom (Bigfoot Sunset),,,,,,,,,,,,,,,,,,,,,,,
personalized-bigfoot-camping-sunset-forest-area-rug,,,,,,,,,,,,,,,,,,,,,,,,,,,,,,,,https://cdn.shopify.com/s/files/1/1023/0068/0561/files/08b91e2d9a1a66e464e2cfdaf8013ed2b3909ef5122b8b010ad4c4d4af0019ef.jpg?v=1789056863,6,Personalized Bigfoot Area Rug Sasquatch Rug Unique Outdoor Adventure for Home Décor Living Room Bedroom (Bigfoot Sunset),,,,,,,,,,,,,,,,,,,,,,,
personalized-bigfoot-camping-night-scene-area-rug-home-decor,"Personalized Bigfoot Camping Night Scene Area Rug, Home Decor","<p>This area rug brings the wild outdoors into your living space with a unique Bigfoot design. Featuring a detailed Sasquatch pattern, this rug adds personality and a touch of adventure to any room. It is designed for both durability and comfort, making it a functional and cozy addition to your home décor.</p><h3>Product Highlights</h3><ul><li>Features a unique and detailed Bigfoot Sasquatch design.</li><li>Offers a soft surface for a comfortable underfoot feel.</li><li>Includes a non-slip backing for enhanced safety.</li><li>Easy to maintain with simple cleaning methods.</li><li>Adds rustic charm to various indoor settings.</li></ul><h3>Specifications</h3><table border=""1"" cellpadding=""6"" style=""border-collapse:collapse;width:100%""><tr><th align=""left"" width=""35%"">Attribute</th><th align=""left"">Value</th></tr><tr><td>Rug Form</td><td>Area Rug</td></tr><tr><td>Item Shape</td><td>Rectangular</td></tr><tr><td>Weave Type</td><td>Machine-Made</td></tr><tr><td>Pile Height</td><td>Low Pile</td></tr><tr><td>Construction Type</td><td>Machine Made</td></tr><tr><td>Indoor/Outdoor Usage</td><td>Indoor</td></tr><tr><td>Pattern</td><td>Bigfoot</td></tr><tr><td>Theme</td><td>Bigfoot</td></tr><tr><td>Style</td><td>Rustic</td></tr><tr><td>Number of Pieces</td><td>1</td></tr></table><h3>Material &amp; Care</h3><table border=""1"" cellpadding=""6"" style=""border-collapse:collapse;width:100%""><tr><th align=""left"" width=""35%"">Item</th><th align=""left"">Detail</th></tr><tr><td>Material Type</td><td>Sponge - Memory Foam</td></tr><tr><td>Backing Material</td><td>High-quality Epoxy</td></tr><tr><td>Care Instructions</td><td>Spot Clean Only</td></tr></table><h3>Where It Works</h3><p>This area rug is suitable for enhancing the aesthetic of living rooms, bedrooms, and cabins. Its durable and comfortable design makes it a versatile choice for adding a unique touch to various indoor environments.</p>",CHILLGEN,Arts & Entertainment > Hobbies & Creative Arts > Arts & Crafts > Crafting Patterns & Molds > Sewing Patterns > Home Decor Sewing Patterns,Rug,"amazon-parent-b0fgx9tg5n, bigfoot-rug, home-decor, indoor-rug, memory-foam-rug, rectangular-rug, rug, rustic-rug, sasquatch-rug",false,Choose Size,X-Small: 2x3ft,,,,,,,,AMZ-RUG-B0FGX7LNG1-1,0.0,,0,deny,manual,34.90,46.53,true,false,,,,,,https://cdn.shopify.com/s/files/1/1023/0068/0561/files/56bda79ef6fd212826a1da581e7d0eacfed03875fe51343d7ba8e22d3a8df1bb.jpg?v=1789056890,1,Personalized Bigfoot Area Rug Sasquatch Rug Unique Outdoor Adventure for Home Décor Living Room Bedroom (Bigfoot Camper),false,,"Rustic Bigfoot area rug with a non-slip backing, perfect for adding adventure and comfort to your indoor living space.",3697,,,,,,,,,,,B0FGX9TG5N,,,,,lb,,,draft
personalized-bigfoot-camping-night-scene-area-rug-home-decor,,,,,,,,,Small: 3x5ft,,,,,,,,AMZ-RUG-B0FGX7LNG1-2,0.0,,0,deny,manual,69.85,93.13,true,false,,,,,,https://cdn.shopify.com/s/files/1/1023/0068/0561/files/310602cabb27a0cf46795aa53f68f95cf5c5f1d1fa256a0f3a99ff0ca19c10dd.jpg?v=1789056889,2,Personalized Bigfoot Area Rug Sasquatch Rug Unique Outdoor Adventure for Home Décor Living Room Bedroom (Bigfoot Camper),,,,,,,,,,,,,,,,,,,,lb,,,
personalized-bigfoot-camping-night-scene-area-rug-home-decor,,,,,,,,,Medium: 4x6ft,,,,,,,,AMZ-RUG-B0FGX7LNG1-3,0.0,,0,deny,manual,104.85,139.80,true,false,,,,,,https://cdn.shopify.com/s/files/1/1023/0068/0561/files/906a3cc4be472c73f36c4406fb7f59553140086177eaa5b8409c2aba289dc621.jpg?v=1789056890,3,Personalized Bigfoot Area Rug Sasquatch Rug Unique Outdoor Adventure for Home Décor Living Room Bedroom (Bigfoot Camper),,,,,,,,,,,,,,,,,,,,lb,,,
personalized-bigfoot-camping-night-scene-area-rug-home-decor,,,,,,,,,Large: 5x8ft,,,,,,,,AMZ-RUG-B0FGX7LNG1-4,0.0,,0,deny,manual,139.85,186.47,true,false,,,,,,https://cdn.shopify.com/s/files/1/1023/0068/0561/files/e0acef5602288008626b7adefde947121e66b7d7e515e490dd741f3b325b7059_2f77796a-7a34-45de-be81-084e2d433826.jpg?v=1789056889,4,Personalized Bigfoot Area Rug Sasquatch Rug Unique Outdoor Adventure for Home Décor Living Room Bedroom (Bigfoot Camper),,,,,,,,,,,,,,,,,,,,lb,,,
personalized-bigfoot-camping-night-scene-area-rug-home-decor,,,,,,,,,,,,,,,,,,,,,,,,,,,,,,,,https://cdn.shopify.com/s/files/1/1023/0068/0561/files/460f185b108ca0dab4923e827530289c6af57e89a685b62a2b2cc82d77f26296.jpg?v=1789056890,5,Personalized Bigfoot Area Rug Sasquatch Rug Unique Outdoor Adventure for Home Décor Living Room Bedroom (Bigfoot Camper),,,,,,,,,,,,,,,,,,,,,,,
personalized-bigfoot-camping-night-scene-area-rug-home-decor,,,,,,,,,,,,,,,,,,,,,,,,,,,,,,,,https://cdn.shopify.com/s/files/1/1023/0068/0561/files/92da9d3b37e4bca3464907a9f2143a4f9cceea85124a5fa8551945e077e5d46e.jpg?v=1789056889,6,Personalized Bigfoot Area Rug Sasquatch Rug Unique Outdoor Adventure for Home Décor Living Room Bedroom (Bigfoot Camper),,,,,,,,,,,,,,,,,,,,,,,
personalized-checkered-flag-racing-area-rug-non-slip-design-05,"Personalized Checkered Flag Racing Area Rug, Non-Slip - Design 05","<p>This personalized area rug brings the excitement of the race track into any space. Featuring a detailed checkered flag pattern and a lifelike race track design, it can be customized with a personal name or word. This rug combines engaging aesthetics with practical design for race car fans.</p><h3>Product Highlights</h3><ul><li>Features iconic checkered flag and race-track graphics.</li><li>Customizable with a personal name or word.</li><li>Offers a soft yet durable polyester surface.</li><li>Equipped with a non-slip rubber backing for confident grip.</li><li>Versatile for game rooms, garages, or kid’s spaces.</li></ul><h3>Specifications</h3><table border=""1"" cellpadding=""6"" style=""border-collapse:collapse;width:100%""><tr><th align=""left"" width=""35%"">Attribute</th><th align=""left"">Value</th></tr><tr><td>Rug Form</td><td>Area Rug</td></tr><tr><td>Item Shape</td><td>Rectangular</td></tr><tr><td>Weave Type</td><td>Machine Made</td></tr><tr><td>Pile Height</td><td>Low Pile</td></tr><tr><td>Construction Type</td><td>Machine Made</td></tr><tr><td>Indoor/Outdoor Usage</td><td>Both</td></tr><tr><td>Room Type</td><td>Game Room, Garage, Kid’s Bedroom</td></tr><tr><td>Water Resistance Level</td><td>Not Water Resistant</td></tr><tr><td>Pattern</td><td>Checkered</td></tr><tr><td>Theme</td><td>Racing, Motorsports</td></tr><tr><td>Style</td><td>Modern</td></tr><tr><td>Number of Pieces</td><td>1</td></tr></table><h3>Material &amp; Care</h3><table border=""1"" cellpadding=""6"" style=""border-collapse:collapse;width:100%""><tr><th align=""left"" width=""35%"">Item</th><th align=""left"">Detail</th></tr><tr><td>Material Type</td><td>Sponge - Memory Foam</td></tr><tr><td>Backing Material</td><td>High-quality Epoxy</td></tr></table><h3>Where It Works</h3><p>This rug is suitable for enhancing game rooms, garages, kid's bedrooms, patios, entryways, or living spaces. Its robust design and customizable features make it a vibrant addition to any motorsport-themed environment.</p>",CHILLGEN,Arts & Entertainment > Hobbies & Creative Arts > Arts & Crafts > Crafting Patterns & Molds > Sewing Patterns > Home Decor Sewing Patterns,Rug,"amazon-parent-b0fjrpw98p, checkered, home-decor, modern, personalized, racing, rectangular, rug, sports",false,Select Size,XX-Small: 1x1.5ft - OUT OF STOCK,,,,,,,,AMZ-RUG-B0FJRR4YVM-1,0.0,,0,deny,manual,30.90,38.63,true,false,,,,,,https://cdn.shopify.com/s/files/1/1023/0068/0561/files/705f60242708f6af076d9227f3dde2389f7b98fe0dcc56d9b0a4f408f5cfb275.jpg?v=1789059419,1,"Personalized Checkered Flag Racing Area Rug, Non-Slip - Design 05",false,,"Modern racing area rug with non-slip backing, perfect for game rooms, garages, or kid's spaces.",3697,,,,,,,,,,,B0FJRPW98P,,,,,lb,,,draft
personalized-checkered-flag-racing-area-rug-non-slip-design-05,,,,,,,,,X-Small: 2x3ft,,,,,,,,AMZ-RUG-B0FJRR4YVM-2,0.0,,0,deny,manual,35.90,44.88,true,false,,,,,,https://cdn.shopify.com/s/files/1/1023/0068/0561/files/b7e600ea233246531f227be59aabde7add95b0f120f081a110975a5d2fa5681e.jpg?v=1789059419,2,"Personalized Checkered Flag Racing Area Rug, Non-Slip - Design 05",,,,,,,,,,,,,,,,,,,,lb,,,
personalized-checkered-flag-racing-area-rug-non-slip-design-05,,,,,,,,,Small: 3x5ft,,,,,,,,AMZ-RUG-B0FJRR4YVM-3,0.0,,0,deny,manual,70.90,88.63,true,false,,,,,,https://cdn.shopify.com/s/files/1/1023/0068/0561/files/3adee194ceafa2d17e51f131d4c230034a7d4e382c8ee1bb9612234137fb8bf0.jpg?v=1789059419,3,"Personalized Checkered Flag Racing Area Rug, Non-Slip - Design 05",,,,,,,,,,,,,,,,,,,,lb,,,
personalized-checkered-flag-racing-area-rug-non-slip-design-05,,,,,,,,,Medium: 4x6ft,,,,,,,,AMZ-RUG-B0FJRR4YVM-4,0.0,,0,deny,manual,110.90,138.63,true,false,,,,,,https://cdn.shopify.com/s/files/1/1023/0068/0561/files/a40aa302e5f6cedbc61cdb9f0923d8c1ef494956e46c6f4b59fa75bbb9769df5.jpg?v=1789059419,4,"Personalized Checkered Flag Racing Area Rug, Non-Slip - Design 05",,,,,,,,,,,,,,,,,,,,lb,,,
personalized-checkered-flag-racing-area-rug-non-slip-design-05,,,,,,,,,Large: 5x8ft,,,,,,,,AMZ-RUG-B0FJRR4YVM-5,0.0,,0,deny,manual,140.90,176.13,true,false,,,,,,https://cdn.shopify.com/s/files/1/1023/0068/0561/files/9242c2ef7924a37c2acd912f267d45c11bba5c508f623021725dc7195e67ea27.jpg?v=1789059419,5,"Personalized Checkered Flag Racing Area Rug, Non-Slip - Design 05",,,,,,,,,,,,,,,,,,,,lb,,,
personalized-checkered-flag-racing-area-rug-non-slip-design-05,,,,,,,,,,,,,,,,,,,,,,,,,,,,,,,,https://cdn.shopify.com/s/files/1/1023/0068/0561/files/e387ed9439ef79436e75c705ab74bc25814a6d72e5165b9a18a78d900b6db615.jpg?v=1789059419,6,"Personalized Checkered Flag Racing Area Rug, Non-Slip - Design 05",,,,,,,,,,,,,,,,,,,,,,,
personalized-checkered-flag-racing-area-rug-non-slip-design-07,"Personalized Checkered Flag Racing Area Rug, Non-Slip - Design 07","<p>This personalized racing area rug brings the excitement of the racetrack directly into your home. Featuring a detailed checkered-flag pattern and a lifelike race track design, this rug can be customized with a personal name or word. It is designed to add energy and action to various spaces, making it a distinctive accent piece.</p><h3>Product Highlights</h3><ul><li>Detailed racing theme with checkered flag and race track graphics</li><li>Personalization option to add a custom name or word</li><li>Soft yet durable polyester surface for comfort</li><li>Non-slip rubber backing provides confident grip</li><li>Versatile for use in game rooms, garages, or kids' spaces</li></ul><h3>Specifications</h3><table border=""1"" cellpadding=""6"" style=""border-collapse:collapse;width:100%""><tr><th align=""left"" width=""35%"">Attribute</th><th align=""left"">Value</th></tr><tr><td>Rug Form</td><td>Area Rug</td></tr><tr><td>Item Shape</td><td>Rectangular</td></tr><tr><td>Weave Type</td><td>Machine Made</td></tr><tr><td>Pile Height</td><td>Low Pile</td></tr><tr><td>Construction Type</td><td>Machine Made</td></tr><tr><td>Indoor/Outdoor Usage</td><td>Both</td></tr><tr><td>Room Type</td><td>Game Room, Garage, Kid's Bedroom, Patio, Entry, Living Space</td></tr><tr><td>Water Resistance Level</td><td>Not Water Resistant</td></tr><tr><td>Pattern</td><td>Checkered</td></tr><tr><td>Theme</td><td>Motorsports</td></tr><tr><td>Style</td><td>Modern</td></tr><tr><td>Number of Pieces</td><td>1</td></tr><tr><td>Customization</td><td>Text inputs for personalization</td></tr></table><h3>Material &amp; Care</h3><table border=""1"" cellpadding=""6"" style=""border-collapse:collapse;width:100%""><tr><th align=""left"" width=""35%"">Item</th><th align=""left"">Detail</th></tr><tr><td>Material Type</td><td>Sponge - Memory Foam</td></tr><tr><td>Backing Material</td><td>High-quality Epoxy</td></tr></table><h3>Where It Works</h3><p>This racing area rug is suitable for enhancing game rooms, garages, or children's bedrooms. Its versatile design also makes it a fitting addition to patios, entryways, or living spaces, perfect for racing enthusiasts or anyone looking to add a dynamic touch to their decor.</p>",CHILLGEN,Arts & Entertainment > Hobbies & Creative Arts > Arts & Crafts > Crafting Patterns & Molds > Sewing Patterns > Home Decor Sewing Patterns,Rug,"amazon-parent-b0fjrpw98p, checkered flag, custom rug, home-decor, kids room, motorsports, racing rug, rectangular, rug",false,Select Size,XX-Small: 1x1.5ft - OUT OF STOCK,,,,,,,,AMZ-RUG-B0GSZJK24F-1,0.0,,0,deny,manual,30.90,38.63,true,false,,,,,,https://cdn.shopify.com/s/files/1/1023/0068/0561/files/ea18796d39d2d8023afc3f8472c251e850d1aab88ae37feef77a4d1cf87cc492.jpg?v=1789059422,1,"Personalized Checkered Flag Racing Area Rug, Non-Slip - Design 07",false,,"This modern racing area rug features a personalized design and non-slip rubber backing, perfect for a game room or garage.",3697,,,,,,,,,,,B0FJRPW98P,,,,,lb,,,draft
personalized-checkered-flag-racing-area-rug-non-slip-design-07,,,,,,,,,X-Small: 2x3ft,,,,,,,,AMZ-RUG-B0GSZJK24F-2,0.0,,0,deny,manual,35.90,44.88,true,false,,,,,,https://cdn.shopify.com/s/files/1/1023/0068/0561/files/75adcd80c572507a33a40dfebb543f727c96e6fafc2cba6cb3316a608f723cd6.jpg?v=1789059422,2,"Personalized Checkered Flag Racing Area Rug, Non-Slip - Design 07",,,,,,,,,,,,,,,,,,,,lb,,,
personalized-checkered-flag-racing-area-rug-non-slip-design-07,,,,,,,,,Small: 3x5ft,,,,,,,,AMZ-RUG-B0GSZJK24F-3,0.0,,0,deny,manual,70.90,88.63,true,false,,,,,,https://cdn.shopify.com/s/files/1/1023/0068/0561/files/9cbdee22eeac2fa6af3d4550472a13c0ae673568050110442e71f25d92025967.jpg?v=1789059422,3,"Personalized Checkered Flag Racing Area Rug, Non-Slip - Design 07",,,,,,,,,,,,,,,,,,,,lb,,,
personalized-checkered-flag-racing-area-rug-non-slip-design-07,,,,,,,,,Medium: 4x6ft,,,,,,,,AMZ-RUG-B0GSZJK24F-4,0.0,,0,deny,manual,110.90,138.63,true,false,,,,,,https://cdn.shopify.com/s/files/1/1023/0068/0561/files/fbdc5fad37e58d2b3d462f8d561fc3516b45d2bb8e1fb40170765742065eb3ce.jpg?v=1789059422,4,"Personalized Checkered Flag Racing Area Rug, Non-Slip - Design 07",,,,,,,,,,,,,,,,,,,,lb,,,
personalized-checkered-flag-racing-area-rug-non-slip-design-07,,,,,,,,,Large: 5x8ft,,,,,,,,AMZ-RUG-B0GSZJK24F-5,0.0,,0,deny,manual,140.90,176.13,true,false,,,,,,https://cdn.shopify.com/s/files/1/1023/0068/0561/files/11f865ed75f02c1a94f1b3405b74bd889208c7193708bc9f0681b0372307b011.jpg?v=1789059422,5,"Personalized Checkered Flag Racing Area Rug, Non-Slip - Design 07",,,,,,,,,,,,,,,,,,,,lb,,,
personalized-checkered-flag-racing-area-rug-non-slip-design-07,,,,,,,,,,,,,,,,,,,,,,,,,,,,,,,,https://cdn.shopify.com/s/files/1/1023/0068/0561/files/592f09767a1949654462dc0df6d482950dd50c6afa77299afb9dbc010d373b20.jpg?v=1789059422,6,"Personalized Checkered Flag Racing Area Rug, Non-Slip - Design 07",,,,,,,,,,,,,,,,,,,,,,,
personalized-checkered-flag-racing-area-rug-non-slip-design-07,,,,,,,,,,,,,,,,,,,,,,,,,,,,,,,,https://cdn.shopify.com/s/files/1/1023/0068/0561/files/907f642bdf0a15d06de6664bafa45bfae26c5e4a97f68faabf217ec21bc08f71.jpg?v=1789059422,7,"Personalized Checkered Flag Racing Area Rug, Non-Slip - Design 07",,,,,,,,,,,,,,,,,,,,,,,
personalized-racing-checkered-flag-area-rug-non-slip-design-06,"Personalized Racing Checkered Flag Area Rug, Non-Slip - Design 06","<p>This personalized racing area rug brings a dynamic, motorsports-themed accent to any room. Featuring a detailed checkered-flag pattern and a lifelike race track design, this rug can be customized with a name, adding a unique touch. It is designed to provide comfort and stability for various indoor and outdoor settings.</p><h3>Product Highlights</h3><ul><li>Features iconic checkered flag and race-track graphics.</li><li>Customizable with a personal name or word.</li><li>Soft yet durable polyester surface.</li><li>Non-slip rubber backing for confident grip.</li><li>Versatile for game rooms, patios, entry, or living spaces.</li><li>Layers beautifully over existing floor mats.</li></ul><h3>Specifications</h3><table border=""1"" cellpadding=""6"" style=""border-collapse:collapse;width:100%""><tr><th align=""left"" width=""35%"">Attribute</th><th align=""left"">Value</th></tr><tr><td>Rug Form</td><td>Area Rug</td></tr><tr><td>Item Shape</td><td>Rectangular</td></tr><tr><td>Weave Type</td><td>Machine Made</td></tr><tr><td>Pile Height</td><td>Low Pile</td></tr><tr><td>Construction Type</td><td>Machine Made</td></tr><tr><td>Indoor/Outdoor Usage</td><td>Both</td></tr><tr><td>Room Type</td><td>Game Room, Garage, Kid's Space, Patio, Entry, Living Space</td></tr><tr><td>Water Resistance</td><td>Not Water Resistant</td></tr><tr><td>Pattern</td><td>Checkered</td></tr><tr><td>Style</td><td>Modern</td></tr><tr><td>Number of Pieces</td><td>1</td></tr></table><h3>Material &amp; Care</h3><table border=""1"" cellpadding=""6"" style=""border-collapse:collapse;width:100%""><tr><th align=""left"" width=""35%"">Item</th><th align=""left"">Detail</th></tr><tr><td>Material Type</td><td>Sponge - Memory Foam</td></tr><tr><td>Backing Material</td><td>High-quality Epoxy</td></tr></table><h3>Where It Works</h3><p>This racing rug is suitable for game rooms, garages, kid's bedrooms, patios, entryways, or living spaces. It serves as a bold statement piece for motorsport-themed decor or simply to add a touch of excitement.</p>",CHILLGEN,Arts & Entertainment > Hobbies & Creative Arts > Arts & Crafts > Crafting Patterns & Molds > Sewing Patterns > Home Decor Sewing Patterns,Rug,"amazon-parent-b0fjrpw98p, checkered-flag, customizable, home-decor, indoor-outdoor, modern, race, rectangular, rug",false,Select Size,XX-Small: 1x1.5ft - OUT OF STOCK,,,,,,,,AMZ-RUG-B0GSZPVTGM-1,0.0,,0,deny,manual,30.90,38.63,true,false,,,,,,https://cdn.shopify.com/s/files/1/1023/0068/0561/files/90852774f3c34b4c9d849c8b6dbd9c411e5be224f3602ebe00717d7c5ebbc690.jpg?v=1789059422,1,"Personalized Racing Checkered Flag Area Rug, Non-Slip - Design 06",false,,"Modern racing area rug with a custom name feature and non-slip backing, ideal for game rooms and garages.",3697,,,,,,,,,,,B0FJRPW98P,,,,,lb,,,draft
personalized-racing-checkered-flag-area-rug-non-slip-design-06,,,,,,,,,X-Small: 2x3ft,,,,,,,,AMZ-RUG-B0GSZPVTGM-2,0.0,,0,deny,manual,35.90,44.88,true,false,,,,,,https://cdn.shopify.com/s/files/1/1023/0068/0561/files/b6643333d64b458d3b94d2bef45b7b4626acbf2800c277ba37a826f14423c7c2.jpg?v=1789059422,2,"Personalized Racing Checkered Flag Area Rug, Non-Slip - Design 06",,,,,,,,,,,,,,,,,,,,lb,,,
personalized-racing-checkered-flag-area-rug-non-slip-design-06,,,,,,,,,Small: 3x5ft,,,,,,,,AMZ-RUG-B0GSZPVTGM-3,0.0,,0,deny,manual,70.90,88.63,true,false,,,,,,https://cdn.shopify.com/s/files/1/1023/0068/0561/files/088f6f25c3ba8f2e8bd705ba2248906c9cbf629174cf50c73899487d002f7283.jpg?v=1789059422,3,"Personalized Racing Checkered Flag Area Rug, Non-Slip - Design 06",,,,,,,,,,,,,,,,,,,,lb,,,
personalized-racing-checkered-flag-area-rug-non-slip-design-06,,,,,,,,,Medium: 4x6ft,,,,,,,,AMZ-RUG-B0GSZPVTGM-4,0.0,,0,deny,manual,110.90,138.63,true,false,,,,,,https://cdn.shopify.com/s/files/1/1023/0068/0561/files/a2253eb007c7258510f1c90f0f379687522664689fe144a73224db19670599c0.jpg?v=1789059422,4,"Personalized Racing Checkered Flag Area Rug, Non-Slip - Design 06",,,,,,,,,,,,,,,,,,,,lb,,,
personalized-racing-checkered-flag-area-rug-non-slip-design-06,,,,,,,,,Large: 5x8ft,,,,,,,,AMZ-RUG-B0GSZPVTGM-5,0.0,,0,deny,manual,140.90,176.13,true,false,,,,,,https://cdn.shopify.com/s/files/1/1023/0068/0561/files/6986dd8f18e2cac20359c0225c320952210dd53830e6c41c8acb7b6cab95f22c.jpg?v=1789059422,5,"Personalized Racing Checkered Flag Area Rug, Non-Slip - Design 06",,,,,,,,,,,,,,,,,,,,lb,,,
personalized-racing-checkered-flag-area-rug-non-slip-design-06,,,,,,,,,,,,,,,,,,,,,,,,,,,,,,,,https://cdn.shopify.com/s/files/1/1023/0068/0561/files/710d9e0b872d68d31cdea537947aac9733ff9f1741597584505cf22107fa5b44.jpg?v=1789059422,6,"Personalized Racing Checkered Flag Area Rug, Non-Slip - Design 06",,,,,,,,,,,,,,,,,,,,,,,
personalized-racing-checkered-flag-area-rug-non-slip-design-06,,,,,,,,,,,,,,,,,,,,,,,,,,,,,,,,https://cdn.shopify.com/s/files/1/1023/0068/0561/files/c23262a0456a5462ad521351ce4fbaef9b35c25ffba5e403e123d711e5864465.jpg?v=1789059422,7,"Personalized Racing Checkered Flag Area Rug, Non-Slip - Design 06",,,,,,,,,,,,,,,,,,,,,,,
personalized-black-checkered-flag-racing-name-area-rug-non-slip,"Personalized Black Checkered Flag Racing Name Area Rug, Non-Slip","<p>This personalized area rug features a dynamic racing design, complete with a checkered flag pattern and a realistic race track. It's designed to bring the excitement of motorsports into your home, making it a distinctive addition to any room. Ideal for enhancing themed spaces, this rug combines visual appeal with practical features for everyday use.</p><h3>Product Highlights</h3><ul><li>Features a custom name option with detailed racing and checkered flag graphics.</li><li>Vibrant motorsports design brings energy to game rooms, garages, or kids' spaces.</li><li>Soft yet durable polyester surface ensures comfort underfoot.</li><li>Non-slip rubber backing provides confident grip in high-traffic areas.</li><li>Versatile decor suitable for game rooms, patios, entries, or living spaces.</li></ul><h3>Specifications</h3><table border=""1"" cellpadding=""6"" style=""border-collapse:collapse;width:100%""><tr><th align=""left"" width=""35%"">Attribute</th><th align=""left"">Value</th></tr><tr><td>Rug Form</td><td>Area Rug</td></tr><tr><td>Item Shape</td><td>Rectangular</td></tr><tr><td>Weave Type</td><td>Machine Made</td></tr><tr><td>Pile Height</td><td>Low Pile</td></tr><tr><td>Construction Type</td><td>Machine Made</td></tr><tr><td>Indoor/Outdoor Usage</td><td>Both</td></tr><tr><td>Room Type</td><td>Game Room, Garage, Kid's Space, Patio, Entry, Living Space</td></tr><tr><td>Pattern</td><td>Checkered</td></tr><tr><td>Theme</td><td>Racing, Motorsports</td></tr><tr><td>Style</td><td>Modern</td></tr><tr><td>Number of Pieces</td><td>1</td></tr></table><h3>Material &amp; Care</h3><table border=""1"" cellpadding=""6"" style=""border-collapse:collapse;width:100%""><tr><th align=""left"" width=""35%"">Item</th><th align=""left"">Detail</th></tr><tr><td>Material Type</td><td>Sponge - Memory Foam</td></tr><tr><td>Backing Material</td><td>High-quality Epoxy, Non-slip Rubber</td></tr></table><h3>Where It Works</h3><p>This racing-themed area rug is perfect for adding a touch of excitement to game rooms, garages, or any kid's space. Its durable and versatile design also makes it suitable for patios, entryways, or living rooms, complementing various home decor styles.</p>",CHILLGEN,Arts & Entertainment > Hobbies & Creative Arts > Arts & Crafts > Crafting Patterns & Molds > Sewing Patterns > Home Decor Sewing Patterns,Rug,"amazon-parent-b0fjrpw98p, checkered, home-decor, modern, personalized, racing, rectangular, rug, sports",false,Select Size,XX-Small: 1x1.5ft - OUT OF STOCK,,,,,,,,AMZ-RUG-B0FJRQXZ17-1,0.0,,0,deny,manual,30.90,38.63,true,false,,,,,,https://cdn.shopify.com/s/files/1/1023/0068/0561/files/50c9280ce69c42e8fa3a0c8b45dd54e6ecd5bc4cc99bc73c26744b52e93fa897.jpg?v=1789059469,1,"Personalized Racing Area Rug with Name – Custom Checkered Flag Sport Rug for Game Room, Garage, Living Room, Patio – Non-Slip Race Car Track Mat (Racing Rug 02)",false,,"This modern racing area rug features a non-slip rubber backing, perfect for game rooms and high-traffic areas.",3697,,,,,,,,,,,B0FJRPW98P,,,,,lb,,,draft
personalized-black-checkered-flag-racing-name-area-rug-non-slip,,,,,,,,,X-Small: 2x3ft,,,,,,,,AMZ-RUG-B0FJRQXZ17-2,0.0,,0,deny,manual,35.90,44.88,true,false,,,,,,https://cdn.shopify.com/s/files/1/1023/0068/0561/files/e1584383a211cc5401cc303512897d743296c3118f001cf16db0c9c4bb0f2922.jpg?v=1789059469,2,"Personalized Racing Area Rug with Name – Custom Checkered Flag Sport Rug for Game Room, Garage, Living Room, Patio – Non-Slip Race Car Track Mat (Racing Rug 02)",,,,,,,,,,,,,,,,,,,,lb,,,
personalized-black-checkered-flag-racing-name-area-rug-non-slip,,,,,,,,,Small: 3x5ft,,,,,,,,AMZ-RUG-B0FJRQXZ17-3,0.0,,0,deny,manual,70.90,88.63,true,false,,,,,,https://cdn.shopify.com/s/files/1/1023/0068/0561/files/e7b9fd7b7e32045a6c4995ee54eb949aac01e5636cc8243de0f311672ced53f9.jpg?v=1789059469,3,"Personalized Racing Area Rug with Name – Custom Checkered Flag Sport Rug for Game Room, Garage, Living Room, Patio – Non-Slip Race Car Track Mat (Racing Rug 02)",,,,,,,,,,,,,,,,,,,,lb,,,
personalized-black-checkered-flag-racing-name-area-rug-non-slip,,,,,,,,,Medium: 4x6ft,,,,,,,,AMZ-RUG-B0FJRQXZ17-4,0.0,,0,deny,manual,110.90,138.63,true,false,,,,,,https://cdn.shopify.com/s/files/1/1023/0068/0561/files/dc3805bfcc160220eba7691222295cb32d8d082abafdf98f77be4337f411fedb.jpg?v=1789059470,4,"Personalized Racing Area Rug with Name – Custom Checkered Flag Sport Rug for Game Room, Garage, Living Room, Patio – Non-Slip Race Car Track Mat (Racing Rug 02)",,,,,,,,,,,,,,,,,,,,lb,,,
personalized-black-checkered-flag-racing-name-area-rug-non-slip,,,,,,,,,Large: 5x8ft,,,,,,,,AMZ-RUG-B0FJRQXZ17-5,0.0,,0,deny,manual,140.90,176.13,true,false,,,,,,https://cdn.shopify.com/s/files/1/1023/0068/0561/files/7b353c43141f7c6023d2d923b06f27f186fcbe60acf9616a9d4015b3e0bdda09.jpg?v=1789059469,5,"Personalized Racing Area Rug with Name – Custom Checkered Flag Sport Rug for Game Room, Garage, Living Room, Patio – Non-Slip Race Car Track Mat (Racing Rug 02)",,,,,,,,,,,,,,,,,,,,lb,,,
personalized-black-checkered-flag-racing-name-area-rug-non-slip,,,,,,,,,,,,,,,,,,,,,,,,,,,,,,,,https://cdn.shopify.com/s/files/1/1023/0068/0561/files/3159a4d1582c1a7839f824b7441d8736a9d9711bd61446ea4aaa854cd1ec3d10.jpg?v=1789059469,6,"Personalized Racing Area Rug with Name – Custom Checkered Flag Sport Rug for Game Room, Garage, Living Room, Patio – Non-Slip Race Car Track Mat (Racing Rug 02)",,,,,,,,,,,,,,,,,,,,,,,
personalized-checkered-flag-race-track-area-rug-non-slip-design-01,"Personalized Checkered Flag Race Track Area Rug, Non-Slip - Design 01","<p>Rev up your living space with this personalized racing area rug, featuring a vibrant checkered flag pattern and a detailed race track design. It allows for a custom name, adding a unique touch for racing enthusiasts. Crafted for both comfort and stability, this rug is an ideal statement piece for any game room, garage, or child's bedroom.</p><h3>Product Highlights</h3><ul><li>Features iconic checkered flag and race-track graphics for an exciting motorsports design.</li><li>Allows for personalization with a custom name or word.</li><li>Soft yet durable polyester surface with non-slip rubber backing for safety and comfort.</li><li>Versatile for game rooms, patios, entries, or living spaces.</li><li>Ideal gift for racing fans, kids, dads, gamers, or auto enthusiasts.</li></ul><h3>Specifications</h3><table border=""1"" cellpadding=""6"" style=""border-collapse:collapse;width:100%""><tr><th align=""left"" width=""35%"">Attribute</th><th align=""left"">Value</th></tr><tr><td>Rug Form Type</td><td>Area Rug</td></tr><tr><td>Item Shape</td><td>Rectangular</td></tr><tr><td>Weave Type</td><td>Machine Made</td></tr><tr><td>Pile Height</td><td>Low Pile</td></tr><tr><td>Construction Type</td><td>Machine Made</td></tr><tr><td>Indoor Outdoor Usage</td><td>Both</td></tr><tr><td>Pattern</td><td>Checkered</td></tr><tr><td>Style Name</td><td>Modern</td></tr><tr><td>Number of Pieces</td><td>1</td></tr><tr><td>Text Inputs</td><td>2 text inputs</td></tr></table><h3>Material &amp; Care</h3><table border=""1"" cellpadding=""6"" style=""border-collapse:collapse;width:100%""><tr><th align=""left"" width=""35%"">Item</th><th align=""left"">Detail</th></tr><tr><td>Material Type</td><td>Sponge - Memory Foam</td></tr><tr><td>Back Material Type</td><td>High-quality Epoxy</td></tr></table><h3>Where It Works</h3><p>This racing area rug is perfect for transforming game rooms, garages, or kid's spaces into an exciting motorsport-themed environment. Its versatile design also makes it suitable for patios, entryways, or living spaces, adding a bold statement wherever it's placed.</p>",CHILLGEN,Arts & Entertainment > Hobbies & Creative Arts > Arts & Crafts > Crafting Patterns & Molds > Sewing Patterns > Home Decor Sewing Patterns,Rug,"amazon-parent-b0fjrpw98p, checkered-flag, game-room, home-decor, modern, personalized, race-track, racing-rug, rug",false,Select Size,XX-Small: 1x1.5ft - OUT OF STOCK,,,,,,,,AMZ-RUG-B0FJRPW98P-1,0.0,,0,deny,manual,30.90,38.63,true,false,,,,,,https://cdn.shopify.com/s/files/1/1023/0068/0561/files/3a14294ee159cfdd72a0767f4f7cf38cfaf81b56f12934d3e26d04fc8ed61041.jpg?v=1789059473,1,"Personalized Checkered Flag Race Track Area Rug, Non-Slip",false,,"Modern racing rug with personalized checkered flag design and non-slip backing, suitable for game rooms and garages.",3697,,,,,,,,,,,B0FJRPW98P,,,,,lb,,,draft
personalized-checkered-flag-race-track-area-rug-non-slip-design-01,,,,,,,,,X-Small: 2x3ft,,,,,,,,AMZ-RUG-B0FJRPW98P-2,0.0,,0,deny,manual,35.90,44.88,true,false,,,,,,https://cdn.shopify.com/s/files/1/1023/0068/0561/files/d32c03d22f4b4b4001284702e66e09d90f273319a6add47c3b2d4418c5f38306.jpg?v=1789059473,2,"Personalized Checkered Flag Race Track Area Rug, Non-Slip",,,,,,,,,,,,,,,,,,,,lb,,,
personalized-checkered-flag-race-track-area-rug-non-slip-design-01,,,,,,,,,Small: 3x5ft,,,,,,,,AMZ-RUG-B0FJRPW98P-3,0.0,,0,deny,manual,70.90,88.63,true,false,,,,,,https://cdn.shopify.com/s/files/1/1023/0068/0561/files/cbe34b947c7e39d581b08125b3f489cea46f9a29ad3aefa579061ee03296edc8.jpg?v=1789059473,3,"Personalized Checkered Flag Race Track Area Rug, Non-Slip",,,,,,,,,,,,,,,,,,,,lb,,,
personalized-checkered-flag-race-track-area-rug-non-slip-design-01,,,,,,,,,Medium: 4x6ft,,,,,,,,AMZ-RUG-B0FJRPW98P-4,0.0,,0,deny,manual,110.90,138.63,true,false,,,,,,https://cdn.shopify.com/s/files/1/1023/0068/0561/files/e38485c02f8e8d01c1d8cb2041e377c828d14adfd9178ff0435dbb3d13e69dc3.jpg?v=1789059473,4,"Personalized Checkered Flag Race Track Area Rug, Non-Slip",,,,,,,,,,,,,,,,,,,,lb,,,
personalized-checkered-flag-race-track-area-rug-non-slip-design-01,,,,,,,,,Large: 5x8ft,,,,,,,,AMZ-RUG-B0FJRPW98P-5,0.0,,0,deny,manual,140.90,176.13,true,false,,,,,,https://cdn.shopify.com/s/files/1/1023/0068/0561/files/43aefe41fda1236df37265a088a9bb5f59983c0809be567b48a40b7b2abb9665.jpg?v=1789059472,5,"Personalized Checkered Flag Race Track Area Rug, Non-Slip",,,,,,,,,,,,,,,,,,,,lb,,,
personalized-checkered-flag-race-track-area-rug-non-slip-design-01,,,,,,,,,,,,,,,,,,,,,,,,,,,,,,,,https://cdn.shopify.com/s/files/1/1023/0068/0561/files/1b23526cb5475ab8516e494e26e18ce699d2a8677e16d0c6b2ed70325c3ffbed.jpg?v=1789059473,6,"Personalized Checkered Flag Race Track Area Rug, Non-Slip",,,,,,,,,,,,,,,,,,,,,,,
personalized-checkered-flag-race-car-area-rug-non-slip-racing-rug,"Personalized Checkered Flag Race Car Area Rug, Non-Slip - Racing Rug","<p>This personalized area rug brings the excitement of the racetrack to any space with its vibrant design. Featuring a detailed checkered flag pattern and a lifelike race track, this rug can be customized with a name or word for a personal touch. It is designed to add energy and action, perfect for fans of motorsports.</p><h3>Product Highlights</h3><ul><li>Customizable with a personal name or word for a unique touch.</li><li>Features an exciting checkered flag and race track design.</li><li>Soft yet durable polyester surface provides comfort.</li><li>Non-slip rubber backing offers confident grip and stability.</li><li>Versatile for various spaces and can layer over existing floor mats.</li></ul><h3>Specifications</h3><table border=""1"" cellpadding=""6"" style=""border-collapse:collapse;width:100%""><tr><th align=""left"" width=""35%"">Attribute</th><th align=""left"">Value</th></tr><tr><td>Rug Form</td><td>Area Rug</td></tr><tr><td>Item Shape</td><td>Rectangular</td></tr><tr><td>Weave Type</td><td>Machine Made</td></tr><tr><td>Pile Height</td><td>Low Pile</td></tr><tr><td>Construction Type</td><td>Machine Made</td></tr><tr><td>Indoor/Outdoor Usage</td><td>Both</td></tr><tr><td>Room Type</td><td>Game Room, Garage, Kid’s Space, Patio, Entry, Living Space</td></tr><tr><td>Pattern</td><td>Checkered</td></tr><tr><td>Theme</td><td>Motorsports, Race Car</td></tr><tr><td>Style</td><td>Modern</td></tr><tr><td>Number of Pieces</td><td>1</td></tr></table><h3>Material &amp; Care</h3><table border=""1"" cellpadding=""6"" style=""border-collapse:collapse;width:100%""><tr><th align=""left"" width=""35%"">Item</th><th align=""left"">Detail</th></tr><tr><td>Material Type</td><td>Sponge - Memory Foam</td></tr><tr><td>Backing Material</td><td>High-quality Epoxy</td></tr></table><h3>Where It Works</h3><p>This rug is suitable for game rooms, garages, kid’s spaces, patios, entryways, or living areas. Its durable construction makes it ideal for high-traffic zones and both indoor and outdoor settings.</p>",CHILLGEN,Arts & Entertainment > Hobbies & Creative Arts > Arts & Crafts > Crafting Patterns & Molds > Sewing Patterns > Home Decor Sewing Patterns,Rug,"amazon-parent-b0fjrpw98p, checkered rug, custom rug, game room, home-decor, modern rug, race rug, rectangular, rug",false,Select Size,XX-Small: 1x1.5ft - OUT OF STOCK,,,,,,,,AMZ-RUG-B0GSZL444X-1,0.0,,0,deny,manual,30.90,38.63,true,false,,,,,,https://cdn.shopify.com/s/files/1/1023/0068/0561/files/13c9fb3626b0356d8594b439f4304bf2fc2da80ece9f09b0c7594ba97415ef3f.jpg?v=1789059477,1,"Personalized Checkered Flag Race Car Area Rug, Non-Slip",false,,"Modern racing area rug with non-slip backing, perfect for game rooms, garages, or kids' spaces.",3697,,,,,,,,,,,B0FJRPW98P,,,,,lb,,,draft
personalized-checkered-flag-race-car-area-rug-non-slip-racing-rug,,,,,,,,,X-Small: 2x3ft,,,,,,,,AMZ-RUG-B0GSZL444X-2,0.0,,0,deny,manual,35.90,44.88,true,false,,,,,,https://cdn.shopify.com/s/files/1/1023/0068/0561/files/2f7c903b58b417c9e052dc88607d0a7eba20352d20bce8c023881fa62c154cd9.jpg?v=1789059477,2,"Personalized Checkered Flag Race Car Area Rug, Non-Slip",,,,,,,,,,,,,,,,,,,,lb,,,
personalized-checkered-flag-race-car-area-rug-non-slip-racing-rug,,,,,,,,,Small: 3x5ft,,,,,,,,AMZ-RUG-B0GSZL444X-3,0.0,,0,deny,manual,70.90,88.63,true,false,,,,,,https://cdn.shopify.com/s/files/1/1023/0068/0561/files/fb052f58fdbb3cb7b99e24ae27e93d1ba6fe6100dd5dc83e56d61e3db5f75793.jpg?v=1789059477,3,"Personalized Checkered Flag Race Car Area Rug, Non-Slip",,,,,,,,,,,,,,,,,,,,lb,,,
personalized-checkered-flag-race-car-area-rug-non-slip-racing-rug,,,,,,,,,Medium: 4x6ft,,,,,,,,AMZ-RUG-B0GSZL444X-4,0.0,,0,deny,manual,110.90,138.63,true,false,,,,,,https://cdn.shopify.com/s/files/1/1023/0068/0561/files/57c00118f1a90bc4eec5393d35c69c8f71865819fe538cc531175c0d975cf9dd.jpg?v=1789059477,4,"Personalized Checkered Flag Race Car Area Rug, Non-Slip",,,,,,,,,,,,,,,,,,,,lb,,,
personalized-checkered-flag-race-car-area-rug-non-slip-racing-rug,,,,,,,,,Large: 5x8ft,,,,,,,,AMZ-RUG-B0GSZL444X-5,0.0,,0,deny,manual,140.90,176.13,true,false,,,,,,https://cdn.shopify.com/s/files/1/1023/0068/0561/files/cbfb8f2ca542ec8f3d3b2bde441bb389ef25ba668e3ea33da4ddaf85f8af52ba.jpg?v=1789059477,5,"Personalized Checkered Flag Race Car Area Rug, Non-Slip",,,,,,,,,,,,,,,,,,,,lb,,,
personalized-checkered-flag-race-car-area-rug-non-slip-racing-rug,,,,,,,,,,,,,,,,,,,,,,,,,,,,,,,,https://cdn.shopify.com/s/files/1/1023/0068/0561/files/a0951b27d05df08099375376cec4e58dd36030165ac7a0789383bd7ba394b3e9.jpg?v=1789059477,6,"Personalized Checkered Flag Race Car Area Rug, Non-Slip",,,,,,,,,,,,,,,,,,,,,,,
personalized-checkered-flag-race-car-area-rug-non-slip-racing-rug,,,,,,,,,,,,,,,,,,,,,,,,,,,,,,,,https://cdn.shopify.com/s/files/1/1023/0068/0561/files/e5b8b4c3f14efe02c94dcb807a58efcac4fac869d063b29bc8e6c38ffca9f9e8.jpg?v=1789059477,7,"Personalized Checkered Flag Race Car Area Rug, Non-Slip",,,,,,,,,,,,,,,,,,,,,,,
personalized-checkered-flag-race-track-area-rug-non-slip-design-04,"Personalized Checkered Flag Race Track Area Rug, Non-Slip - Design 04","<p>This personalized racing area rug brings the excitement of the racetrack indoors. Featuring a detailed checkered-flag pattern and a lifelike race track design, it can be customized with a personal name. Crafted for comfort and stability, this rug is ideal for adding a vibrant, action-packed touch to any room.</p><h3>Product Highlights</h3><ul><li>Detailed racing design with checkered flag and race-track graphics.</li><li>Customizable with a personal name or word.</li><li>Soft yet durable polyester surface for underfoot comfort.</li><li>Non-slip rubber backing provides confident grip.</li><li>Suitable for both indoor and outdoor use.</li><li>Adds energetic decor to game rooms, garages, or kid's spaces.</li></ul><h3>Specifications</h3><table border=""1"" cellpadding=""6"" style=""border-collapse:collapse;width:100%""><tr><th align=""left"" width=""35%"">Attribute</th><th align=""left"">Value</th></tr><tr><td>Rug Form</td><td>Area Rug</td></tr><tr><td>Item Shape</td><td>Rectangular</td></tr><tr><td>Weave Type</td><td>Machine Made</td></tr><tr><td>Pile Height</td><td>Low Pile</td></tr><tr><td>Construction Type</td><td>Machine Made</td></tr><tr><td>Indoor/Outdoor Usage</td><td>Both</td></tr><tr><td>Room Type</td><td>Game Room, Garage, Kid's Room, Patio, Entry, Living Space</td></tr><tr><td>Pattern</td><td>Checkered</td></tr><tr><td>Theme</td><td>Racing, Motorsports</td></tr><tr><td>Style</td><td>Modern</td></tr><tr><td>Number of Pieces</td><td>1</td></tr></table><h3>Material &amp; Care</h3><table border=""1"" cellpadding=""6"" style=""border-collapse:collapse;width:100%""><tr><th align=""left"" width=""35%"">Item</th><th align=""left"">Detail</th></tr><tr><td>Material Type</td><td>Sponge - Memory Foam</td></tr><tr><td>Backing Material</td><td>High-quality Epoxy</td></tr></table><h3>Where It Works</h3><p>This versatile rug is suitable for game rooms, garages, kids' bedrooms, patios, entryways, or living spaces. Its durable construction makes it ideal for high-traffic areas, while its vibrant design enhances motorsport-themed decor.</p>",CHILLGEN,Arts & Entertainment > Hobbies & Creative Arts > Arts & Crafts > Crafting Patterns & Molds > Sewing Patterns > Home Decor Sewing Patterns,Rug,"amazon-parent-b0fjrpw98p, checkered-flag, home-decor, indoor-outdoor, modern, racing, rectangular, rug",false,Select Size,XX-Small: 1x1.5ft - OUT OF STOCK,,,,,,,,AMZ-RUG-B0FJRSMC34-1,0.0,,0,deny,manual,30.90,38.63,true,false,,,,,,https://cdn.shopify.com/s/files/1/1023/0068/0561/files/28410dc8e1ba49aaaadf6d643c38bdf7613dcde42c7ebfa26a8e63f9531c230f.jpg?v=1789059518,1,"Personalized Checkered Flag Race Track Area Rug, Non-Slip - Design 04",false,,"Modern racing area rug with a custom checkered flag design, featuring a non-slip backing for game rooms and garages.",3697,,,,,,,,,,,B0FJRPW98P,,,,,lb,,,draft
personalized-checkered-flag-race-track-area-rug-non-slip-design-04,,,,,,,,,X-Small: 2x3ft,,,,,,,,AMZ-RUG-B0FJRSMC34-2,0.0,,0,deny,manual,35.90,44.88,true,false,,,,,,https://cdn.shopify.com/s/files/1/1023/0068/0561/files/4e19365980482770fabf87093ea5d91cf54e8264a7659eae448cf9bed1ae723c.jpg?v=1789059518,2,"Personalized Checkered Flag Race Track Area Rug, Non-Slip - Design 04",,,,,,,,,,,,,,,,,,,,lb,,,
personalized-checkered-flag-race-track-area-rug-non-slip-design-04,,,,,,,,,Small: 3x5ft,,,,,,,,AMZ-RUG-B0FJRSMC34-3,0.0,,0,deny,manual,70.90,88.63,true,false,,,,,,https://cdn.shopify.com/s/files/1/1023/0068/0561/files/79cd5d8e1c3ac50edd1615e227d8bf11090ede067d968a5d6e0c1e1dc0689c62.jpg?v=1789059518,3,"Personalized Checkered Flag Race Track Area Rug, Non-Slip - Design 04",,,,,,,,,,,,,,,,,,,,lb,,,
personalized-checkered-flag-race-track-area-rug-non-slip-design-04,,,,,,,,,Medium: 4x6ft,,,,,,,,AMZ-RUG-B0FJRSMC34-4,0.0,,0,deny,manual,110.90,138.63,true,false,,,,,,https://cdn.shopify.com/s/files/1/1023/0068/0561/files/65829a9d945447bb74d55e0a97f124f0531c51e053ae1ab96c81f9e05f82e8a5.jpg?v=1789059518,4,"Personalized Checkered Flag Race Track Area Rug, Non-Slip - Design 04",,,,,,,,,,,,,,,,,,,,lb,,,
personalized-checkered-flag-race-track-area-rug-non-slip-design-04,,,,,,,,,Large: 5x8ft,,,,,,,,AMZ-RUG-B0FJRSMC34-5,0.0,,0,deny,manual,140.90,176.13,true,false,,,,,,https://cdn.shopify.com/s/files/1/1023/0068/0561/files/cc00daf847db2ddb2ae961c2b65a9e1aa1c5758a5f9e03bf956a694a7d98fbb2.jpg?v=1789059518,5,"Personalized Checkered Flag Race Track Area Rug, Non-Slip - Design 04",,,,,,,,,,,,,,,,,,,,lb,,,
personalized-checkered-flag-race-track-area-rug-non-slip-design-04,,,,,,,,,,,,,,,,,,,,,,,,,,,,,,,,https://cdn.shopify.com/s/files/1/1023/0068/0561/files/3bda6ee2d29a8a2d678432ef44dd7bfa5b39c258fa7f2f27f7d8ab6bc4524e9d.jpg?v=1789059518,6,"Personalized Checkered Flag Race Track Area Rug, Non-Slip - Design 04",,,,,,,,,,,,,,,,,,,,,,,
personalized-checkered-racing-flags-with-name-area-rug-non-slip,"Personalized Checkered Racing Flags With Name Area Rug, Non-Slip","<p>This personalized area rug features an exciting motorsports design with a detailed checkered flag pattern and a lifelike race track. Crafted for both safety and comfort, it includes a non-slip rubber backing and a soft polyester surface. This rug is a versatile and eye-catching decor piece that brings energy and action to various spaces, making it ideal for racing fans.</p><p></p><h3>Product Highlights</h3><ul><li>Customizable with a personal name or word for a unique touch.</li><li>Vibrant racing and checkered flag design adds energy to any room.</li><li>Soft yet durable polyester surface provides comfort underfoot.</li><li>Non-slip rubber backing ensures confident grip and stability.</li><li>Versatile for game rooms, patios, entryways, or living spaces.</li></ul><p></p><h3>Specifications</h3><table border=""1"" cellpadding=""6"" style=""border-collapse:collapse;width:100%""><tr><th align=""left"" width=""35%"">Attribute</th><th align=""left"">Value</th></tr><tr><td>Rug Form</td><td>Area Rug</td></tr><tr><td>Item Shape</td><td>Rectangular</td></tr><tr><td>Weave Type</td><td>Machine Made</td></tr><tr><td>Pile Height</td><td>Low Pile</td></tr><tr><td>Construction Type</td><td>Machine Made</td></tr><tr><td>Indoor/Outdoor Usage</td><td>Both</td></tr><tr><td>Pattern</td><td>Checkered</td></tr><tr><td>Style</td><td>Modern</td></tr><tr><td>Number of Pieces</td><td>1</td></tr></table><p></p><h3>Material &amp; Care</h3><table border=""1"" cellpadding=""6"" style=""border-collapse:collapse;width:100%""><tr><th align=""left"" width=""35%"">Item</th><th align=""left"">Detail</th></tr><tr><td>Material Type</td><td>Sponge - Memory Foam</td></tr><tr><td>Backing Material</td><td>High-quality Epoxy</td></tr></table><p></p><h3>Where It Works</h3><p>This area rug is suitable for game rooms, garages, kid’s bedrooms, patios, entryways, or living spaces. Its durable construction makes it ideal for high-traffic areas and adds a bold statement to any motorsport-themed room.</p>",CHILLGEN,Arts & Entertainment > Hobbies & Creative Arts > Arts & Crafts > Crafting Patterns & Molds > Sewing Patterns > Home Decor Sewing Patterns,Rug,"amazon-parent-b0fjrpw98p, checkered rug, game room rug, home-decor, modern rug, personalized rug, racing rug, rectangular rug, rug",false,Select Size,XX-Small: 1x1.5ft - OUT OF STOCK,,,,,,,,AMZ-RUG-B0FJRQZXTT-1,0.0,,0,deny,manual,30.90,38.63,true,false,,,,,,https://cdn.shopify.com/s/files/1/1023/0068/0561/files/eee30c53fd9e619d3b2ebfe9e47056b7b9790be8b67c3c1b42b867097dd31408.jpg?v=1789059526,1,"Personalized Racing Area Rug with Name – Custom Checkered Flag Sport Rug for Game Room, Garage, Living Room, Patio – Non-Slip Race Car Track Mat (Racing Rug 03)",false,,"Modern rectangular area rug with a non-slip backing, customizable name, and racing design, perfect for game rooms.",3697,,,,,,,,,,,B0FJRPW98P,,,,,lb,,,draft
personalized-checkered-racing-flags-with-name-area-rug-non-slip,,,,,,,,,X-Small: 2x3ft,,,,,,,,AMZ-RUG-B0FJRQZXTT-2,0.0,,0,deny,manual,35.90,44.88,true,false,,,,,,https://cdn.shopify.com/s/files/1/1023/0068/0561/files/f9d828d1c1f9a5cca93688ced2897061586737b7342255288046792d76f9a19f.jpg?v=1789059526,2,"Personalized Racing Area Rug with Name – Custom Checkered Flag Sport Rug for Game Room, Garage, Living Room, Patio – Non-Slip Race Car Track Mat (Racing Rug 03)",,,,,,,,,,,,,,,,,,,,lb,,,
personalized-checkered-racing-flags-with-name-area-rug-non-slip,,,,,,,,,Small: 3x5ft,,,,,,,,AMZ-RUG-B0FJRQZXTT-3,0.0,,0,deny,manual,70.90,88.63,true,false,,,,,,https://cdn.shopify.com/s/files/1/1023/0068/0561/files/149fd76a31b2eb71d1f3165d151ec082b37c6bd0a93427632afd37494bf8a863.jpg?v=1789059526,3,"Personalized Racing Area Rug with Name – Custom Checkered Flag Sport Rug for Game Room, Garage, Living Room, Patio – Non-Slip Race Car Track Mat (Racing Rug 03)",,,,,,,,,,,,,,,,,,,,lb,,,
personalized-checkered-racing-flags-with-name-area-rug-non-slip,,,,,,,,,Medium: 4x6ft,,,,,,,,AMZ-RUG-B0FJRQZXTT-4,0.0,,0,deny,manual,110.90,138.63,true,false,,,,,,https://cdn.shopify.com/s/files/1/1023/0068/0561/files/cc6ceb990f56b6909e4fe72ee1bda02c0bc0254cddad28320deb5d85a299b0c6.jpg?v=1789059526,4,"Personalized Racing Area Rug with Name – Custom Checkered Flag Sport Rug for Game Room, Garage, Living Room, Patio – Non-Slip Race Car Track Mat (Racing Rug 03)",,,,,,,,,,,,,,,,,,,,lb,,,
personalized-checkered-racing-flags-with-name-area-rug-non-slip,,,,,,,,,Large: 5x8ft,,,,,,,,AMZ-RUG-B0FJRQZXTT-5,0.0,,0,deny,manual,140.90,176.13,true,false,,,,,,https://cdn.shopify.com/s/files/1/1023/0068/0561/files/382109f254eed4e0bd907362b6aa2a1f1adc75be429f9f5f626b4d2ea9f62571.jpg?v=1789059526,5,"Personalized Racing Area Rug with Name – Custom Checkered Flag Sport Rug for Game Room, Garage, Living Room, Patio – Non-Slip Race Car Track Mat (Racing Rug 03)",,,,,,,,,,,,,,,,,,,,lb,,,
personalized-checkered-racing-flags-with-name-area-rug-non-slip,,,,,,,,,,,,,,,,,,,,,,,,,,,,,,,,https://cdn.shopify.com/s/files/1/1023/0068/0561/files/818288a05b6836fabad1c9d2d6993fafe93899e02bd88343233bdb6dd5ff1a78.jpg?v=1789059526,6,"Personalized Racing Area Rug with Name – Custom Checkered Flag Sport Rug for Game Room, Garage, Living Room, Patio – Non-Slip Race Car Track Mat (Racing Rug 03)",,,,,,,,,,,,,,,,,,,,,,,
personalized-checkered-flag-sport-area-rug-non-slip,"Personalized Checkered Flag Sport Area Rug, Non-Slip","<p>This personalized racing area rug brings a dynamic, motorsports-themed touch to any room. Featuring a detailed checkered flag and race track design, it allows for custom personalization with a name or word. Crafted for both visual appeal and practical use, this rug enhances game rooms, garages, and kids' spaces while offering comfort and stability.</p><h3>Product Highlights</h3><ul><li>Features iconic checkered flag and race-track graphics for an exciting motorsports design.</li><li>Allows for personalization with a custom name or word.</li><li>Offers a soft yet durable surface with a non-slip rubber backing.</li><li>Designed for confident grip and cozy texture underfoot.</li><li>Versatile as a statement piece or for layering over existing floor mats.</li></ul><h3>Specifications</h3><table border=""1"" cellpadding=""6"" style=""border-collapse:collapse;width:100%""><tr><th align=""left"" width=""35%"">Attribute</th><th align=""left"">Value</th></tr><tr><td>Rug Form</td><td>Area Rug</td></tr><tr><td>Item Shape</td><td>Rectangular</td></tr><tr><td>Weave Type</td><td>Machine Made</td></tr><tr><td>Pile Height</td><td>Low Pile</td></tr><tr><td>Construction Type</td><td>Machine Made</td></tr><tr><td>Indoor/Outdoor Usage</td><td>Both</td></tr><tr><td>Pattern</td><td>Checkered</td></tr><tr><td>Theme</td><td>Racing</td></tr><tr><td>Style</td><td>Modern</td></tr><tr><td>Number of Pieces</td><td>1</td></tr><tr><td>Customization Text Inputs</td><td>2</td></tr></table><h3>Material &amp; Care</h3><table border=""1"" cellpadding=""6"" style=""border-collapse:collapse;width:100%""><tr><th align=""left"" width=""35%"">Item</th><th align=""left"">Detail</th></tr><tr><td>Material Type</td><td>Sponge - Memory Foam</td></tr><tr><td>Backing Material</td><td>High-quality Epoxy</td></tr></table><h3>Where It Works</h3><p>This versatile rug is suitable for enhancing game rooms, garages, kid's spaces, patios, entryways, or living areas, bringing a themed design to various indoor and outdoor settings.</p>",CHILLGEN,Arts & Entertainment > Hobbies & Creative Arts > Arts & Crafts > Crafting Patterns & Molds > Sewing Patterns > Home Decor Sewing Patterns,Rug,"amazon-parent-b0fjrpw98p, checkered-flag, home-decor, modern, non-slip, personalized, race, rectangular, rug",false,Select Size,XX-Small: 1x1.5ft - OUT OF STOCK,,,,,,,,AMZ-RUG-B0GSZSZGY9-1,0.0,,0,deny,manual,30.90,38.63,true,false,,,,,,https://cdn.shopify.com/s/files/1/1023/0068/0561/files/99386d8809d6434246b5f7604520c0bdbd0cb4b08d71bb9eac1c085163648090.jpg?v=1789059530,1,"Personalized Racing Area Rug with Name – Custom Checkered Flag Sport Rug for Game Room, Garage, Living Room, Patio – Non-Slip Race Car Track Mat (Racing Rug 08)",false,,"This modern personalized racing area rug features a checkered flag design and non-slip backing, ideal for game rooms or garages.",3697,,,,,,,,,,,B0FJRPW98P,,,,,lb,,,draft
personalized-checkered-flag-sport-area-rug-non-slip,,,,,,,,,X-Small: 2x3ft,,,,,,,,AMZ-RUG-B0GSZSZGY9-2,0.0,,0,deny,manual,35.90,44.88,true,false,,,,,,https://cdn.shopify.com/s/files/1/1023/0068/0561/files/7ac1783a7808869246fadb9520bbbceecc0d26749de6751ef9b8b5cafee2cef9.jpg?v=1789059530,2,"Personalized Racing Area Rug with Name – Custom Checkered Flag Sport Rug for Game Room, Garage, Living Room, Patio – Non-Slip Race Car Track Mat (Racing Rug 08)",,,,,,,,,,,,,,,,,,,,lb,,,
personalized-checkered-flag-sport-area-rug-non-slip,,,,,,,,,Small: 3x5ft,,,,,,,,AMZ-RUG-B0GSZSZGY9-3,0.0,,0,deny,manual,70.90,88.63,true,false,,,,,,https://cdn.shopify.com/s/files/1/1023/0068/0561/files/1281d65f3eca882bdc07d73e1c3e7d8eac2efc812bf84f00f72340c5a726ab73.jpg?v=1789059530,3,"Personalized Racing Area Rug with Name – Custom Checkered Flag Sport Rug for Game Room, Garage, Living Room, Patio – Non-Slip Race Car Track Mat (Racing Rug 08)",,,,,,,,,,,,,,,,,,,,lb,,,
personalized-checkered-flag-sport-area-rug-non-slip,,,,,,,,,Medium: 4x6ft,,,,,,,,AMZ-RUG-B0GSZSZGY9-4,0.0,,0,deny,manual,110.90,138.63,true,false,,,,,,https://cdn.shopify.com/s/files/1/1023/0068/0561/files/b39368e67315a14ffbeb190c899514156b090cdd87012be2a1029c9eb5a77a29.jpg?v=1789059530,4,"Personalized Racing Area Rug with Name – Custom Checkered Flag Sport Rug for Game Room, Garage, Living Room, Patio – Non-Slip Race Car Track Mat (Racing Rug 08)",,,,,,,,,,,,,,,,,,,,lb,,,
personalized-checkered-flag-sport-area-rug-non-slip,,,,,,,,,Large: 5x8ft,,,,,,,,AMZ-RUG-B0GSZSZGY9-5,0.0,,0,deny,manual,140.90,176.13,true,false,,,,,,https://cdn.shopify.com/s/files/1/1023/0068/0561/files/ad28e5c70aef04fe981e318d92b7a399707cc8bd75b6854384dcf66bbb7e526d.jpg?v=1789059530,5,"Personalized Racing Area Rug with Name – Custom Checkered Flag Sport Rug for Game Room, Garage, Living Room, Patio – Non-Slip Race Car Track Mat (Racing Rug 08)",,,,,,,,,,,,,,,,,,,,lb,,,
personalized-checkered-flag-sport-area-rug-non-slip,,,,,,,,,,,,,,,,,,,,,,,,,,,,,,,,https://cdn.shopify.com/s/files/1/1023/0068/0561/files/244f62c8ef06e6d95962187a371ee68c00fd2cf293b61527bfbaf814d4f2497c.jpg?v=1789059530,6,"Personalized Racing Area Rug with Name – Custom Checkered Flag Sport Rug for Game Room, Garage, Living Room, Patio – Non-Slip Race Car Track Mat (Racing Rug 08)",,,,,,,,,,,,,,,,,,,,,,,
personalized-checkered-flag-sport-area-rug-non-slip,,,,,,,,,,,,,,,,,,,,,,,,,,,,,,,,https://cdn.shopify.com/s/files/1/1023/0068/0561/files/a3ec907f73c144b0f19830ff4813678d23425cae88ed2adb6b03e027fcbb0480.jpg?v=1789059530,7,"Personalized Racing Area Rug with Name – Custom Checkered Flag Sport Rug for Game Room, Garage, Living Room, Patio – Non-Slip Race Car Track Mat (Racing Rug 08)",,,,,,,,,,,,,,,,,,,,,,,
personalized-emotion-chart-face-emojis-rug-machine-washable-wheel,"Personalized Emotion Chart Face Emojis Rug, Machine Washable - Wheel","<p>This round rug is a vibrant and engaging educational tool designed to help children understand and express their emotions. Featuring a playful feeling wheel chart in a composition notebook style, it brings warmth and personality to learning spaces. It serves as a visual aid for emotional regulation, fostering mindfulness and healthy routines in a fun and interactive way.</p><h3>Product Highlights</h3><ul><li>Features a colorful feeling wheel chart for emotional learning.</li><li>Designed to support emotional development and mindfulness.</li><li>Adds warmth and personality with a playful composition notebook style.</li><li>Made from high-quality polyester for comfort and durability.</li><li>Functions as a seating mat, welcome mat, or calming corner rug.</li><li>Helps children build emotional vocabulary and recognize different feelings.</li></ul><h3>Specifications</h3><table border=""1"" cellpadding=""6"" style=""border-collapse:collapse;width:100%""><tr><th align=""left"" width=""35%"">Attribute</th><th align=""left"">Value</th></tr><tr><td>Rug Form</td><td>Area Rug</td></tr><tr><td>Item Shape</td><td>Round</td></tr><tr><td>Weave Type</td><td>Flat Woven</td></tr><tr><td>Pile Height</td><td>Low Pile</td></tr><tr><td>Construction Type</td><td>Machine Made</td></tr><tr><td>Indoor/Outdoor Usage</td><td>Indoor</td></tr><tr><td>Pattern</td><td>Cartoon</td></tr><tr><td>Theme</td><td>Emotional Learning</td></tr><tr><td>Style</td><td>Modern</td></tr><tr><td>Number of Pieces</td><td>1</td></tr><tr><td>Special Features</td><td>Non Slip</td></tr></table><h3>Material &amp; Care</h3><table border=""1"" cellpadding=""6"" style=""border-collapse:collapse;width:100%""><tr><th align=""left"" width=""35%"">Item</th><th align=""left"">Detail</th></tr><tr><td>Material Type</td><td>Faux Wool</td></tr><tr><td>Backing Material</td><td>Memory Foam</td></tr><tr><td>Product Care Instructions</td><td>Vacuum regularly or hand/machine wash with cold water</td></tr></table><h3>Where It Works</h3><p>This versatile rug is ideal for classrooms, therapy rooms, reading corners, and calming areas. It creates a supportive and emotionally aware environment, perfect for educational settings and play areas where children can learn about emotions.</p>",CHILLGEN,Home & Garden > Decor > Rugs,Rug,"amazon-parent-b0ffsy36rb, classroom, educational, emotions, home-decor, kids-room, modern, round, rug",false,Choose Size,1.6x1.6 ft - XXS (SUPER SMALL),,,,,,,,AMZ-RUG-B0FFSZRBGV-1,0.0,,0,deny,manual,24.90,33.20,true,false,,,,,,https://cdn.shopify.com/s/files/1/1023/0068/0561/files/c195c431cb5c163842846631833ee7b6b107e66383ed542a2f720ef60211f34a.jpg?v=1789060093,1,"Personalized Emotion Chart Face Emojis Rug, Machine Washable",false,,Modern round faux wool rug with a feeling wheel chart for emotional regulation in classrooms and kids' rooms. Non-slip for safety.,598,,,,,,,,,,,B0FFSY36RB,,,,,lb,,,draft
personalized-emotion-chart-face-emojis-rug-machine-washable-wheel,,,,,,,,,2x2 ft - XS (1 Kid),,,,,,,,AMZ-RUG-B0FFSZRBGV-2,0.0,,0,deny,manual,31.90,42.53,true,false,,,,,,https://cdn.shopify.com/s/files/1/1023/0068/0561/files/a020d254e8eb069561bfb07091acbc14087caab7b9f5dac76542ac83eff46fac.jpg?v=1789060093,2,"Personalized Emotion Chart Face Emojis Rug, Machine Washable",,,,,,,,,,,,,,,,,,,,lb,,,
personalized-emotion-chart-face-emojis-rug-machine-washable-wheel,,,,,,,,,3x3 ft - S (2 Kids),,,,,,,,AMZ-RUG-B0FFSZRBGV-3,0.0,,0,deny,manual,49.90,66.53,true,false,,,,,,https://cdn.shopify.com/s/files/1/1023/0068/0561/files/1b005a3357076745540c2ef8790a336d284a14f372d418cd25375424f1a178a1.jpg?v=1789060093,3,"Personalized Emotion Chart Face Emojis Rug, Machine Washable",,,,,,,,,,,,,,,,,,,,lb,,,
personalized-emotion-chart-face-emojis-rug-machine-washable-wheel,,,,,,,,,4x4 ft - M (3 - 4 Kids),,,,,,,,AMZ-RUG-B0FFSZRBGV-4,0.0,,0,deny,manual,59.90,79.87,true,false,,,,,,https://cdn.shopify.com/s/files/1/1023/0068/0561/files/67795764298a94886ff1390b98f064a626c1df300683f6a0a854d9292a93f976.jpg?v=1789060093,4,"Personalized Emotion Chart Face Emojis Rug, Machine Washable",,,,,,,,,,,,,,,,,,,,lb,,,
personalized-emotion-chart-face-emojis-rug-machine-washable-wheel,,,,,,,,,5x5 ft - L (5 - 7 Kids),,,,,,,,AMZ-RUG-B0FFSZRBGV-5,0.0,,0,deny,manual,89.90,119.87,true,false,,,,,,https://cdn.shopify.com/s/files/1/1023/0068/0561/files/ad18289fd730a0594a17adf069c1088a1ca42f36f08ae34e2dfc551b2f0dc02f.jpg?v=1789060093,5,"Personalized Emotion Chart Face Emojis Rug, Machine Washable",,,,,,,,,,,,,,,,,,,,lb,,,
personalized-emotion-chart-face-emojis-rug-machine-washable-wheel,,,,,,,,,6x6 ft - XL (8 - 12 Kids),,,,,,,,AMZ-RUG-B0FFSZRBGV-6,0.0,,0,deny,manual,124.90,166.53,true,false,,,,,,https://cdn.shopify.com/s/files/1/1023/0068/0561/files/0c6b67b8a5c887d95b1773cc5935168beaac72b8f9b9cca18245467dafb33cba.jpg?v=1789060093,6,"Personalized Emotion Chart Face Emojis Rug, Machine Washable",,,,,,,,,,,,,,,,,,,,lb,,,
personalized-colorful-emotion-wheel-chart-mat-non-slip,"Personalized Colorful Emotion Wheel Chart Mat, Non Slip","<p>This round rug features a colorful feeling wheel chart, designed to help children identify and express their emotions in a fun and visual way. It serves as an emotional regulation tool, fostering mindfulness and healthy routines. Inspired by a playful composition notebook style, it adds warmth and personality to learning spaces while supporting emotional development.</p><h3>Product Highlights</h3><ul><li>Colorful feeling wheel chart for emotional learning and expression.</li><li>Supports emotional development and mindfulness for children.</li><li>Playful composition notebook style with cheerful icons.</li><li>Soft, durable, and comfortable high-quality polyester.</li><li>Machine washable for easy cleaning and everyday use.</li><li>Features a non-slip backing for added safety.</li></ul><h3>Specifications</h3><table border=""1"" cellpadding=""6"" style=""border-collapse:collapse;width:100%""><tr><th align=""left"" width=""35%"">Attribute</th><th align=""left"">Value</th></tr><tr><td>Rug Form</td><td>Area Rug</td></tr><tr><td>Item Shape</td><td>Round</td></tr><tr><td>Weave Type</td><td>Flat Woven</td></tr><tr><td>Pile Height</td><td>Low Pile</td></tr><tr><td>Construction Type</td><td>Machine Made</td></tr><tr><td>Indoor/Outdoor Usage</td><td>Indoor</td></tr><tr><td>Special Features</td><td>Non Slip</td></tr><tr><td>Pattern</td><td>Cartoon</td></tr><tr><td>Theme</td><td>Emotional Learning</td></tr><tr><td>Style</td><td>Modern</td></tr><tr><td>Number of Pieces</td><td>1</td></tr></table><h3>Material &amp; Care</h3><table border=""1"" cellpadding=""6"" style=""border-collapse:collapse;width:100%""><tr><th align=""left"" width=""35%"">Item</th><th align=""left"">Detail</th></tr><tr><td>Material Type</td><td>Faux Wool</td></tr><tr><td>Backing Material</td><td>Memory Foam</td></tr><tr><td>Care Instructions</td><td>Vacuum regularly or hand/machine wash with cold water</td></tr></table><h3>Where It Works</h3><p>This versatile rug is ideal for classrooms, therapy rooms, reading corners, and calming areas. It functions as a seating mat or a classroom welcome mat, creating a supportive and emotionally aware environment for children.</p>",CHILLGEN,Home & Garden > Decor > Rugs,Rug,"amazon-parent-b0ffsy36rb, classroom, emotional-regulation, home-decor, kids-room, modern, non-slip, round, rug",false,Choose Size,1.6x1.6 ft - XXS (SUPER SMALL),,,,,,,,AMZ-RUG-B0FLXX5Y4K-1,0.0,,0,deny,manual,24.90,33.20,true,false,,,,,,https://cdn.shopify.com/s/files/1/1023/0068/0561/files/d74a78635050edd8d79b24025534b835add159faa0dafd406cb1f7b6ac30c4ba.jpg?v=1789060095,1,"Feeling Wheel Chart Rug for Classroom - Round Emotional Regulation Mat, Calming Corner Decor, Mental Health Composition Notebook Carpet, Back to School Gift (Wheel of Feeling Classic)",false,,"A modern round faux wool rug with a non-slip backing, perfect for classroom emotional learning and kids' room decor.",598,,,,,,,,,,,B0FFSY36RB,,,,,lb,,,draft
personalized-colorful-emotion-wheel-chart-mat-non-slip,,,,,,,,,2x2 ft - XS (1 Kid),,,,,,,,AMZ-RUG-B0FLXX5Y4K-2,0.0,,0,deny,manual,31.90,42.53,true,false,,,,,,https://cdn.shopify.com/s/files/1/1023/0068/0561/files/b316ee47e6125f80258a1ef1be6311b1d3dcbd08cc4392b562f9e821de71cc3c.jpg?v=1789060094,2,"Feeling Wheel Chart Rug for Classroom - Round Emotional Regulation Mat, Calming Corner Decor, Mental Health Composition Notebook Carpet, Back to School Gift (Wheel of Feeling Classic)",,,,,,,,,,,,,,,,,,,,lb,,,
personalized-colorful-emotion-wheel-chart-mat-non-slip,,,,,,,,,3x3 ft - S (2 Kids),,,,,,,,AMZ-RUG-B0FLXX5Y4K-3,0.0,,0,deny,manual,49.90,66.53,true,false,,,,,,https://cdn.shopify.com/s/files/1/1023/0068/0561/files/8312d823de4e112344ee802e1faa932f011244f405d55e7909dcbf8c9610bd87.jpg?v=1789060095,3,"Feeling Wheel Chart Rug for Classroom - Round Emotional Regulation Mat, Calming Corner Decor, Mental Health Composition Notebook Carpet, Back to School Gift (Wheel of Feeling Classic)",,,,,,,,,,,,,,,,,,,,lb,,,
personalized-colorful-emotion-wheel-chart-mat-non-slip,,,,,,,,,4x4 ft - M (3 - 4 Kids),,,,,,,,AMZ-RUG-B0FLXX5Y4K-4,0.0,,0,deny,manual,59.90,79.87,true,false,,,,,,https://cdn.shopify.com/s/files/1/1023/0068/0561/files/253854bc7494843ac6ec547fc529760d04f16eea5fd95c5dad087bb907f050b4.jpg?v=1789060094,4,"Feeling Wheel Chart Rug for Classroom - Round Emotional Regulation Mat, Calming Corner Decor, Mental Health Composition Notebook Carpet, Back to School Gift (Wheel of Feeling Classic)",,,,,,,,,,,,,,,,,,,,lb,,,
personalized-colorful-emotion-wheel-chart-mat-non-slip,,,,,,,,,5x5 ft - L (5 - 7 Kids),,,,,,,,AMZ-RUG-B0FLXX5Y4K-5,0.0,,0,deny,manual,89.90,119.87,true,false,,,,,,https://cdn.shopify.com/s/files/1/1023/0068/0561/files/e6bbc45e5cc2a5465f2514ee18ad58997528882241c5ae23321f3d3cffe57417.jpg?v=1789060094,5,"Feeling Wheel Chart Rug for Classroom - Round Emotional Regulation Mat, Calming Corner Decor, Mental Health Composition Notebook Carpet, Back to School Gift (Wheel of Feeling Classic)",,,,,,,,,,,,,,,,,,,,lb,,,
personalized-colorful-emotion-wheel-chart-mat-non-slip,,,,,,,,,6x6 ft - XL (8 - 12 Kids),,,,,,,,AMZ-RUG-B0FLXX5Y4K-6,0.0,,0,deny,manual,124.90,166.53,true,false,,,,,,https://cdn.shopify.com/s/files/1/1023/0068/0561/files/9c08cb685f437c8fe019093debb0c54a6500b6c65c9f134aeb47ae6adeedf306.jpg?v=1789060094,6,"Feeling Wheel Chart Rug for Classroom - Round Emotional Regulation Mat, Calming Corner Decor, Mental Health Composition Notebook Carpet, Back to School Gift (Wheel of Feeling Classic)",,,,,,,,,,,,,,,,,,,,lb,,,
personalized-feeling-wheel-chart-rug-machine-washable,"Personalized Feeling Wheel Chart Rug, Machine Washable","<p>This round educational rug features a colorful feeling wheel chart, designed to help children identify and express their emotions. It serves as a visual aid for emotional learning and regulation, making it a special addition to any learning environment. Ideal for fostering emotional development, this rug also adds a playful touch to classroom settings.</p><h3>Product Highlights</h3><ul><li>Features a colorful feeling wheel chart to aid emotional expression.</li><li>Supports emotional development and mindfulness in a fun, visual way.</li><li>Inspired by classroom doodles for a playful composition notebook style.</li><li>Made from high-quality polyester that is soft, durable, and comfortable.</li><li>Machine washable for easy cleaning and everyday use.</li><li>Functions as a versatile seating mat, welcome mat, or calming corner rug.</li></ul><h3>Specifications</h3><table border=""1"" cellpadding=""6"" style=""border-collapse:collapse;width:100%""><tr><th align=""left"" width=""35%"">Attribute</th><th align=""left"">Value</th></tr><tr><td>Rug Form</td><td>Area Rug</td></tr><tr><td>Item Shape</td><td>Round</td></tr><tr><td>Weave Type</td><td>Flat Woven</td></tr><tr><td>Pile Height</td><td>Low Pile</td></tr><tr><td>Construction Type</td><td>Machine Made</td></tr><tr><td>Indoor/Outdoor Usage</td><td>Indoor</td></tr><tr><td>Special Features</td><td>Non Slip</td></tr><tr><td>Pattern</td><td>Cartoon</td></tr><tr><td>Theme</td><td>Emotional Learning</td></tr><tr><td>Style</td><td>Modern</td></tr><tr><td>Number of Pieces</td><td>1</td></tr></table><h3>Material &amp; Care</h3><table border=""1"" cellpadding=""6"" style=""border-collapse:collapse;width:100%""><tr><th align=""left"" width=""35%"">Item</th><th align=""left"">Detail</th></tr><tr><td>Material Type</td><td>Faux Wool</td></tr><tr><td>Backing Material</td><td>Memory Foam</td></tr><tr><td>Care Instructions</td><td>Vacuum regularly or hand/machine wash with cold water</td></tr></table><h3>Where It Works</h3><p>This educational rug is perfect for classrooms, therapy rooms, reading corners, and other learning spaces. It creates a supportive and emotionally aware environment, suitable for activities promoting emotional regulation and mindfulness.</p>",CHILLGEN,Home & Garden > Decor > Rugs,Rug,"amazon-parent-b0ffsy36rb, classroom, educational, emotions, home-decor, kids-room, modern, round, rug",false,Choose Size,1.6x1.6 ft - XXS (SUPER SMALL),,,,,,,,AMZ-RUG-B0FFT16BSZ-1,0.0,,0,deny,manual,24.90,33.20,true,false,,,,,,https://cdn.shopify.com/s/files/1/1023/0068/0561/files/64a4d920c29474181293cf9c40adc69c117cb8a8e8dc737e27ec8732541efbab.jpg?v=1789060097,1,"Feeling Wheel Chart Rug for Classroom - Round Emotional Regulation Mat, Calming Corner Decor, Mental Health Composition Notebook Carpet, Back to School Gift",false,,"This modern round faux wool rug features a non-slip design, perfect for educational settings like classrooms and therapy rooms.",598,,,,,,,,,,,B0FFSY36RB,,,,,lb,,,draft
personalized-feeling-wheel-chart-rug-machine-washable,,,,,,,,,2x2 ft - XS (1 Kid),,,,,,,,AMZ-RUG-B0FFT16BSZ-2,0.0,,0,deny,manual,31.90,42.53,true,false,,,,,,https://cdn.shopify.com/s/files/1/1023/0068/0561/files/93311e4a158e8cce7db988fd56e5bb4f08744605cdb7b92505a098541ebe119d.jpg?v=1789060097,2,"Feeling Wheel Chart Rug for Classroom - Round Emotional Regulation Mat, Calming Corner Decor, Mental Health Composition Notebook Carpet, Back to School Gift",,,,,,,,,,,,,,,,,,,,lb,,,
personalized-feeling-wheel-chart-rug-machine-washable,,,,,,,,,3x3 ft - S (2 Kids),,,,,,,,AMZ-RUG-B0FFT16BSZ-3,0.0,,0,deny,manual,49.90,66.53,true,false,,,,,,https://cdn.shopify.com/s/files/1/1023/0068/0561/files/38b257562c8b6c3e7f4a62787a30e26389740c51f8faac00811e5b30a99a96f5.jpg?v=1789060097,3,"Feeling Wheel Chart Rug for Classroom - Round Emotional Regulation Mat, Calming Corner Decor, Mental Health Composition Notebook Carpet, Back to School Gift",,,,,,,,,,,,,,,,,,,,lb,,,
personalized-feeling-wheel-chart-rug-machine-washable,,,,,,,,,4x4 ft - M (3 - 4 Kids),,,,,,,,AMZ-RUG-B0FFT16BSZ-4,0.0,,0,deny,manual,59.90,79.87,true,false,,,,,,https://cdn.shopify.com/s/files/1/1023/0068/0561/files/b460e4026bd7951db09235273a1c6f3f6c0ceff8ad729b015d6492810efeda72.jpg?v=1789060097,4,"Feeling Wheel Chart Rug for Classroom - Round Emotional Regulation Mat, Calming Corner Decor, Mental Health Composition Notebook Carpet, Back to School Gift",,,,,,,,,,,,,,,,,,,,lb,,,
personalized-feeling-wheel-chart-rug-machine-washable,,,,,,,,,5x5 ft - L (5 - 7 Kids),,,,,,,,AMZ-RUG-B0FFT16BSZ-5,0.0,,0,deny,manual,89.90,119.87,true,false,,,,,,https://cdn.shopify.com/s/files/1/1023/0068/0561/files/e1df6554027d462f11f68e8d4568e1310045b9b892b629732822f8dd6a816935.jpg?v=1789060097,5,"Feeling Wheel Chart Rug for Classroom - Round Emotional Regulation Mat, Calming Corner Decor, Mental Health Composition Notebook Carpet, Back to School Gift",,,,,,,,,,,,,,,,,,,,lb,,,
personalized-feeling-wheel-chart-rug-machine-washable,,,,,,,,,6x6 ft - XL (8 - 12 Kids),,,,,,,,AMZ-RUG-B0FFT16BSZ-6,0.0,,0,deny,manual,124.90,166.53,true,false,,,,,,https://cdn.shopify.com/s/files/1/1023/0068/0561/files/0046a2ea4e32f0d8bf5d241d696e9dfafd917e2f13c018811889d59af98b6acb.jpg?v=1789060097,6,"Feeling Wheel Chart Rug for Classroom - Round Emotional Regulation Mat, Calming Corner Decor, Mental Health Composition Notebook Carpet, Back to School Gift",,,,,,,,,,,,,,,,,,,,lb,,,
personalized-feeling-wheel-composition-notebook-art-area-rug-non-slip,"Personalized Feeling Wheel Composition Notebook Art Area Rug, Non Slip","<p>This round educational rug is designed to help children identify and express their feelings in a fun and visual way. Featuring a colorful feeling wheel chart, it serves as a valuable tool for emotional regulation and mindfulness, making it a special addition to any learning or play space. Its playful composition notebook style adds warmth and personality, while supporting healthy classroom routines.</p><h3>Product Highlights</h3><ul><li>Features a colorful feeling wheel chart for emotional learning.</li><li>Supports emotional development and mindfulness for children.</li><li>Inspired by classroom doodles with cheerful icons.</li><li>Made from high-quality polyester for comfort and durability.</li><li>Machine washable for easy cleaning and maintenance.</li><li>Versatile for use as a seating mat or calming corner rug.</li></ul><h3>Specifications</h3><table border=""1"" cellpadding=""6"" style=""border-collapse:collapse;width:100%""><tr><th align=""left"" width=""35%"">Attribute</th><th align=""left"">Value</th></tr><tr><td>Rug Form</td><td>Area Rug</td></tr><tr><td>Item Shape</td><td>Round</td></tr><tr><td>Weave Type</td><td>Flat Woven</td></tr><tr><td>Pile Height</td><td>Low Pile</td></tr><tr><td>Construction Type</td><td>Machine Made</td></tr><tr><td>Indoor/Outdoor Usage</td><td>Indoor</td></tr><tr><td>Special Features</td><td>Non Slip</td></tr><tr><td>Pattern</td><td>Cartoon</td></tr><tr><td>Theme</td><td>Emotional Learning</td></tr><tr><td>Style</td><td>Modern</td></tr><tr><td>Number of Pieces</td><td>1</td></tr></table><h3>Material &amp; Care</h3><table border=""1"" cellpadding=""6"" style=""border-collapse:collapse;width:100%""><tr><th align=""left"" width=""35%"">Item</th><th align=""left"">Detail</th></tr><tr><td>Material Type</td><td>Faux Wool</td></tr><tr><td>Backing Material</td><td>Memory Foam</td></tr><tr><td>Care Instructions</td><td>Vacuum regularly or hand/machine wash with cold water</td></tr></table><h3>Where It Works</h3><p>This versatile rug is ideal for classrooms, therapy rooms, reading corners, and play areas. It functions effectively as a seating mat, classroom welcome mat, or a calming corner rug, creating an emotionally aware and supportive environment for children.</p>",CHILLGEN,Home & Garden > Decor > Rugs,Rug,"amazon-parent-b0ffsy36rb, classroom, educational, emotional-learning, home-decor, kids-room, modern, round-rug, rug",false,Choose Size,1.6x1.6 ft - XXS (SUPER SMALL),,,,,,,,AMZ-RUG-B0FNRPQGRQ-1,0.0,,0,deny,manual,24.90,33.20,true,false,,,,,,https://cdn.shopify.com/s/files/1/1023/0068/0561/files/3421e67ae8885488ae03182353aa4379a76b7acd0d904d43cf50b58f945c144a.jpg?v=1789060145,1,"Feeling Wheel Chart Rug for Classroom - Round Emotional Regulation Mat, Calming Corner Decor, Mental Health Composition Notebook Carpet, Back to School Gift",false,,"Modern round faux wool rug with a non-slip backing, featuring an educational emotion wheel for classrooms and calming corners.",598,,,,,,,,,,,B0FFSY36RB,,,,,lb,,,draft
personalized-feeling-wheel-composition-notebook-art-area-rug-non-slip,,,,,,,,,2x2 ft - XS (1 Kid),,,,,,,,AMZ-RUG-B0FNRPQGRQ-2,0.0,,0,deny,manual,31.90,42.53,true,false,,,,,,https://cdn.shopify.com/s/files/1/1023/0068/0561/files/bfebfe10e3d46989e7482445fb6bc2ba406c57f9fd7784f47b9bb1a84d2d4b34.jpg?v=1789060145,2,"Feeling Wheel Chart Rug for Classroom - Round Emotional Regulation Mat, Calming Corner Decor, Mental Health Composition Notebook Carpet, Back to School Gift",,,,,,,,,,,,,,,,,,,,lb,,,
personalized-feeling-wheel-composition-notebook-art-area-rug-non-slip,,,,,,,,,3x3 ft - S (2 Kids),,,,,,,,AMZ-RUG-B0FNRPQGRQ-3,0.0,,0,deny,manual,49.90,66.53,true,false,,,,,,https://cdn.shopify.com/s/files/1/1023/0068/0561/files/78ee8325d0a8bdac5398192d2a2a841a65794d61556d11ee213c826b7a51c551.jpg?v=1789060145,3,"Feeling Wheel Chart Rug for Classroom - Round Emotional Regulation Mat, Calming Corner Decor, Mental Health Composition Notebook Carpet, Back to School Gift",,,,,,,,,,,,,,,,,,,,lb,,,
personalized-feeling-wheel-composition-notebook-art-area-rug-non-slip,,,,,,,,,4x4 ft - M (3 - 4 Kids),,,,,,,,AMZ-RUG-B0FNRPQGRQ-4,0.0,,0,deny,manual,59.90,79.87,true,false,,,,,,https://cdn.shopify.com/s/files/1/1023/0068/0561/files/68f52dc0eb0f71fcbb513bd233e1a22c034c5acf96477176bb1a109e64f285fc.jpg?v=1789060145,4,"Feeling Wheel Chart Rug for Classroom - Round Emotional Regulation Mat, Calming Corner Decor, Mental Health Composition Notebook Carpet, Back to School Gift",,,,,,,,,,,,,,,,,,,,lb,,,
personalized-feeling-wheel-composition-notebook-art-area-rug-non-slip,,,,,,,,,5x5 ft - L (5 - 7 Kids),,,,,,,,AMZ-RUG-B0FNRPQGRQ-5,0.0,,0,deny,manual,89.90,119.87,true,false,,,,,,https://cdn.shopify.com/s/files/1/1023/0068/0561/files/9c0915ef4125ba9e7d3f986b1d8e672d0b82fef264aad445c13775d60c24c611.jpg?v=1789060145,5,"Feeling Wheel Chart Rug for Classroom - Round Emotional Regulation Mat, Calming Corner Decor, Mental Health Composition Notebook Carpet, Back to School Gift",,,,,,,,,,,,,,,,,,,,lb,,,
personalized-feeling-wheel-composition-notebook-art-area-rug-non-slip,,,,,,,,,6x6 ft - XL (8 - 12 Kids),,,,,,,,AMZ-RUG-B0FNRPQGRQ-6,0.0,,0,deny,manual,124.90,166.53,true,false,,,,,,https://cdn.shopify.com/s/files/1/1023/0068/0561/files/a2089db4b68d760d62300c7dde7c92c545cbe7fc137af17262d10aa6c8487015.jpg?v=1789060145,6,"Feeling Wheel Chart Rug for Classroom - Round Emotional Regulation Mat, Calming Corner Decor, Mental Health Composition Notebook Carpet, Back to School Gift",,,,,,,,,,,,,,,,,,,,lb,,,
personalized-emotions-wheel-learning-rug-machine-washable,"Personalized Emotions Wheel Learning Rug, Machine Washable","<p>This round educational rug features a colorful feeling wheel chart, designed to help children identify and express their emotions. Its playful composition notebook style, adorned with doodles and cheerful icons, brings warmth and personality to any learning space. This rug serves as a valuable tool for emotional regulation and mindfulness in classrooms or play areas.</p><h3>Product Highlights</h3><ul><li>Colorful feeling wheel chart for emotional learning and expression.</li><li>Supports emotional development and mindfulness for children.</li><li>Playful composition notebook style with cheerful icons.</li><li>Soft, durable, and comfortable high-quality polyester material.</li><li>Machine washable for easy maintenance.</li><li>Versatile for classrooms, calming corners, or play areas.</li></ul><h3>Specifications</h3><table border=""1"" cellpadding=""6"" style=""border-collapse:collapse;width:100%""><tr><th align=""left"" width=""35%"">Attribute</th><th align=""left"">Value</th></tr><tr><td>Rug Form</td><td>Area Rug</td></tr><tr><td>Item Shape</td><td>Round</td></tr><tr><td>Weave Type</td><td>Flat Woven</td></tr><tr><td>Pile Height</td><td>Low Pile</td></tr><tr><td>Construction Type</td><td>Machine Made</td></tr><tr><td>Indoor/Outdoor Usage</td><td>Indoor</td></tr><tr><td>Pattern</td><td>Cartoon</td></tr><tr><td>Theme</td><td>Wheel of Feeling</td></tr><tr><td>Style</td><td>Modern</td></tr><tr><td>Number of Pieces</td><td>1</td></tr><tr><td>Special Features</td><td>Non Slip</td></tr></table><h3>Material &amp; Care</h3><table border=""1"" cellpadding=""6"" style=""border-collapse:collapse;width:100%""><tr><th align=""left"" width=""35%"">Item</th><th align=""left"">Detail</th></tr><tr><td>Material Type</td><td>Faux Wool</td></tr><tr><td>Backing Material</td><td>Memory Foam</td></tr><tr><td>Care Instructions</td><td>Vacuum regularly or hand/machine wash with cold water</td></tr></table><h3>Where It Works</h3><p>This versatile round rug is perfect for classrooms, therapy rooms, reading corners, and calming areas. It functions as an engaging seating mat, a welcoming classroom accent, or a comfortable addition to any play space designed to foster emotional awareness in children.</p>",CHILLGEN,Home & Garden > Decor > Rugs,Rug,"amazon-parent-b0ffsy36rb, educational rug, home-decor, indoor, kids room, low pile, modern, round, rug",false,Choose Size,1.6x1.6 ft - XXS (SUPER SMALL),,,,,,,,AMZ-RUG-B0FFSY36RB-1,0.0,,0,deny,manual,24.90,33.20,true,false,,,,,,https://cdn.shopify.com/s/files/1/1023/0068/0561/files/2a6ac742d18df2218d54cd9e944c617c499c67ecc0c4087a84e1e24aa0349a72.jpg?v=1789060146,1,"Feeling Wheel Chart Rug for Classroom - Round Emotional Regulation Mat, Calming Corner Decor, Mental Health Composition Notebook Carpet, Back to School Gift",false,,"Modern round rug with a cartoon feeling wheel chart, made of faux wool with a non-slip backing, perfect for indoor classroom use.",598,,,,,,,,,,,B0FFSY36RB,,,,,lb,,,draft
personalized-emotions-wheel-learning-rug-machine-washable,,,,,,,,,2x2 ft - XS (1 Kid),,,,,,,,AMZ-RUG-B0FFSY36RB-2,0.0,,0,deny,manual,31.90,42.53,true,false,,,,,,https://cdn.shopify.com/s/files/1/1023/0068/0561/files/dc680bdfcebff81af611c326f815ef27dfcf4b7f64b88a6ab0fe7f46e6e1ffb5.jpg?v=1789060146,2,"Feeling Wheel Chart Rug for Classroom - Round Emotional Regulation Mat, Calming Corner Decor, Mental Health Composition Notebook Carpet, Back to School Gift",,,,,,,,,,,,,,,,,,,,lb,,,
personalized-emotions-wheel-learning-rug-machine-washable,,,,,,,,,3x3 ft - S (2 Kids),,,,,,,,AMZ-RUG-B0FFSY36RB-3,0.0,,0,deny,manual,49.90,66.53,true,false,,,,,,https://cdn.shopify.com/s/files/1/1023/0068/0561/files/51a98bb5cfba26ef66ea153b6ce646f6fb09ae4e5e9a1f9373e1018333b90703.jpg?v=1789060146,3,"Feeling Wheel Chart Rug for Classroom - Round Emotional Regulation Mat, Calming Corner Decor, Mental Health Composition Notebook Carpet, Back to School Gift",,,,,,,,,,,,,,,,,,,,lb,,,
personalized-emotions-wheel-learning-rug-machine-washable,,,,,,,,,4x4 ft - M (3 - 4 Kids),,,,,,,,AMZ-RUG-B0FFSY36RB-4,0.0,,0,deny,manual,59.90,79.87,true,false,,,,,,https://cdn.shopify.com/s/files/1/1023/0068/0561/files/afd11ae91aafd7f5ecc6d497879b1c024146014e18a09f20b199a6e18e7061f7.jpg?v=1789060146,4,"Feeling Wheel Chart Rug for Classroom - Round Emotional Regulation Mat, Calming Corner Decor, Mental Health Composition Notebook Carpet, Back to School Gift",,,,,,,,,,,,,,,,,,,,lb,,,
personalized-emotions-wheel-learning-rug-machine-washable,,,,,,,,,5x5 ft - L (5 - 7 Kids),,,,,,,,AMZ-RUG-B0FFSY36RB-5,0.0,,0,deny,manual,89.90,119.87,true,false,,,,,,https://cdn.shopify.com/s/files/1/1023/0068/0561/files/0d2b6592a0f5657656598b972607c4463a97b72f30e608e4b992627b9011b5ab.jpg?v=1789060146,5,"Feeling Wheel Chart Rug for Classroom - Round Emotional Regulation Mat, Calming Corner Decor, Mental Health Composition Notebook Carpet, Back to School Gift",,,,,,,,,,,,,,,,,,,,lb,,,
personalized-emotions-wheel-learning-rug-machine-washable,,,,,,,,,6x6 ft - XL (8 - 12 Kids),,,,,,,,AMZ-RUG-B0FFSY36RB-6,0.0,,0,deny,manual,124.90,166.53,true,false,,,,,,https://cdn.shopify.com/s/files/1/1023/0068/0561/files/7ba43f8b0f442ec8bcf04aa953ce7b3798123c6cf5d7b152211042761a287bf1.jpg?v=1789060146,6,"Feeling Wheel Chart Rug for Classroom - Round Emotional Regulation Mat, Calming Corner Decor, Mental Health Composition Notebook Carpet, Back to School Gift",,,,,,,,,,,,,,,,,,,,lb,,,
personalized-religious-quote-with-family-name-doormat-entryway-decor,"Personalized Religious Quote with Family Name Doormat, Entryway Decor","<p>This personalized Christian welcome mat offers a faith-filled design, perfect for creating a warm and spiritually enriching entryway. It features uplifting messages and can be customized with text, making it a unique addition to any home. Designed for both indoor and outdoor use, this doormat helps maintain clean floors while adding a personal touch.</p><h3>Product Highlights</h3><ul><li>Features Christian-themed designs and uplifting messages.</li><li>Allows for customization with desired text.</li><li>Provides a soft touch under bare feet.</li><li>Equipped with a non-slip backing for stability.</li><li>Suitable for various indoor and outdoor settings.</li><li>Designed to dry wet feet and capture dirt effectively.</li></ul><h3>Specifications</h3><table border=""1"" cellpadding=""6"" style=""border-collapse:collapse;width:100%""><tr><th align=""left"" width=""35%"">Attribute</th><th align=""left"">Value</th></tr><tr><td>Rug Form</td><td>Doormat</td></tr><tr><td>Item Shape</td><td>Rectangular</td></tr><tr><td>Weave Type</td><td>Sponge - Memory Foam</td></tr><tr><td>Pile Height</td><td>Low Pile</td></tr><tr><td>Construction Type</td><td>Machine Made</td></tr><tr><td>Indoor/Outdoor Usage</td><td>Both</td></tr><tr><td>Room Type</td><td>Multiple</td></tr><tr><td>Water Resistance</td><td>Water Resistant</td></tr><tr><td>Special Features</td><td>Washable</td></tr><tr><td>Pattern</td><td>Bible</td></tr><tr><td>Theme</td><td>customized prayer mat with name</td></tr><tr><td>Style</td><td>Christian, Jesus, Bible</td></tr><tr><td>Number of Pieces</td><td>1</td></tr></table><h3>Material &amp; Care</h3><table border=""1"" cellpadding=""6"" style=""border-collapse:collapse;width:100%""><tr><th align=""left"" width=""35%"">Item</th><th align=""left"">Detail</th></tr><tr><td>Material Type</td><td>Memory Foam</td></tr><tr><td>Backing Material</td><td>Rubber</td></tr><tr><td>Care Instructions</td><td>Machine Wash</td></tr><tr><td>Cleaning Method</td><td>Hose or sponge clean with water and mild liquid soap</td></tr><tr><td>Drying</td><td>Air dry</td></tr></table><h3>Where It Works</h3><p>This versatile doormat is suitable for placement in various locations, including bedrooms, bathrooms, and living rooms. It is also ideal for use at the front door, enhancing both indoor and outdoor entryways with a welcoming and blessed atmosphere.</p>",CHILLGEN,Home & Garden > Decor > Door Mats,Rug,"amazon-parent-b0fjrv8vwd, bible, christian, doormat, home-decor, machine-made, personalized, rectangular, rug",false,Custom Product Size,20x14 Inches (Mini size),,,,,,,,AMZ-RUG-B0FJRY1GS3-1,0.0,,0,deny,manual,21.90,29.20,true,false,,,,,,https://cdn.shopify.com/s/files/1/1023/0068/0561/files/a6bcf0edf5c94217e38208548da85d779e0955599a2c92b5e65b740f2d552797.jpg?v=1789060741,1,"Personalized Religious Quote with Family Name Doormat, Entryway Decor",false,,"This Christian-style doormat offers personalization and a non-slip backing, suitable for indoor and outdoor entryways.",2675,,,,,,,,,,,B0FJRV8VWD,,,,,lb,,,draft
personalized-religious-quote-with-family-name-doormat-entryway-decor,,,,,,,,,24x16 Inches (40x60 cm),,,,,,,,AMZ-RUG-B0FJRY1GS3-2,0.0,,0,deny,manual,25.90,34.53,true,false,,,,,,https://cdn.shopify.com/s/files/1/1023/0068/0561/files/e25dec7035e9d76ee24d9dcc821ad61bfb0664cceb72d52246db6c56fdf87f6f.jpg?v=1789060741,2,"Personalized Religious Quote with Family Name Doormat, Entryway Decor",,,,,,,,,,,,,,,,,,,,lb,,,
personalized-religious-quote-with-family-name-doormat-entryway-decor,,,,,,,,,32x20 Inches (50x80 cm),,,,,,,,AMZ-RUG-B0FJRY1GS3-3,0.0,,0,deny,manual,27.90,37.20,true,false,,,,,,https://cdn.shopify.com/s/files/1/1023/0068/0561/files/42b663b04102617340d0a3218b46ed400945be48151cb2c77f6b8f074701efba.jpg?v=1789060741,3,"Personalized Religious Quote with Family Name Doormat, Entryway Decor",,,,,,,,,,,,,,,,,,,,lb,,,
personalized-religious-quote-with-family-name-doormat-entryway-decor,,,,,,,,,36x24 Inches (60x90cm),,,,,,,,AMZ-RUG-B0FJRY1GS3-4,0.0,,0,deny,manual,33.90,45.20,true,false,,,,,,https://cdn.shopify.com/s/files/1/1023/0068/0561/files/9ada8670cf5ece0c3543f4a4c2395135c1fdcfeb3aaf58a3c5b25bda4b4fbed4.jpg?v=1789060741,4,"Personalized Religious Quote with Family Name Doormat, Entryway Decor",,,,,,,,,,,,,,,,,,,,lb,,,
personalized-religious-quote-with-family-name-doormat-entryway-decor,,,,,,,,,,,,,,,,,,,,,,,,,,,,,,,,https://cdn.shopify.com/s/files/1/1023/0068/0561/files/1cea3eeed7678179cdb3eca83ddbf72cb788ce428980c42e5b644bc5d9721a54.jpg?v=1789060741,5,"Personalized Religious Quote with Family Name Doormat, Entryway Decor",,,,,,,,,,,,,,,,,,,,,,,
personalized-religious-quote-with-family-name-doormat-entryway-decor,,,,,,,,,,,,,,,,,,,,,,,,,,,,,,,,https://cdn.shopify.com/s/files/1/1023/0068/0561/files/971b9b4d6d13179d26bf39556bd7e9f02b342814c02b2f67a159d0c7771177e1.jpg?v=1789060741,6,"Personalized Religious Quote with Family Name Doormat, Entryway Decor",,,,,,,,,,,,,,,,,,,,,,,
personalized-religious-quote-with-family-name-doormat-entryway-decor,,,,,,,,,,,,,,,,,,,,,,,,,,,,,,,,https://cdn.shopify.com/s/files/1/1023/0068/0561/files/a6bcf0edf5c94217e38208548da85d779e0955599a2c92b5e65b740f2d552797_9ec8cf22-47d7-4faa-a9a4-0a7108c1a65f.jpg?v=1789097812,7,"Personalized Religious Quote with Family Name Doormat, Entryway Decor",,,,,,,,,,,,,,,,,,,,,,,
personalized-religious-quote-with-family-name-doormat-entryway-decor,,,,,,,,,,,,,,,,,,,,,,,,,,,,,,,,https://cdn.shopify.com/s/files/1/1023/0068/0561/files/e25dec7035e9d76ee24d9dcc821ad61bfb0664cceb72d52246db6c56fdf87f6f_28f282aa-104b-4385-9b46-f1eb0c80e4d3.jpg?v=1789097812,8,"Personalized Religious Quote with Family Name Doormat, Entryway Decor",,,,,,,,,,,,,,,,,,,,,,,
personalized-religious-quote-with-family-name-doormat-entryway-decor,,,,,,,,,,,,,,,,,,,,,,,,,,,,,,,,https://cdn.shopify.com/s/files/1/1023/0068/0561/files/42b663b04102617340d0a3218b46ed400945be48151cb2c77f6b8f074701efba_20225e78-cdaa-4ed6-a700-9c0f4d228051.jpg?v=1789097811,9,"Personalized Religious Quote with Family Name Doormat, Entryway Decor",,,,,,,,,,,,,,,,,,,,,,,
personalized-religious-quote-with-family-name-doormat-entryway-decor,,,,,,,,,,,,,,,,,,,,,,,,,,,,,,,,https://cdn.shopify.com/s/files/1/1023/0068/0561/files/9ada8670cf5ece0c3543f4a4c2395135c1fdcfeb3aaf58a3c5b25bda4b4fbed4_4b5658b7-a2dd-46b6-81c8-11efb6468796.jpg?v=1789097812,10,"Personalized Religious Quote with Family Name Doormat, Entryway Decor",,,,,,,,,,,,,,,,,,,,,,,
personalized-religious-quote-with-family-name-doormat-entryway-decor,,,,,,,,,,,,,,,,,,,,,,,,,,,,,,,,https://cdn.shopify.com/s/files/1/1023/0068/0561/files/1cea3eeed7678179cdb3eca83ddbf72cb788ce428980c42e5b644bc5d9721a54_0d7b31d1-40c4-4b28-826c-7659ed6c64ea.jpg?v=1789097811,11,"Personalized Religious Quote with Family Name Doormat, Entryway Decor",,,,,,,,,,,,,,,,,,,,,,,
personalized-religious-quote-with-family-name-doormat-entryway-decor,,,,,,,,,,,,,,,,,,,,,,,,,,,,,,,,https://cdn.shopify.com/s/files/1/1023/0068/0561/files/971b9b4d6d13179d26bf39556bd7e9f02b342814c02b2f67a159d0c7771177e1_539f9ef9-4f3c-4e64-80e3-fbce01022e6f.jpg?v=1789097812,12,"Personalized Religious Quote with Family Name Doormat, Entryway Decor",,,,,,,,,,,,,,,,,,,,,,,
personalized-nautical-anchor-with-rope-doormat-design-12,Personalized Nautical Anchor with Rope Doormat - Design 12,"<p>This personalized doormat offers a unique way to welcome guests with a nautical flair. Featuring an anchor design and customizable with a boat name or location, it adds a special touch to any marine setting. It serves as an ideal welcome mat for boat owners and enthusiasts alike.</p><h3>Product Highlights</h3><ul><li>Personalize with boat name or location for a unique welcome.</li><li>Features vibrant maritime colors and anchor designs.</li><li>Crafted for comfort and durability in outdoor conditions.</li><li>Includes anti-slip pads to keep the mat securely in place.</li><li>Easy to clean by shaking, vacuuming, or wiping with a damp cloth.</li></ul><h3>Specifications</h3><table border=""1"" cellpadding=""6"" style=""border-collapse:collapse;width:100%""><tr><th align=""left"" width=""35%"">Attribute</th><th align=""left"">Value</th></tr><tr><td>Rug Form</td><td>Doormat</td></tr><tr><td>Item Shape</td><td>Rectangular</td></tr><tr><td>Weave Type</td><td>Flat Woven</td></tr><tr><td>Pile Height</td><td>Low Pile</td></tr><tr><td>Construction Type</td><td>Machine Made</td></tr><tr><td>Indoor/Outdoor Usage</td><td>Both</td></tr><tr><td>Water Resistance</td><td>Water Repellent</td></tr><tr><td>Pattern</td><td>Anchor</td></tr><tr><td>Theme</td><td>Nautical</td></tr><tr><td>Style</td><td>Nautical</td></tr><tr><td>Number of Pieces</td><td>1</td></tr></table><h3>Material &amp; Care</h3><table border=""1"" cellpadding=""6"" style=""border-collapse:collapse;width:100%""><tr><th align=""left"" width=""35%"">Item</th><th align=""left"">Detail</th></tr><tr><td>Material Type</td><td>Polyester</td></tr><tr><td>Backing Material</td><td>Polyester</td></tr><tr><td>Surface/Feel</td><td>Soft memory sponge</td></tr><tr><td>Care Instructions</td><td>Spot Clean Only</td></tr><tr><td>Cleaning Method</td><td>Wipe with a damp cloth, shake outdoors, or vacuum lightly</td></tr></table><h3>Where It Works</h3><p>This nautical doormat is suitable for various marine environments, including cabins, ships, yachts, fishing boats, and dockside areas. Its durable design also makes it appropriate for high-traffic boat decks, marina entries, and coastal homes.</p>",CHILLGEN,Services > Building & Construction Services > Outdoor Construction,Rug,"amazon-parent-b0fhqgp3v4, anchor, boat, custom, doormat, home-decor, nautical, personalized, rug",false,Choose Size,16 x 16 Inches (OUT OF STOCK),,,,,,,,AMZ-RUG-B0FHQCS11F-1,0.0,,0,deny,manual,21.90,27.38,true,false,,,,,,https://cdn.shopify.com/s/files/1/1023/0068/0561/files/09081037897cd946af7329fc5d2e40c0c5a1d15575024dfc81a31d4198cfc599.jpg?v=1789061471,1,"Personalized Nautical Doormat with Boat Name & Location – Custom Anchor Welcome Mat for Fishing Boat, Yacht, or Dock – Outdoor Indoor Floor Rug for Cabin, Ship (Nautical 12)",false,,"This nautical style doormat is personalized with an anchor design, perfect for boats, docks, and coastal homes.",,,,,,,,,,,,B0FHQGP3V4,,,,,lb,,,draft
personalized-nautical-anchor-with-rope-doormat-design-12,,,,,,,,,16 x 24 Inches,,,,,,,,AMZ-RUG-B0FHQCS11F-2,0.0,,0,deny,manual,25.89,32.36,true,false,,,,,,https://cdn.shopify.com/s/files/1/1023/0068/0561/files/b5e7d5b255f3d66408c989d20b29eb4179d4415c6eeda4efc26c3c47f843033f.jpg?v=1789061471,2,"Personalized Nautical Doormat with Boat Name & Location – Custom Anchor Welcome Mat for Fishing Boat, Yacht, or Dock – Outdoor Indoor Floor Rug for Cabin, Ship (Nautical 12)",,,,,,,,,,,,,,,,,,,,lb,,,
personalized-nautical-anchor-with-rope-doormat-design-12,,,,,,,,,20 x 32 Inches - 🔥 BEST SELLER 🔥,,,,,,,,AMZ-RUG-B0FHQCS11F-3,0.0,,0,deny,manual,31.89,39.86,true,false,,,,,,https://cdn.shopify.com/s/files/1/1023/0068/0561/files/8a855b8465542191246a89bb493732bbdf13bab45c2c1ec74d8cceea4393a03f.jpg?v=1789061471,3,"Personalized Nautical Doormat with Boat Name & Location – Custom Anchor Welcome Mat for Fishing Boat, Yacht, or Dock – Outdoor Indoor Floor Rug for Cabin, Ship (Nautical 12)",,,,,,,,,,,,,,,,,,,,lb,,,
personalized-nautical-anchor-with-rope-doormat-design-12,,,,,,,,,24 x 36 Inches,,,,,,,,AMZ-RUG-B0FHQCS11F-4,0.0,,0,deny,manual,37.89,47.36,true,false,,,,,,https://cdn.shopify.com/s/files/1/1023/0068/0561/files/090bb9adc57ce42104d3d35431061d9a19392b4978eee64a097ed7e4c878943b.jpg?v=1789061471,4,"Personalized Nautical Doormat with Boat Name & Location – Custom Anchor Welcome Mat for Fishing Boat, Yacht, or Dock – Outdoor Indoor Floor Rug for Cabin, Ship (Nautical 12)",,,,,,,,,,,,,,,,,,,,lb,,,
personalized-nautical-anchor-with-rope-doormat-design-12,,,,,,,,,,,,,,,,,,,,,,,,,,,,,,,,https://cdn.shopify.com/s/files/1/1023/0068/0561/files/e060a143ddd04ca4553019fdfe8754c7d3374cf16e286fd7f096a10a20c0cdca.jpg?v=1789061471,5,"Personalized Nautical Doormat with Boat Name & Location – Custom Anchor Welcome Mat for Fishing Boat, Yacht, or Dock – Outdoor Indoor Floor Rug for Cabin, Ship (Nautical 12)",,,,,,,,,,,,,,,,,,,,,,,
personalized-nautical-anchor-with-rope-doormat-design-12,,,,,,,,,,,,,,,,,,,,,,,,,,,,,,,,https://cdn.shopify.com/s/files/1/1023/0068/0561/files/e83b156ec8661ff53e0295291f5e956a3851ae0983b098b7e32a89815dcc634e.jpg?v=1789061471,6,"Personalized Nautical Doormat with Boat Name & Location – Custom Anchor Welcome Mat for Fishing Boat, Yacht, or Dock – Outdoor Indoor Floor Rug for Cabin, Ship (Nautical 12)",,,,,,,,,,,,,,,,,,,,,,,
personalized-nautical-anchor-with-boat-name-doormat-nautical-15,Personalized Nautical Anchor with Boat Name Doormat - Nautical 15,"<p>This personalized anchor doormat adds a nautical touch to any boat, dock, or marina entryway. Featuring vibrant maritime colors and an anchor design, it enhances the aesthetic of marine spaces. It is designed to be a welcoming accent for yacht owners, fishing boats, or anyone who enjoys a coastal lifestyle.</p><h3>Product Highlights</h3><ul><li>Personalize with boat name, family name, or location</li><li>Features vibrant maritime colors and anchor designs</li><li>Crafted from high-quality polyester and soft memory sponge</li><li>Includes anti-slip pads to keep it securely in place</li><li>Easy to clean and maintain for high-traffic areas</li></ul><h3>Specifications</h3><table border=""1"" cellpadding=""6"" style=""border-collapse:collapse;width:100%""><tr><th align=""left"" width=""35%"">Attribute</th><th align=""left"">Value</th></tr><tr><td>Rug Form</td><td>Doormat</td></tr><tr><td>Item Shape</td><td>Rectangular</td></tr><tr><td>Weave Type</td><td>Flat Woven</td></tr><tr><td>Pile Height</td><td>Low Pile</td></tr><tr><td>Construction Type</td><td>Machine Made</td></tr><tr><td>Indoor/Outdoor Usage</td><td>Both</td></tr><tr><td>Water Resistance</td><td>Water Repellent</td></tr><tr><td>Pattern</td><td>Nautical 04</td></tr><tr><td>Theme</td><td>Nautical</td></tr><tr><td>Style</td><td>Nautical</td></tr><tr><td>Number of Pieces</td><td>1</td></tr></table><h3>Material &amp; Care</h3><table border=""1"" cellpadding=""6"" style=""border-collapse:collapse;width:100%""><tr><th align=""left"" width=""35%"">Item</th><th align=""left"">Detail</th></tr><tr><td>Material Type</td><td>Polyester</td></tr><tr><td>Backing Material</td><td>Polyester</td></tr><tr><td>Surface/Feel</td><td>Soft Memory Sponge</td></tr><tr><td>Care Instructions</td><td>Spot Clean Only</td></tr><tr><td>Cleaning Method</td><td>Shake outdoors, vacuum, or wipe with a damp cloth</td></tr></table><h3>Where It Works</h3><p>This versatile doormat is suitable for use in cabins, ships, docks, yachts, fishing boats, marina entries, and coastal homes. Its durable construction makes it ideal for both indoor and outdoor environments.</p>",CHILLGEN,Services > Building & Construction Services > Outdoor Construction,Rug,"amazon-parent-b0fhqgp3v4, custom, doormat, home-decor, indoor-outdoor, low-pile, nautical, rectangular, rug",false,Choose Size,16 x 16 Inches (OUT OF STOCK),,,,,,,,AMZ-RUG-B0FHQHZ41M-1,0.0,,0,deny,manual,21.90,27.38,true,false,,,,,,https://cdn.shopify.com/s/files/1/1023/0068/0561/files/9aa5f30f80f75a133637174d5cd02909026a615a44fcfbc4af98de10a23c58d9.jpg?v=1789061472,1,Personalized Nautical Anchor with Boat Name Doormat,false,,"Nautical style doormat made from polyester, customizable with a boat name, ideal for cabins, ships, docks, and outdoor areas.",,,,,,,,,,,,B0FHQGP3V4,,,,,lb,,,draft
personalized-nautical-anchor-with-boat-name-doormat-nautical-15,,,,,,,,,16 x 24 Inches,,,,,,,,AMZ-RUG-B0FHQHZ41M-2,0.0,,0,deny,manual,25.89,32.36,true,false,,,,,,https://cdn.shopify.com/s/files/1/1023/0068/0561/files/1eb2ced8c4b8b61b2cfdc1230066a9ad517301c498e9b92b08faf2bd53d6fa30.jpg?v=1789061472,2,Personalized Nautical Anchor with Boat Name Doormat,,,,,,,,,,,,,,,,,,,,lb,,,
personalized-nautical-anchor-with-boat-name-doormat-nautical-15,,,,,,,,,20 x 32 Inches - 🔥 BEST SELLER 🔥,,,,,,,,AMZ-RUG-B0FHQHZ41M-3,0.0,,0,deny,manual,31.89,39.86,true,false,,,,,,https://cdn.shopify.com/s/files/1/1023/0068/0561/files/8983b068cec31fa00aee2718860007389b9eef2a1785b4ffa6c3db4d51d12c41.jpg?v=1789061472,3,Personalized Nautical Anchor with Boat Name Doormat,,,,,,,,,,,,,,,,,,,,lb,,,
personalized-nautical-anchor-with-boat-name-doormat-nautical-15,,,,,,,,,24 x 36 Inches,,,,,,,,AMZ-RUG-B0FHQHZ41M-4,0.0,,0,deny,manual,37.89,47.36,true,false,,,,,,https://cdn.shopify.com/s/files/1/1023/0068/0561/files/7522158500e691e52c7691e683d42ee8a7287f390faa2ce0d9f350a8b69150dc.jpg?v=1789061472,4,Personalized Nautical Anchor with Boat Name Doormat,,,,,,,,,,,,,,,,,,,,lb,,,
personalized-nautical-anchor-with-boat-name-doormat-nautical-15,,,,,,,,,,,,,,,,,,,,,,,,,,,,,,,,https://cdn.shopify.com/s/files/1/1023/0068/0561/files/f60541b9995621fa4722f28785414a5ff0dde894ff3434ebc377ebc1d4b9e6ef.jpg?v=1789061472,5,Personalized Nautical Anchor with Boat Name Doormat,,,,,,,,,,,,,,,,,,,,,,,
personalized-nautical-anchor-with-boat-name-doormat-nautical-15,,,,,,,,,,,,,,,,,,,,,,,,,,,,,,,,https://cdn.shopify.com/s/files/1/1023/0068/0561/files/3b86ccd55e9ba72394efc441c580d67e20f7beb58100c0b6278bd65b39a16399.jpg?v=1789061472,6,Personalized Nautical Anchor with Boat Name Doormat,,,,,,,,,,,,,,,,,,,,,,,
personalized-nautical-compass-rose-with-boat-name-doormat,Personalized Nautical Compass Rose with Boat Name Doormat,"<p>This personalized doormat is designed with a nautical theme, featuring vibrant maritime colors and anchor designs. It offers a unique way to welcome guests, perfect for enhancing the aesthetic of various marine-related settings. The mat combines a distinctive style with practical functionality for everyday use.</p><h3>Product Highlights</h3><ul><li>Personalize with boat name, family name, or location.</li><li>Features vibrant maritime colors and anchor designs.</li><li>Crafted from high-quality polyester and soft memory sponge.</li><li>Includes anti-slip pads for secure placement.</li><li>Easy to clean and maintain for high-traffic areas.</li></ul><h3>Specifications</h3><table border=""1"" cellpadding=""6"" style=""border-collapse:collapse;width:100%""><tr><th align=""left"" width=""35%"">Attribute</th><th align=""left"">Value</th></tr><tr><td>Rug Form</td><td>Doormat</td></tr><tr><td>Item Shape</td><td>Rectangular</td></tr><tr><td>Weave Type</td><td>Flat Woven</td></tr><tr><td>Pile Height</td><td>Low Pile</td></tr><tr><td>Construction Type</td><td>Machine Made</td></tr><tr><td>Indoor/Outdoor Usage</td><td>Both</td></tr><tr><td>Water Resistance</td><td>Water Repellent</td></tr><tr><td>Pattern</td><td>Nautical</td></tr><tr><td>Theme</td><td>Nautical</td></tr><tr><td>Style</td><td>Nautical</td></tr><tr><td>Number of Pieces</td><td>1</td></tr></table><h3>Material &amp; Care</h3><table border=""1"" cellpadding=""6"" style=""border-collapse:collapse;width:100%""><tr><th align=""left"" width=""35%"">Item</th><th align=""left"">Detail</th></tr><tr><td>Material Type</td><td>Polyester</td></tr><tr><td>Backing Material</td><td>Polyester</td></tr><tr><td>Care Instructions</td><td>Spot Clean Only</td></tr></table><h3>Where It Works</h3><p>This doormat is suitable for cabins, ships, docks, yachts, fishing boats, and marina entries. It can also be used in coastal homes and other areas where a nautical touch is desired.</p>",CHILLGEN,Services > Building & Construction Services > Outdoor Construction,Rug,"amazon-parent-b0fhqgp3v4, doormat, home-decor, indoor-outdoor, low-pile, nautical, personalized, rectangular, rug",false,Choose Size,16 x 16 Inches (OUT OF STOCK),,,,,,,,AMZ-RUG-B0FHQJM9PL-1,0.0,,0,deny,manual,21.90,27.38,true,false,,,,,,https://cdn.shopify.com/s/files/1/1023/0068/0561/files/fbc6f98559a39f14a5fa7a897e163d2092d12a74aa308f337384926961ba3ccb.jpg?v=1789061472,1,"Personalized Nautical Doormat with Boat Name & Location – Custom Anchor Welcome Mat for Fishing Boat, Yacht, or Dock – Outdoor Indoor Floor Rug for Cabin, Ship (Nautical 10)",false,,"Nautical doormat with anti-slip pads is perfect for personalized cabin, ship, or dock entryways.",,,,,,,,,,,,B0FHQGP3V4,,,,,lb,,,draft
personalized-nautical-compass-rose-with-boat-name-doormat,,,,,,,,,16 x 24 Inches,,,,,,,,AMZ-RUG-B0FHQJM9PL-2,0.0,,0,deny,manual,25.89,32.36,true,false,,,,,,https://cdn.shopify.com/s/files/1/1023/0068/0561/files/c97fb5c973fed99994c321c01c4591ed05897f98ce85b49433375337a3e9a980.jpg?v=1789061472,2,"Personalized Nautical Doormat with Boat Name & Location – Custom Anchor Welcome Mat for Fishing Boat, Yacht, or Dock – Outdoor Indoor Floor Rug for Cabin, Ship (Nautical 10)",,,,,,,,,,,,,,,,,,,,lb,,,
personalized-nautical-compass-rose-with-boat-name-doormat,,,,,,,,,20 x 32 Inches - 🔥 BEST SELLER 🔥,,,,,,,,AMZ-RUG-B0FHQJM9PL-3,0.0,,0,deny,manual,31.89,39.86,true,false,,,,,,https://cdn.shopify.com/s/files/1/1023/0068/0561/files/e026f41c79b51ed2a1a06de9ae7048c9b523e10eee92f707b2c84c3b86d1c606.jpg?v=1789061473,3,"Personalized Nautical Doormat with Boat Name & Location – Custom Anchor Welcome Mat for Fishing Boat, Yacht, or Dock – Outdoor Indoor Floor Rug for Cabin, Ship (Nautical 10)",,,,,,,,,,,,,,,,,,,,lb,,,
personalized-nautical-compass-rose-with-boat-name-doormat,,,,,,,,,24 x 36 Inches,,,,,,,,AMZ-RUG-B0FHQJM9PL-4,0.0,,0,deny,manual,37.89,47.36,true,false,,,,,,https://cdn.shopify.com/s/files/1/1023/0068/0561/files/bd4581c22af0b77788292ca3ad66cdddaaf57c7e246e1a8411e5bbc0817e4904.jpg?v=1789061472,4,"Personalized Nautical Doormat with Boat Name & Location – Custom Anchor Welcome Mat for Fishing Boat, Yacht, or Dock – Outdoor Indoor Floor Rug for Cabin, Ship (Nautical 10)",,,,,,,,,,,,,,,,,,,,lb,,,
personalized-nautical-compass-rose-with-boat-name-doormat,,,,,,,,,,,,,,,,,,,,,,,,,,,,,,,,https://cdn.shopify.com/s/files/1/1023/0068/0561/files/3d457f5fe7e0bd89750b3ce3760532a54f9e57f234ae1298a439d36166d46322.jpg?v=1789061473,5,"Personalized Nautical Doormat with Boat Name & Location – Custom Anchor Welcome Mat for Fishing Boat, Yacht, or Dock – Outdoor Indoor Floor Rug for Cabin, Ship (Nautical 10)",,,,,,,,,,,,,,,,,,,,,,,
personalized-nautical-compass-rose-with-boat-name-doormat,,,,,,,,,,,,,,,,,,,,,,,,,,,,,,,,https://cdn.shopify.com/s/files/1/1023/0068/0561/files/8dcc544f376e01c78e3d7ecda68a25b5ee9c27704d002c31d3f37dae62123f63.jpg?v=1789061472,6,"Personalized Nautical Doormat with Boat Name & Location – Custom Anchor Welcome Mat for Fishing Boat, Yacht, or Dock – Outdoor Indoor Floor Rug for Cabin, Ship (Nautical 10)",,,,,,,,,,,,,,,,,,,,,,,
personalized-anchor-rope-pattern-doormat-for-boat-owners,Personalized Anchor Rope Pattern Doormat for Boat Owners,"<p>This custom anchor doormat adds a unique nautical touch to any space, perfect for boat owners and marine enthusiasts. It allows for personalization with a boat name or family name, creating a one-of-a-kind welcome for cabins, ships, or docks. The design features vibrant maritime colors and an anchor motif, blending style with practical use in high-traffic areas.</p><h3>Product Highlights</h3><ul><li>Personalize with boat name or family name for a unique welcome.</li><li>Stylish nautical design with vibrant maritime colors and anchor motifs.</li><li>Crafted for durability and comfort with a soft feel underfoot.</li><li>Features anti-slip pads for secure placement on any surface.</li><li>Easy to clean and maintain, suitable for high-traffic areas.</li></ul><h3>Specifications</h3><table border=""1"" cellpadding=""6"" style=""border-collapse:collapse;width:100%""><tr><th align=""left"" width=""35%"">Attribute</th><th align=""left"">Value</th></tr><tr><td>Rug Form</td><td>Doormat</td></tr><tr><td>Item Shape</td><td>Rectangular</td></tr><tr><td>Weave Type</td><td>Flat Woven</td></tr><tr><td>Pile Height</td><td>Low Pile</td></tr><tr><td>Construction Type</td><td>Machine Made</td></tr><tr><td>Indoor/Outdoor Usage</td><td>Both</td></tr><tr><td>Water Resistance Level</td><td>Water Repellent</td></tr><tr><td>Pattern</td><td>Anchor</td></tr><tr><td>Theme</td><td>Nautical</td></tr><tr><td>Style</td><td>Nautical</td></tr><tr><td>Number of Pieces</td><td>1</td></tr></table><h3>Material &amp; Care</h3><table border=""1"" cellpadding=""6"" style=""border-collapse:collapse;width:100%""><tr><th align=""left"" width=""35%"">Item</th><th align=""left"">Detail</th></tr><tr><td>Material Type</td><td>Polyester, Memory Sponge</td></tr><tr><td>Backing Material</td><td>Polyester</td></tr><tr><td>Care Instructions</td><td>Spot Clean Only</td></tr><tr><td>Cleaning Method</td><td>Shake outdoors, vacuum, or wipe with a damp cloth</td></tr></table><h3>Where It Works</h3><p>This doormat is ideal for enhancing the entrance of cabins, yachts, fishing boats, or dockside areas. Its durable construction makes it suitable for both indoor and outdoor settings, including marina entries and coastal homes.</p>",CHILLGEN,Services > Building & Construction Services > Outdoor Construction,Rug,"amazon-parent-b0fhqgp3v4, doormat, home-decor, indoor-outdoor, low-pile, nautical, personalized, rectangular, rug",false,Choose Size,16 x 16 Inches (OUT OF STOCK),,Add Anti-Slip Sticker?,"No, Doormat Only",,,,,AMZ-RUG-B0FHQDXBQ2-1,0.0,,0,deny,manual,21.90,27.38,true,false,,,,,,https://cdn.shopify.com/s/files/1/1023/0068/0561/files/6e7e8aa7a1e6c9db6b119891e5dff9527fd8795789fa7c32e3b7f041bb1b55df.jpg?v=1789061521,1,"Personalized Nautical Doormat with Boat Name & Location – Custom Anchor Welcome Mat for Fishing Boat, Yacht, or Dock – Outdoor Indoor Floor Rug for Cabin, Ship (Nautical 11)",false,,"A personalized nautical doormat, made of polyester, with anti-slip pads, perfect for indoor/outdoor use on boats or docks.",,,,,,,,,,,,B0FHQGP3V4,,,,,lb,,,draft
personalized-anchor-rope-pattern-doormat-for-boat-owners,,,,,,,,,16 x 16 Inches (OUT OF STOCK),,,"Yes, Add Anti-Slip Sticker",,,,,AMZ-RUG-B0FHQDXBQ2-2,0.0,,0,deny,manual,25.89,32.36,true,false,,,,,,https://cdn.shopify.com/s/files/1/1023/0068/0561/files/04ef8d910a8d52fd5d34698e9a59b4620d2438334e7cc4e6d18cc769c508cc16.jpg?v=1789061521,2,"Personalized Nautical Doormat with Boat Name & Location – Custom Anchor Welcome Mat for Fishing Boat, Yacht, or Dock – Outdoor Indoor Floor Rug for Cabin, Ship (Nautical 11)",,,,,,,,,,,,,,,,,,,,lb,,,
personalized-anchor-rope-pattern-doormat-for-boat-owners,,,,,,,,,16 x 24 Inches,,,"No, Doormat Only",,,,,AMZ-RUG-B0FHQDXBQ2-3,0.0,,0,deny,manual,25.89,32.36,true,false,,,,,,https://cdn.shopify.com/s/files/1/1023/0068/0561/files/9316b3f1f23eff7fc984baf9b33caa49d3f1ea2ec1fe47e752214ac00e894dd4.jpg?v=1789061521,3,"Personalized Nautical Doormat with Boat Name & Location – Custom Anchor Welcome Mat for Fishing Boat, Yacht, or Dock – Outdoor Indoor Floor Rug for Cabin, Ship (Nautical 11)",,,,,,,,,,,,,,,,,,,,lb,,,
personalized-anchor-rope-pattern-doormat-for-boat-owners,,,,,,,,,16 x 24 Inches,,,"Yes, Add Anti-Slip Sticker",,,,,AMZ-RUG-B0FHQDXBQ2-4,0.0,,0,deny,manual,29.88,37.35,true,false,,,,,,https://cdn.shopify.com/s/files/1/1023/0068/0561/files/6833321ea98510faa6377c085934ef2d31e5a198accdc50d08a114d91f785c52.jpg?v=1789061521,4,"Personalized Nautical Doormat with Boat Name & Location – Custom Anchor Welcome Mat for Fishing Boat, Yacht, or Dock – Outdoor Indoor Floor Rug for Cabin, Ship (Nautical 11)",,,,,,,,,,,,,,,,,,,,lb,,,
personalized-anchor-rope-pattern-doormat-for-boat-owners,,,,,,,,,20 x 32 Inches - 🔥 BEST SELLER 🔥,,,"No, Doormat Only",,,,,AMZ-RUG-B0FHQDXBQ2-5,0.0,,0,deny,manual,31.89,39.86,true,false,,,,,,https://cdn.shopify.com/s/files/1/1023/0068/0561/files/ff9407cd611bcc75cfbff51f9124ca5fb08724326712ff9b87cf7c412d2ad271.jpg?v=1789061521,5,"Personalized Nautical Doormat with Boat Name & Location – Custom Anchor Welcome Mat for Fishing Boat, Yacht, or Dock – Outdoor Indoor Floor Rug for Cabin, Ship (Nautical 11)",,,,,,,,,,,,,,,,,,,,lb,,,
personalized-anchor-rope-pattern-doormat-for-boat-owners,,,,,,,,,20 x 32 Inches - 🔥 BEST SELLER 🔥,,,"Yes, Add Anti-Slip Sticker",,,,,AMZ-RUG-B0FHQDXBQ2-6,0.0,,0,deny,manual,35.88,44.85,true,false,,,,,,https://cdn.shopify.com/s/files/1/1023/0068/0561/files/751647f73845f9d9826d558560e96328e64b24a8ea586444337be45efc24d8c9.jpg?v=1789061521,6,"Personalized Nautical Doormat with Boat Name & Location – Custom Anchor Welcome Mat for Fishing Boat, Yacht, or Dock – Outdoor Indoor Floor Rug for Cabin, Ship (Nautical 11)",,,,,,,,,,,,,,,,,,,,lb,,,
personalized-anchor-rope-pattern-doormat-for-boat-owners,,,,,,,,,24 x 36 Inches,,,"No, Doormat Only",,,,,AMZ-RUG-B0FHQDXBQ2-7,0.0,,0,deny,manual,37.89,47.36,true,false,,,,,,,,,,,,,,,,,,,,,,,,,,,,lb,,,
personalized-anchor-rope-pattern-doormat-for-boat-owners,,,,,,,,,24 x 36 Inches,,,"Yes, Add Anti-Slip Sticker",,,,,AMZ-RUG-B0FHQDXBQ2-8,0.0,,0,deny,manual,41.88,52.35,true,false,,,,,,,,,,,,,,,,,,,,,,,,,,,,lb,,,
personalized-nautical-anchor-doormat-water-repellent,"Personalized Nautical Anchor Doormat, Water Repellent","<p>This personalized doormat offers a distinctive nautical theme, ideal for enhancing any boat, dock, or marina with a touch of seafaring style. It features an anchor design and can be customized with your boat name or location, making it a unique welcome mat for marine enthusiasts. Crafted for both indoor and outdoor use, it adds a personalized charm to your entryway.</p><h3>Product Highlights</h3><ul><li>Personalize with boat name, family name, or location for a unique welcome mat.</li><li>Features vibrant maritime colors and anchor designs.</li><li>Combines visual charm with comfort.</li><li>Includes anti-slip pads to keep it securely in place.</li><li>Suitable for high-traffic boat decks, marina entries, and coastal homes.</li></ul><h3>Specifications</h3><table border=""1"" cellpadding=""6"" style=""border-collapse:collapse;width:100%""><tr><th align=""left"" width=""35%"">Attribute</th><th align=""left"">Value</th></tr><tr><td>Rug Form</td><td>Doormat</td></tr><tr><td>Item Shape</td><td>Rectangular</td></tr><tr><td>Weave Type</td><td>Flat Woven</td></tr><tr><td>Pile Height</td><td>Low Pile</td></tr><tr><td>Construction Type</td><td>Machine Made</td></tr><tr><td>Indoor/Outdoor Usage</td><td>Both</td></tr><tr><td>Water Resistance</td><td>Water Repellent</td></tr><tr><td>Special Features</td><td>Text input customization</td></tr><tr><td>Pattern</td><td>Anchor</td></tr><tr><td>Theme</td><td>Nautical</td></tr><tr><td>Style</td><td>Nautical</td></tr><tr><td>Number of Pieces</td><td>1</td></tr></table><h3>Material &amp; Care</h3><table border=""1"" cellpadding=""6"" style=""border-collapse:collapse;width:100%""><tr><th align=""left"" width=""35%"">Item</th><th align=""left"">Detail</th></tr><tr><td>Material Type</td><td>Polyester, Memory Sponge</td></tr><tr><td>Backing Material</td><td>Polyester</td></tr><tr><td>Care Instructions</td><td>Spot Clean Only</td></tr><tr><td>Cleaning Method</td><td>Shake outdoors, vacuum, or wipe clean with a damp cloth</td></tr></table><h3>Where It Works</h3><p>This nautical doormat is perfect for welcoming guests to cabins, ships, yachts, fishing boats, or docks. Its durable design is also suitable for marine entries and coastal homes, bringing a personalized touch to various indoor and outdoor settings.</p>",CHILLGEN,Services > Building & Construction Services > Outdoor Construction,Rug,"amazon-parent-b0fhqgp3v4, anchor-rug, doormat, home-decor, nautical-rug, outdoor-rug, personalized-rug, rectangular-rug, rug",false,Choose Size,16 x 16 Inches (OUT OF STOCK),,,,,,,,AMZ-RUG-B0FHQGP3V4-1,0.0,,0,deny,manual,21.90,27.38,true,false,,,,,,https://cdn.shopify.com/s/files/1/1023/0068/0561/files/5038b629798f2ae30a01617e0c3822888f0635b03c006fe4f9d7e4cabbcbaa18.jpg?v=1789061523,1,"Personalized Nautical Doormat with Boat Name & Location – Custom Anchor Welcome Mat for Fishing Boat, Yacht, or Dock – Outdoor Indoor Floor Rug for Cabin, Ship (Nautical 04)",false,,"This Nautical doormat, made of polyester, is water repellent and perfect for personalized use in cabins, ships, or docks.",,,,,,,,,,,,B0FHQGP3V4,,,,,lb,,,draft
personalized-nautical-anchor-doormat-water-repellent,,,,,,,,,16 x 24 Inches,,,,,,,,AMZ-RUG-B0FHQGP3V4-2,0.0,,0,deny,manual,25.89,32.36,true,false,,,,,,https://cdn.shopify.com/s/files/1/1023/0068/0561/files/5ca420150ff68cbc8edd8e4480ae60b2262d0d3936c6a9e540dd9b28120ccc21.jpg?v=1789061523,2,"Personalized Nautical Doormat with Boat Name & Location – Custom Anchor Welcome Mat for Fishing Boat, Yacht, or Dock – Outdoor Indoor Floor Rug for Cabin, Ship (Nautical 04)",,,,,,,,,,,,,,,,,,,,lb,,,
personalized-nautical-anchor-doormat-water-repellent,,,,,,,,,20 x 32 Inches - 🔥 BEST SELLER 🔥,,,,,,,,AMZ-RUG-B0FHQGP3V4-3,0.0,,0,deny,manual,31.89,39.86,true,false,,,,,,https://cdn.shopify.com/s/files/1/1023/0068/0561/files/e79b3959e768c753b16bd6c8752737300bac6f3c575ee5797b6d9315482e7a29.jpg?v=1789061522,3,"Personalized Nautical Doormat with Boat Name & Location – Custom Anchor Welcome Mat for Fishing Boat, Yacht, or Dock – Outdoor Indoor Floor Rug for Cabin, Ship (Nautical 04)",,,,,,,,,,,,,,,,,,,,lb,,,
personalized-nautical-anchor-doormat-water-repellent,,,,,,,,,24 x 36 Inches,,,,,,,,AMZ-RUG-B0FHQGP3V4-4,0.0,,0,deny,manual,37.89,47.36,true,false,,,,,,https://cdn.shopify.com/s/files/1/1023/0068/0561/files/1edee588d0e4b9207cb138aeb579c7e379b6e8976110113229dfbe038ef1166f.jpg?v=1789061523,4,"Personalized Nautical Doormat with Boat Name & Location – Custom Anchor Welcome Mat for Fishing Boat, Yacht, or Dock – Outdoor Indoor Floor Rug for Cabin, Ship (Nautical 04)",,,,,,,,,,,,,,,,,,,,lb,,,
personalized-nautical-anchor-doormat-water-repellent,,,,,,,,,,,,,,,,,,,,,,,,,,,,,,,,https://cdn.shopify.com/s/files/1/1023/0068/0561/files/66b6d374619b6438ee45b76adf93f49314b9bbd2df801d83957519ea5e26c83f.jpg?v=1789061522,5,"Personalized Nautical Doormat with Boat Name & Location – Custom Anchor Welcome Mat for Fishing Boat, Yacht, or Dock – Outdoor Indoor Floor Rug for Cabin, Ship (Nautical 04)",,,,,,,,,,,,,,,,,,,,,,,
personalized-nautical-anchor-doormat-water-repellent,,,,,,,,,,,,,,,,,,,,,,,,,,,,,,,,https://cdn.shopify.com/s/files/1/1023/0068/0561/files/499b84f6d643de5c6e0fde54c747ce944bc7e3ebd1b75f4bf6b433820475bf24.jpg?v=1789061522,6,"Personalized Nautical Doormat with Boat Name & Location – Custom Anchor Welcome Mat for Fishing Boat, Yacht, or Dock – Outdoor Indoor Floor Rug for Cabin, Ship (Nautical 04)",,,,,,,,,,,,,,,,,,,,,,,
personalized-striped-nautical-anchor-doormat-water-repell-design-13,"Personalized Striped Nautical Anchor Doormat, Water Repell - Design 13","<p>Welcome guests aboard with this personalized nautical doormat, featuring an anchor design and vibrant maritime colors. This unique rug can be customized with your boat name or location, making it a distinctive accent for any marine setting. Crafted for both indoor and outdoor use, it adds a touch of seafaring style to cabins, yachts, or dockside areas.</p><h3>Product Highlights</h3><ul><li>Customizable with boat name or location for a unique touch.</li><li>Features vibrant maritime colors and an anchor design.</li><li>Includes anti-slip pads for secure placement on any surface.</li><li>Designed for easy cleaning and maintenance.</li><li>Suitable for use in various marine and coastal environments.</li></ul><h3>Specifications</h3><table border=""1"" cellpadding=""6"" style=""border-collapse:collapse;width:100%""><tr><th align=""left"" width=""35%"">Attribute</th><th align=""left"">Value</th></tr><tr><td>Rug Form</td><td>Doormat</td></tr><tr><td>Item Shape</td><td>Rectangular</td></tr><tr><td>Weave Type</td><td>Flat Woven</td></tr><tr><td>Pile Height</td><td>Low Pile</td></tr><tr><td>Construction Type</td><td>Machine Made</td></tr><tr><td>Indoor/Outdoor Usage</td><td>Both</td></tr><tr><td>Room Type</td><td>Cabin, Ship, Dock</td></tr><tr><td>Water Resistance</td><td>Water Repellent</td></tr><tr><td>Special Features</td><td>Personalized</td></tr><tr><td>Pattern</td><td>Anchor</td></tr><tr><td>Theme</td><td>Nautical</td></tr><tr><td>Style</td><td>Nautical</td></tr><tr><td>Number of Pieces</td><td>1</td></tr></table><h3>Material &amp; Care</h3><table border=""1"" cellpadding=""6"" style=""border-collapse:collapse;width:100%""><tr><th align=""left"" width=""35%"">Item</th><th align=""left"">Detail</th></tr><tr><td>Material Type</td><td>Polyester, Memory Sponge</td></tr><tr><td>Backing Material</td><td>Polyester</td></tr><tr><td>Care Instructions</td><td>Spot Clean Only</td></tr><tr><td>Cleaning Method</td><td>Shake outdoors, vacuum, or wipe with a damp cloth</td></tr></table><h3>Where It Works</h3><p>This doormat is suitable for enhancing the entrance of cabins, yachts, fishing boats, or any dockside area. It’s also ideal for use in coastal homes, bringing a maritime theme to your living space.</p>",CHILLGEN,Services > Building & Construction Services > Outdoor Construction,Rug,"amazon-parent-b0fhqgp3v4, anchor, doormat, home-decor, indoor-outdoor, nautical, personalized, rectangular, rug",false,Choose Size,16 x 16 Inches (OUT OF STOCK),,,,,,,,AMZ-RUG-B0FHQGZYJM-1,0.0,,0,deny,manual,21.90,27.38,true,false,,,,,,https://cdn.shopify.com/s/files/1/1023/0068/0561/files/4f6599a8a4c17f31f2e3330ed8a41b912c1f2fb8b09a39b5c255c655c8dd0387.jpg?v=1789061530,1,"Personalized Nautical Doormat with Boat Name & Location – Custom Anchor Welcome Mat for Fishing Boat, Yacht, or Dock – Outdoor Indoor Floor Rug for Cabin, Ship (Nautical 13)",false,,"Personalized nautical doormat with an anchor design and water-repellent polyester, ideal for indoor or outdoor use on boats or docks.",,,,,,,,,,,,B0FHQGP3V4,,,,,lb,,,draft
personalized-striped-nautical-anchor-doormat-water-repell-design-13,,,,,,,,,16 x 24 Inches,,,,,,,,AMZ-RUG-B0FHQGZYJM-2,0.0,,0,deny,manual,25.89,32.36,true,false,,,,,,https://cdn.shopify.com/s/files/1/1023/0068/0561/files/108675ccf7e331c7c47bff7048aca81c1b6ebe29aea12b0af924613fc9ddf200.jpg?v=1789061530,2,"Personalized Nautical Doormat with Boat Name & Location – Custom Anchor Welcome Mat for Fishing Boat, Yacht, or Dock – Outdoor Indoor Floor Rug for Cabin, Ship (Nautical 13)",,,,,,,,,,,,,,,,,,,,lb,,,
personalized-striped-nautical-anchor-doormat-water-repell-design-13,,,,,,,,,20 x 32 Inches - 🔥 BEST SELLER 🔥,,,,,,,,AMZ-RUG-B0FHQGZYJM-3,0.0,,0,deny,manual,31.89,39.86,true,false,,,,,,https://cdn.shopify.com/s/files/1/1023/0068/0561/files/5b132ba03711e9f42a1912f4694db4242b26dd5181a3e53307cd5896d7270c55.jpg?v=1789061530,3,"Personalized Nautical Doormat with Boat Name & Location – Custom Anchor Welcome Mat for Fishing Boat, Yacht, or Dock – Outdoor Indoor Floor Rug for Cabin, Ship (Nautical 13)",,,,,,,,,,,,,,,,,,,,lb,,,
personalized-striped-nautical-anchor-doormat-water-repell-design-13,,,,,,,,,24 x 36 Inches,,,,,,,,AMZ-RUG-B0FHQGZYJM-4,0.0,,0,deny,manual,37.89,47.36,true,false,,,,,,https://cdn.shopify.com/s/files/1/1023/0068/0561/files/ca567921890d117137dbd07aad4a730fbe8d6c8835a6ef474802fb7f968023ed.jpg?v=1789061530,4,"Personalized Nautical Doormat with Boat Name & Location – Custom Anchor Welcome Mat for Fishing Boat, Yacht, or Dock – Outdoor Indoor Floor Rug for Cabin, Ship (Nautical 13)",,,,,,,,,,,,,,,,,,,,lb,,,
personalized-striped-nautical-anchor-doormat-water-repell-design-13,,,,,,,,,,,,,,,,,,,,,,,,,,,,,,,,https://cdn.shopify.com/s/files/1/1023/0068/0561/files/972abc4e2ad06b1730a9e7806951524362c7e029957dbf512dc777c3ae626889.jpg?v=1789061530,5,"Personalized Nautical Doormat with Boat Name & Location – Custom Anchor Welcome Mat for Fishing Boat, Yacht, or Dock – Outdoor Indoor Floor Rug for Cabin, Ship (Nautical 13)",,,,,,,,,,,,,,,,,,,,,,,
personalized-striped-nautical-anchor-doormat-water-repell-design-13,,,,,,,,,,,,,,,,,,,,,,,,,,,,,,,,https://cdn.shopify.com/s/files/1/1023/0068/0561/files/05122cdb588aea5abac13c13c1c1388240bfc9216af567819c4963c8599922ae.jpg?v=1789061530,6,"Personalized Nautical Doormat with Boat Name & Location – Custom Anchor Welcome Mat for Fishing Boat, Yacht, or Dock – Outdoor Indoor Floor Rug for Cabin, Ship (Nautical 13)",,,,,,,,,,,,,,,,,,,,,,,
personalized-nautical-anchor-with-boat-name-doormat-water-design-08,"Personalized Nautical Anchor with Boat Name Doormat, Water - Design 08","<p>This personalized doormat offers a unique nautical touch, featuring a custom anchor design that can be adorned with your boat name or location. It serves as a distinctive welcome mat, ideal for enhancing the entrance of cabins, ships, or docks. Crafted for both visual appeal and practical use, it blends maritime aesthetics with everyday functionality.</p><h3>Product Highlights</h3><ul><li>Personalize with boat name, family name, or location for a unique touch.</li><li>Showcases vibrant maritime colors and anchor designs.</li><li>Made with high-quality polyester and soft memory sponge for comfort.</li><li>Includes anti-slip pads to keep the mat securely in place.</li><li>Designed for easy cleaning, suitable for high-traffic areas.</li></ul><h3>Specifications</h3><table border=""1"" cellpadding=""6"" style=""border-collapse:collapse;width:100%""><tr><th align=""left"" width=""35%"">Attribute</th><th align=""left"">Value</th></tr><tr><td>Rug Form</td><td>Doormat</td></tr><tr><td>Item Shape</td><td>Rectangular</td></tr><tr><td>Weave Type</td><td>Flat Woven</td></tr><tr><td>Pile Height</td><td>Low Pile</td></tr><tr><td>Construction Type</td><td>Machine Made</td></tr><tr><td>Indoor/Outdoor Usage</td><td>Both</td></tr><tr><td>Water Resistance</td><td>Water Repellent</td></tr><tr><td>Pattern</td><td>Nautical</td></tr><tr><td>Theme</td><td>Nautical</td></tr><tr><td>Style</td><td>Nautical</td></tr><tr><td>Number of Pieces</td><td>1</td></tr></table><h3>Material &amp; Care</h3><table border=""1"" cellpadding=""6"" style=""border-collapse:collapse;width:100%""><tr><th align=""left"" width=""35%"">Item</th><th align=""left"">Detail</th></tr><tr><td>Material Type</td><td>Polyester</td></tr><tr><td>Backing Material</td><td>Polyester</td></tr><tr><td>Product Care Instructions</td><td>Spot Clean Only</td></tr></table><h3>Where It Works</h3><p>This versatile doormat is suitable for both indoor and outdoor use, making it perfect for various marine-themed environments. It can be placed at the entrance of cabins, on ships, or at docks to greet guests with a personalized nautical flair.</p>",CHILLGEN,Services > Building & Construction Services > Outdoor Construction,Rug,"amazon-parent-b0fhqgp3v4, doormat, home-decor, indoor, nautical, outdoor, personalized, rectangular, rug",false,Choose Size,16 x 16 Inches (OUT OF STOCK),,,,,,,,AMZ-RUG-B0FHQFD3T4-1,0.0,,0,deny,manual,21.90,27.38,true,false,,,,,,https://cdn.shopify.com/s/files/1/1023/0068/0561/files/2282cae7f0a80034071c934ab678e035b9fc768882bc016e67ab021a4249a698.jpg?v=1789061574,1,"Personalized Nautical Doormat with Boat Name & Location – Custom Anchor Welcome Mat for Fishing Boat, Yacht, or Dock – Outdoor Indoor Floor Rug for Cabin, Ship (Nautical 08)",false,,"This nautical personalized doormat, made of polyester, features anti-slip pads, perfect for cabins, ships, or docks.",,,,,,,,,,,,B0FHQGP3V4,,,,,lb,,,draft
personalized-nautical-anchor-with-boat-name-doormat-water-design-08,,,,,,,,,16 x 24 Inches,,,,,,,,AMZ-RUG-B0FHQFD3T4-2,0.0,,0,deny,manual,25.89,32.36,true,false,,,,,,https://cdn.shopify.com/s/files/1/1023/0068/0561/files/9e4a2cc27b4e2989f36c4451b190440fffa04f5ba1717a0f05148d0577fcf3a0.jpg?v=1789061574,2,"Personalized Nautical Doormat with Boat Name & Location – Custom Anchor Welcome Mat for Fishing Boat, Yacht, or Dock – Outdoor Indoor Floor Rug for Cabin, Ship (Nautical 08)",,,,,,,,,,,,,,,,,,,,lb,,,
personalized-nautical-anchor-with-boat-name-doormat-water-design-08,,,,,,,,,20 x 32 Inches - 🔥 BEST SELLER 🔥,,,,,,,,AMZ-RUG-B0FHQFD3T4-3,0.0,,0,deny,manual,31.89,39.86,true,false,,,,,,https://cdn.shopify.com/s/files/1/1023/0068/0561/files/99a4f574ab6646082b698d7297aa2c86de106d876600c5f0448dc5f635a3f986.jpg?v=1789061574,3,"Personalized Nautical Doormat with Boat Name & Location – Custom Anchor Welcome Mat for Fishing Boat, Yacht, or Dock – Outdoor Indoor Floor Rug for Cabin, Ship (Nautical 08)",,,,,,,,,,,,,,,,,,,,lb,,,
personalized-nautical-anchor-with-boat-name-doormat-water-design-08,,,,,,,,,24 x 36 Inches,,,,,,,,AMZ-RUG-B0FHQFD3T4-4,0.0,,0,deny,manual,37.89,47.36,true,false,,,,,,https://cdn.shopify.com/s/files/1/1023/0068/0561/files/efe2f22179512f98b4aff3bce58cc74db88f3145f82b6ea4fa5687db68ab1271.jpg?v=1789061574,4,"Personalized Nautical Doormat with Boat Name & Location – Custom Anchor Welcome Mat for Fishing Boat, Yacht, or Dock – Outdoor Indoor Floor Rug for Cabin, Ship (Nautical 08)",,,,,,,,,,,,,,,,,,,,lb,,,
personalized-nautical-anchor-with-boat-name-doormat-water-design-08,,,,,,,,,,,,,,,,,,,,,,,,,,,,,,,,https://cdn.shopify.com/s/files/1/1023/0068/0561/files/3b9eddee215cd61853a456bcdf7b355df833b29ee16c4c734323c75d8af48321.jpg?v=1789061574,5,"Personalized Nautical Doormat with Boat Name & Location – Custom Anchor Welcome Mat for Fishing Boat, Yacht, or Dock – Outdoor Indoor Floor Rug for Cabin, Ship (Nautical 08)",,,,,,,,,,,,,,,,,,,,,,,
personalized-nautical-anchor-with-boat-name-doormat-water-design-08,,,,,,,,,,,,,,,,,,,,,,,,,,,,,,,,https://cdn.shopify.com/s/files/1/1023/0068/0561/files/2b4093d0f79a4bbb8863d22063463be26db995d795a3dcf1f301674956659642.jpg?v=1789061574,6,"Personalized Nautical Doormat with Boat Name & Location – Custom Anchor Welcome Mat for Fishing Boat, Yacht, or Dock – Outdoor Indoor Floor Rug for Cabin, Ship (Nautical 08)",,,,,,,,,,,,,,,,,,,,,,,
personalized-nautical-anchor-with-ship-wheel-doormat-water-repellent,"Personalized Nautical Anchor with Ship Wheel Doormat, Water Repellent","<p>This custom anchor doormat brings a unique nautical flair to any boat, dock, or marine setting. Designed for personalization, it allows you to add your boat name, family name, or location, making it a distinctive welcome mat. It combines vibrant maritime colors and anchor designs to enhance the aesthetic of any yacht, fishing boat, or dockside area.</p><h3>Product Highlights</h3><ul><li>Personalize with boat name, family name, or location</li><li>Features vibrant maritime colors and anchor designs</li><li>Crafted from high-quality polyester and soft memory sponge</li><li>Includes anti-slip pads for secure placement</li><li>Easy to clean and maintain with simple methods</li><li>Suitable for high-traffic boat decks and marina entries</li></ul><h3>Specifications</h3><table border=""1"" cellpadding=""6"" style=""border-collapse:collapse;width:100%""><tr><th align=""left"" width=""35%"">Attribute</th><th align=""left"">Value</th></tr><tr><td>Rug Form</td><td>Doormat</td></tr><tr><td>Item Shape</td><td>Rectangular</td></tr><tr><td>Weave Type</td><td>Flat Woven</td></tr><tr><td>Pile Height</td><td>Low Pile</td></tr><tr><td>Construction Type</td><td>Machine Made</td></tr><tr><td>Indoor/Outdoor Usage</td><td>Both</td></tr><tr><td>Water Resistance</td><td>Water Repellent</td></tr><tr><td>Pattern</td><td>Anchor</td></tr><tr><td>Theme</td><td>Nautical</td></tr><tr><td>Style</td><td>Nautical</td></tr><tr><td>Number of Pieces</td><td>1</td></tr></table><h3>Material &amp; Care</h3><table border=""1"" cellpadding=""6"" style=""border-collapse:collapse;width:100%""><tr><th align=""left"" width=""35%"">Item</th><th align=""left"">Detail</th></tr><tr><td>Material Type</td><td>Polyester, Memory Sponge</td></tr><tr><td>Backing Material</td><td>Polyester</td></tr><tr><td>Care Instructions</td><td>Spot Clean Only</td></tr><tr><td>Cleaning Method</td><td>Shake outdoors, vacuum, wipe clean with damp cloth</td></tr></table><h3>Where It Works</h3><p>This versatile doormat is ideal for cabins, ships, docks, yachts, fishing boats, and marina entries. It is suitable for both indoor and outdoor use, making it perfect for coastal homes and marine environments.</p>",CHILLGEN,Services > Building & Construction Services > Outdoor Construction,Rug,"amazon-parent-b0fhqgp3v4, doormat, home-decor, indoor-outdoor, low-pile, nautical, personalized, rectangular, rug",false,Choose Size,16 x 16 Inches (OUT OF STOCK),,,,,,,,AMZ-RUG-B0FHQFFX6T-1,0.0,,0,deny,manual,21.90,27.38,true,false,,,,,,https://cdn.shopify.com/s/files/1/1023/0068/0561/files/cb171a2a4f811cd57618246addae31136720f18ba0d74f61d27886b649a7f54f.jpg?v=1789061574,1,"Personalized Nautical Doormat with Boat Name & Location – Custom Anchor Welcome Mat for Fishing Boat, Yacht, or Dock – Outdoor Indoor Floor Rug for Cabin, Ship (Nautical 02)",false,,"This nautical doormat, made of durable polyester, is customizable and perfect for adding a stylish welcome to any boat or dock.",,,,,,,,,,,,B0FHQGP3V4,,,,,lb,,,draft
personalized-nautical-anchor-with-ship-wheel-doormat-water-repellent,,,,,,,,,16 x 24 Inches,,,,,,,,AMZ-RUG-B0FHQFFX6T-2,0.0,,0,deny,manual,25.89,32.36,true,false,,,,,,https://cdn.shopify.com/s/files/1/1023/0068/0561/files/2ec5bfd9788703c9a44bff2ab17c6a45bb6915321fdd18c5ee15d199b3d335ba.jpg?v=1789061575,2,"Personalized Nautical Doormat with Boat Name & Location – Custom Anchor Welcome Mat for Fishing Boat, Yacht, or Dock – Outdoor Indoor Floor Rug for Cabin, Ship (Nautical 02)",,,,,,,,,,,,,,,,,,,,lb,,,
personalized-nautical-anchor-with-ship-wheel-doormat-water-repellent,,,,,,,,,20 x 32 Inches - 🔥 BEST SELLER 🔥,,,,,,,,AMZ-RUG-B0FHQFFX6T-3,0.0,,0,deny,manual,31.89,39.86,true,false,,,,,,https://cdn.shopify.com/s/files/1/1023/0068/0561/files/ac931b431ff481ee4a96a4a2f670f14bc94681ad98c21f0c11f6e4e7cea66415.jpg?v=1789061575,3,"Personalized Nautical Doormat with Boat Name & Location – Custom Anchor Welcome Mat for Fishing Boat, Yacht, or Dock – Outdoor Indoor Floor Rug for Cabin, Ship (Nautical 02)",,,,,,,,,,,,,,,,,,,,lb,,,
personalized-nautical-anchor-with-ship-wheel-doormat-water-repellent,,,,,,,,,24 x 36 Inches,,,,,,,,AMZ-RUG-B0FHQFFX6T-4,0.0,,0,deny,manual,37.89,47.36,true,false,,,,,,https://cdn.shopify.com/s/files/1/1023/0068/0561/files/3592c9129902ce702e84e89183b9da6c2cfdc36c5bd6974d5bfe27f6e418d4ce.jpg?v=1789061575,4,"Personalized Nautical Doormat with Boat Name & Location – Custom Anchor Welcome Mat for Fishing Boat, Yacht, or Dock – Outdoor Indoor Floor Rug for Cabin, Ship (Nautical 02)",,,,,,,,,,,,,,,,,,,,lb,,,
personalized-nautical-anchor-with-ship-wheel-doormat-water-repellent,,,,,,,,,,,,,,,,,,,,,,,,,,,,,,,,https://cdn.shopify.com/s/files/1/1023/0068/0561/files/0bdaa27e78dabd607f0c62d65fb12cf086322724635d6ae3435cf6dce5ee50c3.jpg?v=1789061574,5,"Personalized Nautical Doormat with Boat Name & Location – Custom Anchor Welcome Mat for Fishing Boat, Yacht, or Dock – Outdoor Indoor Floor Rug for Cabin, Ship (Nautical 02)",,,,,,,,,,,,,,,,,,,,,,,
personalized-nautical-anchor-with-ship-wheel-doormat-water-repellent,,,,,,,,,,,,,,,,,,,,,,,,,,,,,,,,https://cdn.shopify.com/s/files/1/1023/0068/0561/files/16051e5365cad8f5e3f270794a7095091c45b051cfbef3298b34ddd8535d0012.jpg?v=1789061574,6,"Personalized Nautical Doormat with Boat Name & Location – Custom Anchor Welcome Mat for Fishing Boat, Yacht, or Dock – Outdoor Indoor Floor Rug for Cabin, Ship (Nautical 02)",,,,,,,,,,,,,,,,,,,,,,,
personalized-nautical-anchor-with-boat-name-doormat-water-design-14,"Personalized Nautical Anchor With Boat Name Doormat, Water - Design 14","<p>This personalized doormat offers a unique nautical welcome, featuring a custom anchor design that can be adorned with your boat name or location. It serves as a distinctive decorative accent for marine environments. Crafted for both indoor and outdoor use, this mat blends aesthetic appeal with functional durability, making it ideal for enhancing any waterside entrance.</p><h3>Product Highlights</h3><ul><li>Personalize with boat or family name for a unique welcome.</li><li>Features vibrant maritime colors and anchor designs.</li><li>Includes anti-slip pads to keep the mat securely in place.</li><li>Designed for easy cleaning; simply shake, vacuum, or wipe.</li><li>Suitable for high-traffic areas on boats, marinas, and coastal homes.</li></ul><h3>Specifications</h3><table border=""1"" cellpadding=""6"" style=""border-collapse:collapse;width:100%""><tr><th align=""left"" width=""35%"">Attribute</th><th align=""left"">Value</th></tr><tr><td>Rug Form</td><td>Doormat</td></tr><tr><td>Item Shape</td><td>Rectangular</td></tr><tr><td>Weave Type</td><td>Flat Woven</td></tr><tr><td>Pile Height</td><td>Low Pile</td></tr><tr><td>Construction Type</td><td>Machine Made</td></tr><tr><td>Indoor/Outdoor Usage</td><td>Both</td></tr><tr><td>Water Resistance</td><td>Water Repellent</td></tr><tr><td>Pattern</td><td>Nautical</td></tr><tr><td>Theme</td><td>Nautical</td></tr><tr><td>Style</td><td>Nautical</td></tr><tr><td>Number of Pieces</td><td>1</td></tr></table><h3>Material &amp; Care</h3><table border=""1"" cellpadding=""6"" style=""border-collapse:collapse;width:100%""><tr><th align=""left"" width=""35%"">Item</th><th align=""left"">Detail</th></tr><tr><td>Material Type</td><td>Polyester</td></tr><tr><td>Backing Material</td><td>Polyester</td></tr><tr><td>Care Instructions</td><td>Spot Clean Only</td></tr><tr><td>Cleaning Method</td><td>Shake outdoors, vacuum, or wipe clean with a damp cloth</td></tr></table><h3>Where It Works</h3><p>This nautical doormat is perfect for adding a personalized touch to cabins, ships, yachts, fishing boats, and dockside areas. It's also suitable for marina entries and coastal homes, enhancing any space with a seafaring theme.</p>",CHILLGEN,Services > Building & Construction Services > Outdoor Construction,Rug,"amazon-parent-b0fhqgp3v4, doormat, home-decor, indoor-outdoor, nautical, personalized, rectangular, rug",false,Choose Size,16 x 16 Inches (OUT OF STOCK),,,,,,,,AMZ-RUG-B0FHQJ12YF-1,0.0,,0,deny,manual,21.90,27.38,true,false,,,,,,https://cdn.shopify.com/s/files/1/1023/0068/0561/files/541ea9ba7983870fcaadd89973fd1bbb6ea3ec2c9697941f1102997779b601c4.jpg?v=1789061582,1,"Personalized Nautical Doormat with Boat Name & Location – Custom Anchor Welcome Mat for Fishing Boat, Yacht, or Dock – Outdoor Indoor Floor Rug for Cabin, Ship (Nautical 14)",false,,"Nautical style doormat with a personalized anchor design, ideal for enhancing boat cabins and outdoor dock areas.",,,,,,,,,,,,B0FHQGP3V4,,,,,lb,,,draft
personalized-nautical-anchor-with-boat-name-doormat-water-design-14,,,,,,,,,16 x 24 Inches,,,,,,,,AMZ-RUG-B0FHQJ12YF-2,0.0,,0,deny,manual,25.89,32.36,true,false,,,,,,https://cdn.shopify.com/s/files/1/1023/0068/0561/files/f31fbd8d7fb4cebe7fd755830ab2c77609dbed24fa707bc0d77dd71ffd8b093b.jpg?v=1789061583,2,"Personalized Nautical Doormat with Boat Name & Location – Custom Anchor Welcome Mat for Fishing Boat, Yacht, or Dock – Outdoor Indoor Floor Rug for Cabin, Ship (Nautical 14)",,,,,,,,,,,,,,,,,,,,lb,,,
personalized-nautical-anchor-with-boat-name-doormat-water-design-14,,,,,,,,,20 x 32 Inches - 🔥 BEST SELLER 🔥,,,,,,,,AMZ-RUG-B0FHQJ12YF-3,0.0,,0,deny,manual,31.89,39.86,true,false,,,,,,https://cdn.shopify.com/s/files/1/1023/0068/0561/files/c58a8a04a6d1ed54373ee390101fc5f1044945dc18e484b83b6ed44f98d06bb8.jpg?v=1789061582,3,"Personalized Nautical Doormat with Boat Name & Location – Custom Anchor Welcome Mat for Fishing Boat, Yacht, or Dock – Outdoor Indoor Floor Rug for Cabin, Ship (Nautical 14)",,,,,,,,,,,,,,,,,,,,lb,,,
personalized-nautical-anchor-with-boat-name-doormat-water-design-14,,,,,,,,,24 x 36 Inches,,,,,,,,AMZ-RUG-B0FHQJ12YF-4,0.0,,0,deny,manual,37.89,47.36,true,false,,,,,,https://cdn.shopify.com/s/files/1/1023/0068/0561/files/5b972414aa6aa80c8f5f9dda92bf879dd267e12afd72be702dfbe78f3d71a327.jpg?v=1789061582,4,"Personalized Nautical Doormat with Boat Name & Location – Custom Anchor Welcome Mat for Fishing Boat, Yacht, or Dock – Outdoor Indoor Floor Rug for Cabin, Ship (Nautical 14)",,,,,,,,,,,,,,,,,,,,lb,,,
personalized-nautical-anchor-with-boat-name-doormat-water-design-14,,,,,,,,,,,,,,,,,,,,,,,,,,,,,,,,https://cdn.shopify.com/s/files/1/1023/0068/0561/files/506613ffa0e8156ac5a32e4a7d9d0ddce9badf23436507ff42de054f1ff3684f.jpg?v=1789061582,5,"Personalized Nautical Doormat with Boat Name & Location – Custom Anchor Welcome Mat for Fishing Boat, Yacht, or Dock – Outdoor Indoor Floor Rug for Cabin, Ship (Nautical 14)",,,,,,,,,,,,,,,,,,,,,,,
personalized-nautical-anchor-with-boat-name-doormat-water-design-14,,,,,,,,,,,,,,,,,,,,,,,,,,,,,,,,https://cdn.shopify.com/s/files/1/1023/0068/0561/files/0de062409181527d7dc130cbcb2e68c6c452e91db9dac303d47c630bb34192fe.jpg?v=1789061582,6,"Personalized Nautical Doormat with Boat Name & Location – Custom Anchor Welcome Mat for Fishing Boat, Yacht, or Dock – Outdoor Indoor Floor Rug for Cabin, Ship (Nautical 14)",,,,,,,,,,,,,,,,,,,,,,,
personalized-nautical-anchor-welcome-aboard-doormat-water-repellent,"Personalized Nautical Anchor Welcome Aboard Doormat, Water Repellent","<p>This personalized nautical doormat adds a distinctive touch to any boat, dock, or marine-themed space. Featuring a custom anchor design, it allows for personalization with a boat name or location, making it a unique welcome mat. Crafted for durability and comfort, it enhances the aesthetic of marine environments while offering a soft underfoot feel.</p><h3>Product Highlights</h3><ul><li>Customizable with boat name, family name, or location for a unique welcome.</li><li>Features vibrant maritime colors and anchor designs for a stylish nautical look.</li><li>Made with high-quality polyester and soft memory sponge for comfort.</li><li>Includes anti-slip pads to keep the mat securely in place.</li><li>Easy to clean and maintain, suitable for high-traffic areas.</li></ul><h3>Specifications</h3><table border=""1"" cellpadding=""6"" style=""border-collapse:collapse;width:100%""><tr><th align=""left"" width=""35%"">Attribute</th><th align=""left"">Value</th></tr><tr><td>Rug Form</td><td>Doormat</td></tr><tr><td>Item Shape</td><td>Rectangular</td></tr><tr><td>Weave Type</td><td>Flat Woven</td></tr><tr><td>Pile Height</td><td>Low Pile</td></tr><tr><td>Construction Type</td><td>Machine Made</td></tr><tr><td>Indoor/Outdoor Usage</td><td>Both</td></tr><tr><td>Water Resistance</td><td>Water Repellent</td></tr><tr><td>Pattern</td><td>Anchor</td></tr><tr><td>Theme</td><td>Nautical</td></tr><tr><td>Style</td><td>Nautical</td></tr><tr><td>Number of Pieces</td><td>1</td></tr></table><h3>Material &amp; Care</h3><table border=""1"" cellpadding=""6"" style=""border-collapse:collapse;width:100%""><tr><th align=""left"" width=""35%"">Item</th><th align=""left"">Detail</th></tr><tr><td>Material Type</td><td>Polyester</td></tr><tr><td>Backing Material</td><td>Polyester</td></tr><tr><td>Care Instructions</td><td>Spot Clean Only</td></tr><tr><td>Cleaning Method</td><td>Shake outdoors, vacuum, or wipe clean with a damp cloth</td></tr></table><h3>Where It Works</h3><p>This doormat is suitable for use in cabins, on ships, yachts, fishing boats, docks, marina entries, and coastal homes. Its versatile design allows it to be used both indoors and outdoors, making it ideal for various marine and home settings.</p>",CHILLGEN,Services > Building & Construction Services > Outdoor Construction,Rug,"amazon-parent-b0fhqgp3v4, anchor, custom, doormat, home-decor, nautical, personalized, rectangular, rug",false,Choose Size,16 x 16 Inches (OUT OF STOCK),,,,,,,,AMZ-RUG-B0FHQFD3T6-1,0.0,,0,deny,manual,21.90,27.38,true,false,,,,,,https://cdn.shopify.com/s/files/1/1023/0068/0561/files/df0c989d15188d44c8b27c82cd3873b8e286b94672cdcac349fabee011d35905.jpg?v=1789061622,1,"Personalized Nautical Doormat with Boat Name & Location – Custom Anchor Welcome Mat for Fishing Boat, Yacht, or Dock – Outdoor Indoor Floor Rug for Cabin, Ship (Nautical 01)",false,,"Nautical doormat with custom anchor design and anti-slip pads, perfect for cabins, ships, or docks.",,,,,,,,,,,,B0FHQGP3V4,,,,,lb,,,draft
personalized-nautical-anchor-welcome-aboard-doormat-water-repellent,,,,,,,,,16 x 24 Inches,,,,,,,,AMZ-RUG-B0FHQFD3T6-2,0.0,,0,deny,manual,25.89,32.36,true,false,,,,,,https://cdn.shopify.com/s/files/1/1023/0068/0561/files/58a0d8521b861e9df38d2f2c321cb35dbedf1dacaa927b01b815c7676b6ac23f.jpg?v=1789061622,2,"Personalized Nautical Doormat with Boat Name & Location – Custom Anchor Welcome Mat for Fishing Boat, Yacht, or Dock – Outdoor Indoor Floor Rug for Cabin, Ship (Nautical 01)",,,,,,,,,,,,,,,,,,,,lb,,,
personalized-nautical-anchor-welcome-aboard-doormat-water-repellent,,,,,,,,,20 x 32 Inches - 🔥 BEST SELLER 🔥,,,,,,,,AMZ-RUG-B0FHQFD3T6-3,0.0,,0,deny,manual,31.89,39.86,true,false,,,,,,https://cdn.shopify.com/s/files/1/1023/0068/0561/files/3592922c898be6f6e2ab0c5a06d9898dd2eca65bf1e703c709ccf3755b47df87.jpg?v=1789061622,3,"Personalized Nautical Doormat with Boat Name & Location – Custom Anchor Welcome Mat for Fishing Boat, Yacht, or Dock – Outdoor Indoor Floor Rug for Cabin, Ship (Nautical 01)",,,,,,,,,,,,,,,,,,,,lb,,,
personalized-nautical-anchor-welcome-aboard-doormat-water-repellent,,,,,,,,,24 x 36 Inches,,,,,,,,AMZ-RUG-B0FHQFD3T6-4,0.0,,0,deny,manual,37.89,47.36,true,false,,,,,,https://cdn.shopify.com/s/files/1/1023/0068/0561/files/c7826ca4df6df571ad0e65252aafda1c654cbe08e6e17273f871fa57e501a42d.jpg?v=1789061622,4,"Personalized Nautical Doormat with Boat Name & Location – Custom Anchor Welcome Mat for Fishing Boat, Yacht, or Dock – Outdoor Indoor Floor Rug for Cabin, Ship (Nautical 01)",,,,,,,,,,,,,,,,,,,,lb,,,
personalized-nautical-anchor-welcome-aboard-doormat-water-repellent,,,,,,,,,,,,,,,,,,,,,,,,,,,,,,,,https://cdn.shopify.com/s/files/1/1023/0068/0561/files/26b3e8da9471b3cd578f0e32e08c13d97e75f8967fe9e3e54f79c7393e37f2dd.jpg?v=1789061622,5,"Personalized Nautical Doormat with Boat Name & Location – Custom Anchor Welcome Mat for Fishing Boat, Yacht, or Dock – Outdoor Indoor Floor Rug for Cabin, Ship (Nautical 01)",,,,,,,,,,,,,,,,,,,,,,,
personalized-nautical-anchor-welcome-aboard-doormat-water-repellent,,,,,,,,,,,,,,,,,,,,,,,,,,,,,,,,https://cdn.shopify.com/s/files/1/1023/0068/0561/files/142b62aa02e6ab5db49100752be0e8d9430b4ab6a028fd50ba40bfb14f6d78ca.jpg?v=1789061622,6,"Personalized Nautical Doormat with Boat Name & Location – Custom Anchor Welcome Mat for Fishing Boat, Yacht, or Dock – Outdoor Indoor Floor Rug for Cabin, Ship (Nautical 01)",,,,,,,,,,,,,,,,,,,,,,,
personalized-anchor-welcome-aboard-doormat-for-fishing-boat,Personalized Anchor Welcome Aboard Doormat for Fishing Boat,"<p>Add a personalized touch to your boat, dock, or marina with this custom anchor doormat. Featuring a unique nautical design, this welcome mat is ideal for yacht owners, fishing boats, or anyone who enjoys a coastal lifestyle. Crafted for both visual appeal and durability, it enhances any marine-themed setting while offering comfort underfoot.</p><h3>Product Highlights</h3><ul><li>Personalize with boat name, family name, or location</li><li>Features vibrant maritime colors and anchor designs</li><li>Combines visual charm with comfort and durability</li><li>Equipped with anti-slip pads for secure placement</li><li>Easy to clean and maintain for high-traffic areas</li></ul><h3>Specifications</h3><table border=""1"" cellpadding=""6"" style=""border-collapse:collapse;width:100%""><tr><th align=""left"" width=""35%"">Attribute</th><th align=""left"">Value</th></tr><tr><td>Rug Form</td><td>Doormat</td></tr><tr><td>Item Shape</td><td>Rectangular</td></tr><tr><td>Weave Type</td><td>Flat Woven</td></tr><tr><td>Pile Height</td><td>Low Pile</td></tr><tr><td>Construction Type</td><td>Machine Made</td></tr><tr><td>Indoor/Outdoor Usage</td><td>Both</td></tr><tr><td>Water Resistance</td><td>Water Repellent</td></tr><tr><td>Pattern</td><td>Nautical 04</td></tr><tr><td>Theme</td><td>Nautical</td></tr><tr><td>Style</td><td>Nautical</td></tr><tr><td>Number of Pieces</td><td>1</td></tr></table><h3>Material &amp; Care</h3><table border=""1"" cellpadding=""6"" style=""border-collapse:collapse;width:100%""><tr><th align=""left"" width=""35%"">Item</th><th align=""left"">Detail</th></tr><tr><td>Material Type</td><td>Polyester</td></tr><tr><td>Backing Material</td><td>Polyester</td></tr><tr><td>Care Instructions</td><td>Spot Clean Only</td></tr></table><h3>Where It Works</h3><p>This versatile doormat is suitable for cabins, ships, yachts, fishing boats, docks, marina entries, and coastal homes, serving as a welcoming accent for both indoor and outdoor spaces.</p>",CHILLGEN,Services > Building & Construction Services > Outdoor Construction,Rug,"amazon-parent-b0fhqgp3v4, anchor, doormat, home-decor, indoor-outdoor, nautical, personalized, rectangular, rug",false,Choose Size,16 x 16 Inches (OUT OF STOCK),,,,,,,,AMZ-RUG-B0FHQGBYX3-1,0.0,,0,deny,manual,21.90,27.38,true,false,,,,,,https://cdn.shopify.com/s/files/1/1023/0068/0561/files/f03a56f0de9ead690ce00d3955c1ccf573e320acbd1fff2fa0035a9f90399231.jpg?v=1789061623,1,"Personalized Nautical Doormat with Boat Name & Location – Custom Anchor Welcome Mat for Fishing Boat, Yacht, or Dock – Outdoor Indoor Floor Rug for Cabin, Ship (Nautical 03)",false,,"This personalized nautical doormat features an anchor design, anti-slip pads, and is perfect for indoor or outdoor use.",,,,,,,,,,,,B0FHQGP3V4,,,,,lb,,,draft
personalized-anchor-welcome-aboard-doormat-for-fishing-boat,,,,,,,,,16 x 24 Inches,,,,,,,,AMZ-RUG-B0FHQGBYX3-2,0.0,,0,deny,manual,25.89,32.36,true,false,,,,,,https://cdn.shopify.com/s/files/1/1023/0068/0561/files/d63fd0ae0315fb684c90898e3329a583b5eb5a69978718f47e66b155c3ab8219.jpg?v=1789061623,2,"Personalized Nautical Doormat with Boat Name & Location – Custom Anchor Welcome Mat for Fishing Boat, Yacht, or Dock – Outdoor Indoor Floor Rug for Cabin, Ship (Nautical 03)",,,,,,,,,,,,,,,,,,,,lb,,,
personalized-anchor-welcome-aboard-doormat-for-fishing-boat,,,,,,,,,20 x 32 Inches - 🔥 BEST SELLER 🔥,,,,,,,,AMZ-RUG-B0FHQGBYX3-3,0.0,,0,deny,manual,31.89,39.86,true,false,,,,,,https://cdn.shopify.com/s/files/1/1023/0068/0561/files/1298e1f515dc0a5d977c316b683cdc0e73a8b93ffe9b70232cfab35dc940ef50.jpg?v=1789061623,3,"Personalized Nautical Doormat with Boat Name & Location – Custom Anchor Welcome Mat for Fishing Boat, Yacht, or Dock – Outdoor Indoor Floor Rug for Cabin, Ship (Nautical 03)",,,,,,,,,,,,,,,,,,,,lb,,,
personalized-anchor-welcome-aboard-doormat-for-fishing-boat,,,,,,,,,24 x 36 Inches,,,,,,,,AMZ-RUG-B0FHQGBYX3-4,0.0,,0,deny,manual,37.89,47.36,true,false,,,,,,https://cdn.shopify.com/s/files/1/1023/0068/0561/files/c169cc2ca1290d96ace47565400f5c5c50be64ec5864cc8957ee0fb195879cbd.jpg?v=1789061623,4,"Personalized Nautical Doormat with Boat Name & Location – Custom Anchor Welcome Mat for Fishing Boat, Yacht, or Dock – Outdoor Indoor Floor Rug for Cabin, Ship (Nautical 03)",,,,,,,,,,,,,,,,,,,,lb,,,
personalized-anchor-welcome-aboard-doormat-for-fishing-boat,,,,,,,,,,,,,,,,,,,,,,,,,,,,,,,,https://cdn.shopify.com/s/files/1/1023/0068/0561/files/d111e814f50a51a1dd375766bb1210fa3e7fc567d27b456a0b4fbd998835d2ae.jpg?v=1789061623,5,"Personalized Nautical Doormat with Boat Name & Location – Custom Anchor Welcome Mat for Fishing Boat, Yacht, or Dock – Outdoor Indoor Floor Rug for Cabin, Ship (Nautical 03)",,,,,,,,,,,,,,,,,,,,,,,
personalized-anchor-welcome-aboard-doormat-for-fishing-boat,,,,,,,,,,,,,,,,,,,,,,,,,,,,,,,,https://cdn.shopify.com/s/files/1/1023/0068/0561/files/f7c689c66d88f161a3957ac0937742032e6f738daa435947f959b74ae6a36d51.jpg?v=1789061623,6,"Personalized Nautical Doormat with Boat Name & Location – Custom Anchor Welcome Mat for Fishing Boat, Yacht, or Dock – Outdoor Indoor Floor Rug for Cabin, Ship (Nautical 03)",,,,,,,,,,,,,,,,,,,,,,,
personalized-anchor-with-boat-name-and-location-doormat,Personalized Anchor with Boat Name and Location Doormat,"<p>This custom anchor doormat adds a personalized nautical touch to any marine setting. Designed for boat owners, it features vibrant maritime colors and anchor designs, making it a unique welcome mat for cabins, ships, and docks. Crafted for both comfort and durability, it enhances the aesthetic of any waterside area.</p><h3>Product Highlights</h3><ul><li>Features a unique anchor design with vibrant maritime colors.</li><li>Personalize with boat name, family name, or location.</li><li>Soft memory sponge material provides comfort underfoot.</li><li>Equipped with anti-slip pads for secure placement.</li><li>Suitable for high-traffic boat decks, marina entries, and coastal homes.</li></ul><h3>Specifications</h3><table border=""1"" cellpadding=""6"" style=""border-collapse:collapse;width:100%""><tr><th align=""left"" width=""35%"">Attribute</th><th align=""left"">Value</th></tr><tr><td>Rug Form</td><td>Doormat</td></tr><tr><td>Item Shape</td><td>Rectangular</td></tr><tr><td>Weave Type</td><td>Flat Woven</td></tr><tr><td>Pile Height</td><td>Low Pile</td></tr><tr><td>Construction Type</td><td>Machine Made</td></tr><tr><td>Indoor/Outdoor Usage</td><td>Both</td></tr><tr><td>Water Resistance</td><td>Water Repellent</td></tr><tr><td>Pattern</td><td>Anchor</td></tr><tr><td>Theme</td><td>Nautical</td></tr><tr><td>Style</td><td>Nautical</td></tr><tr><td>Number of Pieces</td><td>1</td></tr></table><h3>Material &amp; Care</h3><table border=""1"" cellpadding=""6"" style=""border-collapse:collapse;width:100%""><tr><th align=""left"" width=""35%"">Item</th><th align=""left"">Detail</th></tr><tr><td>Material Type</td><td>Polyester, Memory Sponge</td></tr><tr><td>Backing Material</td><td>Polyester</td></tr><tr><td>Care Instructions</td><td>Shake outdoors, vacuum, or wipe clean with a damp cloth; Spot Clean Only</td></tr></table><h3>Where It Works</h3><p>This versatile doormat is perfect for use in cabins, ships, yachts, fishing boats, and dockside areas. It is suitable for both indoor and outdoor settings, adding a distinctive nautical flair to any entrance or living space.</p>",CHILLGEN,Services > Building & Construction Services > Outdoor Construction,Rug,"amazon-parent-b0fhqgp3v4, anchor, custom, doormat, home-decor, indoor-outdoor, nautical, rectangular, rug",false,Choose Size,16 x 16 Inches (OUT OF STOCK),,,,,,,,AMZ-RUG-B0FHQHGWVW-1,0.0,,0,deny,manual,21.90,27.38,true,false,,,,,,https://cdn.shopify.com/s/files/1/1023/0068/0561/files/e8e9d9eaa53e0ee770c7d5f125b35aa09def695fce55585dcd0a40bfa4076c93.jpg?v=1789061629,1,"Personalized Nautical Doormat with Boat Name & Location – Custom Anchor Welcome Mat for Fishing Boat, Yacht, or Dock – Outdoor Indoor Floor Rug for Cabin, Ship (Nautical 06)",false,,"Nautical doormat with anchor design, personalized for boats. Features anti-slip pads for cabins, ships, or docks.",,,,,,,,,,,,B0FHQGP3V4,,,,,lb,,,draft
personalized-anchor-with-boat-name-and-location-doormat,,,,,,,,,16 x 24 Inches,,,,,,,,AMZ-RUG-B0FHQHGWVW-2,0.0,,0,deny,manual,25.89,32.36,true,false,,,,,,https://cdn.shopify.com/s/files/1/1023/0068/0561/files/929777434bc035a02f2839edc9e0b4d005937db72dd4a456ce018ec23a7af0b2.jpg?v=1789061629,2,"Personalized Nautical Doormat with Boat Name & Location – Custom Anchor Welcome Mat for Fishing Boat, Yacht, or Dock – Outdoor Indoor Floor Rug for Cabin, Ship (Nautical 06)",,,,,,,,,,,,,,,,,,,,lb,,,
personalized-anchor-with-boat-name-and-location-doormat,,,,,,,,,20 x 32 Inches - 🔥 BEST SELLER 🔥,,,,,,,,AMZ-RUG-B0FHQHGWVW-3,0.0,,0,deny,manual,31.89,39.86,true,false,,,,,,https://cdn.shopify.com/s/files/1/1023/0068/0561/files/20507a31cdab21dc139ac265d2152f20d476b55497287510e3b980e5472f231b.jpg?v=1789061629,3,"Personalized Nautical Doormat with Boat Name & Location – Custom Anchor Welcome Mat for Fishing Boat, Yacht, or Dock – Outdoor Indoor Floor Rug for Cabin, Ship (Nautical 06)",,,,,,,,,,,,,,,,,,,,lb,,,
personalized-anchor-with-boat-name-and-location-doormat,,,,,,,,,24 x 36 Inches,,,,,,,,AMZ-RUG-B0FHQHGWVW-4,0.0,,0,deny,manual,37.89,47.36,true,false,,,,,,https://cdn.shopify.com/s/files/1/1023/0068/0561/files/1ceba3d8fcd5369335258cbe8cc3247af02165f2759210e4b2aeacaa4395e293.jpg?v=1789061629,4,"Personalized Nautical Doormat with Boat Name & Location – Custom Anchor Welcome Mat for Fishing Boat, Yacht, or Dock – Outdoor Indoor Floor Rug for Cabin, Ship (Nautical 06)",,,,,,,,,,,,,,,,,,,,lb,,,
personalized-anchor-with-boat-name-and-location-doormat,,,,,,,,,,,,,,,,,,,,,,,,,,,,,,,,https://cdn.shopify.com/s/files/1/1023/0068/0561/files/c737abab191374e01c3cb9ff1e8b42c3a1fe2416df524ec471a8e55a5767d852.jpg?v=1789061629,5,"Personalized Nautical Doormat with Boat Name & Location – Custom Anchor Welcome Mat for Fishing Boat, Yacht, or Dock – Outdoor Indoor Floor Rug for Cabin, Ship (Nautical 06)",,,,,,,,,,,,,,,,,,,,,,,
personalized-anchor-with-boat-name-and-location-doormat,,,,,,,,,,,,,,,,,,,,,,,,,,,,,,,,https://cdn.shopify.com/s/files/1/1023/0068/0561/files/c356db60f4383c6fb4953bf45111ea73885965d74d8709dbc6d4ef709d447c24.jpg?v=1789061629,6,"Personalized Nautical Doormat with Boat Name & Location – Custom Anchor Welcome Mat for Fishing Boat, Yacht, or Dock – Outdoor Indoor Floor Rug for Cabin, Ship (Nautical 06)",,,,,,,,,,,,,,,,,,,,,,,
personalized-classroom-welcome-rainbow-welcome-doormat,Personalized Classroom Welcome Rainbow Welcome Doormat,"<p>This personalized doormat is designed to create a welcoming and special atmosphere for any classroom. Featuring a composition notebook style, it allows for customization with a teacher's name, making it a thoughtful gift. Its durable construction ensures it can be used in various settings to keep spaces clean and inviting.</p><h3>Product Highlights</h3><ul><li>Personalizable with a teacher’s name for a unique touch.</li><li>Thoughtful gift for back-to-school, birthdays, and holidays.</li><li>Soft, durable, and heat-resistant non-woven fabric top.</li><li>Features a neoprene rubber non-slip backing for stability.</li><li>Suitable for both indoor and outdoor classroom environments.</li></ul><h3>Specifications</h3><table border=""1"" cellpadding=""6"" style=""border-collapse:collapse;width:100%""><tr><th align=""left"" width=""35%"">Attribute</th><th align=""left"">Value</th></tr><tr><td>Rug Form</td><td>Doormat</td></tr><tr><td>Item Shape</td><td>Rectangular</td></tr><tr><td>Weave Type</td><td>Machine Made</td></tr><tr><td>Pile Height</td><td>Low Pile</td></tr><tr><td>Construction Type</td><td>Machine Made</td></tr><tr><td>Indoor/Outdoor Usage</td><td>Both</td></tr><tr><td>Water Resistance</td><td>Water Resistant</td></tr><tr><td>Pattern</td><td>Composition Notebook Style</td></tr><tr><td>Theme</td><td>Classroom</td></tr><tr><td>Style</td><td>Modern</td></tr><tr><td>Number of Pieces</td><td>1</td></tr></table><h3>Material &amp; Care</h3><table border=""1"" cellpadding=""6"" style=""border-collapse:collapse;width:100%""><tr><th align=""left"" width=""35%"">Item</th><th align=""left"">Detail</th></tr><tr><td>Material Type</td><td>Polyester</td></tr><tr><td>Backing Material</td><td>High-quality Epoxy</td></tr><tr><td>Care Instructions</td><td>Avoid bleaching</td></tr><tr><td>Cleaning Method</td><td>Hose down or sponge clean with mild liquid soap</td></tr><tr><td>Drying</td><td>Air dry</td></tr></table><h3>Where It Works</h3><p>This doormat is ideal for classrooms, entryways, and RVs, offering a versatile addition to various spaces. Its design makes it perfect for creating a friendly first impression in educational settings or personalized home entrances.</p>",CHILLGEN,Services > Building & Construction Services > Outdoor Construction,Rug,"amazon-parent-b0fgdcsg3y, classroom, doormat, home-decor, indoor-outdoor, modern, personalized, rectangular, rug",false,Choose Your Option,"Blank Doormat, No Custom",,Pick Up Size,"24""x16"" (40x60 cm)",,,,,AMZ-RUG-B0FGD77WQH-1,0.0,,0,deny,manual,21.90,29.20,true,false,,,,,,https://cdn.shopify.com/s/files/1/1023/0068/0561/files/5667dfde04fa68bc3f9836e32866f788279c5e6e04316853f3283341f647df0b.jpg?v=1789094327,1,"Personalized Teacher Welcome Door Mat with Name, Composition Notebook Style, Perfect Classroom Decor & Back to School Gift for Teachers (Affirmation #2)",false,,"This modern personalized doormat, made of polyester, is perfect for classroom entryways with its non-slip backing.",,,,,,,,,,,,B0FGDCSG3Y,,,,,lb,,,draft
personalized-classroom-welcome-rainbow-welcome-doormat,,,,,,,,,"Blank Doormat, No Custom",,,"32""x20"" (50x80 cm) - BEST SELLING",,,,,AMZ-RUG-B0FGD77WQH-2,0.0,,0,deny,manual,30.90,41.20,true,false,,,,,,https://cdn.shopify.com/s/files/1/1023/0068/0561/files/3af3d5e3fa2d710688fe3e524e6e93c6deb5bfb6ff2d2ef8d117c4e4f0702fbe.jpg?v=1789094327,2,"Personalized Teacher Welcome Door Mat with Name, Composition Notebook Style, Perfect Classroom Decor & Back to School Gift for Teachers (Affirmation #2)",,,,,,,,,,,,,,,,,,,,lb,,,
personalized-classroom-welcome-rainbow-welcome-doormat,,,,,,,,,"Blank Doormat, No Custom",,,"36""x24"" (60x90 cm)",,,,,AMZ-RUG-B0FGD77WQH-3,0.0,,0,deny,manual,34.90,46.53,true,false,,,,,,https://cdn.shopify.com/s/files/1/1023/0068/0561/files/732459d13d51e8a6fa80fd43c4be88504f099d776ba2244c3928e03eaa343346.jpg?v=1789094327,3,"Personalized Teacher Welcome Door Mat with Name, Composition Notebook Style, Perfect Classroom Decor & Back to School Gift for Teachers (Affirmation #2)",,,,,,,,,,,,,,,,,,,,lb,,,
personalized-classroom-welcome-rainbow-welcome-doormat,,,,,,,,,Customized Doormat,,,"24""x16"" (40x60 cm)",,,,,AMZ-RUG-B0FGD77WQH-4,0.0,,0,deny,manual,28.90,38.53,true,false,,,,,,https://cdn.shopify.com/s/files/1/1023/0068/0561/files/308c34a8907010b510a32f89280d339c7efe20b5a8ac57b0f4d5f522cab0347c.jpg?v=1789094327,4,"Personalized Teacher Welcome Door Mat with Name, Composition Notebook Style, Perfect Classroom Decor & Back to School Gift for Teachers (Affirmation #2)",,,,,,,,,,,,,,,,,,,,lb,,,
personalized-classroom-welcome-rainbow-welcome-doormat,,,,,,,,,Customized Doormat,,,"32""x20"" (50x80 cm) - BEST SELLING",,,,,AMZ-RUG-B0FGD77WQH-5,0.0,,0,deny,manual,37.90,50.53,true,false,,,,,,https://cdn.shopify.com/s/files/1/1023/0068/0561/files/5f58b4942dabcc5352114b92a24f9fb19d2d2d9f185cf3efaa131e3a7b5abb59.jpg?v=1789094327,5,"Personalized Teacher Welcome Door Mat with Name, Composition Notebook Style, Perfect Classroom Decor & Back to School Gift for Teachers (Affirmation #2)",,,,,,,,,,,,,,,,,,,,lb,,,
personalized-classroom-welcome-rainbow-welcome-doormat,,,,,,,,,Customized Doormat,,,"36""x24"" (60x90 cm)",,,,,AMZ-RUG-B0FGD77WQH-6,0.0,,0,deny,manual,41.90,55.87,true,false,,,,,,https://cdn.shopify.com/s/files/1/1023/0068/0561/files/3a9d9dc16e4308f1968da0f99d10ac8ebf0abf29217e792be1f3dc0486d64e06.jpg?v=1789094327,6,"Personalized Teacher Welcome Door Mat with Name, Composition Notebook Style, Perfect Classroom Decor & Back to School Gift for Teachers (Affirmation #2)",,,,,,,,,,,,,,,,,,,,lb,,,
personalized-cheerful-school-themed-welcome-doormat-non-slip-backing,"Personalized Cheerful School Themed Welcome Doormat, Non-Slip Backing","<p>This personalized doormat offers a warm welcome to any classroom or learning space. Designed with a classic composition notebook style, it combines functionality with a unique touch. Its durable construction makes it an ideal addition for both indoor and outdoor settings, effectively capturing dirt and moisture to keep floors clean.</p><h3>Product Highlights</h3><ul><li>Personalizable with a teacher's name for a unique touch</li><li>Soft, heat-resistant non-woven fabric top</li><li>Non-slip neoprene rubber backing for stability</li><li>Effectively traps dirt, dust, and grime</li><li>Suitable for both indoor and outdoor use</li><li>Easy to clean and maintain</li></ul><h3>Specifications</h3><table border=""1"" cellpadding=""6"" style=""border-collapse:collapse;width:100%""><tr><th align=""left"" width=""35%"">Attribute</th><th align=""left"">Value</th></tr><tr><td>Rug Form</td><td>Doormat</td></tr><tr><td>Item Shape</td><td>Rectangular</td></tr><tr><td>Weave Type</td><td>Machine Made</td></tr><tr><td>Pile Height</td><td>Low Pile</td></tr><tr><td>Construction Type</td><td>Machine Made</td></tr><tr><td>Indoor/Outdoor Usage</td><td>Both</td></tr><tr><td>Water Resistance</td><td>Water Resistant</td></tr><tr><td>Pattern</td><td>Composition Notebook Style</td></tr><tr><td>Theme</td><td>Classroom</td></tr><tr><td>Style</td><td>Modern</td></tr><tr><td>Number of Pieces</td><td>1</td></tr><tr><td>Personalization</td><td>1 text input</td></tr></table><h3>Material &amp; Care</h3><table border=""1"" cellpadding=""6"" style=""border-collapse:collapse;width:100%""><tr><th align=""left"" width=""35%"">Item</th><th align=""left"">Detail</th></tr><tr><td>Material Type</td><td>Polyester</td></tr><tr><td>Backing Material</td><td>High-quality Epoxy, Neoprene Rubber</td></tr><tr><td>Surface/Feel</td><td>Soft non-woven fabric</td></tr><tr><td>Care Instructions</td><td>Avoid bleaching</td></tr><tr><td>Cleaning Method</td><td>Hose down or sponge clean with mild liquid soap</td></tr><tr><td>Drying</td><td>Air dry</td></tr></table><h3>Where It Works</h3><p>This doormat is suitable for classrooms, entryways, and RVs, making it a versatile option for various settings. It creates a welcoming atmosphere at classroom doors, reading corners, or teacher spaces.</p>",CHILLGEN,Services > Building & Construction Services > Outdoor Construction,Rug,"amazon-parent-b0fgdcsg3y, classroom, doormat, home-decor, low-pile, modern, personalized, rectangular, rug",false,Choose Your Option,"Blank Doormat, No Custom",,Pick Up Size,"24""x16"" (40x60 cm)",,,,,AMZ-RUG-B0H8DMRQ1N-1,0.0,,0,deny,manual,21.90,29.20,true,false,,,,,,https://cdn.shopify.com/s/files/1/1023/0068/0561/files/69129ba18db13a9c162e82210ff3ea320f83a50d9c330480ef927fe532114432.jpg?v=1789094327,1,"Personalized Cheerful School Themed Welcome Doormat, Non-Slip Backing",false,,"Modern composition notebook style doormat with a personalized touch, featuring a non-slip backing for classrooms or entryways.",,,,,,,,,,,,B0FGDCSG3Y,,,,,lb,,,draft
personalized-cheerful-school-themed-welcome-doormat-non-slip-backing,,,,,,,,,"Blank Doormat, No Custom",,,"32""x20"" (50x80 cm) - BEST SELLING",,,,,AMZ-RUG-B0H8DMRQ1N-2,0.0,,0,deny,manual,30.90,41.20,true,false,,,,,,https://cdn.shopify.com/s/files/1/1023/0068/0561/files/fadcd7c6849da17660f389af5f0827a27fb95ade2ab66070e5a6093a0bd3eceb.jpg?v=1789094327,2,"Personalized Cheerful School Themed Welcome Doormat, Non-Slip Backing",,,,,,,,,,,,,,,,,,,,lb,,,
personalized-cheerful-school-themed-welcome-doormat-non-slip-backing,,,,,,,,,"Blank Doormat, No Custom",,,"36""x24"" (60x90 cm)",,,,,AMZ-RUG-B0H8DMRQ1N-3,0.0,,0,deny,manual,34.90,46.53,true,false,,,,,,https://cdn.shopify.com/s/files/1/1023/0068/0561/files/94f738a75ae3b53350ecf41c15734b7275b5e67fd1af34c7afe2b5b832205c04.jpg?v=1789094327,3,"Personalized Cheerful School Themed Welcome Doormat, Non-Slip Backing",,,,,,,,,,,,,,,,,,,,lb,,,
personalized-cheerful-school-themed-welcome-doormat-non-slip-backing,,,,,,,,,Customized Doormat,,,"24""x16"" (40x60 cm)",,,,,AMZ-RUG-B0H8DMRQ1N-4,0.0,,0,deny,manual,28.90,38.53,true,false,,,,,,https://cdn.shopify.com/s/files/1/1023/0068/0561/files/9b9113b843757874663561ef989c5d6f647a80d1f6d89d0a53b49bf397af62de.jpg?v=1789094327,4,"Personalized Cheerful School Themed Welcome Doormat, Non-Slip Backing",,,,,,,,,,,,,,,,,,,,lb,,,
personalized-cheerful-school-themed-welcome-doormat-non-slip-backing,,,,,,,,,Customized Doormat,,,"32""x20"" (50x80 cm) - BEST SELLING",,,,,AMZ-RUG-B0H8DMRQ1N-5,0.0,,0,deny,manual,37.90,50.53,true,false,,,,,,https://cdn.shopify.com/s/files/1/1023/0068/0561/files/2ca761033b1f5698cc82b2dfb7dcefdb99f9499a81f04a3436ae1047146e1941.jpg?v=1789094327,5,"Personalized Cheerful School Themed Welcome Doormat, Non-Slip Backing",,,,,,,,,,,,,,,,,,,,lb,,,
personalized-cheerful-school-themed-welcome-doormat-non-slip-backing,,,,,,,,,Customized Doormat,,,"36""x24"" (60x90 cm)",,,,,AMZ-RUG-B0H8DMRQ1N-6,0.0,,0,deny,manual,41.90,55.87,true,false,,,,,,https://cdn.shopify.com/s/files/1/1023/0068/0561/files/e59eac41020c5d080404f8d39ad8b3d5c8ad833aa3e5ed52aeb61e1e9fef3fe3.jpg?v=1789094327,6,"Personalized Cheerful School Themed Welcome Doormat, Non-Slip Backing",,,,,,,,,,,,,,,,,,,,lb,,,
personalized-pink-school-supplies-doormat-machine-made,"Personalized Pink School Supplies Doormat, Machine Made","<p>This personalized doormat is designed to welcome students with a special touch, ideal for classroom entrances. Its unique design adds a cheerful and inviting atmosphere to any learning space. The doormat combines personalized charm with functional features to keep floors clean.</p><h3>Product Highlights</h3><ul><li>Personalize with a teacher’s name for a unique classroom entrance</li><li>Soft and durable non-woven fabric top for comfort and longevity</li><li>Features a neoprene rubber non-slip backing to keep the mat in place</li><li>Effectively dries wet feet and traps dirt, dust, and grime</li><li>Suitable for both indoor and outdoor use in various settings</li></ul><h3>Specifications</h3><table border=""1"" cellpadding=""6"" style=""border-collapse:collapse;width:100%""><tr><th align=""left"" width=""35%"">Attribute</th><th align=""left"">Value</th></tr><tr><td>Rug Form</td><td>Doormat</td></tr><tr><td>Item Shape</td><td>Rectangular</td></tr><tr><td>Weave Type</td><td>Machine Made</td></tr><tr><td>Pile Height</td><td>Low Pile</td></tr><tr><td>Construction Type</td><td>Machine Made</td></tr><tr><td>Indoor/Outdoor Usage</td><td>Both</td></tr><tr><td>Pattern</td><td>Composition Notebook Style</td></tr><tr><td>Theme</td><td>Classroom</td></tr><tr><td>Style</td><td>Modern</td></tr><tr><td>Number of Pieces</td><td>1</td></tr><tr><td>Water Resistance</td><td>Water Resistant</td></tr></table><h3>Material &amp; Care</h3><table border=""1"" cellpadding=""6"" style=""border-collapse:collapse;width:100%""><tr><th align=""left"" width=""35%"">Item</th><th align=""left"">Detail</th></tr><tr><td>Material Type</td><td>Polyester</td></tr><tr><td>Backing Material</td><td>High-quality Epoxy</td></tr><tr><td>Care Instructions</td><td>Avoid bleaching</td></tr><tr><td>Cleaning Method</td><td>Hose down or sponge clean with mild liquid soap</td></tr><tr><td>Drying</td><td>Air dry</td></tr></table><h3>Where It Works</h3><p>This doormat is perfect for classrooms, entryways, and RVs, creating a welcoming and clean environment. Its versatile design makes it suitable for various indoor and outdoor settings where a personalized touch is desired.</p>",CHILLGEN,Services > Building & Construction Services > Outdoor Construction,Rug,"amazon-parent-b0fgdcsg3y, classroom, doormat, home-decor, indoor-outdoor, modern, personalized, rectangular, rug",false,Choose Your Option,"Blank Doormat, No Custom",,Pick Up Size,"24""x16"" (40x60 cm)",,,,,AMZ-RUG-B0FGDB72WC-1,0.0,,0,deny,manual,21.90,29.20,true,false,,,,,,https://cdn.shopify.com/s/files/1/1023/0068/0561/files/e1e7d712686c2aae384738b73617b89f148767eb0ec0dd792fee64bf1685a698.jpg?v=1789094328,1,"Personalized Teacher Welcome Door Mat with Name, Composition Notebook Style, Perfect Classroom Decor & Back to School Gift for Teachers (Cute Class)",false,,"Modern rectangular personalized doormat with a non-slip backing, perfect for classrooms and versatile indoor/outdoor use.",,,,,,,,,,,,B0FGDCSG3Y,,,,,lb,,,draft
personalized-pink-school-supplies-doormat-machine-made,,,,,,,,,"Blank Doormat, No Custom",,,"32""x20"" (50x80 cm) - BEST SELLING",,,,,AMZ-RUG-B0FGDB72WC-2,0.0,,0,deny,manual,30.90,41.20,true,false,,,,,,https://cdn.shopify.com/s/files/1/1023/0068/0561/files/6d4e5b85d7f1657e12f9cf6fc146c242ea6c02ef9440cca83c1e468b508db642.jpg?v=1789094328,2,"Personalized Teacher Welcome Door Mat with Name, Composition Notebook Style, Perfect Classroom Decor & Back to School Gift for Teachers (Cute Class)",,,,,,,,,,,,,,,,,,,,lb,,,
personalized-pink-school-supplies-doormat-machine-made,,,,,,,,,"Blank Doormat, No Custom",,,"36""x24"" (60x90 cm)",,,,,AMZ-RUG-B0FGDB72WC-3,0.0,,0,deny,manual,34.90,46.53,true,false,,,,,,https://cdn.shopify.com/s/files/1/1023/0068/0561/files/20461071e620900f98a70cc176981a6daf0d19f1922d802a37b614c3dda9d265.jpg?v=1789094327,3,"Personalized Teacher Welcome Door Mat with Name, Composition Notebook Style, Perfect Classroom Decor & Back to School Gift for Teachers (Cute Class)",,,,,,,,,,,,,,,,,,,,lb,,,
personalized-pink-school-supplies-doormat-machine-made,,,,,,,,,Customized Doormat,,,"24""x16"" (40x60 cm)",,,,,AMZ-RUG-B0FGDB72WC-4,0.0,,0,deny,manual,28.90,38.53,true,false,,,,,,https://cdn.shopify.com/s/files/1/1023/0068/0561/files/7ccadf423a0d1e220f8af31f4b6b30019cc9dfb364b80f95059436efef66ad35.jpg?v=1789094327,4,"Personalized Teacher Welcome Door Mat with Name, Composition Notebook Style, Perfect Classroom Decor & Back to School Gift for Teachers (Cute Class)",,,,,,,,,,,,,,,,,,,,lb,,,
personalized-pink-school-supplies-doormat-machine-made,,,,,,,,,Customized Doormat,,,"32""x20"" (50x80 cm) - BEST SELLING",,,,,AMZ-RUG-B0FGDB72WC-5,0.0,,0,deny,manual,37.90,50.53,true,false,,,,,,https://cdn.shopify.com/s/files/1/1023/0068/0561/files/d927a787c58efc81d143aa49f62202a0c1f9d69173ac88be3355d0212e80e403.jpg?v=1789094327,5,"Personalized Teacher Welcome Door Mat with Name, Composition Notebook Style, Perfect Classroom Decor & Back to School Gift for Teachers (Cute Class)",,,,,,,,,,,,,,,,,,,,lb,,,
personalized-pink-school-supplies-doormat-machine-made,,,,,,,,,Customized Doormat,,,"36""x24"" (60x90 cm)",,,,,AMZ-RUG-B0FGDB72WC-6,0.0,,0,deny,manual,41.90,55.87,true,false,,,,,,https://cdn.shopify.com/s/files/1/1023/0068/0561/files/3f4f608bc262f50c4cd438ed534d39ab306c6887bc55bc4c0f41935941a1c581.jpg?v=1789094327,6,"Personalized Teacher Welcome Door Mat with Name, Composition Notebook Style, Perfect Classroom Decor & Back to School Gift for Teachers (Cute Class)",,,,,,,,,,,,,,,,,,,,lb,,,
personalized-teacher-classroom-welcome-with-school-supplies-doormat,Personalized Teacher Classroom Welcome with School Supplies Doormat,"<p>This personalized doormat offers a unique touch to any classroom, featuring a composition notebook style that blends educational charm with practical functionality. Designed to create a welcoming atmosphere, this doormat can be customized with a teacher's name, making it a special addition to any learning environment. It serves as an engaging accent piece while helping to maintain cleanliness.</p><h3>Product Highlights</h3><ul><li>Personalizable with a teacher's name for a unique classroom touch.</li><li>Made from soft, durable non-woven fabric with a non-slip rubber backing.</li><li>Effectively dries wet feet and traps dirt, dust, and grime.</li><li>Heat-resistant material ensures long-lasting use.</li><li>Suitable for both indoor and outdoor settings.</li></ul><h3>Specifications</h3><table border=""1"" cellpadding=""6"" style=""border-collapse:collapse;width:100%""><tr><th align=""left"" width=""35%"">Attribute</th><th align=""left"">Value</th></tr><tr><td>Rug Form</td><td>Doormat</td></tr><tr><td>Item Shape</td><td>Rectangular</td></tr><tr><td>Weave Type</td><td>Machine Made</td></tr><tr><td>Pile Height</td><td>Low Pile</td></tr><tr><td>Construction Type</td><td>Machine Made</td></tr><tr><td>Indoor/Outdoor Usage</td><td>Both</td></tr><tr><td>Water Resistance</td><td>Water Resistant</td></tr><tr><td>Pattern</td><td>Composition Notebook Style</td></tr><tr><td>Theme</td><td>Classroom</td></tr><tr><td>Style</td><td>Modern</td></tr><tr><td>Number of Pieces</td><td>1</td></tr></table><h3>Material &amp; Care</h3><table border=""1"" cellpadding=""6"" style=""border-collapse:collapse;width:100%""><tr><th align=""left"" width=""35%"">Item</th><th align=""left"">Detail</th></tr><tr><td>Material Type</td><td>Polyester</td></tr><tr><td>Backing Material</td><td>High-quality Epoxy</td></tr><tr><td>Care Instructions</td><td>Washable; simply hose down or sponge clean with mild liquid soap. Avoid bleaching.</td></tr><tr><td>Cleaning Method</td><td>Hose down or sponge clean</td></tr><tr><td>Drying</td><td>Air dry</td></tr></table><h3>Where It Works</h3><p>This versatile doormat is ideal for classrooms, entryways, and RVs, providing a welcoming accent that is both functional and stylish. Its durable construction makes it suitable for high-traffic areas, helping to keep floors clean in various settings.</p>",CHILLGEN,Services > Building & Construction Services > Outdoor Construction,Rug,"amazon-parent-b0fgdcsg3y, classroom-rug, doormat, home-decor, modern-style, personalized-rug, rectangular-rug, rug, teacher-gift",false,Choose Your Option,"Blank Doormat, No Custom",,Pick Up Size,"24""x16"" (40x60 cm)",,,,,AMZ-RUG-B0H8DJ6BYR-1,0.0,,0,deny,manual,21.90,29.20,true,false,,,,,,https://cdn.shopify.com/s/files/1/1023/0068/0561/files/3761a828cdadf90b2e4b3273e909d993b93739d2c46ccdbc33d2171da934d418.jpg?v=1789094376,1,"Personalized Teacher Welcome Door Mat with Name, Composition Notebook Style, Perfect Classroom Decor & Back to School Gift for Teachers (Cute Classroom)",false,,"This modern personalized doormat, crafted from polyester, offers a non-slip backing, perfect for classroom entryways.",,,,,,,,,,,,B0FGDCSG3Y,,,,,lb,,,draft
personalized-teacher-classroom-welcome-with-school-supplies-doormat,,,,,,,,,"Blank Doormat, No Custom",,,"32""x20"" (50x80 cm) - BEST SELLING",,,,,AMZ-RUG-B0H8DJ6BYR-2,0.0,,0,deny,manual,30.90,41.20,true,false,,,,,,https://cdn.shopify.com/s/files/1/1023/0068/0561/files/e41e52b97dc565bc8c6d83f0437e136e477e9bfbe537f50fcde3e20b2e9491fe.jpg?v=1789094376,2,"Personalized Teacher Welcome Door Mat with Name, Composition Notebook Style, Perfect Classroom Decor & Back to School Gift for Teachers (Cute Classroom)",,,,,,,,,,,,,,,,,,,,lb,,,
personalized-teacher-classroom-welcome-with-school-supplies-doormat,,,,,,,,,"Blank Doormat, No Custom",,,"36""x24"" (60x90 cm)",,,,,AMZ-RUG-B0H8DJ6BYR-3,0.0,,0,deny,manual,34.90,46.53,true,false,,,,,,https://cdn.shopify.com/s/files/1/1023/0068/0561/files/2a6d545ef7f580f46e5a3c9bd557309cae145033c91484ac18cf00ce70d2620a.jpg?v=1789094376,3,"Personalized Teacher Welcome Door Mat with Name, Composition Notebook Style, Perfect Classroom Decor & Back to School Gift for Teachers (Cute Classroom)",,,,,,,,,,,,,,,,,,,,lb,,,
personalized-teacher-classroom-welcome-with-school-supplies-doormat,,,,,,,,,Customized Doormat,,,"24""x16"" (40x60 cm)",,,,,AMZ-RUG-B0H8DJ6BYR-4,0.0,,0,deny,manual,28.90,38.53,true,false,,,,,,https://cdn.shopify.com/s/files/1/1023/0068/0561/files/d1e7dc8037516eb4d0ae69a9658139b502006b4edf2ded1098e0a25db211b9bc.jpg?v=1789094376,4,"Personalized Teacher Welcome Door Mat with Name, Composition Notebook Style, Perfect Classroom Decor & Back to School Gift for Teachers (Cute Classroom)",,,,,,,,,,,,,,,,,,,,lb,,,
personalized-teacher-classroom-welcome-with-school-supplies-doormat,,,,,,,,,Customized Doormat,,,"32""x20"" (50x80 cm) - BEST SELLING",,,,,AMZ-RUG-B0H8DJ6BYR-5,0.0,,0,deny,manual,37.90,50.53,true,false,,,,,,https://cdn.shopify.com/s/files/1/1023/0068/0561/files/2fd4d4234d984db0fa74b0417385d04dbe9f04a09a59b2c5149d0f581469c032.jpg?v=1789094376,5,"Personalized Teacher Welcome Door Mat with Name, Composition Notebook Style, Perfect Classroom Decor & Back to School Gift for Teachers (Cute Classroom)",,,,,,,,,,,,,,,,,,,,lb,,,
personalized-teacher-classroom-welcome-with-school-supplies-doormat,,,,,,,,,Customized Doormat,,,"36""x24"" (60x90 cm)",,,,,AMZ-RUG-B0H8DJ6BYR-6,0.0,,0,deny,manual,41.90,55.87,true,false,,,,,,https://cdn.shopify.com/s/files/1/1023/0068/0561/files/ed64c10223204ca32653e0ec37554a90c9dccc23744f9d9bd15b3df5b3bc92ff.jpg?v=1789094376,6,"Personalized Teacher Welcome Door Mat with Name, Composition Notebook Style, Perfect Classroom Decor & Back to School Gift for Teachers (Cute Classroom)",,,,,,,,,,,,,,,,,,,,lb,,,
personalized-speckled-classroom-decor-door-mat-non-slip-backing,"Personalized Speckled Classroom Decor Door Mat, Non-Slip Backing","<p>This personalized doormat offers a welcoming touch for any classroom or entryway. Designed with a modern aesthetic, it combines personalized charm with functional features to enhance various spaces. Its durable construction is suitable for everyday use.</p><h3>Product Highlights</h3><ul><li>Personalize with a teacher's name for a unique touch.</li><li>Features a soft, non-woven fabric top for comfort.</li><li>Equipped with a neoprene rubber non-slip backing for stability.</li><li>Effectively traps dirt, dust, and grime to help keep floors clean.</li><li>Versatile for both indoor and outdoor settings.</li><li>Washable and easy to maintain for lasting freshness.</li></ul><h3>Specifications</h3><table border=""1"" cellpadding=""6"" style=""border-collapse:collapse;width:100%""><tr><th align=""left"" width=""35%"">Attribute</th><th align=""left"">Value</th></tr><tr><td>Rug Form</td><td>Doormat</td></tr><tr><td>Item Shape</td><td>Rectangular</td></tr><tr><td>Weave Type</td><td>Machine Made</td></tr><tr><td>Pile Height</td><td>Low Pile</td></tr><tr><td>Construction Type</td><td>Machine Made</td></tr><tr><td>Indoor/Outdoor Usage</td><td>Both</td></tr><tr><td>Room Type</td><td>Classroom</td></tr><tr><td>Water Resistance</td><td>Water Resistant</td></tr><tr><td>Special Features</td><td>Personalized</td></tr><tr><td>Pattern</td><td>Composition Notebook Style</td></tr><tr><td>Theme</td><td>Classroom</td></tr><tr><td>Style</td><td>Modern</td></tr><tr><td>Number of Pieces</td><td>1</td></tr></table><h3>Material &amp; Care</h3><table border=""1"" cellpadding=""6"" style=""border-collapse:collapse;width:100%""><tr><th align=""left"" width=""35%"">Item</th><th align=""left"">Detail</th></tr><tr><td>Material Type</td><td>Polyester</td></tr><tr><td>Backing Material</td><td>High-quality Epoxy</td></tr><tr><td>Surface/Feel</td><td>Soft non-woven fabric</td></tr><tr><td>Care Instructions</td><td>Avoid bleaching</td></tr><tr><td>Cleaning Method</td><td>Hose down or sponge clean with mild liquid soap</td></tr><tr><td>Drying</td><td>Air dry</td></tr></table><h3>Where It Works</h3><p>This doormat is suitable for classroom entrances, teacher spaces, and reading corners. Its durable design also makes it appropriate for entryways and RVs, offering a functional and decorative accent in various settings.</p>",CHILLGEN,Home & Garden > Lawn & Garden > Gardening > Composting,Rug,"amazon-parent-b0fgdcsg3y, classroom, doormat, home-decor, low-pile, modern, personalized, rectangular, rug",false,Choose Your Option,"Blank Doormat, No Custom",,Pick Up Size,"24""x16"" (40x60 cm)",,,,,AMZ-RUG-B0H8DBJM17-1,0.0,,0,deny,manual,21.90,29.20,true,false,,,,,,https://cdn.shopify.com/s/files/1/1023/0068/0561/files/0800d7da7860ebbb64ded8525b4f6e0194f0e8230b877e7dfee70334add4da93.jpg?v=1789094380,1,"Personalized Teacher Welcome Door Mat with Name, Composition Notebook Style, Perfect Classroom Decor & Back to School Gift for Teachers (Composition Book)",false,,"Modern rectangular doormat with a low pile and non-slip backing, perfect for personalized classroom entryways.",4085,,,,,,,,,,,B0FGDCSG3Y,,,,,lb,,,draft
personalized-speckled-classroom-decor-door-mat-non-slip-backing,,,,,,,,,"Blank Doormat, No Custom",,,"32""x20"" (50x80 cm) - BEST SELLING",,,,,AMZ-RUG-B0H8DBJM17-2,0.0,,0,deny,manual,30.90,41.20,true,false,,,,,,https://cdn.shopify.com/s/files/1/1023/0068/0561/files/2b2445b49198e9c29c905083900c720d240f3ebf12b6515f2318dd777966da65.jpg?v=1789094380,2,"Personalized Teacher Welcome Door Mat with Name, Composition Notebook Style, Perfect Classroom Decor & Back to School Gift for Teachers (Composition Book)",,,,,,,,,,,,,,,,,,,,lb,,,
personalized-speckled-classroom-decor-door-mat-non-slip-backing,,,,,,,,,"Blank Doormat, No Custom",,,"36""x24"" (60x90 cm)",,,,,AMZ-RUG-B0H8DBJM17-3,0.0,,0,deny,manual,34.90,46.53,true,false,,,,,,https://cdn.shopify.com/s/files/1/1023/0068/0561/files/212c462a483e1a59442cec52fbe0488be644ea11f6784fe512497208613e9dc6.jpg?v=1789094380,3,"Personalized Teacher Welcome Door Mat with Name, Composition Notebook Style, Perfect Classroom Decor & Back to School Gift for Teachers (Composition Book)",,,,,,,,,,,,,,,,,,,,lb,,,
personalized-speckled-classroom-decor-door-mat-non-slip-backing,,,,,,,,,Customized Doormat,,,"24""x16"" (40x60 cm)",,,,,AMZ-RUG-B0H8DBJM17-4,0.0,,0,deny,manual,28.90,38.53,true,false,,,,,,https://cdn.shopify.com/s/files/1/1023/0068/0561/files/ac5d7e17c2c67f583f58e26ac61c6700a1b067a0be6a3b6ad577b61418f0115f.jpg?v=1789094380,4,"Personalized Teacher Welcome Door Mat with Name, Composition Notebook Style, Perfect Classroom Decor & Back to School Gift for Teachers (Composition Book)",,,,,,,,,,,,,,,,,,,,lb,,,
personalized-speckled-classroom-decor-door-mat-non-slip-backing,,,,,,,,,Customized Doormat,,,"32""x20"" (50x80 cm) - BEST SELLING",,,,,AMZ-RUG-B0H8DBJM17-5,0.0,,0,deny,manual,37.90,50.53,true,false,,,,,,https://cdn.shopify.com/s/files/1/1023/0068/0561/files/836828235f3a16b8152f559beadf43c28fd9f7ecb15216b84f2dbea975c0484d.jpg?v=1789094380,5,"Personalized Teacher Welcome Door Mat with Name, Composition Notebook Style, Perfect Classroom Decor & Back to School Gift for Teachers (Composition Book)",,,,,,,,,,,,,,,,,,,,lb,,,
personalized-speckled-classroom-decor-door-mat-non-slip-backing,,,,,,,,,Customized Doormat,,,"36""x24"" (60x90 cm)",,,,,AMZ-RUG-B0H8DBJM17-6,0.0,,0,deny,manual,41.90,55.87,true,false,,,,,,https://cdn.shopify.com/s/files/1/1023/0068/0561/files/56e7deb7eab17002cfc3f7fcac562488275fe566e5163996f5107d784b6a0d0f.jpg?v=1789094380,6,"Personalized Teacher Welcome Door Mat with Name, Composition Notebook Style, Perfect Classroom Decor & Back to School Gift for Teachers (Composition Book)",,,,,,,,,,,,,,,,,,,,lb,,,
personalized-flower-star-school-teacher-appreciation-playful-doormat,"Personalized Flower Star School, teacher appreciation, playful Doormat","<p>This personalized doormat offers a welcoming touch to any classroom, featuring a composition notebook style design that makes it a special addition. It is designed to be both functional and decorative, making it an ideal choice for educators looking to enhance their classroom entrance or interior space with a unique and inviting element.</p><h3>Product Highlights</h3><ul><li>Personalizable with a teacher's name for a unique touch.</li><li>Thoughtful gift for teachers for various occasions.</li><li>Soft non-woven fabric top and non-slip neoprene rubber backing.</li><li>Effectively dries wet feet and traps dirt.</li><li>Suitable for both indoor and outdoor settings.</li></ul><h3>Specifications</h3><table border=""1"" cellpadding=""6"" style=""border-collapse:collapse;width:100%""><tr><th align=""left"" width=""35%"">Attribute</th><th align=""left"">Value</th></tr><tr><td>Rug Form</td><td>Doormat</td></tr><tr><td>Item Shape</td><td>Rectangular</td></tr><tr><td>Weave Type</td><td>Machine Made</td></tr><tr><td>Pile Height</td><td>Low Pile</td></tr><tr><td>Construction Type</td><td>Machine Made</td></tr><tr><td>Indoor/Outdoor Usage</td><td>Both</td></tr><tr><td>Room Type</td><td>Classroom</td></tr><tr><td>Water Resistance</td><td>Water Resistant</td></tr><tr><td>Pattern</td><td>Composition Notebook Style</td></tr><tr><td>Theme</td><td>Classroom</td></tr><tr><td>Style</td><td>Modern</td></tr><tr><td>Number of Pieces</td><td>1</td></tr></table><h3>Material &amp; Care</h3><table border=""1"" cellpadding=""6"" style=""border-collapse:collapse;width:100%""><tr><th align=""left"" width=""35%"">Item</th><th align=""left"">Detail</th></tr><tr><td>Material Type</td><td>Polyester</td></tr><tr><td>Backing Material</td><td>High-quality Epoxy</td></tr><tr><td>Care Instructions</td><td>Avoid bleaching</td></tr><tr><td>Cleaning Method</td><td>Hose down or sponge clean with mild liquid soap</td></tr><tr><td>Drying</td><td>Air dry</td></tr></table><h3>Where It Works</h3><p>This doormat is perfect for classrooms, entryways, or RVs, providing a personalized and functional accent. Its durable design makes it suitable for areas that experience regular foot traffic, welcoming students and guests alike.</p>",CHILLGEN,Home & Garden > Lawn & Garden > Gardening > Composting > Compost,Rug,"amazon-parent-b0fgdcsg3y, classroom, doormat, home-decor, indoor-outdoor, modern, personalized, rectangular, rug",false,Choose Your Option,"Blank Doormat, No Custom",,Pick Up Size,"24""x16"" (40x60 cm)",,,,,AMZ-RUG-B0FGDGH6QR-1,0.0,,0,deny,manual,21.90,29.20,true,false,,,,,,https://cdn.shopify.com/s/files/1/1023/0068/0561/files/bc950b7b33a0da97f530c0f36483cd9bd148b6a0c02bb4c5d327766b4abda27b.jpg?v=1789094383,1,"Personalized Teacher Welcome Door Mat with Name, Composition Notebook Style, Perfect Classroom Decor & Back to School Gift for Teachers (Pink Composition Notebook)",false,,"This modern personalized doormat in a composition notebook style is perfect for classrooms, offering non-slip backing for safety.",690,,,,,,,,,,,B0FGDCSG3Y,,,,,lb,,,draft
personalized-flower-star-school-teacher-appreciation-playful-doormat,,,,,,,,,"Blank Doormat, No Custom",,,"32""x20"" (50x80 cm) - BEST SELLING",,,,,AMZ-RUG-B0FGDGH6QR-2,0.0,,0,deny,manual,30.90,41.20,true,false,,,,,,https://cdn.shopify.com/s/files/1/1023/0068/0561/files/9bb307a3d75b0f230f45d657e272259a7b9af878df797a4a450c0135276465ea.jpg?v=1789094383,2,"Personalized Teacher Welcome Door Mat with Name, Composition Notebook Style, Perfect Classroom Decor & Back to School Gift for Teachers (Pink Composition Notebook)",,,,,,,,,,,,,,,,,,,,lb,,,
personalized-flower-star-school-teacher-appreciation-playful-doormat,,,,,,,,,"Blank Doormat, No Custom",,,"36""x24"" (60x90 cm)",,,,,AMZ-RUG-B0FGDGH6QR-3,0.0,,0,deny,manual,34.90,46.53,true,false,,,,,,https://cdn.shopify.com/s/files/1/1023/0068/0561/files/dfedf22f54f93c36c8e9b9d78c788c87c4a890f14de47e02970547dea4a6e8b0.jpg?v=1789094383,3,"Personalized Teacher Welcome Door Mat with Name, Composition Notebook Style, Perfect Classroom Decor & Back to School Gift for Teachers (Pink Composition Notebook)",,,,,,,,,,,,,,,,,,,,lb,,,
personalized-flower-star-school-teacher-appreciation-playful-doormat,,,,,,,,,Customized Doormat,,,"24""x16"" (40x60 cm)",,,,,AMZ-RUG-B0FGDGH6QR-4,0.0,,0,deny,manual,28.90,38.53,true,false,,,,,,https://cdn.shopify.com/s/files/1/1023/0068/0561/files/b94bb4fe554068ffa8145a459594094e037f1025616f903ea6a2e77e37bce639.jpg?v=1789094383,4,"Personalized Teacher Welcome Door Mat with Name, Composition Notebook Style, Perfect Classroom Decor & Back to School Gift for Teachers (Pink Composition Notebook)",,,,,,,,,,,,,,,,,,,,lb,,,
personalized-flower-star-school-teacher-appreciation-playful-doormat,,,,,,,,,Customized Doormat,,,"32""x20"" (50x80 cm) - BEST SELLING",,,,,AMZ-RUG-B0FGDGH6QR-5,0.0,,0,deny,manual,37.90,50.53,true,false,,,,,,https://cdn.shopify.com/s/files/1/1023/0068/0561/files/dc1c23e38ab3f43d8e180dc110a0c7905b769565f3f13fc8582be7cc5c3fc42a.jpg?v=1789094383,5,"Personalized Teacher Welcome Door Mat with Name, Composition Notebook Style, Perfect Classroom Decor & Back to School Gift for Teachers (Pink Composition Notebook)",,,,,,,,,,,,,,,,,,,,lb,,,
personalized-flower-star-school-teacher-appreciation-playful-doormat,,,,,,,,,Customized Doormat,,,"36""x24"" (60x90 cm)",,,,,AMZ-RUG-B0FGDGH6QR-6,0.0,,0,deny,manual,41.90,55.87,true,false,,,,,,https://cdn.shopify.com/s/files/1/1023/0068/0561/files/734c6670a99220fdf573d623844679fbc028033bee93e140b9b47d5bed98ac19.jpg?v=1789094383,6,"Personalized Teacher Welcome Door Mat with Name, Composition Notebook Style, Perfect Classroom Decor & Back to School Gift for Teachers (Pink Composition Notebook)",,,,,,,,,,,,,,,,,,,,lb,,,
personalized-diverse-hands-welcome-door-mat-non-slip-backing,"Personalized Diverse Hands Welcome Door Mat, Non-Slip Backing","<p>This personalized doormat offers a welcoming touch to any classroom. Featuring a composition notebook style, it is designed to be a special addition to a teacher's learning space. It serves as an ideal piece for decorating a classroom entrance or as a thoughtful gift.</p><h3>Product Highlights</h3><ul><li>Personalizable with a teacher's name</li><li>Thoughtful gift for various occasions</li><li>Soft and durable non-woven fabric top</li><li>Non-slip neoprene rubber backing</li><li>Traps dirt, dust, and grime effectively</li><li>Suitable for both indoor and outdoor use</li></ul><h3>Specifications</h3><table border=""1"" cellpadding=""6"" style=""border-collapse:collapse;width:100%""><tr><th align=""left"" width=""35%"">Attribute</th><th align=""left"">Value</th></tr><tr><td>Rug Form</td><td>Doormat</td></tr><tr><td>Item Shape</td><td>Rectangular</td></tr><tr><td>Weave Type</td><td>Machine Made</td></tr><tr><td>Pile Height</td><td>Low Pile</td></tr><tr><td>Construction Type</td><td>Machine Made</td></tr><tr><td>Indoor/Outdoor Usage</td><td>Both</td></tr><tr><td>Room Type</td><td>Classroom</td></tr><tr><td>Water Resistance Level</td><td>Water Resistant</td></tr><tr><td>Pattern</td><td>Composition Notebook Style</td></tr><tr><td>Style Name</td><td>Modern</td></tr><tr><td>Number of Pieces</td><td>1</td></tr></table><h3>Material &amp; Care</h3><table border=""1"" cellpadding=""6"" style=""border-collapse:collapse;width:100%""><tr><th align=""left"" width=""35%"">Item</th><th align=""left"">Detail</th></tr><tr><td>Material Type</td><td>Polyester</td></tr><tr><td>Back Material Type</td><td>High-quality Epoxy</td></tr><tr><td>Care Instructions</td><td>Avoid bleaching</td></tr><tr><td>Cleaning Method</td><td>Hose down or sponge clean with mild liquid soap</td></tr><tr><td>Drying</td><td>Air dry</td></tr></table><h3>Where It Works</h3><p>This doormat is suitable for classrooms, entryways, and RVs, making it a versatile option for various settings. It is designed to add a welcoming and personalized element to these spaces.</p>",CHILLGEN,Services > Building & Construction Services > Outdoor Construction,Rug,"amazon-parent-b0fgdcsg3y, classroom, doormat, home-decor, low-pile, modern, personalized, rectangular, rug",false,Choose Your Option,"Blank Doormat, No Custom",,Pick Up Size,"24""x16"" (40x60 cm)",,,,,AMZ-RUG-B0FGDGJ9MY-1,0.0,,0,deny,manual,21.90,29.20,true,false,,,,,,https://cdn.shopify.com/s/files/1/1023/0068/0561/files/12a24a7c0ffaba1fcb66cd9fcc65e99f578751c652ff43b9ee1b674ca581a99c.jpg?v=1789094429,1,"Personalized Teacher Welcome Door Mat with Name, Composition Notebook Style, Perfect Classroom Decor & Back to School Gift for Teachers (Everyone is Welcome)",false,,"This modern, personalized doormat is made from polyester with a non-slip backing, ideal for any classroom or entryway.",,,,,,,,,,,,B0FGDCSG3Y,,,,,lb,,,draft
personalized-diverse-hands-welcome-door-mat-non-slip-backing,,,,,,,,,"Blank Doormat, No Custom",,,"32""x20"" (50x80 cm) - BEST SELLING",,,,,AMZ-RUG-B0FGDGJ9MY-2,0.0,,0,deny,manual,30.90,41.20,true,false,,,,,,https://cdn.shopify.com/s/files/1/1023/0068/0561/files/e6ad35317739851abf4a91fd2f59a59e641a3aa079e8797af64ab794685378c4.jpg?v=1789094429,2,"Personalized Teacher Welcome Door Mat with Name, Composition Notebook Style, Perfect Classroom Decor & Back to School Gift for Teachers (Everyone is Welcome)",,,,,,,,,,,,,,,,,,,,lb,,,
personalized-diverse-hands-welcome-door-mat-non-slip-backing,,,,,,,,,"Blank Doormat, No Custom",,,"36""x24"" (60x90 cm)",,,,,AMZ-RUG-B0FGDGJ9MY-3,0.0,,0,deny,manual,34.90,46.53,true,false,,,,,,https://cdn.shopify.com/s/files/1/1023/0068/0561/files/fb5ee4ac7a7c5d2e09b92ab91c64e46e8d064b2f1a536f4316e8772ecbee83d1.jpg?v=1789094429,3,"Personalized Teacher Welcome Door Mat with Name, Composition Notebook Style, Perfect Classroom Decor & Back to School Gift for Teachers (Everyone is Welcome)",,,,,,,,,,,,,,,,,,,,lb,,,
personalized-diverse-hands-welcome-door-mat-non-slip-backing,,,,,,,,,Customized Doormat,,,"24""x16"" (40x60 cm)",,,,,AMZ-RUG-B0FGDGJ9MY-4,0.0,,0,deny,manual,28.90,38.53,true,false,,,,,,https://cdn.shopify.com/s/files/1/1023/0068/0561/files/5492f742cd17706920421983a5c36d13682f5198c5ece43c7f61f3642ce557dd.jpg?v=1789094429,4,"Personalized Teacher Welcome Door Mat with Name, Composition Notebook Style, Perfect Classroom Decor & Back to School Gift for Teachers (Everyone is Welcome)",,,,,,,,,,,,,,,,,,,,lb,,,
personalized-diverse-hands-welcome-door-mat-non-slip-backing,,,,,,,,,Customized Doormat,,,"32""x20"" (50x80 cm) - BEST SELLING",,,,,AMZ-RUG-B0FGDGJ9MY-5,0.0,,0,deny,manual,37.90,50.53,true,false,,,,,,https://cdn.shopify.com/s/files/1/1023/0068/0561/files/ec791d03544208a61fbe11cdec7e4a1245722d9f74c785be2a67a91e18dddea3.jpg?v=1789094429,5,"Personalized Teacher Welcome Door Mat with Name, Composition Notebook Style, Perfect Classroom Decor & Back to School Gift for Teachers (Everyone is Welcome)",,,,,,,,,,,,,,,,,,,,lb,,,
personalized-diverse-hands-welcome-door-mat-non-slip-backing,,,,,,,,,Customized Doormat,,,"36""x24"" (60x90 cm)",,,,,AMZ-RUG-B0FGDGJ9MY-6,0.0,,0,deny,manual,41.90,55.87,true,false,,,,,,https://cdn.shopify.com/s/files/1/1023/0068/0561/files/7702dcbb4daac1bfeef71642b7f6524ff703b74dfe2cb40021a37cf388a34ea4.jpg?v=1789094429,6,"Personalized Teacher Welcome Door Mat with Name, Composition Notebook Style, Perfect Classroom Decor & Back to School Gift for Teachers (Everyone is Welcome)",,,,,,,,,,,,,,,,,,,,lb,,,
personalized-in-this-classroom-doormat-non-slip-backing-design-03,"Personalized In This Classroom Doormat, Non-Slip Backing - Design 03","<p>This personalized doormat offers a warm and cheerful welcome, designed specifically for classrooms. Featuring a unique Composition Notebook style, it adds a special, friendly touch to any learning environment. Ideal for welcoming students or as a thoughtful gift for educators.</p><h3>Product Highlights</h3><ul><li>Personalize with a teacher's name for a unique touch.</li><li>Made from soft, durable non-woven fabric with a non-slip backing.</li><li>Effectively traps dirt, dust, and grime to keep floors clean.</li><li>Heat-resistant material ensures long-lasting use.</li><li>Versatile for both indoor and outdoor settings.</li><li>Easy to clean and maintain with simple washing instructions.</li></ul><h3>Specifications</h3><table border=""1"" cellpadding=""6"" style=""border-collapse:collapse;width:100%""><tr><th align=""left"" width=""35%"">Attribute</th><th align=""left"">Value</th></tr><tr><td>Rug Form</td><td>Doormat</td></tr><tr><td>Item Shape</td><td>Rectangular</td></tr><tr><td>Weave Type</td><td>Machine Made</td></tr><tr><td>Pile Height</td><td>Low Pile</td></tr><tr><td>Construction Type</td><td>Machine Made</td></tr><tr><td>Indoor/Outdoor Usage</td><td>Both</td></tr><tr><td>Room Type</td><td>Classroom</td></tr><tr><td>Water Resistance</td><td>Water Resistant</td></tr><tr><td>Pattern</td><td>Composition Notebook Style</td></tr><tr><td>Theme</td><td>Classroom</td></tr><tr><td>Style</td><td>Modern</td></tr><tr><td>Number of Pieces</td><td>1</td></tr><tr><td>Personalization</td><td>Text Input</td></tr></table><h3>Material &amp; Care</h3><table border=""1"" cellpadding=""6"" style=""border-collapse:collapse;width=100%""><tr><th align=""left"" width=""35%"">Item</th><th align=""left"">Detail</th></tr><tr><td>Material Type</td><td>Polyester</td></tr><tr><td>Backing Material</td><td>High-quality Epoxy</td></tr><tr><td>Surface/Feel</td><td>Soft non-woven fabric top</td></tr><tr><td>Care Instructions</td><td>Washable; hose down or sponge clean with mild liquid soap. Avoid bleaching and air dry.</td></tr></table><h3>Where It Works</h3><p>This personalized doormat is perfect for classrooms, entryways, and RVs, creating a welcoming atmosphere for students and guests. Its durable design is suitable for various indoor and outdoor spaces where a cheerful and functional accent is desired.</p>",CHILLGEN,Services > Building & Construction Services > Outdoor Construction,Rug,"amazon-parent-b0fgdcsg3y, classroom, doormat, home-decor, modern, personalized, rectangular, rug, teacher",false,Choose Your Option,"Blank Doormat, No Custom",,Pick Up Size,"24""x16"" (40x60 cm)",,,,,AMZ-RUG-B0FGDBKNTZ-1,0.0,,0,deny,manual,21.90,29.20,true,false,,,,,,https://cdn.shopify.com/s/files/1/1023/0068/0561/files/d76a7fb668e46d8d1d1ce7aefa2f1fe83f8d69dd74a6bd5b757c4af445695616.jpg?v=1789094431,1,"Personalized Teacher Welcome Door Mat with Name, Composition Notebook Style, Perfect Classroom Decor & Back to School Gift for Teachers (in This Classroom #3)",false,,This modern personalized doormat in a Composition Notebook style with non-slip backing is perfect for classrooms.,,,,,,,,,,,,B0FGDCSG3Y,,,,,lb,,,draft
personalized-in-this-classroom-doormat-non-slip-backing-design-03,,,,,,,,,"Blank Doormat, No Custom",,,"32""x20"" (50x80 cm) - BEST SELLING",,,,,AMZ-RUG-B0FGDBKNTZ-2,0.0,,0,deny,manual,30.90,41.20,true,false,,,,,,https://cdn.shopify.com/s/files/1/1023/0068/0561/files/234a222114db2381eecedb9eed8f743243bd69af5cac4041928cf3dc336644c2.jpg?v=1789094431,2,"Personalized Teacher Welcome Door Mat with Name, Composition Notebook Style, Perfect Classroom Decor & Back to School Gift for Teachers (in This Classroom #3)",,,,,,,,,,,,,,,,,,,,lb,,,
personalized-in-this-classroom-doormat-non-slip-backing-design-03,,,,,,,,,"Blank Doormat, No Custom",,,"36""x24"" (60x90 cm)",,,,,AMZ-RUG-B0FGDBKNTZ-3,0.0,,0,deny,manual,34.90,46.53,true,false,,,,,,https://cdn.shopify.com/s/files/1/1023/0068/0561/files/ec17236a138f6c703e74adace6b7431900136101ce6194263acdfc629c5af1b1.jpg?v=1789094430,3,"Personalized Teacher Welcome Door Mat with Name, Composition Notebook Style, Perfect Classroom Decor & Back to School Gift for Teachers (in This Classroom #3)",,,,,,,,,,,,,,,,,,,,lb,,,
personalized-in-this-classroom-doormat-non-slip-backing-design-03,,,,,,,,,Customized Doormat,,,"24""x16"" (40x60 cm)",,,,,AMZ-RUG-B0FGDBKNTZ-4,0.0,,0,deny,manual,28.90,38.53,true,false,,,,,,https://cdn.shopify.com/s/files/1/1023/0068/0561/files/04ae7718250571aa280c309df5098b1dc4eafcdb134dc92fdbe511e0d9b57caa.jpg?v=1789094431,4,"Personalized Teacher Welcome Door Mat with Name, Composition Notebook Style, Perfect Classroom Decor & Back to School Gift for Teachers (in This Classroom #3)",,,,,,,,,,,,,,,,,,,,lb,,,
personalized-in-this-classroom-doormat-non-slip-backing-design-03,,,,,,,,,Customized Doormat,,,"32""x20"" (50x80 cm) - BEST SELLING",,,,,AMZ-RUG-B0FGDBKNTZ-5,0.0,,0,deny,manual,37.90,50.53,true,false,,,,,,https://cdn.shopify.com/s/files/1/1023/0068/0561/files/609c8d8f04bb2fc44f53413619f18ce5e8f3de10149a0abb91f7a1f593f48066.jpg?v=1789094431,5,"Personalized Teacher Welcome Door Mat with Name, Composition Notebook Style, Perfect Classroom Decor & Back to School Gift for Teachers (in This Classroom #3)",,,,,,,,,,,,,,,,,,,,lb,,,
personalized-in-this-classroom-doormat-non-slip-backing-design-03,,,,,,,,,Customized Doormat,,,"36""x24"" (60x90 cm)",,,,,AMZ-RUG-B0FGDBKNTZ-6,0.0,,0,deny,manual,41.90,55.87,true,false,,,,,,https://cdn.shopify.com/s/files/1/1023/0068/0561/files/8c644799eba05afb30e6725eb8a84a80d9ffa9a782b8fdd932403dcf9ec4100c.jpg?v=1789094431,6,"Personalized Teacher Welcome Door Mat with Name, Composition Notebook Style, Perfect Classroom Decor & Back to School Gift for Teachers (in This Classroom #3)",,,,,,,,,,,,,,,,,,,,lb,,,
personalized-rainbow-hearts-classroom-doormat-non-slip-backing,"Personalized Rainbow Hearts Classroom Doormat, Non-Slip Backing","<p>This personalized doormat is designed to welcome students with a warm and inviting entrance. Featuring a composition notebook style, it offers a special touch for any classroom. It serves as a decorative and functional item, perfect for creating a friendly atmosphere in educational spaces.</p><h3>Product Highlights</h3><ul><li>Personalize with a teacher's name for a unique touch.</li><li>Made with a soft and durable non-woven fabric top.</li><li>Neoprene rubber backing provides non-slip functionality.</li><li>Effectively traps dirt, dust, and grime to keep floors clean.</li><li>Suitable for both indoor and outdoor classroom use.</li></ul><h3>Specifications</h3><table border=""1"" cellpadding=""6"" style=""border-collapse:collapse;width:100%""><tr><th align=""left"" width=""35%"">Attribute</th><th align=""left"">Value</th></tr><tr><td>Rug Form</td><td>Doormat</td></tr><tr><td>Item Shape</td><td>Rectangular</td></tr><tr><td>Weave Type</td><td>Machine Made</td></tr><tr><td>Pile Height</td><td>Low Pile</td></tr><tr><td>Construction Type</td><td>Machine Made</td></tr><tr><td>Indoor/Outdoor Usage</td><td>Both</td></tr><tr><td>Water Resistance</td><td>Water Resistant</td></tr><tr><td>Pattern</td><td>Composition Notebook Style</td></tr><tr><td>Theme</td><td>Classroom</td></tr><tr><td>Style</td><td>Modern</td></tr><tr><td>Number of Pieces</td><td>1</td></tr><tr><td>Personalization</td><td>1 text input</td></tr></table><h3>Material &amp; Care</h3><table border=""1"" cellpadding=""6"" style=""border-collapse:collapse;width:100%""><tr><th align=""left"" width=""35%"">Item</th><th align=""left"">Detail</th></tr><tr><td>Material Type</td><td>Polyester</td></tr><tr><td>Backing Material</td><td>High-quality Epoxy</td></tr><tr><td>Care Instructions</td><td>Hose down or sponge clean with mild liquid soap; avoid bleaching; air dry</td></tr></table><h3>Where It Works</h3><p>This doormat is ideal for classrooms, entryways, and RVs, offering a welcoming touch to any educational or personal space. Its versatile design makes it suitable for both indoor and outdoor settings.</p>",CHILLGEN,Services > Building & Construction Services > Outdoor Construction,Rug,"amazon-parent-b0fgdcsg3y, classroom, doormat, home-decor, modern, personalized, rectangular, rug, teacher",false,Choose Your Option,"Blank Doormat, No Custom",,Pick Up Size,"24""x16"" (40x60 cm)",,,,,AMZ-RUG-B0FGDC5S3T-1,0.0,,0,deny,manual,21.90,29.20,true,false,,,,,,https://cdn.shopify.com/s/files/1/1023/0068/0561/files/9a07fae58a117fa29c8c15ded2863ad5f48c2728c0015d7feab47947b7118f99.jpg?v=1789094431,1,"Personalized Teacher Welcome Door Mat with Name, Composition Notebook Style, Perfect Classroom Decor & Back to School Gift for Teachers (Affirmation #1)",false,,"Modern composition notebook style doormat with non-slip backing, perfect for personalized classroom entrances.",,,,,,,,,,,,B0FGDCSG3Y,,,,,lb,,,draft
personalized-rainbow-hearts-classroom-doormat-non-slip-backing,,,,,,,,,"Blank Doormat, No Custom",,,"32""x20"" (50x80 cm) - BEST SELLING",,,,,AMZ-RUG-B0FGDC5S3T-2,0.0,,0,deny,manual,30.90,41.20,true,false,,,,,,https://cdn.shopify.com/s/files/1/1023/0068/0561/files/c838d5c4d8ad0cc53e106b436c658cbe9dfe90cdbfec0113a3ed2f389b8e2061.jpg?v=1789094431,2,"Personalized Teacher Welcome Door Mat with Name, Composition Notebook Style, Perfect Classroom Decor & Back to School Gift for Teachers (Affirmation #1)",,,,,,,,,,,,,,,,,,,,lb,,,
personalized-rainbow-hearts-classroom-doormat-non-slip-backing,,,,,,,,,"Blank Doormat, No Custom",,,"36""x24"" (60x90 cm)",,,,,AMZ-RUG-B0FGDC5S3T-3,0.0,,0,deny,manual,34.90,46.53,true,false,,,,,,https://cdn.shopify.com/s/files/1/1023/0068/0561/files/ca82be20ba63f1d6ebe1f2a36d6a402324136514dea968255b6387a4f35adb27.jpg?v=1789094431,3,"Personalized Teacher Welcome Door Mat with Name, Composition Notebook Style, Perfect Classroom Decor & Back to School Gift for Teachers (Affirmation #1)",,,,,,,,,,,,,,,,,,,,lb,,,
personalized-rainbow-hearts-classroom-doormat-non-slip-backing,,,,,,,,,Customized Doormat,,,"24""x16"" (40x60 cm)",,,,,AMZ-RUG-B0FGDC5S3T-4,0.0,,0,deny,manual,28.90,38.53,true,false,,,,,,https://cdn.shopify.com/s/files/1/1023/0068/0561/files/72b288f87043bfccfe0cf421990d907411ab84189ca348a6e75298424f2d6420.jpg?v=1789094431,4,"Personalized Teacher Welcome Door Mat with Name, Composition Notebook Style, Perfect Classroom Decor & Back to School Gift for Teachers (Affirmation #1)",,,,,,,,,,,,,,,,,,,,lb,,,
personalized-rainbow-hearts-classroom-doormat-non-slip-backing,,,,,,,,,Customized Doormat,,,"32""x20"" (50x80 cm) - BEST SELLING",,,,,AMZ-RUG-B0FGDC5S3T-5,0.0,,0,deny,manual,37.90,50.53,true,false,,,,,,https://cdn.shopify.com/s/files/1/1023/0068/0561/files/e5e08a71640cf9def8f044738dc4474974e8851177d56a19e4c848902829c46f.jpg?v=1789094431,5,"Personalized Teacher Welcome Door Mat with Name, Composition Notebook Style, Perfect Classroom Decor & Back to School Gift for Teachers (Affirmation #1)",,,,,,,,,,,,,,,,,,,,lb,,,
personalized-rainbow-hearts-classroom-doormat-non-slip-backing,,,,,,,,,Customized Doormat,,,"36""x24"" (60x90 cm)",,,,,AMZ-RUG-B0FGDC5S3T-6,0.0,,0,deny,manual,41.90,55.87,true,false,,,,,,https://cdn.shopify.com/s/files/1/1023/0068/0561/files/72cb1e085a6ba9012a142b093b220f21d34d7afa97fd546693547f7d17525747.jpg?v=1789094431,6,"Personalized Teacher Welcome Door Mat with Name, Composition Notebook Style, Perfect Classroom Decor & Back to School Gift for Teachers (Affirmation #1)",,,,,,,,,,,,,,,,,,,,lb,,,
personalized-classroom-inspirational-crayons-doormat-non-slip-backing,"Personalized Classroom Inspirational Crayons Doormat, Non-Slip Backing","<p>This personalized doormat offers a warm welcome to any classroom with its unique design. Featuring a Composition Notebook style, it can be customized with a teacher's name to create a special and inviting atmosphere. It is designed for daily use, effectively trapping dirt and moisture to keep floors clean.</p><h3>Product Highlights</h3><ul><li>Personalizable with a teacher's name</li><li>Soft and durable non-woven fabric top</li><li>Non-slip neoprene rubber backing</li><li>Traps dirt, dust, and grime</li><li>Suitable for indoor and outdoor use</li></ul><h3>Specifications</h3><table border=""1"" cellpadding=""6"" style=""border-collapse:collapse;width:100%""><tr><th align=""left"" width=""35%"">Attribute</th><th align=""left"">Value</th></tr><tr><td>Rug Form</td><td>Doormat</td></tr><tr><td>Item Shape</td><td>Rectangular</td></tr><tr><td>Weave Type</td><td>Machine Made</td></tr><tr><td>Pile Height</td><td>Low Pile</td></tr><tr><td>Construction Type</td><td>Machine Made</td></tr><tr><td>Indoor/Outdoor Usage</td><td>Both</td></tr><tr><td>Water Resistance</td><td>Water Resistant</td></tr><tr><td>Pattern</td><td>Composition Notebook Style</td></tr><tr><td>Style</td><td>Modern</td></tr><tr><td>Number of Pieces</td><td>1</td></tr></table><h3>Material &amp; Care</h3><table border=""1"" cellpadding=""6"" style=""border-collapse:collapse;width:100%""><tr><th align=""left"" width=""35%"">Item</th><th align=""left"">Detail</th></tr><tr><td>Material Type</td><td>Polyester</td></tr><tr><td>Backing Material</td><td>High-quality Epoxy</td></tr><tr><td>Care Instructions</td><td>Washable; hose down or sponge clean with mild liquid soap. Avoid bleaching.</td></tr><tr><td>Drying</td><td>Air dry</td></tr></table><h3>Where It Works</h3><p>This doormat is ideal for classrooms, entryways, and RVs, offering a versatile addition to various spaces. Its design makes it suitable for creating a welcoming environment for students and guests.</p>",CHILLGEN,Services > Building & Construction Services > Outdoor Construction,Rug,"amazon-parent-b0fgdcsg3y, classroom, doormat, home-decor, low-pile, modern, personalized, rectangular, rug",false,Choose Your Option,"Blank Doormat, No Custom",,Pick Up Size,"24""x16"" (40x60 cm)",,,,,AMZ-RUG-B0FGD9V4QF-1,0.0,,0,deny,manual,21.90,29.20,true,false,,,,,,https://cdn.shopify.com/s/files/1/1023/0068/0561/files/f4342ea9b1031e6c560d2c9d4a5d9bee33c2b25f15fa3dabb95cad24915f61a8.jpg?v=1789094478,1,"Personalized Teacher Welcome Door Mat with Name, Composition Notebook Style, Perfect Classroom Decor & Back to School Gift for Teachers (in This Classroom #2)",false,,"Modern Composition Notebook style doormat made of polyester, ideal for personalized classroom decor, featuring a non-slip backing.",,,,,,,,,,,,B0FGDCSG3Y,,,,,lb,,,draft
personalized-classroom-inspirational-crayons-doormat-non-slip-backing,,,,,,,,,"Blank Doormat, No Custom",,,"32""x20"" (50x80 cm) - BEST SELLING",,,,,AMZ-RUG-B0FGD9V4QF-2,0.0,,0,deny,manual,30.90,41.20,true,false,,,,,,https://cdn.shopify.com/s/files/1/1023/0068/0561/files/16f52d974efa1355cdc5924d8d6676fb55ca7f7e0341c5dbdbb17ace87c3ab33.jpg?v=1789094478,2,"Personalized Teacher Welcome Door Mat with Name, Composition Notebook Style, Perfect Classroom Decor & Back to School Gift for Teachers (in This Classroom #2)",,,,,,,,,,,,,,,,,,,,lb,,,
personalized-classroom-inspirational-crayons-doormat-non-slip-backing,,,,,,,,,"Blank Doormat, No Custom",,,"36""x24"" (60x90 cm)",,,,,AMZ-RUG-B0FGD9V4QF-3,0.0,,0,deny,manual,34.90,46.53,true,false,,,,,,https://cdn.shopify.com/s/files/1/1023/0068/0561/files/f431c32f6321a80776eb8a4a3056a0df5f1a76987713a9c4cd95a9e29331ff3d.jpg?v=1789094478,3,"Personalized Teacher Welcome Door Mat with Name, Composition Notebook Style, Perfect Classroom Decor & Back to School Gift for Teachers (in This Classroom #2)",,,,,,,,,,,,,,,,,,,,lb,,,
personalized-classroom-inspirational-crayons-doormat-non-slip-backing,,,,,,,,,Customized Doormat,,,"24""x16"" (40x60 cm)",,,,,AMZ-RUG-B0FGD9V4QF-4,0.0,,0,deny,manual,28.90,38.53,true,false,,,,,,https://cdn.shopify.com/s/files/1/1023/0068/0561/files/fbe88d18f5b5a349210a50f3f9828242b1c1027f9d050c99df049c1325ff47c9.jpg?v=1789094478,4,"Personalized Teacher Welcome Door Mat with Name, Composition Notebook Style, Perfect Classroom Decor & Back to School Gift for Teachers (in This Classroom #2)",,,,,,,,,,,,,,,,,,,,lb,,,
personalized-classroom-inspirational-crayons-doormat-non-slip-backing,,,,,,,,,Customized Doormat,,,"32""x20"" (50x80 cm) - BEST SELLING",,,,,AMZ-RUG-B0FGD9V4QF-5,0.0,,0,deny,manual,37.90,50.53,true,false,,,,,,https://cdn.shopify.com/s/files/1/1023/0068/0561/files/794b0afeb3b10dc3d6cc0fc50f9a151a4569d17b42963e6650961f00e31852c3.jpg?v=1789094478,5,"Personalized Teacher Welcome Door Mat with Name, Composition Notebook Style, Perfect Classroom Decor & Back to School Gift for Teachers (in This Classroom #2)",,,,,,,,,,,,,,,,,,,,lb,,,
personalized-classroom-inspirational-crayons-doormat-non-slip-backing,,,,,,,,,Customized Doormat,,,"36""x24"" (60x90 cm)",,,,,AMZ-RUG-B0FGD9V4QF-6,0.0,,0,deny,manual,41.90,55.87,true,false,,,,,,https://cdn.shopify.com/s/files/1/1023/0068/0561/files/c580e1987bba7064f670659aca06aacadf317395d2b3d98d2cc19527ba730ec7.jpg?v=1789094478,6,"Personalized Teacher Welcome Door Mat with Name, Composition Notebook Style, Perfect Classroom Decor & Back to School Gift for Teachers (in This Classroom #2)",,,,,,,,,,,,,,,,,,,,lb,,,
personalized-composition-book-style-door-mat-non-slip,"Personalized Composition Book Style Door Mat, Non-Slip","<p>This personalized doormat offers a welcoming touch for any classroom, featuring a unique composition notebook style. Designed for both visual appeal and daily function, it serves as an inviting accent piece while helping to maintain cleanliness. Ideal for educators, this doormat combines a distinctive design with practical features for a high-traffic environment.</p><h3>Product Highlights</h3><ul><li>Personalize with a teacher’s name for a unique touch.</li><li>Thoughtful gift for various occasions, including back-to-school.</li><li>Soft and durable non-woven fabric top ensures comfort.</li><li>Neoprene rubber backing provides non-slip functionality.</li><li>Effectively traps dirt, dust, and grime to keep floors clean.</li><li>Suitable for both indoor and outdoor classroom use.</li></ul><h3>Specifications</h3><table border=""1"" cellpadding=""6"" style=""border-collapse:collapse;width:100%""><tr><th align=""left"" width=""35%"">Attribute</th><th align=""left"">Value</th></tr><tr><td>Rug Form</td><td>Doormat</td></tr><tr><td>Item Shape</td><td>Rectangular</td></tr><tr><td>Weave Type</td><td>Machine Made</td></tr><tr><td>Pile Height</td><td>Low Pile</td></tr><tr><td>Construction Type</td><td>Machine Made</td></tr><tr><td>Indoor/Outdoor Usage</td><td>Both</td></tr><tr><td>Water Resistance</td><td>Water Resistant</td></tr><tr><td>Pattern</td><td>Composition Notebook Style</td></tr><tr><td>Theme</td><td>Composition Notebook Style</td></tr><tr><td>Style</td><td>Modern</td></tr><tr><td>Number of Pieces</td><td>1</td></tr></table><h3>Material &amp; Care</h3><table border=""1"" cellpadding=""6"" style=""border-collapse:collapse;width:100%""><tr><th align=""left"" width=""35%"">Item</th><th align=""left"">Detail</th></tr><tr><td>Material Type</td><td>Polyester</td></tr><tr><td>Backing Material</td><td>High-quality Epoxy</td></tr><tr><td>Care Instructions</td><td>Hose down or sponge clean with mild liquid soap; avoid bleaching; air dry</td></tr><tr><td>Cleaning Method</td><td>Hose down or sponge clean</td></tr></table><h3>Where It Works</h3><p>This versatile doormat is perfect for classrooms, entryways, and even RVs, providing a personalized and functional accent. Its durable construction makes it suitable for both indoor and outdoor settings, welcoming students and guests alike.</p>",CHILLGEN,Services > Building & Construction Services > Outdoor Construction,Rug,"amazon-parent-b0fgdcsg3y, back-to-school, classroom, doormat, home-decor, modern, personalized, rectangular, rug",false,Choose Your Option,"Blank Doormat, No Custom",,Pick Up Size,"24""x16"" (40x60 cm)",,,,,AMZ-RUG-B0H8D6J8F2-1,0.0,,0,deny,manual,21.90,29.20,true,false,,,,,,https://cdn.shopify.com/s/files/1/1023/0068/0561/files/1cb42956a90cc1c3cc80f41ba6700889dae2b0de8f36bf6012c17cc74b19cea9.jpg?v=1789094479,1,"Personalized Teacher Welcome Door Mat with Name, Composition Notebook Style, Perfect Classroom Decor & Back to School Gift for Teachers (Composition Book Let's Learn)",false,,"Modern composition notebook style doormat with non-slip backing, personalized for classrooms or entryways, made of polyester.",,,,,,,,,,,,B0FGDCSG3Y,,,,,lb,,,draft
personalized-composition-book-style-door-mat-non-slip,,,,,,,,,"Blank Doormat, No Custom",,,"32""x20"" (50x80 cm) - BEST SELLING",,,,,AMZ-RUG-B0H8D6J8F2-2,0.0,,0,deny,manual,30.90,41.20,true,false,,,,,,https://cdn.shopify.com/s/files/1/1023/0068/0561/files/14918e4158701b85f6845893059f9a6275a597f6cd1168929e3176290a1097e8.jpg?v=1789094479,2,"Personalized Teacher Welcome Door Mat with Name, Composition Notebook Style, Perfect Classroom Decor & Back to School Gift for Teachers (Composition Book Let's Learn)",,,,,,,,,,,,,,,,,,,,lb,,,
personalized-composition-book-style-door-mat-non-slip,,,,,,,,,"Blank Doormat, No Custom",,,"36""x24"" (60x90 cm)",,,,,AMZ-RUG-B0H8D6J8F2-3,0.0,,0,deny,manual,34.90,46.53,true,false,,,,,,https://cdn.shopify.com/s/files/1/1023/0068/0561/files/100566e2d2ecff52266a7d0794b39e58cb4fd4b1fa4c4675b1949ce314a358d8.jpg?v=1789094479,3,"Personalized Teacher Welcome Door Mat with Name, Composition Notebook Style, Perfect Classroom Decor & Back to School Gift for Teachers (Composition Book Let's Learn)",,,,,,,,,,,,,,,,,,,,lb,,,
personalized-composition-book-style-door-mat-non-slip,,,,,,,,,Customized Doormat,,,"24""x16"" (40x60 cm)",,,,,AMZ-RUG-B0H8D6J8F2-4,0.0,,0,deny,manual,28.90,38.53,true,false,,,,,,https://cdn.shopify.com/s/files/1/1023/0068/0561/files/14ab9849d47ae465620759afd92502a0d6800bcd5b32194ec4d70d6bde5c2fc2.jpg?v=1789094479,4,"Personalized Teacher Welcome Door Mat with Name, Composition Notebook Style, Perfect Classroom Decor & Back to School Gift for Teachers (Composition Book Let's Learn)",,,,,,,,,,,,,,,,,,,,lb,,,
personalized-composition-book-style-door-mat-non-slip,,,,,,,,,Customized Doormat,,,"32""x20"" (50x80 cm) - BEST SELLING",,,,,AMZ-RUG-B0H8D6J8F2-5,0.0,,0,deny,manual,37.90,50.53,true,false,,,,,,https://cdn.shopify.com/s/files/1/1023/0068/0561/files/dcc9b6cb2f3a75a0b8866c993cfb205ede1ea3659f4b4d2399af5265b90a6ca8.jpg?v=1789094479,5,"Personalized Teacher Welcome Door Mat with Name, Composition Notebook Style, Perfect Classroom Decor & Back to School Gift for Teachers (Composition Book Let's Learn)",,,,,,,,,,,,,,,,,,,,lb,,,
personalized-composition-book-style-door-mat-non-slip,,,,,,,,,Customized Doormat,,,"36""x24"" (60x90 cm)",,,,,AMZ-RUG-B0H8D6J8F2-6,0.0,,0,deny,manual,41.90,55.87,true,false,,,,,,https://cdn.shopify.com/s/files/1/1023/0068/0561/files/0613a2171326574411ee1b9afca4effae6d6be7f06b0512b099a793451521d2f.jpg?v=1789094479,6,"Personalized Teacher Welcome Door Mat with Name, Composition Notebook Style, Perfect Classroom Decor & Back to School Gift for Teachers (Composition Book Let's Learn)",,,,,,,,,,,,,,,,,,,,lb,,,
personalized-good-day-to-do-math-typography-door-mat-non-slip-backing,"Personalized Good Day To Do Math typography Door Mat, Non-Slip Backing","<p>🖊️ PERSONALIZED CLASSROOM DOORMAT: Make your classroom feel extra special by personalizing this doormat with the teacher’s name. Click “CUSTOMIZE” to enter your details and place your order!, 🎁 PERFECT BACK-TO-SCHOOL GIFT: A thoughtful and unique gift for teachers, ideal for welcoming students back to school, celebrating the first day, birthdays, Christmas, or Thanksgiving. Customizable with the teacher’s name., 🌟 HIGH-QUALITY MATERIAL: Soft and durable non-woven fabric top that’s heat-resistant, with a neoprene rubber non-slip backing. Effectively dries wet feet, and traps dirt, dust, and grime to keep your floors clean., 📏 IDEAL FOR CLASSROOM: Available in four sizes: 16x24 inches, 18x30 inches, 19x32 inches, and 24x36 inches. Perfect for both indoor and outdoor use, making it a versatile addition to classrooms, entryways, and RVs., 🧼 EASY TO MAINTAIN: The doormat is washable and easy to clean. Simply hose it down or sponge clean with mild liquid soap. Avoid bleaching and let it air dry for long-lasting use.</p>",CHILLGEN,Services > Building & Construction Services > Outdoor Construction,Rug,"amazon-parent-b0fgdcsg3y, Composition Notebook Style, home-decor, Perfect Classroom Decor & Back to School Gift for Teachers (Math Class), Personalized Teacher Welcome Door Mat with Name, rug",false,Choose Your Option,"Blank Doormat, No Custom",,Pick Up Size,"24""x16"" (40x60 cm)",,,,,AMZ-RUG-B0FGDBM423-1,0.0,,0,deny,manual,21.90,29.20,true,false,,,,,,https://cdn.shopify.com/s/files/1/1023/0068/0561/files/39ebc76de60ccbb0b85c2df9c021292a5b53a87ca42fe4c81364b412afc1afe8.jpg?v=1789094479,1,"Personalized Teacher Welcome Door Mat with Name, Composition Notebook Style, Perfect Classroom Decor & Back to School Gift for Teachers (Math Class)",false,,"Modern rectangular doormat with a non-slip backing, made from polyester, ideal for classrooms and entryways.",,,,,,,,,,,,B0FGDCSG3Y,,,,,lb,,,draft
personalized-good-day-to-do-math-typography-door-mat-non-slip-backing,,,,,,,,,"Blank Doormat, No Custom",,,"32""x20"" (50x80 cm) - BEST SELLING",,,,,AMZ-RUG-B0FGDBM423-2,0.0,,0,deny,manual,30.90,41.20,true,false,,,,,,https://cdn.shopify.com/s/files/1/1023/0068/0561/files/6a537ce1846604b3475d8e1c867e02f8f8edca4df9e95d16947cbef1e27f8c8a.jpg?v=1789094478,2,"Personalized Teacher Welcome Door Mat with Name, Composition Notebook Style, Perfect Classroom Decor & Back to School Gift for Teachers (Math Class)",,,,,,,,,,,,,,,,,,,,lb,,,
personalized-good-day-to-do-math-typography-door-mat-non-slip-backing,,,,,,,,,"Blank Doormat, No Custom",,,"36""x24"" (60x90 cm)",,,,,AMZ-RUG-B0FGDBM423-3,0.0,,0,deny,manual,34.90,46.53,true,false,,,,,,https://cdn.shopify.com/s/files/1/1023/0068/0561/files/17bd7e56ab85bdb02a96dcd75c94e669979417ec61ed32fb4daa31fe514de200.jpg?v=1789094479,3,"Personalized Teacher Welcome Door Mat with Name, Composition Notebook Style, Perfect Classroom Decor & Back to School Gift for Teachers (Math Class)",,,,,,,,,,,,,,,,,,,,lb,,,
personalized-good-day-to-do-math-typography-door-mat-non-slip-backing,,,,,,,,,Customized Doormat,,,"24""x16"" (40x60 cm)",,,,,AMZ-RUG-B0FGDBM423-4,0.0,,0,deny,manual,28.90,38.53,true,false,,,,,,https://cdn.shopify.com/s/files/1/1023/0068/0561/files/260ed4a3f7144d3996ba7c9d744e5c33537ff6c513c5fc6944d845c3b33d2c0e.jpg?v=1789094479,4,"Personalized Teacher Welcome Door Mat with Name, Composition Notebook Style, Perfect Classroom Decor & Back to School Gift for Teachers (Math Class)",,,,,,,,,,,,,,,,,,,,lb,,,
personalized-good-day-to-do-math-typography-door-mat-non-slip-backing,,,,,,,,,Customized Doormat,,,"32""x20"" (50x80 cm) - BEST SELLING",,,,,AMZ-RUG-B0FGDBM423-5,0.0,,0,deny,manual,37.90,50.53,true,false,,,,,,https://cdn.shopify.com/s/files/1/1023/0068/0561/files/4d5d0a682c510610f954595e9eda1fa1a94c72e9bc30420850a30f8b955c6c5f.jpg?v=1789094479,5,"Personalized Teacher Welcome Door Mat with Name, Composition Notebook Style, Perfect Classroom Decor & Back to School Gift for Teachers (Math Class)",,,,,,,,,,,,,,,,,,,,lb,,,
personalized-good-day-to-do-math-typography-door-mat-non-slip-backing,,,,,,,,,Customized Doormat,,,"36""x24"" (60x90 cm)",,,,,AMZ-RUG-B0FGDBM423-6,0.0,,0,deny,manual,41.90,55.87,true,false,,,,,,https://cdn.shopify.com/s/files/1/1023/0068/0561/files/6d0fb140cbe38256a01e224ba54d68f417f14081ad7df33bceeedd9da675b01e.jpg?v=1789094479,6,"Personalized Teacher Welcome Door Mat with Name, Composition Notebook Style, Perfect Classroom Decor & Back to School Gift for Teachers (Math Class)",,,,,,,,,,,,,,,,,,,,lb,,,
personalized-open-book-with-flowers-and-pencil-door-mat,Personalized Open Book With Flowers And Pencil Door Mat,"<p>This personalized doormat is designed to create a welcoming and special entrance for any classroom. Featuring a composition notebook style, it offers a unique touch while providing practical functionality. It serves as a thoughtful gift for teachers and is suitable for various settings.</p><h3>Product Highlights</h3><ul><li>Personalizable with a teacher's name</li><li>Thoughtful gift for teachers and back-to-school</li><li>Soft non-woven fabric top with non-slip backing</li><li>Traps dirt, dust, and grime to keep floors clean</li><li>Suitable for both indoor and outdoor use</li></ul><h3>Specifications</h3><table border=""1"" cellpadding=""6"" style=""border-collapse:collapse;width:100%""><tr><th align=""left"" width=""35%"">Attribute</th><th align=""left"">Value</th></tr><tr><td>Rug Form</td><td>Doormat</td></tr><tr><td>Item Shape</td><td>Rectangular</td></tr><tr><td>Weave Type</td><td>Machine Made</td></tr><tr><td>Pile Height</td><td>Low Pile</td></tr><tr><td>Construction Type</td><td>Machine Made</td></tr><tr><td>Indoor/Outdoor Usage</td><td>Both</td></tr><tr><td>Water Resistance</td><td>Water Resistant</td></tr><tr><td>Pattern</td><td>Composition Notebook Style</td></tr><tr><td>Style</td><td>Modern</td></tr><tr><td>Number of Pieces</td><td>1</td></tr><tr><td>Text</td><td>1 text input</td></tr></table><h3>Material &amp; Care</h3><table border=""1"" cellpadding=""6"" style=""border-collapse:collapse;width:100%""><tr><th align=""left"" width=""35%"">Item</th><th align=""left"">Detail</th></tr><tr><td>Material Type</td><td>Polyester</td></tr><tr><td>Backing Material</td><td>High-quality Epoxy</td></tr><tr><td>Care Instructions</td><td>Avoid bleaching</td></tr><tr><td>Cleaning Method</td><td>Hose down or sponge clean with mild liquid soap</td></tr><tr><td>Drying</td><td>Air dry</td></tr></table><h3>Where It Works</h3><p>This doormat is ideal for classrooms, entryways, and RVs, offering a welcoming touch to various spaces. Its versatile design makes it suitable for both indoor and outdoor environments.</p>",CHILLGEN,Home & Garden > Kitchen & Dining > Food & Beverage Carriers > Growlers,Rug,"amazon-parent-b0fgdcsg3y, classroom, doormat, home-decor, indoor-outdoor, modern, personalized, rectangular, rug",false,Choose Your Option,"Blank Doormat, No Custom",,Pick Up Size,"24""x16"" (40x60 cm)",,,,,AMZ-RUG-B0FGDBN4CH-1,0.0,,0,deny,manual,21.90,29.20,true,false,,,,,,https://cdn.shopify.com/s/files/1/1023/0068/0561/files/b522fe1d263de4842fe547f16b0024dedacf2ce965e7ef43145555907bcbcdd4.jpg?v=1789094527,1,"Personalized Teacher Welcome Door Mat with Name, Composition Notebook Style, Perfect Classroom Decor & Back to School Gift for Teachers (Little Minds Grow Here #1)",false,,"This modern, personalized doormat with a non-slip backing is perfect for classrooms and entryways, made from durable polyester.",2920,,,,,,,,,,,B0FGDCSG3Y,,,,,lb,,,draft
personalized-open-book-with-flowers-and-pencil-door-mat,,,,,,,,,"Blank Doormat, No Custom",,,"32""x20"" (50x80 cm) - BEST SELLING",,,,,AMZ-RUG-B0FGDBN4CH-2,0.0,,0,deny,manual,30.90,41.20,true,false,,,,,,https://cdn.shopify.com/s/files/1/1023/0068/0561/files/81e10a18dc6440cfd916bda81a1b2e37faf5602a05f9e46ca5bf64c11c003743.jpg?v=1789094527,2,"Personalized Teacher Welcome Door Mat with Name, Composition Notebook Style, Perfect Classroom Decor & Back to School Gift for Teachers (Little Minds Grow Here #1)",,,,,,,,,,,,,,,,,,,,lb,,,
personalized-open-book-with-flowers-and-pencil-door-mat,,,,,,,,,"Blank Doormat, No Custom",,,"36""x24"" (60x90 cm)",,,,,AMZ-RUG-B0FGDBN4CH-3,0.0,,0,deny,manual,34.90,46.53,true,false,,,,,,https://cdn.shopify.com/s/files/1/1023/0068/0561/files/8474a7394b6765d55ced9e74766c5bd2a877d8dd551109b8490a608deff4f2ce.jpg?v=1789094527,3,"Personalized Teacher Welcome Door Mat with Name, Composition Notebook Style, Perfect Classroom Decor & Back to School Gift for Teachers (Little Minds Grow Here #1)",,,,,,,,,,,,,,,,,,,,lb,,,
personalized-open-book-with-flowers-and-pencil-door-mat,,,,,,,,,Customized Doormat,,,"24""x16"" (40x60 cm)",,,,,AMZ-RUG-B0FGDBN4CH-4,0.0,,0,deny,manual,28.90,38.53,true,false,,,,,,https://cdn.shopify.com/s/files/1/1023/0068/0561/files/0cce56257869ffdef77424df4b06b7f8070e6d110eb78c1407831c1ba0edef03.jpg?v=1789094527,4,"Personalized Teacher Welcome Door Mat with Name, Composition Notebook Style, Perfect Classroom Decor & Back to School Gift for Teachers (Little Minds Grow Here #1)",,,,,,,,,,,,,,,,,,,,lb,,,
personalized-open-book-with-flowers-and-pencil-door-mat,,,,,,,,,Customized Doormat,,,"32""x20"" (50x80 cm) - BEST SELLING",,,,,AMZ-RUG-B0FGDBN4CH-5,0.0,,0,deny,manual,37.90,50.53,true,false,,,,,,https://cdn.shopify.com/s/files/1/1023/0068/0561/files/ce5cd87c59d4105fb0db7c0635e80dd693f4c2c327a0ef81ab3ec89e599e919f.jpg?v=1789094527,5,"Personalized Teacher Welcome Door Mat with Name, Composition Notebook Style, Perfect Classroom Decor & Back to School Gift for Teachers (Little Minds Grow Here #1)",,,,,,,,,,,,,,,,,,,,lb,,,
personalized-open-book-with-flowers-and-pencil-door-mat,,,,,,,,,Customized Doormat,,,"36""x24"" (60x90 cm)",,,,,AMZ-RUG-B0FGDBN4CH-6,0.0,,0,deny,manual,41.90,55.87,true,false,,,,,,https://cdn.shopify.com/s/files/1/1023/0068/0561/files/c3c451c733c61768f77e1bcc621e41abe270e18b1266d014f00ca63b2366d839.jpg?v=1789094527,6,"Personalized Teacher Welcome Door Mat with Name, Composition Notebook Style, Perfect Classroom Decor & Back to School Gift for Teachers (Little Minds Grow Here #1)",,,,,,,,,,,,,,,,,,,,lb,,,
personalized-composition-notebook-teacher-door-mat-non-slip-backing,"Personalized Composition Notebook Teacher Door Mat, Non-Slip Backing","<p>This personalized teacher welcome doormat creates a warm and cheerful entrance for any classroom. Featuring a unique Composition Notebook Style, it offers a special touch with customization options for a teacher's name. It's designed to be a welcoming and functional addition, perfect for greeting students.</p><h3>Product Highlights</h3><ul><li>Personalize with the teacher's name for a unique classroom touch.</li><li>Soft non-woven fabric top provides comfort.</li><li>Non-slip neoprene rubber backing ensures stability.</li><li>Effectively traps dirt, dust, and grime to keep floors clean.</li><li>Versatile for both indoor and outdoor classroom use.</li></ul><h3>Specifications</h3><table border=""1"" cellpadding=""6"" style=""border-collapse:collapse;width:100%""><tr><th align=""left"" width=""35%"">Attribute</th><th align=""left"">Value</th></tr><tr><td>Rug Form</td><td>Doormat</td></tr><tr><td>Item Shape</td><td>Rectangular</td></tr><tr><td>Weave Type</td><td>Machine Made</td></tr><tr><td>Pile Height</td><td>Low Pile</td></tr><tr><td>Construction Type</td><td>Machine Made</td></tr><tr><td>Indoor/Outdoor Usage</td><td>Both</td></tr><tr><td>Water Resistance Level</td><td>Water Resistant</td></tr><tr><td>Pattern</td><td>Composition Notebook Style</td></tr><tr><td>Style Name</td><td>Modern</td></tr><tr><td>Number of Pieces</td><td>1</td></tr></table><h3>Material &amp; Care</h3><table border=""1"" cellpadding=""6"" style=""border-collapse:collapse;width:100%""><tr><th align=""left"" width=""35%"">Item</th><th align=""left"">Detail</th></tr><tr><td>Material Type</td><td>Polyester</td></tr><tr><td>Back Material Type</td><td>High-quality Epoxy</td></tr><tr><td>Care Instructions</td><td>Avoid bleaching</td></tr><tr><td>Cleaning Method</td><td>Hose down or sponge clean with mild liquid soap</td></tr><tr><td>Drying</td><td>Air dry</td></tr></table><h3>Where It Works</h3><p>This doormat is ideal for classrooms, entryways, and RVs, offering a welcoming touch in various educational and personal spaces. Its durable design makes it suitable for both indoor and outdoor settings, ensuring functionality wherever it is placed.</p>",CHILLGEN,Home & Garden > Lawn & Garden > Gardening > Composting > Compost,Rug,"amazon-parent-b0fgdcsg3y, classroom-rug, doormat, home-decor, modern-style, personalized-rug, polyester-rug, rectangular-rug, rug",false,Choose Your Option,"Blank Doormat, No Custom",,Pick Up Size,"24""x16"" (40x60 cm)",,,,,AMZ-RUG-B0FGDCWSV5-1,0.0,,0,deny,manual,21.90,29.20,true,false,,,,,,https://cdn.shopify.com/s/files/1/1023/0068/0561/files/63625ac2b606ce8f3d7faba7517a1681a69b8e54df2f298d4e1f3c07b2f074b6.jpg?v=1789094528,1,"Personalized Teacher Welcome Door Mat with Name, Composition Notebook Style, Perfect Classroom Decor & Back to School Gift for Teachers (Composition Notebook #2)",false,,"Modern Composition Notebook Style doormat made of polyester with a non-slip backing, perfect for a personalized classroom entrance.",690,,,,,,,,,,,B0FGDCSG3Y,,,,,lb,,,draft
personalized-composition-notebook-teacher-door-mat-non-slip-backing,,,,,,,,,"Blank Doormat, No Custom",,,"32""x20"" (50x80 cm) - BEST SELLING",,,,,AMZ-RUG-B0FGDCWSV5-2,0.0,,0,deny,manual,30.90,41.20,true,false,,,,,,https://cdn.shopify.com/s/files/1/1023/0068/0561/files/197803e918e1549fe9ac58538db8a67a42ea08cff93586eec74d977e015de3a8.jpg?v=1789094528,2,"Personalized Teacher Welcome Door Mat with Name, Composition Notebook Style, Perfect Classroom Decor & Back to School Gift for Teachers (Composition Notebook #2)",,,,,,,,,,,,,,,,,,,,lb,,,
personalized-composition-notebook-teacher-door-mat-non-slip-backing,,,,,,,,,"Blank Doormat, No Custom",,,"36""x24"" (60x90 cm)",,,,,AMZ-RUG-B0FGDCWSV5-3,0.0,,0,deny,manual,34.90,46.53,true,false,,,,,,https://cdn.shopify.com/s/files/1/1023/0068/0561/files/a4cb6367c784837a4a612180408e8010faa9365d9459c1ac40ac1558b88d2b98.jpg?v=1789094528,3,"Personalized Teacher Welcome Door Mat with Name, Composition Notebook Style, Perfect Classroom Decor & Back to School Gift for Teachers (Composition Notebook #2)",,,,,,,,,,,,,,,,,,,,lb,,,
personalized-composition-notebook-teacher-door-mat-non-slip-backing,,,,,,,,,Customized Doormat,,,"24""x16"" (40x60 cm)",,,,,AMZ-RUG-B0FGDCWSV5-4,0.0,,0,deny,manual,28.90,38.53,true,false,,,,,,https://cdn.shopify.com/s/files/1/1023/0068/0561/files/015ffaa08c962f3d39546ed7f003dc8a0b02be8f4cb27ad0601943e50df5a8cd.jpg?v=1789094528,4,"Personalized Teacher Welcome Door Mat with Name, Composition Notebook Style, Perfect Classroom Decor & Back to School Gift for Teachers (Composition Notebook #2)",,,,,,,,,,,,,,,,,,,,lb,,,
personalized-composition-notebook-teacher-door-mat-non-slip-backing,,,,,,,,,Customized Doormat,,,"32""x20"" (50x80 cm) - BEST SELLING",,,,,AMZ-RUG-B0FGDCWSV5-5,0.0,,0,deny,manual,37.90,50.53,true,false,,,,,,https://cdn.shopify.com/s/files/1/1023/0068/0561/files/6556a35c4975651ef5eb7e4e1b60a3c63c5de3e78255a876be6f70603d6c53e4.jpg?v=1789094528,5,"Personalized Teacher Welcome Door Mat with Name, Composition Notebook Style, Perfect Classroom Decor & Back to School Gift for Teachers (Composition Notebook #2)",,,,,,,,,,,,,,,,,,,,lb,,,
personalized-composition-notebook-teacher-door-mat-non-slip-backing,,,,,,,,,Customized Doormat,,,"36""x24"" (60x90 cm)",,,,,AMZ-RUG-B0FGDCWSV5-6,0.0,,0,deny,manual,41.90,55.87,true,false,,,,,,https://cdn.shopify.com/s/files/1/1023/0068/0561/files/dd923aae5c51b3608343ff14701a9952f69f7602d8b61319952f1d6ff19f7a51.jpg?v=1789094528,6,"Personalized Teacher Welcome Door Mat with Name, Composition Notebook Style, Perfect Classroom Decor & Back to School Gift for Teachers (Composition Notebook #2)",,,,,,,,,,,,,,,,,,,,lb,,,
personalized-composition-notebook-style-teacher-door-mat,Personalized Composition Notebook Style Teacher Door Mat,"<p>This personalized doormat offers a welcoming touch to any classroom, featuring a modern composition notebook style. Designed for both indoor and outdoor use, it combines aesthetic appeal with practical functionality, making it a special addition to educational environments.</p><h3>Product Highlights</h3><ul><li>Personalized with a teacher’s name for a unique touch</li><li>Soft and durable non-woven fabric top for comfort</li><li>Neoprene rubber non-slip backing for stability</li><li>Effectively dries wet feet and traps dirt and grime</li><li>Suitable for classrooms, entryways, and RVs</li></ul><h3>Specifications</h3><table border=""1"" cellpadding=""6"" style=""border-collapse:collapse;width:100%""><tr><th align=""left"" width=""35%"">Attribute</th><th align=""left"">Value</th></tr><tr><td>Rug Form</td><td>Doormat</td></tr><tr><td>Item Shape</td><td>Rectangular</td></tr><tr><td>Weave Type</td><td>Machine Made</td></tr><tr><td>Pile Height</td><td>Low Pile</td></tr><tr><td>Construction Type</td><td>Machine Made</td></tr><tr><td>Indoor/Outdoor Usage</td><td>Both</td></tr><tr><td>Room Type</td><td>Classroom</td></tr><tr><td>Water Resistance</td><td>Water Resistant</td></tr><tr><td>Special Features</td><td>Personalized</td></tr><tr><td>Pattern</td><td>Composition Notebook Style</td></tr><tr><td>Theme</td><td>Teacher, Classroom</td></tr><tr><td>Style</td><td>Modern</td></tr><tr><td>Number of Pieces</td><td>1</td></tr></table><h3>Material &amp; Care</h3><table border=""1"" cellpadding=""6"" style=""border-collapse:collapse;width:100%""><tr><th align=""left"" width=""35%"">Item</th><th align=""left"">Detail</th></tr><tr><td>Material Type</td><td>Polyester</td></tr><tr><td>Backing Material</td><td>High-quality Epoxy, Neoprene Rubber</td></tr><tr><td>Care Instructions</td><td>Avoid bleaching</td></tr><tr><td>Cleaning Method</td><td>Hose down, sponge clean with mild liquid soap</td></tr><tr><td>Drying</td><td>Air dry</td></tr></table><h3>Where It Works</h3><p>This versatile doormat is perfect for creating a warm and inviting atmosphere in classrooms, school entryways, or even personal RVs. It serves as an excellent decorative and functional piece for educational settings.</p>",CHILLGEN,Home & Garden > Lawn & Garden > Gardening > Composting > Compost,Rug,"amazon-parent-b0fgdcsg3y, classroom, doormat, home-decor, modern, personalized, rectangular, rug, teacher-gift",false,Choose Your Option,"Blank Doormat, No Custom",,Pick Up Size,"24""x16"" (40x60 cm)",,,,,AMZ-RUG-B0FGDCSG3Y-1,0.0,,0,deny,manual,21.90,29.20,true,false,,,,,,https://cdn.shopify.com/s/files/1/1023/0068/0561/files/de27125bd75b97b99a98de8b3cce734e1ab6a88f8d3172dc5b359d71e1cb2161.jpg?v=1789094530,1,"Personalized Teacher Welcome Door Mat with Name, Composition Notebook Style, Perfect Classroom Decor & Back to School Gift for Teachers (Composition Notebook #3)",false,,"Modern personalized classroom doormat, made of polyester with non-slip backing, perfect for welcoming students in any school entryway.",690,,,,,,,,,,,B0FGDCSG3Y,,,,,lb,,,draft
personalized-composition-notebook-style-teacher-door-mat,,,,,,,,,"Blank Doormat, No Custom",,,"32""x20"" (50x80 cm) - BEST SELLING",,,,,AMZ-RUG-B0FGDCSG3Y-2,0.0,,0,deny,manual,30.90,41.20,true,false,,,,,,https://cdn.shopify.com/s/files/1/1023/0068/0561/files/064cc89fa3767d65920ef643d12729c534ecf99671a7ee06e12253dd39bd3678.jpg?v=1789094531,2,"Personalized Teacher Welcome Door Mat with Name, Composition Notebook Style, Perfect Classroom Decor & Back to School Gift for Teachers (Composition Notebook #3)",,,,,,,,,,,,,,,,,,,,lb,,,
personalized-composition-notebook-style-teacher-door-mat,,,,,,,,,"Blank Doormat, No Custom",,,"36""x24"" (60x90 cm)",,,,,AMZ-RUG-B0FGDCSG3Y-3,0.0,,0,deny,manual,34.90,46.53,true,false,,,,,,https://cdn.shopify.com/s/files/1/1023/0068/0561/files/9e53924690322f823ce92d6445fcead47139eecf09750d901713f1d504b1cb38.jpg?v=1789094531,3,"Personalized Teacher Welcome Door Mat with Name, Composition Notebook Style, Perfect Classroom Decor & Back to School Gift for Teachers (Composition Notebook #3)",,,,,,,,,,,,,,,,,,,,lb,,,
personalized-composition-notebook-style-teacher-door-mat,,,,,,,,,Customized Doormat,,,"24""x16"" (40x60 cm)",,,,,AMZ-RUG-B0FGDCSG3Y-4,0.0,,0,deny,manual,28.90,38.53,true,false,,,,,,https://cdn.shopify.com/s/files/1/1023/0068/0561/files/aea360aa424d2f52da8856fd155ffec9e7d4eb598bc26ae027486b9a58bf8ff0.jpg?v=1789094531,4,"Personalized Teacher Welcome Door Mat with Name, Composition Notebook Style, Perfect Classroom Decor & Back to School Gift for Teachers (Composition Notebook #3)",,,,,,,,,,,,,,,,,,,,lb,,,
personalized-composition-notebook-style-teacher-door-mat,,,,,,,,,Customized Doormat,,,"32""x20"" (50x80 cm) - BEST SELLING",,,,,AMZ-RUG-B0FGDCSG3Y-5,0.0,,0,deny,manual,37.90,50.53,true,false,,,,,,https://cdn.shopify.com/s/files/1/1023/0068/0561/files/6ab6a5e92305f5861f8c9d2af019301adbe26480f7880802f875f57a517d143b.jpg?v=1789094530,5,"Personalized Teacher Welcome Door Mat with Name, Composition Notebook Style, Perfect Classroom Decor & Back to School Gift for Teachers (Composition Notebook #3)",,,,,,,,,,,,,,,,,,,,lb,,,
personalized-composition-notebook-style-teacher-door-mat,,,,,,,,,Customized Doormat,,,"36""x24"" (60x90 cm)",,,,,AMZ-RUG-B0FGDCSG3Y-6,0.0,,0,deny,manual,41.90,55.87,true,false,,,,,,https://cdn.shopify.com/s/files/1/1023/0068/0561/files/836d1cd05ba6ebfb28f52a765a769e1f1c4757acd59f661900a9bf31b4ea1c02.jpg?v=1789094531,6,"Personalized Teacher Welcome Door Mat with Name, Composition Notebook Style, Perfect Classroom Decor & Back to School Gift for Teachers (Composition Notebook #3)",,,,,,,,,,,,,,,,,,,,lb,,,
personalized-composition-notebook-style-teacher-door-mat,,,,,,,,,,,,,,,,,,,,,,,,,,,,,,,,https://cdn.shopify.com/s/files/1/1023/0068/0561/files/68f4453da9f0d6efa4cfba7a7951063746133023da87a9054266feeab1f3e292.jpg?v=1789094531,7,"Personalized Teacher Welcome Door Mat with Name, Composition Notebook Style, Perfect Classroom Decor & Back to School Gift for Teachers (Composition Notebook #3)",,,,,,,,,,,,,,,,,,,,,,,
personalized-colorful-class-teacher-welcome-door-mat-classroom-decor,"Personalized Colorful Class Teacher Welcome Door Mat, Classroom Decor","<p>This personalized doormat offers a unique way to welcome students and guests to any classroom. Featuring a Composition Notebook design, this doormat combines functionality with a special touch, making it an ideal addition to a teacher's space. It is designed for everyday use, effectively trapping dirt and moisture to help keep floors clean.</p><h3>Product Highlights</h3><ul><li>Personalize with a teacher’s name for a unique classroom entrance.</li><li>Serves as a thoughtful and unique gift for educators.</li><li>Features a soft, heat-resistant top and a non-slip backing for durability.</li><li>Efficiently dries wet feet and traps dirt and grime.</li><li>Suitable for both indoor and outdoor classroom environments.</li></ul><h3>Specifications</h3><table border=""1"" cellpadding=""6"" style=""border-collapse:collapse;width:100%""><tr><th align=""left"" width=""35%"">Attribute</th><th align=""left"">Value</th></tr><tr><td>Rug Form</td><td>Doormat</td></tr><tr><td>Item Shape</td><td>Rectangular</td></tr><tr><td>Weave Type</td><td>Machine Made</td></tr><tr><td>Pile Height</td><td>Low Pile</td></tr><tr><td>Construction Type</td><td>Machine Made</td></tr><tr><td>Indoor/Outdoor Usage</td><td>Both</td></tr><tr><td>Water Resistance Level</td><td>Water Resistant</td></tr><tr><td>Pattern</td><td>Composition Notebook Style</td></tr><tr><td>Style</td><td>Modern</td></tr><tr><td>Number of Pieces</td><td>1</td></tr><tr><td>Text</td><td>1 text input</td></tr></table><h3>Material &amp; Care</h3><table border=""1"" cellpadding=""6"" style=""border-collapse:collapse;width:100%""><tr><th align=""left"" width=""35%"">Item</th><th align=""left"">Detail</th></tr><tr><td>Material Type</td><td>Polyester</td></tr><tr><td>Backing Material</td><td>High-quality Epoxy, Neoprene Rubber</td></tr><tr><td>Care Instructions</td><td>Washable and easy to clean. Hose down or sponge clean with mild liquid soap. Avoid bleaching and air dry.</td></tr></table><h3>Where It Works</h3><p>This versatile doormat is perfect for classroom entrances, teacher spaces, and reading corners, creating a welcoming and personalized environment. It is also suitable for entryways and RVs, offering a practical and decorative accent.</p>",CHILLGEN,Health & Beauty > Health Care > Fitness & Nutrition > Vitamins & Supplements > Digestive Supplements > Colon Cleanses,Rug,"amazon-parent-b0fgdcsg3y, classroom-rug, doormat, gift, home-decor, modern, personalized-rug, rectangular, rug",false,Choose Your Option,"Blank Doormat, No Custom",,Pick Up Size,"24""x16"" (40x60 cm)",,,,,AMZ-RUG-B0FGDCZRN7-1,0.0,,0,deny,manual,21.90,29.20,true,false,,,,,,https://cdn.shopify.com/s/files/1/1023/0068/0561/files/ab6232e8a81993244983e0f75d88bb75c8ed8919174a35158e86d99a89330d7c.jpg?v=1789094577,1,"Personalized Teacher Welcome Door Mat with Name, Composition Notebook Style, Perfect Classroom Decor & Back to School Gift for Teachers (Colorful Class #2)",false,,"This modern composition notebook style doormat, made of polyester, features a non-slip backing, perfect for classrooms and entryways.",525,,,,,,,,,,,B0FGDCSG3Y,,,,,lb,,,draft
personalized-colorful-class-teacher-welcome-door-mat-classroom-decor,,,,,,,,,"Blank Doormat, No Custom",,,"32""x20"" (50x80 cm) - BEST SELLING",,,,,AMZ-RUG-B0FGDCZRN7-2,0.0,,0,deny,manual,30.90,41.20,true,false,,,,,,https://cdn.shopify.com/s/files/1/1023/0068/0561/files/9620ebf692e5d0b547a09060d7dd2dab1dc0f26ef6fd76b7fd25b118302f760d.jpg?v=1789094577,2,"Personalized Teacher Welcome Door Mat with Name, Composition Notebook Style, Perfect Classroom Decor & Back to School Gift for Teachers (Colorful Class #2)",,,,,,,,,,,,,,,,,,,,lb,,,
personalized-colorful-class-teacher-welcome-door-mat-classroom-decor,,,,,,,,,"Blank Doormat, No Custom",,,"36""x24"" (60x90 cm)",,,,,AMZ-RUG-B0FGDCZRN7-3,0.0,,0,deny,manual,34.90,46.53,true,false,,,,,,https://cdn.shopify.com/s/files/1/1023/0068/0561/files/1b461127467ac97d898c1f87a096f0126ac5d0718ab7d75e1ba515484438f58b.jpg?v=1789094577,3,"Personalized Teacher Welcome Door Mat with Name, Composition Notebook Style, Perfect Classroom Decor & Back to School Gift for Teachers (Colorful Class #2)",,,,,,,,,,,,,,,,,,,,lb,,,
personalized-colorful-class-teacher-welcome-door-mat-classroom-decor,,,,,,,,,Customized Doormat,,,"24""x16"" (40x60 cm)",,,,,AMZ-RUG-B0FGDCZRN7-4,0.0,,0,deny,manual,28.90,38.53,true,false,,,,,,https://cdn.shopify.com/s/files/1/1023/0068/0561/files/b142ef570d363304c00f985dd7284189125190e61e70e4a8fc225ea876c0175c.jpg?v=1789094577,4,"Personalized Teacher Welcome Door Mat with Name, Composition Notebook Style, Perfect Classroom Decor & Back to School Gift for Teachers (Colorful Class #2)",,,,,,,,,,,,,,,,,,,,lb,,,
personalized-colorful-class-teacher-welcome-door-mat-classroom-decor,,,,,,,,,Customized Doormat,,,"32""x20"" (50x80 cm) - BEST SELLING",,,,,AMZ-RUG-B0FGDCZRN7-5,0.0,,0,deny,manual,37.90,50.53,true,false,,,,,,https://cdn.shopify.com/s/files/1/1023/0068/0561/files/7ec4586ee57c361a24ddc8f6474166a61fba1a18c569e72b69a4d50d49dda112.jpg?v=1789094577,5,"Personalized Teacher Welcome Door Mat with Name, Composition Notebook Style, Perfect Classroom Decor & Back to School Gift for Teachers (Colorful Class #2)",,,,,,,,,,,,,,,,,,,,lb,,,
personalized-colorful-class-teacher-welcome-door-mat-classroom-decor,,,,,,,,,Customized Doormat,,,"36""x24"" (60x90 cm)",,,,,AMZ-RUG-B0FGDCZRN7-6,0.0,,0,deny,manual,41.90,55.87,true,false,,,,,,https://cdn.shopify.com/s/files/1/1023/0068/0561/files/59c7a997577515da7a8b22f0845a16b86eb257d8e78feb36ad5febb0d74ad5ff.jpg?v=1789094577,6,"Personalized Teacher Welcome Door Mat with Name, Composition Notebook Style, Perfect Classroom Decor & Back to School Gift for Teachers (Colorful Class #2)",,,,,,,,,,,,,,,,,,,,lb,,,
personalized-playful-teacher-name-school-supply-star-doormat,Personalized Playful Teacher Name School Supply Star Doormat,"<p>This personalized doormat is designed to welcome students with a warm and cheerful touch. Featuring a customizable design with a teacher's name, it adds a special and unique element to any classroom. Its primary use is to create a friendly first impression, making it an ideal addition for educational spaces.</p><h3>Product Highlights</h3><ul><li>Personalizable with a teacher's name for a unique classroom touch.</li><li>Thoughtful gift for teachers for various occasions.</li><li>Soft and durable non-woven fabric top with a non-slip backing.</li><li>Effectively dries wet feet and traps dirt to maintain clean floors.</li><li>Suitable for both indoor and outdoor use in classrooms, entryways, and RVs.</li><li>Washable and easy to maintain for long-lasting use.</li></ul><h3>Specifications</h3><table border=""1"" cellpadding=""6"" style=""border-collapse:collapse;width:100%""><tr><th align=""left"" width=""35%"">Attribute</th><th align=""left"">Value</th></tr><tr><td>Rug Form</td><td>Doormat</td></tr><tr><td>Item Shape</td><td>Rectangular</td></tr><tr><td>Weave Type</td><td>Machine Made</td></tr><tr><td>Pile Height</td><td>Low Pile</td></tr><tr><td>Construction Type</td><td>Machine Made</td></tr><tr><td>Indoor/Outdoor Usage</td><td>Both</td></tr><tr><td>Water Resistance Level</td><td>Water Resistant</td></tr><tr><td>Pattern</td><td>Composition Notebook Style</td></tr><tr><td>Theme</td><td>Classroom</td></tr><tr><td>Style</td><td>Modern</td></tr><tr><td>Number of Pieces</td><td>1</td></tr></table><h3>Material &amp; Care</h3><table border=""1"" cellpadding=""6"" style=""border-collapse:collapse;width:100%""><tr><th align=""left"" width=""35%"">Item</th><th align=""left"">Detail</th></tr><tr><td>Material Type</td><td>Polyester</td></tr><tr><td>Backing Material</td><td>High-quality Epoxy</td></tr><tr><td>Care Instructions</td><td>Avoid bleaching</td></tr><tr><td>Cleaning Method</td><td>Hose down or sponge clean with mild liquid soap</td></tr><tr><td>Drying</td><td>Air dry</td></tr></table><h3>Where It Works</h3><p>This doormat is perfect for classrooms, entryways, and RVs, offering a welcoming touch to various indoor and outdoor spaces. It is also an excellent decor piece for teacher spaces and reading corners.</p>",CHILLGEN,Health & Beauty > Health Care > Fitness & Nutrition > Vitamins & Supplements > Digestive Supplements > Colon Cleanses,Rug,"amazon-parent-b0fgdcsg3y, classroom, doormat, home-decor, indoor-outdoor, modern, personalized, rectangular, rug",false,Choose Your Option,"Blank Doormat, No Custom",,Pick Up Size,"24""x16"" (40x60 cm)",,,,,AMZ-RUG-B0FGD9Y2YV-1,0.0,,0,deny,manual,21.90,29.20,true,false,,,,,,https://cdn.shopify.com/s/files/1/1023/0068/0561/files/cf7cf86e490bcf37f3f415cca8e273c9d87f42d02e0c77a70988d20be430f91d.jpg?v=1789094578,1,"Personalized Teacher Welcome Door Mat with Name, Composition Notebook Style, Perfect Classroom Decor & Back to School Gift for Teachers (Colorful Class #4)",false,,"Modern personalized doormat with a low pile, made of polyester, ideal for classrooms and entryways, featuring a non-slip backing.",525,,,,,,,,,,,B0FGDCSG3Y,,,,,lb,,,draft
personalized-playful-teacher-name-school-supply-star-doormat,,,,,,,,,"Blank Doormat, No Custom",,,"32""x20"" (50x80 cm) - BEST SELLING",,,,,AMZ-RUG-B0FGD9Y2YV-2,0.0,,0,deny,manual,30.90,41.20,true,false,,,,,,https://cdn.shopify.com/s/files/1/1023/0068/0561/files/def946ff01184c31d4ce9d45a38400def11e0dfbdc17b0836db53cba04561891.jpg?v=1789094578,2,"Personalized Teacher Welcome Door Mat with Name, Composition Notebook Style, Perfect Classroom Decor & Back to School Gift for Teachers (Colorful Class #4)",,,,,,,,,,,,,,,,,,,,lb,,,
personalized-playful-teacher-name-school-supply-star-doormat,,,,,,,,,"Blank Doormat, No Custom",,,"36""x24"" (60x90 cm)",,,,,AMZ-RUG-B0FGD9Y2YV-3,0.0,,0,deny,manual,34.90,46.53,true,false,,,,,,https://cdn.shopify.com/s/files/1/1023/0068/0561/files/83c12e991982e6f444232ce144b43cf605939e66388cb079088ecd5b05d29647.jpg?v=1789094579,3,"Personalized Teacher Welcome Door Mat with Name, Composition Notebook Style, Perfect Classroom Decor & Back to School Gift for Teachers (Colorful Class #4)",,,,,,,,,,,,,,,,,,,,lb,,,
personalized-playful-teacher-name-school-supply-star-doormat,,,,,,,,,Customized Doormat,,,"24""x16"" (40x60 cm)",,,,,AMZ-RUG-B0FGD9Y2YV-4,0.0,,0,deny,manual,28.90,38.53,true,false,,,,,,https://cdn.shopify.com/s/files/1/1023/0068/0561/files/42a27d58d96271d322df7a40272022fdc669158c81426cbd0a6acbf39f934071.jpg?v=1789094579,4,"Personalized Teacher Welcome Door Mat with Name, Composition Notebook Style, Perfect Classroom Decor & Back to School Gift for Teachers (Colorful Class #4)",,,,,,,,,,,,,,,,,,,,lb,,,
personalized-playful-teacher-name-school-supply-star-doormat,,,,,,,,,Customized Doormat,,,"32""x20"" (50x80 cm) - BEST SELLING",,,,,AMZ-RUG-B0FGD9Y2YV-5,0.0,,0,deny,manual,37.90,50.53,true,false,,,,,,https://cdn.shopify.com/s/files/1/1023/0068/0561/files/83a91f08fcc3bb150c00cb33e7737e9f6f09748f311b7cfd5d3c8f265a2c2c68.jpg?v=1789094579,5,"Personalized Teacher Welcome Door Mat with Name, Composition Notebook Style, Perfect Classroom Decor & Back to School Gift for Teachers (Colorful Class #4)",,,,,,,,,,,,,,,,,,,,lb,,,
personalized-playful-teacher-name-school-supply-star-doormat,,,,,,,,,Customized Doormat,,,"36""x24"" (60x90 cm)",,,,,AMZ-RUG-B0FGD9Y2YV-6,0.0,,0,deny,manual,41.90,55.87,true,false,,,,,,https://cdn.shopify.com/s/files/1/1023/0068/0561/files/ea895391a256515cae67b5198be40e74dc34ff8fcbca3255fe6ba558f070ad2d.jpg?v=1789094578,6,"Personalized Teacher Welcome Door Mat with Name, Composition Notebook Style, Perfect Classroom Decor & Back to School Gift for Teachers (Colorful Class #4)",,,,,,,,,,,,,,,,,,,,lb,,,
personalized-flower-star-school-retro-whimsical-welcome-door-mat,"Personalized Flower Star School, retro, whimsical Welcome Door Mat","<p>This personalized doormat offers a warm welcome, featuring a unique composition notebook style design that adds character to any space. It is crafted for both comfort and durability, making it an ideal accent for classrooms and entryways. The doormat combines personalized charm with functional design, perfect for daily use.</p><h3>Product Highlights</h3><ul><li>Personalize with a teacher’s name for a special touch</li><li>Soft and durable non-woven fabric top</li><li>Non-slip neoprene rubber backing for stability</li><li>Effectively traps dirt, dust, and grime</li><li>Suitable for both indoor and outdoor settings</li></ul><h3>Specifications</h3><table border=""1"" cellpadding=""6"" style=""border-collapse:collapse;width:100%""><tr><th align=""left"" width=""35%"">Attribute</th><th align=""left"">Value</th></tr><tr><td>Rug Form</td><td>Doormat</td></tr><tr><td>Item Shape</td><td>Rectangular</td></tr><tr><td>Weave Type</td><td>Machine Made</td></tr><tr><td>Pile Height</td><td>Low Pile</td></tr><tr><td>Construction Type</td><td>Machine Made</td></tr><tr><td>Indoor/Outdoor Usage</td><td>Both</td></tr><tr><td>Water Resistance</td><td>Water Resistant</td></tr><tr><td>Pattern</td><td>Composition Notebook Style</td></tr><tr><td>Theme</td><td>Teacher, Classroom</td></tr><tr><td>Style</td><td>Modern</td></tr><tr><td>Number of Pieces</td><td>1</td></tr></table><h3>Material &amp; Care</h3><table border=""1"" cellpadding=""6"" style=""border-collapse:collapse;width:100%""><tr><th align=""left"" width=""35%"">Item</th><th align=""left"">Detail</th></tr><tr><td>Material Type</td><td>Polyester</td></tr><tr><td>Backing Material</td><td>High-quality Epoxy, Neoprene Rubber</td></tr><tr><td>Surface/Feel</td><td>Soft non-woven fabric top</td></tr><tr><td>Care Instructions</td><td>Avoid bleaching</td></tr><tr><td>Cleaning Method</td><td>Hose down, sponge clean with mild liquid soap</td></tr><tr><td>Drying</td><td>Air dry</td></tr></table><h3>Where It Works</h3><p>This versatile doormat is suitable for use in classrooms, entryways, and RVs, creating a welcoming atmosphere for students and guests. Its durable construction makes it ideal for areas with frequent foot traffic.</p>",CHILLGEN,Health & Beauty > Health Care > Fitness & Nutrition > Vitamins & Supplements > Digestive Supplements > Colon Cleanses,Rug,"amazon-parent-b0fgdcsg3y, classroom, doormat, home-decor, modern, personalized, rectangular, rug, teacher",false,Choose Your Option,"Blank Doormat, No Custom",,Pick Up Size,"24""x16"" (40x60 cm)",,,,,AMZ-RUG-B0FGDCHS75-1,0.0,,0,deny,manual,21.90,29.20,true,false,,,,,,https://cdn.shopify.com/s/files/1/1023/0068/0561/files/119e648feb3fb0531d943ed13b4b7e0e97689ce0ec5eda3c7a5f4bea4e51a7f1.jpg?v=1789094585,1,"Personalized Teacher Welcome Door Mat with Name, Composition Notebook Style, Perfect Classroom Decor & Back to School Gift for Teachers (Colorful Class #1)",false,,"Modern personalized polyester doormat for classroom entrances, featuring a non-slip backing for both indoor and outdoor use.",525,,,,,,,,,,,B0FGDCSG3Y,,,,,lb,,,draft
personalized-flower-star-school-retro-whimsical-welcome-door-mat,,,,,,,,,"Blank Doormat, No Custom",,,"32""x20"" (50x80 cm) - BEST SELLING",,,,,AMZ-RUG-B0FGDCHS75-2,0.0,,0,deny,manual,30.90,41.20,true,false,,,,,,https://cdn.shopify.com/s/files/1/1023/0068/0561/files/70dc24359bdcf70e0e51ed3935b9ab3b67c87e3741b363c92ae155247bd96591.jpg?v=1789094585,2,"Personalized Teacher Welcome Door Mat with Name, Composition Notebook Style, Perfect Classroom Decor & Back to School Gift for Teachers (Colorful Class #1)",,,,,,,,,,,,,,,,,,,,lb,,,
personalized-flower-star-school-retro-whimsical-welcome-door-mat,,,,,,,,,"Blank Doormat, No Custom",,,"36""x24"" (60x90 cm)",,,,,AMZ-RUG-B0FGDCHS75-3,0.0,,0,deny,manual,34.90,46.53,true,false,,,,,,https://cdn.shopify.com/s/files/1/1023/0068/0561/files/5cdbf3ce71ea228eb1cfdfe1a4f7a949c8040ffbb3b02294e54cdf39fa6f4ac7.jpg?v=1789094585,3,"Personalized Teacher Welcome Door Mat with Name, Composition Notebook Style, Perfect Classroom Decor & Back to School Gift for Teachers (Colorful Class #1)",,,,,,,,,,,,,,,,,,,,lb,,,
personalized-flower-star-school-retro-whimsical-welcome-door-mat,,,,,,,,,Customized Doormat,,,"24""x16"" (40x60 cm)",,,,,AMZ-RUG-B0FGDCHS75-4,0.0,,0,deny,manual,28.90,38.53,true,false,,,,,,https://cdn.shopify.com/s/files/1/1023/0068/0561/files/47426006c80b87bcacfc3f79327018175988a81f21d796d1c6cc75c86f27ed4a.jpg?v=1789094585,4,"Personalized Teacher Welcome Door Mat with Name, Composition Notebook Style, Perfect Classroom Decor & Back to School Gift for Teachers (Colorful Class #1)",,,,,,,,,,,,,,,,,,,,lb,,,
personalized-flower-star-school-retro-whimsical-welcome-door-mat,,,,,,,,,Customized Doormat,,,"32""x20"" (50x80 cm) - BEST SELLING",,,,,AMZ-RUG-B0FGDCHS75-5,0.0,,0,deny,manual,37.90,50.53,true,false,,,,,,https://cdn.shopify.com/s/files/1/1023/0068/0561/files/e6cb1d4bd2df7ffc08c79a5142ed52e6a8d1391b954e846e42053d0aac4521fd.jpg?v=1789094585,5,"Personalized Teacher Welcome Door Mat with Name, Composition Notebook Style, Perfect Classroom Decor & Back to School Gift for Teachers (Colorful Class #1)",,,,,,,,,,,,,,,,,,,,lb,,,
personalized-flower-star-school-retro-whimsical-welcome-door-mat,,,,,,,,,Customized Doormat,,,"36""x24"" (60x90 cm)",,,,,AMZ-RUG-B0FGDCHS75-6,0.0,,0,deny,manual,41.90,55.87,true,false,,,,,,https://cdn.shopify.com/s/files/1/1023/0068/0561/files/fd061a7abd1824337c968f59b3f7fa97cec962087af1b04b5fea1f6ce16b5c32.jpg?v=1789094585,6,"Personalized Teacher Welcome Door Mat with Name, Composition Notebook Style, Perfect Classroom Decor & Back to School Gift for Teachers (Colorful Class #1)",,,,,,,,,,,,,,,,,,,,lb,,,
personalized-in-this-classroom-inspirational-text-doormat,Personalized In This Classroom Inspirational Text Doormat,"<p>This personalized doormat offers a warm welcome to any classroom or learning space. Designed with a composition notebook style, it adds a unique and cheerful touch while also serving as a functional piece of decor. Its primary use is to greet students and guests, providing a personalized and inviting atmosphere.</p><h3>Product Highlights</h3><ul><li>Personalize with the teacher's name for a unique classroom touch.</li><li>Thoughtful gift for teachers for various occasions.</li><li>Soft and durable non-woven fabric top with non-slip backing.</li><li>Effectively dries wet feet and traps dirt to keep floors clean.</li><li>Versatile for both indoor and outdoor use in classrooms, entryways, and RVs.</li><li>Washable and easy to clean with mild liquid soap.</li></ul><h3>Specifications</h3><table border=""1"" cellpadding=""6"" style=""border-collapse:collapse;width:100%""><tr><th align=""left"" width=""35%"">Attribute</th><th align=""left"">Value</th></tr><tr><td>Rug Form</td><td>Doormat</td></tr><tr><td>Item Shape</td><td>Rectangular</td></tr><tr><td>Weave Type</td><td>Machine Made</td></tr><tr><td>Pile Height</td><td>Low Pile</td></tr><tr><td>Construction Type</td><td>Machine Made</td></tr><tr><td>Indoor/Outdoor Usage</td><td>Both</td></tr><tr><td>Water Resistance</td><td>Water Resistant</td></tr><tr><td>Pattern</td><td>Composition Notebook Style</td></tr><tr><td>Style</td><td>Modern</td></tr><tr><td>Number of Pieces</td><td>1</td></tr></table><h3>Material &amp; Care</h3><table border=""1"" cellpadding=""6"" style=""border-collapse:collapse;width:100%""><tr><th align=""left"" width=""35%"">Item</th><th align=""left"">Detail</th></tr><tr><td>Material Type</td><td>Polyester</td></tr><tr><td>Backing Material</td><td>High-quality Epoxy</td></tr><tr><td>Care Instructions</td><td>Hose down or sponge clean with mild liquid soap; avoid bleaching; air dry.</td></tr></table><h3>Where It Works</h3><p>This doormat is suitable for classrooms, entryways, and RVs, offering a welcoming touch. It can be used in both indoor and outdoor settings to enhance the space.</p>",CHILLGEN,Services > Building & Construction Services > Outdoor Construction,Rug,"amazon-parent-b0fgdcsg3y, classroom, doormat, home-decor, low-pile, modern, personalized, rectangular, rug",false,Choose Your Option,"Blank Doormat, No Custom",,Pick Up Size,"24""x16"" (40x60 cm)",,,,,AMZ-RUG-B0FGDC1Q5D-1,0.0,,0,deny,manual,21.90,29.20,true,false,,,,,,https://cdn.shopify.com/s/files/1/1023/0068/0561/files/e2b34c25116bca30aef3aa28a11c1b6c8d076feb7ebf53d98d2b541983983bb6.jpg?v=1789094625,1,"Personalized Teacher Welcome Door Mat with Name, Composition Notebook Style, Perfect Classroom Decor & Back to School Gift for Teachers (in This Classroom #1)",false,,"This modern doormat, made from polyester, offers personalized charm with its non-slip backing, perfect for classroom entryways.",,,,,,,,,,,,B0FGDCSG3Y,,,,,lb,,,draft
personalized-in-this-classroom-inspirational-text-doormat,,,,,,,,,"Blank Doormat, No Custom",,,"32""x20"" (50x80 cm) - BEST SELLING",,,,,AMZ-RUG-B0FGDC1Q5D-2,0.0,,0,deny,manual,30.90,41.20,true,false,,,,,,https://cdn.shopify.com/s/files/1/1023/0068/0561/files/57ef10172c3e3fa081ec0ef1bf16fb925239ffe56fb845d830a7ad3fac5fe203.jpg?v=1789094625,2,"Personalized Teacher Welcome Door Mat with Name, Composition Notebook Style, Perfect Classroom Decor & Back to School Gift for Teachers (in This Classroom #1)",,,,,,,,,,,,,,,,,,,,lb,,,
personalized-in-this-classroom-inspirational-text-doormat,,,,,,,,,"Blank Doormat, No Custom",,,"36""x24"" (60x90 cm)",,,,,AMZ-RUG-B0FGDC1Q5D-3,0.0,,0,deny,manual,34.90,46.53,true,false,,,,,,https://cdn.shopify.com/s/files/1/1023/0068/0561/files/75be85a4c5012e2012b99bb3e8257132ef14f5b09cb63d8e5596ab16d328555e.jpg?v=1789094625,3,"Personalized Teacher Welcome Door Mat with Name, Composition Notebook Style, Perfect Classroom Decor & Back to School Gift for Teachers (in This Classroom #1)",,,,,,,,,,,,,,,,,,,,lb,,,
personalized-in-this-classroom-inspirational-text-doormat,,,,,,,,,Customized Doormat,,,"24""x16"" (40x60 cm)",,,,,AMZ-RUG-B0FGDC1Q5D-4,0.0,,0,deny,manual,28.90,38.53,true,false,,,,,,https://cdn.shopify.com/s/files/1/1023/0068/0561/files/da1f9512a23d70360c457a2e3ed9b1fbd86787103918af26988f3752134e14a6.jpg?v=1789094625,4,"Personalized Teacher Welcome Door Mat with Name, Composition Notebook Style, Perfect Classroom Decor & Back to School Gift for Teachers (in This Classroom #1)",,,,,,,,,,,,,,,,,,,,lb,,,
personalized-in-this-classroom-inspirational-text-doormat,,,,,,,,,Customized Doormat,,,"32""x20"" (50x80 cm) - BEST SELLING",,,,,AMZ-RUG-B0FGDC1Q5D-5,0.0,,0,deny,manual,37.90,50.53,true,false,,,,,,https://cdn.shopify.com/s/files/1/1023/0068/0561/files/e02a9c9e6bc31706b795d7dd2fabb3adcf03f99fb2348994887fe13557bad32a.jpg?v=1789094625,5,"Personalized Teacher Welcome Door Mat with Name, Composition Notebook Style, Perfect Classroom Decor & Back to School Gift for Teachers (in This Classroom #1)",,,,,,,,,,,,,,,,,,,,lb,,,
personalized-in-this-classroom-inspirational-text-doormat,,,,,,,,,Customized Doormat,,,"36""x24"" (60x90 cm)",,,,,AMZ-RUG-B0FGDC1Q5D-6,0.0,,0,deny,manual,41.90,55.87,true,false,,,,,,https://cdn.shopify.com/s/files/1/1023/0068/0561/files/6a8623c4266bcfbc9e6881a3ee7dcc58717196f47b5b0c72d1dddbb70e5a204a.jpg?v=1789094625,6,"Personalized Teacher Welcome Door Mat with Name, Composition Notebook Style, Perfect Classroom Decor & Back to School Gift for Teachers (in This Classroom #1)",,,,,,,,,,,,,,,,,,,,lb,,,
personalized-flower-star-classroom-nature-rug,Personalized Flower Star classroom / nature Rug,"<p>This personalized teacher welcome doormat is designed to create a warm and inviting atmosphere for any classroom. Featuring a composition notebook style, it offers a special touch with customization options for a teacher's name. It serves as a thoughtful accent, perfect for enhancing classroom decor and welcoming students.</p><h3>Product Highlights</h3><ul><li>Personalizable with a teacher's name for a unique classroom entrance.</li><li>Made from soft, durable non-woven fabric with a neoprene rubber non-slip backing.</li><li>Effectively dries wet feet and traps dirt, dust, and grime to keep floors clean.</li><li>Suitable for both indoor and outdoor use in various settings.</li><li>Washable and easy to maintain with mild liquid soap.</li></ul><h3>Specifications</h3><table border=""1"" cellpadding=""6"" style=""border-collapse:collapse;width:100%""><tr><th align=""left"" width=""35%"">Attribute</th><th align=""left"">Value</th></tr><tr><td>Rug Form</td><td>Doormat</td></tr><tr><td>Item Shape</td><td>Rectangular</td></tr><tr><td>Weave Type</td><td>Machine Made</td></tr><tr><td>Pile Height</td><td>Low Pile</td></tr><tr><td>Construction Type</td><td>Machine Made</td></tr><tr><td>Indoor/Outdoor Usage</td><td>Both</td></tr><tr><td>Room Type</td><td>Classroom</td></tr><tr><td>Water Resistance</td><td>Water Resistant</td></tr><tr><td>Special Features</td><td>Personalized</td></tr><tr><td>Pattern</td><td>Composition Notebook Style</td></tr><tr><td>Theme</td><td>Teacher, Back to School</td></tr><tr><td>Style</td><td>Modern</td></tr><tr><td>Number of Pieces</td><td>1</td></tr></table><h3>Material &amp; Care</h3><table border=""1"" cellpadding=""6"" style=""border-collapse:collapse;width:100%""><tr><th align=""left"" width=""35%"">Item</th><th align=""left"">Detail</th></tr><tr><td>Material Type</td><td>Polyester</td></tr><tr><td>Backing Material</td><td>High-quality Epoxy, Neoprene Rubber</td></tr><tr><td>Surface/Feel</td><td>Soft non-woven fabric top</td></tr><tr><td>Care Instructions</td><td>Avoid bleaching</td></tr><tr><td>Cleaning Method</td><td>Hose down, sponge clean with mild liquid soap</td></tr><tr><td>Drying</td><td>Air dry</td></tr></table><h3>Where It Works</h3><p>This doormat is ideal for classrooms, entryways, and RVs. It provides a welcoming touch for teachers' spaces, reading corners, or learning environments.</p>",CHILLGEN,Home & Garden > Kitchen & Dining > Food & Beverage Carriers > Growlers,Rug,"amazon-parent-b0fgdcsg3y, classroom, doormat, home-decor, modern, personalized, rectangular, rug, teacher",false,Choose Your Option,"Blank Doormat, No Custom",,Pick Up Size,"24""x16"" (40x60 cm)",,,,,AMZ-RUG-B0FGDCXS16-1,0.0,,0,deny,manual,21.90,29.20,true,false,,,,,,https://cdn.shopify.com/s/files/1/1023/0068/0561/files/ce789c67929164693ded10f112f39ee110b3f0ece66a43baa3f852e085af1798.jpg?v=1789094631,1,"Personalized Teacher Welcome Door Mat with Name, Composition Notebook Style, Perfect Classroom Decor & Back to School Gift for Teachers (Little Minds Grow Here #2)",false,,"This modern composition notebook style doormat is personalized for teachers, featuring a non-slip backing for classrooms and entryways.",2920,,,,,,,,,,,B0FGDCSG3Y,,,,,lb,,,draft
personalized-flower-star-classroom-nature-rug,,,,,,,,,"Blank Doormat, No Custom",,,"32""x20"" (50x80 cm) - BEST SELLING",,,,,AMZ-RUG-B0FGDCXS16-2,0.0,,0,deny,manual,30.90,41.20,true,false,,,,,,https://cdn.shopify.com/s/files/1/1023/0068/0561/files/bdbedd18f1ae102b88fb4676ac68900636210c9248421be8f8703287a50a5603.jpg?v=1789094631,2,"Personalized Teacher Welcome Door Mat with Name, Composition Notebook Style, Perfect Classroom Decor & Back to School Gift for Teachers (Little Minds Grow Here #2)",,,,,,,,,,,,,,,,,,,,lb,,,
personalized-flower-star-classroom-nature-rug,,,,,,,,,"Blank Doormat, No Custom",,,"36""x24"" (60x90 cm)",,,,,AMZ-RUG-B0FGDCXS16-3,0.0,,0,deny,manual,34.90,46.53,true,false,,,,,,https://cdn.shopify.com/s/files/1/1023/0068/0561/files/c33a990968aaf6107910e8ff34a0a272f5df4b1ecbdd21f82d4275b446bdcc0a.jpg?v=1789094631,3,"Personalized Teacher Welcome Door Mat with Name, Composition Notebook Style, Perfect Classroom Decor & Back to School Gift for Teachers (Little Minds Grow Here #2)",,,,,,,,,,,,,,,,,,,,lb,,,
personalized-flower-star-classroom-nature-rug,,,,,,,,,Customized Doormat,,,"24""x16"" (40x60 cm)",,,,,AMZ-RUG-B0FGDCXS16-4,0.0,,0,deny,manual,28.90,38.53,true,false,,,,,,https://cdn.shopify.com/s/files/1/1023/0068/0561/files/cff732b18df1648113e4ceb6668a1603c21192ac98f234941446d3dfa5e23972.jpg?v=1789094631,4,"Personalized Teacher Welcome Door Mat with Name, Composition Notebook Style, Perfect Classroom Decor & Back to School Gift for Teachers (Little Minds Grow Here #2)",,,,,,,,,,,,,,,,,,,,lb,,,
personalized-flower-star-classroom-nature-rug,,,,,,,,,Customized Doormat,,,"32""x20"" (50x80 cm) - BEST SELLING",,,,,AMZ-RUG-B0FGDCXS16-5,0.0,,0,deny,manual,37.90,50.53,true,false,,,,,,https://cdn.shopify.com/s/files/1/1023/0068/0561/files/cd9d54d0f6fc01573798154aecd3042d5df4f3e26c4666b56de82f7c01f3ed3f.jpg?v=1789094631,5,"Personalized Teacher Welcome Door Mat with Name, Composition Notebook Style, Perfect Classroom Decor & Back to School Gift for Teachers (Little Minds Grow Here #2)",,,,,,,,,,,,,,,,,,,,lb,,,
personalized-flower-star-classroom-nature-rug,,,,,,,,,Customized Doormat,,,"36""x24"" (60x90 cm)",,,,,AMZ-RUG-B0FGDCXS16-6,0.0,,0,deny,manual,41.90,55.87,true,false,,,,,,https://cdn.shopify.com/s/files/1/1023/0068/0561/files/60262cf64074db0baca0c5dc51f25fdf6ca47d4e7af3c1e220bd67628d24e08a.jpg?v=1789094631,6,"Personalized Teacher Welcome Door Mat with Name, Composition Notebook Style, Perfect Classroom Decor & Back to School Gift for Teachers (Little Minds Grow Here #2)",,,,,,,,,,,,,,,,,,,,lb,,,
personalized-text-books-and-flowers-classroom-inspiration-doormat,Personalized Text books and flowers classroom inspiration Doormat,"<p>This personalized doormat is designed to create a warm and inviting atmosphere, perfect for welcoming students into any classroom. Featuring a composition notebook style, this doormat offers a unique touch that is both charming and functional. It serves as a special decorative element and helps keep spaces clean.</p><h3>Product Highlights</h3><ul><li>Personalize with a teacher's name for a unique touch.</li><li>Soft and durable non-woven fabric top.</li><li>Neoprene rubber non-slip backing for stability.</li><li>Effectively traps dirt, dust, and grime.</li><li>Suitable for both indoor and outdoor use.</li><li>Washable and easy to clean.</li></ul><h3>Specifications</h3><table border=""1"" cellpadding=""6"" style=""border-collapse:collapse;width:100%""><tr><th align=""left"" width=""35%"">Attribute</th><th align=""left"">Value</th></tr><tr><td>Rug Form</td><td>Doormat</td></tr><tr><td>Item Shape</td><td>Rectangular</td></tr><tr><td>Weave Type</td><td>Machine Made</td></tr><tr><td>Pile Height</td><td>Low Pile</td></tr><tr><td>Construction Type</td><td>Machine Made</td></tr><tr><td>Indoor/Outdoor Usage</td><td>Both</td></tr><tr><td>Water Resistance</td><td>Water Resistant</td></tr><tr><td>Pattern</td><td>Composition Notebook Style</td></tr><tr><td>Theme</td><td>Classroom</td></tr><tr><td>Style</td><td>Modern</td></tr><tr><td>Number of Pieces</td><td>1</td></tr><tr><td>Text Input</td><td>1 text input</td></tr></table><h3>Material &amp; Care</h3><table border=""1"" cellpadding=""6"" style=""border-collapse:collapse;width:100%""><tr><th align=""left"" width=""35%"">Item</th><th align=""left"">Detail</th></tr><tr><td>Material Type</td><td>Polyester</td></tr><tr><td>Backing Material</td><td>High-quality Epoxy</td></tr><tr><td>Care Instructions</td><td>Avoid bleaching</td></tr><tr><td>Cleaning Method</td><td>Hose down or sponge clean with mild liquid soap</td></tr><tr><td>Drying</td><td>Air dry</td></tr></table><h3>Where It Works</h3><p>This versatile doormat is ideal for classrooms, entryways, and RVs, making it suitable for various indoor and outdoor settings. Its design complements educational environments and can also enhance other welcoming spaces.</p>",CHILLGEN,Services > Building & Construction Services > Outdoor Construction,Rug,"amazon-parent-b0fgdcsg3y, classroom, doormat, home-decor, low-pile, modern, personalized, rectangular, rug",false,Choose Your Option,"Blank Doormat, No Custom",,Pick Up Size,"24""x16"" (40x60 cm)",,,,,AMZ-RUG-B0H8DJSCCT-1,0.0,,0,deny,manual,21.90,29.20,true,false,,,,,,https://cdn.shopify.com/s/files/1/1023/0068/0561/files/7fa2c658fec45dfe1cd26c79ab42f944b680c51cf33dc86707865e2c8af9cf4c.jpg?v=1789094639,1,"Personalized Teacher Welcome Door Mat with Name, Composition Notebook Style, Perfect Classroom Decor & Back to School Gift for Teachers (You are)",false,,"This modern doormat, featuring a composition notebook style, is personalized and has a non-slip backing, ideal for classrooms and entryways.",,,,,,,,,,,,B0FGDCSG3Y,,,,,lb,,,draft
personalized-text-books-and-flowers-classroom-inspiration-doormat,,,,,,,,,"Blank Doormat, No Custom",,,"32""x20"" (50x80 cm) - BEST SELLING",,,,,AMZ-RUG-B0H8DJSCCT-2,0.0,,0,deny,manual,30.90,41.20,true,false,,,,,,https://cdn.shopify.com/s/files/1/1023/0068/0561/files/a9d8e71ec7a86590178002946664011593fec0ebcead621741e4c3f5d50a5b69.jpg?v=1789094639,2,"Personalized Teacher Welcome Door Mat with Name, Composition Notebook Style, Perfect Classroom Decor & Back to School Gift for Teachers (You are)",,,,,,,,,,,,,,,,,,,,lb,,,
personalized-text-books-and-flowers-classroom-inspiration-doormat,,,,,,,,,"Blank Doormat, No Custom",,,"36""x24"" (60x90 cm)",,,,,AMZ-RUG-B0H8DJSCCT-3,0.0,,0,deny,manual,34.90,46.53,true,false,,,,,,https://cdn.shopify.com/s/files/1/1023/0068/0561/files/30038980ef4b72f488882b1b7006cec6d080a3fb45825c94801e8bd21d533c7f.jpg?v=1789094639,3,"Personalized Teacher Welcome Door Mat with Name, Composition Notebook Style, Perfect Classroom Decor & Back to School Gift for Teachers (You are)",,,,,,,,,,,,,,,,,,,,lb,,,
personalized-text-books-and-flowers-classroom-inspiration-doormat,,,,,,,,,Customized Doormat,,,"24""x16"" (40x60 cm)",,,,,AMZ-RUG-B0H8DJSCCT-4,0.0,,0,deny,manual,28.90,38.53,true,false,,,,,,https://cdn.shopify.com/s/files/1/1023/0068/0561/files/479c4101c46f954c04e7b881482a9b0abbf21d6de1a5798b86a72b3f4c5407f4.jpg?v=1789094639,4,"Personalized Teacher Welcome Door Mat with Name, Composition Notebook Style, Perfect Classroom Decor & Back to School Gift for Teachers (You are)",,,,,,,,,,,,,,,,,,,,lb,,,
personalized-text-books-and-flowers-classroom-inspiration-doormat,,,,,,,,,Customized Doormat,,,"32""x20"" (50x80 cm) - BEST SELLING",,,,,AMZ-RUG-B0H8DJSCCT-5,0.0,,0,deny,manual,37.90,50.53,true,false,,,,,,https://cdn.shopify.com/s/files/1/1023/0068/0561/files/29c3b1056ee8eda93e88b88ad26e93f86666ed90e62a8a04543e676483844734.jpg?v=1789094639,5,"Personalized Teacher Welcome Door Mat with Name, Composition Notebook Style, Perfect Classroom Decor & Back to School Gift for Teachers (You are)",,,,,,,,,,,,,,,,,,,,lb,,,
personalized-text-books-and-flowers-classroom-inspiration-doormat,,,,,,,,,Customized Doormat,,,"36""x24"" (60x90 cm)",,,,,AMZ-RUG-B0H8DJSCCT-6,0.0,,0,deny,manual,41.90,55.87,true,false,,,,,,https://cdn.shopify.com/s/files/1/1023/0068/0561/files/6e210604321b80c1d9c95d8561c6335cf83d89849bdea9ddf081ccccf2f8fcc9.jpg?v=1789094639,6,"Personalized Teacher Welcome Door Mat with Name, Composition Notebook Style, Perfect Classroom Decor & Back to School Gift for Teachers (You are)",,,,,,,,,,,,,,,,,,,,lb,,,
personalized-colorful-composition-notebook-teacher-door-mat,Personalized Colorful Composition Notebook Teacher Door Mat,"<p>🖊️ PERSONALIZED CLASSROOM DOORMAT: Make your classroom feel extra special by personalizing this doormat with the teacher’s name. Click “CUSTOMIZE” to enter your details and place your order!, 🎁 PERFECT BACK-TO-SCHOOL GIFT: A thoughtful and unique gift for teachers, ideal for welcoming students back to school, celebrating the first day, birthdays, Christmas, or Thanksgiving. Customizable with the teacher’s name., 🌟 HIGH-QUALITY MATERIAL: Soft and durable non-woven fabric top that’s heat-resistant, with a neoprene rubber non-slip backing. Effectively dries wet feet, and traps dirt, dust, and grime to keep your floors clean., 📏 IDEAL FOR CLASSROOM: Available in four sizes: 16x24 inches, 18x30 inches, 19x32 inches, and 24x36 inches. Perfect for both indoor and outdoor use, making it a versatile addition to classrooms, entryways, and RVs., 🧼 EASY TO MAINTAIN: The doormat is washable and easy to clean. Simply hose it down or sponge clean with mild liquid soap. Avoid bleaching and let it air dry for long-lasting use.</p>",CHILLGEN,Health & Beauty > Health Care > Fitness & Nutrition > Vitamins & Supplements > Digestive Supplements > Colon Cleanses,Rug,"amazon-parent-b0fgdcsg3y, classroom, doormat, home-decor, indoor-outdoor, modern, personalized, rectangular, rug",false,Choose Your Option,"Blank Doormat, No Custom",,Pick Up Size,"24""x16"" (40x60 cm)",,,,,AMZ-RUG-B0FGDDJYMS-1,0.0,,0,deny,manual,21.90,29.20,true,false,,,,,,https://cdn.shopify.com/s/files/1/1023/0068/0561/files/c26450bd685e88db70c89e96af2e4faf923ddeeb3bd073d4265e0e6a9d8c00b7.jpg?v=1789094673,1,"Personalized Teacher Welcome Door Mat with Name, Composition Notebook Style, Perfect Classroom Decor & Back to School Gift for Teachers (Colorful Class #3)",false,,"Personalized Teacher Welcome Door Mat with Name, Composition Notebook Style, Perfect Classroom Decor & Back to School Gift for Teachers (Colorful Class #3)",525,,,,,,,,,,,B0FGDCSG3Y,,,,,lb,,,draft
personalized-colorful-composition-notebook-teacher-door-mat,,,,,,,,,"Blank Doormat, No Custom",,,"32""x20"" (50x80 cm) - BEST SELLING",,,,,AMZ-RUG-B0FGDDJYMS-2,0.0,,0,deny,manual,30.90,41.20,true,false,,,,,,https://cdn.shopify.com/s/files/1/1023/0068/0561/files/acad622c61e4782a604593c8bc997807367ac1e641919840e3a0fe0744d88808.jpg?v=1789094673,2,"Personalized Teacher Welcome Door Mat with Name, Composition Notebook Style, Perfect Classroom Decor & Back to School Gift for Teachers (Colorful Class #3)",,,,,,,,,,,,,,,,,,,,lb,,,
personalized-colorful-composition-notebook-teacher-door-mat,,,,,,,,,"Blank Doormat, No Custom",,,"36""x24"" (60x90 cm)",,,,,AMZ-RUG-B0FGDDJYMS-3,0.0,,0,deny,manual,34.90,46.53,true,false,,,,,,https://cdn.shopify.com/s/files/1/1023/0068/0561/files/b98f415e0bbdd5352045456adda7cb6d8b4d29d9f845558d9677318e57cb71c2.jpg?v=1789094673,3,"Personalized Teacher Welcome Door Mat with Name, Composition Notebook Style, Perfect Classroom Decor & Back to School Gift for Teachers (Colorful Class #3)",,,,,,,,,,,,,,,,,,,,lb,,,
personalized-colorful-composition-notebook-teacher-door-mat,,,,,,,,,Customized Doormat,,,"24""x16"" (40x60 cm)",,,,,AMZ-RUG-B0FGDDJYMS-4,0.0,,0,deny,manual,28.90,38.53,true,false,,,,,,https://cdn.shopify.com/s/files/1/1023/0068/0561/files/3ee68e28cdeaec9489879c0962a6b830097bfcf31ef4740197191477310556fa.jpg?v=1789094673,4,"Personalized Teacher Welcome Door Mat with Name, Composition Notebook Style, Perfect Classroom Decor & Back to School Gift for Teachers (Colorful Class #3)",,,,,,,,,,,,,,,,,,,,lb,,,
personalized-colorful-composition-notebook-teacher-door-mat,,,,,,,,,Customized Doormat,,,"32""x20"" (50x80 cm) - BEST SELLING",,,,,AMZ-RUG-B0FGDDJYMS-5,0.0,,0,deny,manual,37.90,50.53,true,false,,,,,,https://cdn.shopify.com/s/files/1/1023/0068/0561/files/1fc6d86364fcf400c4f50e891d21954fce05251ed59a8743922f8f0473358756.jpg?v=1789094673,5,"Personalized Teacher Welcome Door Mat with Name, Composition Notebook Style, Perfect Classroom Decor & Back to School Gift for Teachers (Colorful Class #3)",,,,,,,,,,,,,,,,,,,,lb,,,
personalized-colorful-composition-notebook-teacher-door-mat,,,,,,,,,Customized Doormat,,,"36""x24"" (60x90 cm)",,,,,AMZ-RUG-B0FGDDJYMS-6,0.0,,0,deny,manual,41.90,55.87,true,false,,,,,,https://cdn.shopify.com/s/files/1/1023/0068/0561/files/1d1a896042bd7c23653f6178265783048e6f2de6da5490201f24eece3be3787e.jpg?v=1789094673,6,"Personalized Teacher Welcome Door Mat with Name, Composition Notebook Style, Perfect Classroom Decor & Back to School Gift for Teachers (Colorful Class #3)",,,,,,,,,,,,,,,,,,,,lb,,,
personalized-rainbow-butterfly-stained-glass-garden-doormat,Personalized Rainbow Butterfly Stained Glass Garden Doormat,"<p>This Pride Rainbow Doormat offers a vibrant and welcoming touch to any home. Featuring colorful artwork inspired by inclusivity, love, and positivity, it adds personality and warmth to your decor. Designed for everyday use, this decorative floor mat is perfect for creating a cozy and inviting atmosphere.</p><h3>Product Highlights</h3><ul><li>Features a bright and colorful Pride design with rainbow artwork.</li><li>Soft and durable material ensures everyday comfort and lasting print.</li><li>Adds personality and warmth to home decor with its vivid design.</li><li>Suitable for both indoor and outdoor spaces.</li><li>Perfect for creating an inclusive home aesthetic.</li></ul><h3>Specifications</h3><table border=""1"" cellpadding=""6"" style=""border-collapse:collapse;width:100%""><tr><th align=""left"" width=""35%"">Attribute</th><th align=""left"">Value</th></tr><tr><td>Rug Form</td><td>Doormat</td></tr><tr><td>Item Shape</td><td>Rectangular</td></tr><tr><td>Weave Type</td><td>Flat Woven</td></tr><tr><td>Pile Height</td><td>Low Pile</td></tr><tr><td>Construction Type</td><td>Machine Made</td></tr><tr><td>Indoor/Outdoor Usage</td><td>Both</td></tr><tr><td>Room Type</td><td>Porch</td></tr><tr><td>Pattern</td><td>rainbow</td></tr><tr><td>Theme</td><td>Rainbow</td></tr><tr><td>Style</td><td>Modern</td></tr><tr><td>Text Input</td><td>1 text input</td></tr></table><h3>Material &amp; Care</h3><table border=""1"" cellpadding=""6"" style=""border-collapse:collapse;width:100%""><tr><th align=""left"" width=""35%"">Item</th><th align=""left"">Detail</th></tr><tr><td>Material Type</td><td>Polyester</td></tr><tr><td>Backing Material</td><td>Rubber</td></tr></table><h3>Where It Works</h3><p>This versatile doormat is ideal for front doors, entryways, patios, porches, apartments, dorms, classrooms, offices, and other indoor or outdoor spaces. It helps create a warm and inviting atmosphere for guests and family alike.</p>",CHILLGEN,Home & Garden > Decor > Bird & Wildlife Houses > Butterfly Houses,Rug,"amazon-parent-b0h1wpbzvb, doormat, flat-woven, home-decor, indoor-outdoor, modern, rainbow, rectangular, rug",false,Choose Produt Size,20x14 Inches-Mini size,,,,,,,,AMZ-RUG-B0H1WJ96LR-1,0.0,,0,deny,manual,21.90,27.38,true,false,,,,,,https://cdn.shopify.com/s/files/1/1023/0068/0561/files/89fd9dbdeb65d2147a62e151e1491eabf858d1335159f436591345bcedd4059f.jpg?v=1789095445,1,Personalized Rainbow Butterfly Stained Glass Garden Doormat,false,,This modern rainbow doormat features a vibrant Pride design and is suitable for both indoor and outdoor spaces.,500080,,,,,,,,,,,B0H1WPBZVB,,,,,lb,,,draft
personalized-rainbow-butterfly-stained-glass-garden-doormat,,,,,,,,,24x16 Inches (40x60 cm),,,,,,,,AMZ-RUG-B0H1WJ96LR-2,0.0,,0,deny,manual,25.90,32.38,true,false,,,,,,https://cdn.shopify.com/s/files/1/1023/0068/0561/files/33e1cb7b67b0b4fb5ec62bcfc34b448fdaf4ebd746c461f659683210a2113091.jpg?v=1789095445,2,Personalized Rainbow Butterfly Stained Glass Garden Doormat,,,,,,,,,,,,,,,,,,,,lb,,,
personalized-rainbow-butterfly-stained-glass-garden-doormat,,,,,,,,,32x20 Inches (50x80 cm),,,,,,,,AMZ-RUG-B0H1WJ96LR-3,0.0,,0,deny,manual,27.90,34.88,true,false,,,,,,https://cdn.shopify.com/s/files/1/1023/0068/0561/files/8c1f8d9ef274ab2df7ae60120195f6f8d62b96e57fcc5af5a6f81d3d841bb235.jpg?v=1789095445,3,Personalized Rainbow Butterfly Stained Glass Garden Doormat,,,,,,,,,,,,,,,,,,,,lb,,,
personalized-rainbow-butterfly-stained-glass-garden-doormat,,,,,,,,,36x24 Inches (60x90cm),,,,,,,,AMZ-RUG-B0H1WJ96LR-4,0.0,,0,deny,manual,33.90,42.38,true,false,,,,,,https://cdn.shopify.com/s/files/1/1023/0068/0561/files/ca70e1738d5b01001a184e168a17c3a672b590844929f075e2550f9208c5f5ae.jpg?v=1789095445,4,Personalized Rainbow Butterfly Stained Glass Garden Doormat,,,,,,,,,,,,,,,,,,,,lb,,,
personalized-rainbow-butterfly-stained-glass-garden-doormat,,,,,,,,,,,,,,,,,,,,,,,,,,,,,,,,https://cdn.shopify.com/s/files/1/1023/0068/0561/files/dcbd83d10a55ffd97e7dd42cbaf0b85c4853f73c0e6a5fba8e75e662fcefc6b0.jpg?v=1789095445,5,Personalized Rainbow Butterfly Stained Glass Garden Doormat,,,,,,,,,,,,,,,,,,,,,,,
personalized-rainbow-butterfly-stained-glass-garden-doormat,,,,,,,,,,,,,,,,,,,,,,,,,,,,,,,,https://cdn.shopify.com/s/files/1/1023/0068/0561/files/c499b4af9c36f8d116bc363961058c5daf6dd15b788be691618f01004ae530b2.jpg?v=1789095445,6,Personalized Rainbow Butterfly Stained Glass Garden Doormat,,,,,,,,,,,,,,,,,,,,,,,
personalized-rainbow-butterfly-stained-glass-garden-doormat,,,,,,,,,,,,,,,,,,,,,,,,,,,,,,,,https://cdn.shopify.com/s/files/1/1023/0068/0561/files/fbdea96e9862a9c4285a1881743fe7a77d66c0d752ebb86d31f4e2a21d6dde16.jpg?v=1789095445,7,Personalized Rainbow Butterfly Stained Glass Garden Doormat,,,,,,,,,,,,,,,,,,,,,,,
personalized-rainbow-everyone-is-welcome-here-hands-doormat,Personalized Rainbow Everyone Is Welcome Here Hands Doormat,"<p>This vibrant Pride Rainbow Doormat adds a welcoming touch to any home with its colorful artwork. Featuring a cheerful aesthetic, it helps create a warm and inviting atmosphere. It is designed for everyday use, adding personality and positivity to your decor.</p><h3>Product Highlights</h3><ul><li>Features a bright and colorful Pride design with rainbow-inspired artwork.</li><li>Soft and durable material ensures a comfortable surface.</li><li>Suitable for both indoor and outdoor use.</li><li>Adds personality and warmth to home decor.</li><li>Perfect for creating a cozy and welcoming atmosphere.</li></ul><h3>Specifications</h3><table border=""1"" cellpadding=""6"" style=""border-collapse:collapse;width:100%""><tr><th align=""left"" width=""35%"">Attribute</th><th align=""left"">Value</th></tr><tr><td>Rug Form</td><td>Doormat</td></tr><tr><td>Item Shape</td><td>Rectangular</td></tr><tr><td>Weave Type</td><td>Flat Woven</td></tr><tr><td>Pile Height</td><td>Low Pile</td></tr><tr><td>Construction Type</td><td>Machine Made</td></tr><tr><td>Indoor/Outdoor Usage</td><td>Both</td></tr><tr><td>Room Type</td><td>Porch</td></tr><tr><td>Pattern</td><td>rainbow</td></tr><tr><td>Theme</td><td>Rainbow</td></tr><tr><td>Style</td><td>Modern</td></tr><tr><td>Special Features</td><td>Lightweight</td></tr><tr><td>Text</td><td>1 text input</td></tr></table><h3>Material &amp; Care</h3><table border=""1"" cellpadding=""6"" style=""border-collapse:collapse;width:100%""><tr><th align=""left"" width=""35%"">Item</th><th align=""left"">Detail</th></tr><tr><td>Material Type</td><td>Polyester</td></tr><tr><td>Backing Material</td><td>Rubber</td></tr></table><h3>Where It Works</h3><p>This doormat is suitable for entryways, patios, porches, apartments, dorms, classrooms, and offices. It can be used in both indoor and outdoor spaces to enhance your decor.</p>",CHILLGEN,Services > Building & Construction Services > Outdoor Construction,Rug,"amazon-parent-b0h1wpbzvb, doormat, home-decor, indoor-outdoor, modern, porch, rainbow, rectangular, rug",false,Choose Produt Size,20x14 Inches-Mini size,,,,,,,,AMZ-RUG-B0H1WJ2MVQ-1,0.0,,0,deny,manual,21.90,27.38,true,false,,,,,,https://cdn.shopify.com/s/files/1/1023/0068/0561/files/31bf7688bc02a93a13e47735424b76185ac1dc5d9248006acea3025d8f4c1e8a.jpg?v=1789095445,1,"Personalized Pride Rainbow Doormat, LGBTQ Welcome Mat, Inclusive Front Porch Decor, Colorful Entryway Rug, Indoor Outdoor Floor Mat (Welcome 2)",false,,"Modern rainbow doormat with a soft, durable surface, perfect for adding a welcoming touch to any porch or entryway.",,,,,,,,,,,,B0H1WPBZVB,,,,,lb,,,draft
personalized-rainbow-everyone-is-welcome-here-hands-doormat,,,,,,,,,24x16 Inches (40x60 cm),,,,,,,,AMZ-RUG-B0H1WJ2MVQ-2,0.0,,0,deny,manual,25.90,32.38,true,false,,,,,,https://cdn.shopify.com/s/files/1/1023/0068/0561/files/fa266db2ba735bd730c587215634ef1d1ce7e57d36bd1ca8d1768b876cd3e958.jpg?v=1789095445,2,"Personalized Pride Rainbow Doormat, LGBTQ Welcome Mat, Inclusive Front Porch Decor, Colorful Entryway Rug, Indoor Outdoor Floor Mat (Welcome 2)",,,,,,,,,,,,,,,,,,,,lb,,,
personalized-rainbow-everyone-is-welcome-here-hands-doormat,,,,,,,,,32x20 Inches (50x80 cm),,,,,,,,AMZ-RUG-B0H1WJ2MVQ-3,0.0,,0,deny,manual,27.90,34.88,true,false,,,,,,https://cdn.shopify.com/s/files/1/1023/0068/0561/files/201409f93f2d3c2a800bf0ea2f58518a14a593a8fe73bdd6c58b690033c7ee5a.jpg?v=1789095445,3,"Personalized Pride Rainbow Doormat, LGBTQ Welcome Mat, Inclusive Front Porch Decor, Colorful Entryway Rug, Indoor Outdoor Floor Mat (Welcome 2)",,,,,,,,,,,,,,,,,,,,lb,,,
personalized-rainbow-everyone-is-welcome-here-hands-doormat,,,,,,,,,36x24 Inches (60x90cm),,,,,,,,AMZ-RUG-B0H1WJ2MVQ-4,0.0,,0,deny,manual,33.90,42.38,true,false,,,,,,https://cdn.shopify.com/s/files/1/1023/0068/0561/files/d7f07ce58ca285ca7f27bbe6f6db20bef6cbd363ea2d38ba6c921f59e1839975.jpg?v=1789095446,4,"Personalized Pride Rainbow Doormat, LGBTQ Welcome Mat, Inclusive Front Porch Decor, Colorful Entryway Rug, Indoor Outdoor Floor Mat (Welcome 2)",,,,,,,,,,,,,,,,,,,,lb,,,
personalized-rainbow-everyone-is-welcome-here-hands-doormat,,,,,,,,,,,,,,,,,,,,,,,,,,,,,,,,https://cdn.shopify.com/s/files/1/1023/0068/0561/files/c36513fa01a94840cc100c8a317214d6c403b84e9da8ed796fc2ba6df60f85bf.jpg?v=1789095445,5,"Personalized Pride Rainbow Doormat, LGBTQ Welcome Mat, Inclusive Front Porch Decor, Colorful Entryway Rug, Indoor Outdoor Floor Mat (Welcome 2)",,,,,,,,,,,,,,,,,,,,,,,
personalized-rainbow-everyone-is-welcome-here-hands-doormat,,,,,,,,,,,,,,,,,,,,,,,,,,,,,,,,https://cdn.shopify.com/s/files/1/1023/0068/0561/files/86c8dadd707c0c01cbcd1f9ab2f971a09387f5f70bc2f6a119440692a6810808.jpg?v=1789095446,6,"Personalized Pride Rainbow Doormat, LGBTQ Welcome Mat, Inclusive Front Porch Decor, Colorful Entryway Rug, Indoor Outdoor Floor Mat (Welcome 2)",,,,,,,,,,,,,,,,,,,,,,,
personalized-rainbow-everyone-is-welcome-here-hands-doormat,,,,,,,,,,,,,,,,,,,,,,,,,,,,,,,,https://cdn.shopify.com/s/files/1/1023/0068/0561/files/e320f291b651172c9ad0bdd7de82a113436296db551dd3e285f268a51122c06b.jpg?v=1789095445,7,"Personalized Pride Rainbow Doormat, LGBTQ Welcome Mat, Inclusive Front Porch Decor, Colorful Entryway Rug, Indoor Outdoor Floor Mat (Welcome 2)",,,,,,,,,,,,,,,,,,,,,,,
personalized-rainbow-paw-print-love-is-doormat-pride-month-decor,"Personalized Rainbow Paw Print Love Is Doormat, Pride Month Decor","<p>This vibrant doormat celebrates love and inclusivity with a colorful rainbow design, adding a welcoming touch to any home. Its cheerful aesthetic helps create a warm and inviting atmosphere for guests, friends, and family. Designed for everyday use, this decorative floor mat brings personality and positivity to your decor.</p><h3>Product Highlights</h3><ul><li>Features a bright and colorful Pride design with rainbow artwork.</li><li>Soft and durable material ensures a comfortable surface and long-lasting print.</li><li>Adds a personalized touch to your space.</li><li>Suitable for both indoor and outdoor use.</li><li>Creates an inclusive home aesthetic for modern, boho, retro, or eclectic spaces.</li></ul><h3>Specifications</h3><table border=""1"" cellpadding=""6"" style=""border-collapse:collapse;width:100%""><tr><th align=""left"" width=""35%"">Attribute</th><th align=""left"">Value</th></tr><tr><td>Rug Form</td><td>Doormat</td></tr><tr><td>Item Shape</td><td>Rectangular</td></tr><tr><td>Weave Type</td><td>Flat Woven</td></tr><tr><td>Pile Height</td><td>Low Pile</td></tr><tr><td>Construction Type</td><td>Machine Made</td></tr><tr><td>Indoor/Outdoor Usage</td><td>Both</td></tr><tr><td>Room Type</td><td>Porch</td></tr><tr><td>Special Features</td><td>Lightweight</td></tr><tr><td>Pattern</td><td>rainbow</td></tr><tr><td>Theme</td><td>Rainbow</td></tr><tr><td>Style</td><td>Modern</td></tr><tr><td>Text Customization</td><td>1 text input</td></tr></table><h3>Material &amp; Care</h3><table border=""1"" cellpadding=""6"" style=""border-collapse:collapse;width:100%""><tr><th align=""left"" width=""35%"">Item</th><th align=""left"">Detail</th></tr><tr><td>Material Type</td><td>Polyester</td></tr><tr><td>Backing Material</td><td>Rubber</td></tr></table><h3>Where It Works</h3><p>This versatile doormat is perfect for entryways, patios, porches, apartments, dorms, classrooms, offices, and other indoor or outdoor spaces. It can be used to add a festive touch during Pride Month or as a thoughtful housewarming gift.</p>",CHILLGEN,Services > Building & Construction Services > Outdoor Construction,Rug,"amazon-parent-b0h1wpbzvb, doormat, home-decor, indoor-outdoor, modern, porch, rainbow, rectangular, rug",false,Choose Produt Size,20x14 Inches-Mini size,,,,,,,,AMZ-RUG-B0H1WLJDVC-1,0.0,,0,deny,manual,21.90,27.38,true,false,,,,,,https://cdn.shopify.com/s/files/1/1023/0068/0561/files/38c4eff98afaf81cd5d4ffb4cb96bc248942806579ea4a66360eb54be3bbae42.jpg?v=1789095446,1,"Personalized Pride Rainbow Doormat, LGBTQ Welcome Mat, Inclusive Front Porch Decor, Colorful Entryway Rug, Indoor Outdoor Floor Mat (Paw Theme)",false,,"Modern rainbow doormat with a colorful Pride design, perfect for brightening any indoor or outdoor entryway.",,,,,,,,,,,,B0H1WPBZVB,,,,,lb,,,draft
personalized-rainbow-paw-print-love-is-doormat-pride-month-decor,,,,,,,,,24x16 Inches (40x60 cm),,,,,,,,AMZ-RUG-B0H1WLJDVC-2,0.0,,0,deny,manual,25.90,32.38,true,false,,,,,,https://cdn.shopify.com/s/files/1/1023/0068/0561/files/11f934fa19a85373747ecfc223ff84d8bbfbabb2b2ff8c34fd689e36599ac4b5.jpg?v=1789095446,2,"Personalized Pride Rainbow Doormat, LGBTQ Welcome Mat, Inclusive Front Porch Decor, Colorful Entryway Rug, Indoor Outdoor Floor Mat (Paw Theme)",,,,,,,,,,,,,,,,,,,,lb,,,
personalized-rainbow-paw-print-love-is-doormat-pride-month-decor,,,,,,,,,32x20 Inches (50x80 cm),,,,,,,,AMZ-RUG-B0H1WLJDVC-3,0.0,,0,deny,manual,27.90,34.88,true,false,,,,,,https://cdn.shopify.com/s/files/1/1023/0068/0561/files/84bf86e0296df81370a78b5d8b53d89f135dab91052ddf2786a5d1c1b061bd63.jpg?v=1789095446,3,"Personalized Pride Rainbow Doormat, LGBTQ Welcome Mat, Inclusive Front Porch Decor, Colorful Entryway Rug, Indoor Outdoor Floor Mat (Paw Theme)",,,,,,,,,,,,,,,,,,,,lb,,,
personalized-rainbow-paw-print-love-is-doormat-pride-month-decor,,,,,,,,,36x24 Inches (60x90cm),,,,,,,,AMZ-RUG-B0H1WLJDVC-4,0.0,,0,deny,manual,33.90,42.38,true,false,,,,,,https://cdn.shopify.com/s/files/1/1023/0068/0561/files/285b4ed427fdab907741b2c287003f2b6f87552e0abc52ce78a8d29dc77dabc7.jpg?v=1789095446,4,"Personalized Pride Rainbow Doormat, LGBTQ Welcome Mat, Inclusive Front Porch Decor, Colorful Entryway Rug, Indoor Outdoor Floor Mat (Paw Theme)",,,,,,,,,,,,,,,,,,,,lb,,,
personalized-rainbow-paw-print-love-is-doormat-pride-month-decor,,,,,,,,,,,,,,,,,,,,,,,,,,,,,,,,https://cdn.shopify.com/s/files/1/1023/0068/0561/files/032b35432158a2353594bcbaf601e29119a7b4dd7369b97b9757db7b75d8ee2c.jpg?v=1789095446,5,"Personalized Pride Rainbow Doormat, LGBTQ Welcome Mat, Inclusive Front Porch Decor, Colorful Entryway Rug, Indoor Outdoor Floor Mat (Paw Theme)",,,,,,,,,,,,,,,,,,,,,,,
personalized-rainbow-paw-print-love-is-doormat-pride-month-decor,,,,,,,,,,,,,,,,,,,,,,,,,,,,,,,,https://cdn.shopify.com/s/files/1/1023/0068/0561/files/ea83f1e63956c9b52f458509ce2ba49d65fee0ded54d205518fc1a45e019412e.jpg?v=1789095446,6,"Personalized Pride Rainbow Doormat, LGBTQ Welcome Mat, Inclusive Front Porch Decor, Colorful Entryway Rug, Indoor Outdoor Floor Mat (Paw Theme)",,,,,,,,,,,,,,,,,,,,,,,
personalized-rainbow-paw-print-love-is-doormat-pride-month-decor,,,,,,,,,,,,,,,,,,,,,,,,,,,,,,,,https://cdn.shopify.com/s/files/1/1023/0068/0561/files/d490769561e79c1eca1fffd533410d04f06ccfad0a7c2fd8dc6322883278f54e.jpg?v=1789095446,7,"Personalized Pride Rainbow Doormat, LGBTQ Welcome Mat, Inclusive Front Porch Decor, Colorful Entryway Rug, Indoor Outdoor Floor Mat (Paw Theme)",,,,,,,,,,,,,,,,,,,,,,,
personalized-pride-rainbow-all-are-welcome-doormat-front-porch-decor,"Personalized Pride Rainbow All Are Welcome Doormat, Front Porch Decor","<p>Celebrate love and inclusivity with this vibrant Pride Rainbow Doormat. Featuring colorful rainbow-inspired artwork, this doormat adds a cheerful aesthetic to your home. It creates a warm and inviting atmosphere, perfect for greeting guests and enhancing your decor.</p><h3>Product Highlights</h3><ul><li>Features a bright and colorful Pride design with inclusive artwork.</li><li>Adds personality and warmth with a vivid, long-lasting print.</li><li>Designed for everyday use with a comfortable surface.</li><li>Suitable for both indoor and outdoor spaces.</li><li>Perfect for creating an inclusive home aesthetic in various decor styles.</li></ul><h3>Specifications</h3><table border=""1"" cellpadding=""6"" style=""border-collapse:collapse;width:100%""><tr><th align=""left"" width=""35%"">Attribute</th><th align=""left"">Value</th></tr><tr><td>Rug Form</td><td>Doormat</td></tr><tr><td>Item Shape</td><td>Rectangular</td></tr><tr><td>Weave Type</td><td>Flat Woven</td></tr><tr><td>Pile Height</td><td>Low Pile</td></tr><tr><td>Construction Type</td><td>Machine Made</td></tr><tr><td>Indoor/Outdoor Usage</td><td>Both</td></tr><tr><td>Room Type</td><td>Porch</td></tr><tr><td>Pattern</td><td>rainbow</td></tr><tr><td>Theme</td><td>Rainbow</td></tr><tr><td>Style</td><td>Modern</td></tr><tr><td>Other Special Features</td><td>Lightweight</td></tr></table><h3>Material &amp; Care</h3><table border=""1"" cellpadding=""6"" style=""border-collapse:collapse;width:100%""><tr><th align=""left"" width=""35%"">Item</th><th align=""left"">Detail</th></tr><tr><td>Material Type</td><td>Polyester</td></tr><tr><td>Back Material Type</td><td>Rubber</td></tr></table><h3>Where It Works</h3><p>This decorative doormat is ideal for front doors, entryways, patios, and porches. It also works well in apartments, dorms, classrooms, and offices, offering a welcoming touch to any indoor or outdoor area.</p>",CHILLGEN,Services > Building & Construction Services > Outdoor Construction,Rug,"amazon-parent-b0h1wpbzvb, doormat, home-decor, indoor-outdoor, modern, porch, rainbow, rectangular, rug",false,Choose Produt Size,20x14 Inches-Mini size,,,,,,,,AMZ-RUG-B0H1WBK8Y3-1,0.0,,0,deny,manual,21.90,27.38,true,false,,,,,,https://cdn.shopify.com/s/files/1/1023/0068/0561/files/e7c7cda8b85cdc849da8cf149b37831166155e9c83ba5c92e68789d8679c3b57.jpg?v=1789095496,1,"Personalized Pride Rainbow Doormat, LGBTQ Welcome Mat, Inclusive Front Porch Decor, Colorful Entryway Rug, Indoor Outdoor Floor Mat (Welcome 3)",false,,"This modern rainbow doormat features a soft, durable polyester material, perfect for welcoming guests in any indoor or outdoor space.",,,,,,,,,,,,B0H1WPBZVB,,,,,lb,,,draft
personalized-pride-rainbow-all-are-welcome-doormat-front-porch-decor,,,,,,,,,24x16 Inches (40x60 cm),,,,,,,,AMZ-RUG-B0H1WBK8Y3-2,0.0,,0,deny,manual,25.90,32.38,true,false,,,,,,https://cdn.shopify.com/s/files/1/1023/0068/0561/files/5cc2dac42523382eb43a35ce0861381b74f80d79d35b6e3ca84130a9d6d208d7.jpg?v=1789095496,2,"Personalized Pride Rainbow Doormat, LGBTQ Welcome Mat, Inclusive Front Porch Decor, Colorful Entryway Rug, Indoor Outdoor Floor Mat (Welcome 3)",,,,,,,,,,,,,,,,,,,,lb,,,
personalized-pride-rainbow-all-are-welcome-doormat-front-porch-decor,,,,,,,,,32x20 Inches (50x80 cm),,,,,,,,AMZ-RUG-B0H1WBK8Y3-3,0.0,,0,deny,manual,27.90,34.88,true,false,,,,,,https://cdn.shopify.com/s/files/1/1023/0068/0561/files/3e0928a299a87cfbd3796b2a8d6ed9319584696e675e2daf9c68ed896fb1f776.jpg?v=1789095496,3,"Personalized Pride Rainbow Doormat, LGBTQ Welcome Mat, Inclusive Front Porch Decor, Colorful Entryway Rug, Indoor Outdoor Floor Mat (Welcome 3)",,,,,,,,,,,,,,,,,,,,lb,,,
personalized-pride-rainbow-all-are-welcome-doormat-front-porch-decor,,,,,,,,,36x24 Inches (60x90cm),,,,,,,,AMZ-RUG-B0H1WBK8Y3-4,0.0,,0,deny,manual,33.90,42.38,true,false,,,,,,https://cdn.shopify.com/s/files/1/1023/0068/0561/files/7633bcbcdfb91848b5d2b67d998e2a882871ff32cd6e24f64cc27cb70e876956.jpg?v=1789095496,4,"Personalized Pride Rainbow Doormat, LGBTQ Welcome Mat, Inclusive Front Porch Decor, Colorful Entryway Rug, Indoor Outdoor Floor Mat (Welcome 3)",,,,,,,,,,,,,,,,,,,,lb,,,
personalized-pride-rainbow-all-are-welcome-doormat-front-porch-decor,,,,,,,,,,,,,,,,,,,,,,,,,,,,,,,,https://cdn.shopify.com/s/files/1/1023/0068/0561/files/6b59c01c15cf747cd46b76ca50fd8c941792edb9838230e0aca4d254dee2e564.jpg?v=1789095496,5,"Personalized Pride Rainbow Doormat, LGBTQ Welcome Mat, Inclusive Front Porch Decor, Colorful Entryway Rug, Indoor Outdoor Floor Mat (Welcome 3)",,,,,,,,,,,,,,,,,,,,,,,
personalized-pride-rainbow-all-are-welcome-doormat-front-porch-decor,,,,,,,,,,,,,,,,,,,,,,,,,,,,,,,,https://cdn.shopify.com/s/files/1/1023/0068/0561/files/7b0e8a18ea95d0cde944b5968c919763c145fdcf8be6929f06177103cee2b2de.jpg?v=1789095496,6,"Personalized Pride Rainbow Doormat, LGBTQ Welcome Mat, Inclusive Front Porch Decor, Colorful Entryway Rug, Indoor Outdoor Floor Mat (Welcome 3)",,,,,,,,,,,,,,,,,,,,,,,
personalized-pride-rainbow-all-are-welcome-doormat-front-porch-decor,,,,,,,,,,,,,,,,,,,,,,,,,,,,,,,,https://cdn.shopify.com/s/files/1/1023/0068/0561/files/219c284c46c20c47426c0ec1b4c558f13ff182b23e129055b0669df76fc9a9b9.jpg?v=1789095496,7,"Personalized Pride Rainbow Doormat, LGBTQ Welcome Mat, Inclusive Front Porch Decor, Colorful Entryway Rug, Indoor Outdoor Floor Mat (Welcome 3)",,,,,,,,,,,,,,,,,,,,,,,
personalized-rainbow-flag-cat-doormat-pride-month-decor,"Personalized Rainbow Flag Cat Doormat, Pride Month Decor","<p>This vibrant Pride Rainbow Doormat offers a welcoming touch to any home, featuring colorful artwork inspired by inclusivity, love, and positivity. It serves as a beautiful accent, designed for everyday use with a comfortable surface and a vivid, long-lasting print. This decorative floor mat adds personality and warmth to your home decor.</p><h3>Product Highlights</h3><ul><li>Features a bright and colorful Pride design with rainbow-inspired artwork.</li><li>Designed for everyday use with a soft and durable material.</li><li>Adds personality and warmth to home decor with a vivid, long-lasting print.</li><li>Creates a cozy and welcoming atmosphere.</li><li>Suitable for modern, boho, retro, or eclectic spaces.</li></ul><h3>Specifications</h3><table border=""1"" cellpadding=""6"" style=""border-collapse:collapse;width:100%""><tr><th align=""left"" width=""35%"">Attribute</th><th align=""left"">Value</th></tr><tr><td>Rug Form</td><td>Doormat</td></tr><tr><td>Item Shape</td><td>Rectangular</td></tr><tr><td>Weave Type</td><td>Flat Woven</td></tr><tr><td>Pile Height</td><td>Low Pile</td></tr><tr><td>Construction Type</td><td>Machine Made</td></tr><tr><td>Indoor/Outdoor Usage</td><td>Both</td></tr><tr><td>Room Type</td><td>Porch</td></tr><tr><td>Special Features</td><td>Lightweight</td></tr><tr><td>Pattern</td><td>rainbow</td></tr><tr><td>Theme</td><td>Rainbow</td></tr><tr><td>Style</td><td>Modern</td></tr></table><h3>Material &amp; Care</h3><table border=""1"" cellpadding=""6"" style=""border-collapse:collapse;width:100%""><tr><th align=""left"" width=""35%"">Item</th><th align=""left"">Detail</th></tr><tr><td>Material Type</td><td>Polyester</td></tr><tr><td>Backing Material</td><td>Rubber</td></tr></table><h3>Where It Works</h3><p>This doormat is perfect for entryways, patios, porches, apartments, dorms, classrooms, offices, and both indoor or outdoor spaces. It can be used for front doors or as a decorative accent in various rooms.</p>",CHILLGEN,Services > Building & Construction Services > Outdoor Construction,Rug,"amazon-parent-b0h1wpbzvb, doormat, flat-woven, home-decor, modern, porch, rainbow, rectangular, rug",false,Choose Produt Size,20x14 Inches-Mini size,,,,,,,,AMZ-RUG-B0H1WJ3FMJ-1,0.0,,0,deny,manual,21.90,27.38,true,false,,,,,,https://cdn.shopify.com/s/files/1/1023/0068/0561/files/a6a51bcc48a5a0423d1baa29914ec7093e0341ac1467996e0d635e72bcd33dc3.jpg?v=1789095496,1,"Personalized Pride Rainbow Doormat, LGBTQ Welcome Mat, Inclusive Front Porch Decor, Colorful Entryway Rug, Indoor Outdoor Floor Mat (Cat 2)",false,,"Modern rectangular doormat with a colorful Pride rainbow design, perfect for brightening any porch or entryway.",,,,,,,,,,,,B0H1WPBZVB,,,,,lb,,,draft
personalized-rainbow-flag-cat-doormat-pride-month-decor,,,,,,,,,24x16 Inches (40x60 cm),,,,,,,,AMZ-RUG-B0H1WJ3FMJ-2,0.0,,0,deny,manual,25.90,32.38,true,false,,,,,,https://cdn.shopify.com/s/files/1/1023/0068/0561/files/7bdf9a45a9f7a51f274c88380f4c1cb99148d7f2e171c225318033426d0c8cca.jpg?v=1789095496,2,"Personalized Pride Rainbow Doormat, LGBTQ Welcome Mat, Inclusive Front Porch Decor, Colorful Entryway Rug, Indoor Outdoor Floor Mat (Cat 2)",,,,,,,,,,,,,,,,,,,,lb,,,
personalized-rainbow-flag-cat-doormat-pride-month-decor,,,,,,,,,32x20 Inches (50x80 cm),,,,,,,,AMZ-RUG-B0H1WJ3FMJ-3,0.0,,0,deny,manual,27.90,34.88,true,false,,,,,,https://cdn.shopify.com/s/files/1/1023/0068/0561/files/70f260369927a41974b6be9c943abcad21ddba78a5bbb9e70e50cc30a6521818.jpg?v=1789095496,3,"Personalized Pride Rainbow Doormat, LGBTQ Welcome Mat, Inclusive Front Porch Decor, Colorful Entryway Rug, Indoor Outdoor Floor Mat (Cat 2)",,,,,,,,,,,,,,,,,,,,lb,,,
personalized-rainbow-flag-cat-doormat-pride-month-decor,,,,,,,,,36x24 Inches (60x90cm),,,,,,,,AMZ-RUG-B0H1WJ3FMJ-4,0.0,,0,deny,manual,33.90,42.38,true,false,,,,,,https://cdn.shopify.com/s/files/1/1023/0068/0561/files/6412721a30530d48282bbad4d3db7ad6b6b801dd2bcbe2ccb1d8e71c78b74c35.jpg?v=1789095496,4,"Personalized Pride Rainbow Doormat, LGBTQ Welcome Mat, Inclusive Front Porch Decor, Colorful Entryway Rug, Indoor Outdoor Floor Mat (Cat 2)",,,,,,,,,,,,,,,,,,,,lb,,,
personalized-rainbow-flag-cat-doormat-pride-month-decor,,,,,,,,,,,,,,,,,,,,,,,,,,,,,,,,https://cdn.shopify.com/s/files/1/1023/0068/0561/files/99d339b893f757ccadf8524a382f1549e6f6e2b6b14155517905fb62a9e0e53f.jpg?v=1789095497,5,"Personalized Pride Rainbow Doormat, LGBTQ Welcome Mat, Inclusive Front Porch Decor, Colorful Entryway Rug, Indoor Outdoor Floor Mat (Cat 2)",,,,,,,,,,,,,,,,,,,,,,,
personalized-rainbow-flag-cat-doormat-pride-month-decor,,,,,,,,,,,,,,,,,,,,,,,,,,,,,,,,https://cdn.shopify.com/s/files/1/1023/0068/0561/files/ad9edfa48c5d0b28438c9195ffba9b20e856e687a9191282192ea5e2c2c3edd0.jpg?v=1789095496,6,"Personalized Pride Rainbow Doormat, LGBTQ Welcome Mat, Inclusive Front Porch Decor, Colorful Entryway Rug, Indoor Outdoor Floor Mat (Cat 2)",,,,,,,,,,,,,,,,,,,,,,,
personalized-rainbow-flag-cat-doormat-pride-month-decor,,,,,,,,,,,,,,,,,,,,,,,,,,,,,,,,https://cdn.shopify.com/s/files/1/1023/0068/0561/files/8edac386e2b4e2b501cf928b60090732fc61532464fa38c1a95d82b25751fb9d.jpg?v=1789095496,7,"Personalized Pride Rainbow Doormat, LGBTQ Welcome Mat, Inclusive Front Porch Decor, Colorful Entryway Rug, Indoor Outdoor Floor Mat (Cat 2)",,,,,,,,,,,,,,,,,,,,,,,
personalized-flower-fantasy-nature-whimsical-doormat,"Personalized Flower fantasy, nature, whimsical Doormat","<p>This vibrant doormat celebrates inclusivity with a bright rainbow design, adding a welcoming touch to any home. It features colorful artwork inspired by love and positivity, creating a cheerful aesthetic. Perfect for adding personality and warmth to entryways, patios, and various indoor or outdoor spaces.</p><h3>Product Highlights</h3><ul><li>Features a bright and colorful Pride rainbow design</li><li>Adds a welcoming touch with inclusive artwork</li><li>Soft and durable material designed for everyday use</li><li>Suitable for both indoor and outdoor spaces</li><li>Creates a cozy atmosphere with colorful rainbow decor</li></ul><h3>Specifications</h3><table border=""1"" cellpadding=""6"" style=""border-collapse:collapse;width:100%""><tr><th align=""left"" width=""35%"">Attribute</th><th align=""left"">Value</th></tr><tr><td>Rug Form</td><td>Doormat</td></tr><tr><td>Item Shape</td><td>Rectangular</td></tr><tr><td>Weave Type</td><td>Flat Woven</td></tr><tr><td>Pile Height</td><td>Low Pile</td></tr><tr><td>Construction Type</td><td>Machine Made</td></tr><tr><td>Indoor/Outdoor Usage</td><td>Both</td></tr><tr><td>Room Type</td><td>Porch</td></tr><tr><td>Pattern</td><td>rainbow</td></tr><tr><td>Theme</td><td>Rainbow</td></tr><tr><td>Style</td><td>Modern</td></tr><tr><td>Text</td><td>1 text input</td></tr><tr><td>Color</td><td>Mushroom Theme</td></tr><tr><td>Animal Theme</td><td>Cat</td></tr><tr><td>Other Special Features of the Product</td><td>Lightweight</td></tr></table><h3>Material &amp; Care</h3><table border=""1"" cellpadding=""6"" style=""border-collapse:collapse;width:100%""><tr><th align=""left"" width=""35%"">Item</th><th align=""left"">Detail</th></tr><tr><td>Material Type</td><td>Polyester</td></tr><tr><td>Backing Material</td><td>Rubber</td></tr></table><h3>Where It Works</h3><p>This versatile doormat is ideal for front doors, entryways, porches, apartments, dorms, classrooms, offices, and patios. It enhances both indoor and outdoor spaces with its decorative appeal.</p>",CHILLGEN,Services > Building & Construction Services > Outdoor Construction,Rug,"amazon-parent-b0h1wpbzvb, doormat, home-decor, indoor-outdoor, low-pile, modern, rainbow, rectangular, rug",false,Choose Produt Size,20x14 Inches-Mini size,,,,,,,,AMZ-RUG-B0H1WPBZVB-1,0.0,,0,deny,manual,21.90,27.38,true,false,,,,,,https://cdn.shopify.com/s/files/1/1023/0068/0561/files/da13440a2d0db19c640268acc0c12274aea1e3a5f75fca1f8a53eccd1beeaef3.jpg?v=1789095497,1,"Personalized Pride Rainbow Doormat, LGBTQ Welcome Mat, Inclusive Front Porch Decor, Colorful Entryway Rug, Indoor Outdoor Floor Mat (Mushroom Theme)",false,,"Modern rainbow doormat with a bright design, perfect for welcoming guests in any indoor or outdoor space.",,,,,,,,,,,,B0H1WPBZVB,,,,,lb,,,draft
personalized-flower-fantasy-nature-whimsical-doormat,,,,,,,,,24x16 Inches (40x60 cm),,,,,,,,AMZ-RUG-B0H1WPBZVB-2,0.0,,0,deny,manual,25.90,32.38,true,false,,,,,,https://cdn.shopify.com/s/files/1/1023/0068/0561/files/b10e6709ea5ad74aa484532ce2e99c388f1f44924e8f69c43a3d2e3390098011.jpg?v=1789095497,2,"Personalized Pride Rainbow Doormat, LGBTQ Welcome Mat, Inclusive Front Porch Decor, Colorful Entryway Rug, Indoor Outdoor Floor Mat (Mushroom Theme)",,,,,,,,,,,,,,,,,,,,lb,,,
personalized-flower-fantasy-nature-whimsical-doormat,,,,,,,,,32x20 Inches (50x80 cm),,,,,,,,AMZ-RUG-B0H1WPBZVB-3,0.0,,0,deny,manual,27.90,34.88,true,false,,,,,,https://cdn.shopify.com/s/files/1/1023/0068/0561/files/1d6993ca72778dd1ee92cbd83a8b14df417147c035ac50fe207741f9700e1d3c.jpg?v=1789095497,3,"Personalized Pride Rainbow Doormat, LGBTQ Welcome Mat, Inclusive Front Porch Decor, Colorful Entryway Rug, Indoor Outdoor Floor Mat (Mushroom Theme)",,,,,,,,,,,,,,,,,,,,lb,,,
personalized-flower-fantasy-nature-whimsical-doormat,,,,,,,,,36x24 Inches (60x90cm),,,,,,,,AMZ-RUG-B0H1WPBZVB-4,0.0,,0,deny,manual,33.90,42.38,true,false,,,,,,https://cdn.shopify.com/s/files/1/1023/0068/0561/files/b55792fd165597cbca6ecd38d885fcd1dda8d6a232e291a60e5ddc933d3110ec.jpg?v=1789095497,4,"Personalized Pride Rainbow Doormat, LGBTQ Welcome Mat, Inclusive Front Porch Decor, Colorful Entryway Rug, Indoor Outdoor Floor Mat (Mushroom Theme)",,,,,,,,,,,,,,,,,,,,lb,,,
personalized-flower-fantasy-nature-whimsical-doormat,,,,,,,,,,,,,,,,,,,,,,,,,,,,,,,,https://cdn.shopify.com/s/files/1/1023/0068/0561/files/215beea099056e805ed2e3e704ac7e3f65f57036466236684dc8b1195220b6bf.jpg?v=1789095497,5,"Personalized Pride Rainbow Doormat, LGBTQ Welcome Mat, Inclusive Front Porch Decor, Colorful Entryway Rug, Indoor Outdoor Floor Mat (Mushroom Theme)",,,,,,,,,,,,,,,,,,,,,,,
personalized-flower-fantasy-nature-whimsical-doormat,,,,,,,,,,,,,,,,,,,,,,,,,,,,,,,,https://cdn.shopify.com/s/files/1/1023/0068/0561/files/e6afb6c326279b11efa063609cd14d19fa930afab19ea40885b9a2cc7fdddbd8.jpg?v=1789095497,6,"Personalized Pride Rainbow Doormat, LGBTQ Welcome Mat, Inclusive Front Porch Decor, Colorful Entryway Rug, Indoor Outdoor Floor Mat (Mushroom Theme)",,,,,,,,,,,,,,,,,,,,,,,
personalized-flower-fantasy-nature-whimsical-doormat,,,,,,,,,,,,,,,,,,,,,,,,,,,,,,,,https://cdn.shopify.com/s/files/1/1023/0068/0561/files/6986e1fd40a32a9bbe06a27fe7aa6ed48ea011676f5058b86471c3abbc0288ed.jpg?v=1789095497,7,"Personalized Pride Rainbow Doormat, LGBTQ Welcome Mat, Inclusive Front Porch Decor, Colorful Entryway Rug, Indoor Outdoor Floor Mat (Mushroom Theme)",,,,,,,,,,,,,,,,,,,,,,,
personalized-rainbow-skeleton-pride-doormat-porch-decor,"Personalized Rainbow Skeleton Pride Doormat, Porch Decor","<p>Celebrate love, inclusivity, and self-expression with this Pride Rainbow Doormat. It features vibrant rainbow-inspired artwork and a cheerful aesthetic, adding personality and positivity to your home. This doormat is designed for everyday use, offering a welcoming touch to any space.</p><h3>Product Highlights</h3><ul><li>Features a bright and colorful Pride design with inclusive artwork.</li><li>Designed for everyday use with a comfortable surface.</li><li>Vivid and long-lasting print enhances home decor.</li><li>Adds personality and warmth to various indoor or outdoor settings.</li><li>Perfect for creating a cozy and welcoming atmosphere with rainbow decor.</li></ul><h3>Specifications</h3><table border=""1"" cellpadding=""6"" style=""border-collapse:collapse;width:100%""><tr><th align=""left"" width=""35%"">Attribute</th><th align=""left"">Value</th></tr><tr><td>Rug Form</td><td>Doormat</td></tr><tr><td>Item Shape</td><td>Rectangular</td></tr><tr><td>Weave Type</td><td>Flat Woven</td></tr><tr><td>Pile Height</td><td>Low Pile</td></tr><tr><td>Construction Type</td><td>Machine Made</td></tr><tr><td>Indoor/Outdoor Usage</td><td>Both</td></tr><tr><td>Room Type</td><td>Porch</td></tr><tr><td>Special Features</td><td>Lightweight</td></tr><tr><td>Pattern</td><td>rainbow</td></tr><tr><td>Theme</td><td>Rainbow</td></tr><tr><td>Style</td><td>Modern</td></tr><tr><td>Text</td><td>1 text input</td></tr></table><h3>Material &amp; Care</h3><table border=""1"" cellpadding=""6"" style=""border-collapse:collapse;width:100%""><tr><th align=""left"" width=""35%"">Item</th><th align=""left"">Detail</th></tr><tr><td>Material Type</td><td>Polyester</td></tr><tr><td>Backing Material</td><td>Rubber</td></tr></table><h3>Where It Works</h3><p>This decorative floor mat is suitable for front doors, entryways, patios, porches, apartments, dorm rooms, classrooms, and offices. It can be used in both indoor and outdoor spaces to enhance your decor.</p>",CHILLGEN,Services > Building & Construction Services > Outdoor Construction,Rug,"amazon-parent-b0h1wpbzvb, doormat, home-decor, indoor-outdoor, modern, pride, rainbow, rectangular, rug",false,Choose Produt Size,20x14 Inches-Mini size,,,,,,,,AMZ-RUG-B0H1WKCSBZ-1,0.0,,0,deny,manual,21.90,27.38,true,false,,,,,,https://cdn.shopify.com/s/files/1/1023/0068/0561/files/c3bfbe332c044fd35095aa4ff053913bcc0011974cc09a19cb78c7745396ed45.jpg?v=1789095546,1,"Personalized Pride Rainbow Doormat, LGBTQ Welcome Mat, Inclusive Front Porch Decor, Colorful Entryway Rug, Indoor Outdoor Floor Mat (in This House)",false,,"Modern rainbow doormat with a lightweight polyester design, perfect for welcoming guests in any indoor or outdoor space.",,,,,,,,,,,,B0H1WPBZVB,,,,,lb,,,draft
personalized-rainbow-skeleton-pride-doormat-porch-decor,,,,,,,,,24x16 Inches (40x60 cm),,,,,,,,AMZ-RUG-B0H1WKCSBZ-2,0.0,,0,deny,manual,25.90,32.38,true,false,,,,,,https://cdn.shopify.com/s/files/1/1023/0068/0561/files/abf7671332a02470f3652bc196b391e304678ec28e9425b8f7d9b75538ecefde.jpg?v=1789095546,2,"Personalized Pride Rainbow Doormat, LGBTQ Welcome Mat, Inclusive Front Porch Decor, Colorful Entryway Rug, Indoor Outdoor Floor Mat (in This House)",,,,,,,,,,,,,,,,,,,,lb,,,
personalized-rainbow-skeleton-pride-doormat-porch-decor,,,,,,,,,32x20 Inches (50x80 cm),,,,,,,,AMZ-RUG-B0H1WKCSBZ-3,0.0,,0,deny,manual,27.90,34.88,true,false,,,,,,https://cdn.shopify.com/s/files/1/1023/0068/0561/files/f0e310713df57647f6743d22056eb25b612d57635be57fad81938056e452a5c1.jpg?v=1789095546,3,"Personalized Pride Rainbow Doormat, LGBTQ Welcome Mat, Inclusive Front Porch Decor, Colorful Entryway Rug, Indoor Outdoor Floor Mat (in This House)",,,,,,,,,,,,,,,,,,,,lb,,,
personalized-rainbow-skeleton-pride-doormat-porch-decor,,,,,,,,,36x24 Inches (60x90cm),,,,,,,,AMZ-RUG-B0H1WKCSBZ-4,0.0,,0,deny,manual,33.90,42.38,true,false,,,,,,https://cdn.shopify.com/s/files/1/1023/0068/0561/files/fab232e17299971e0f64abf0a878a0b5783a8de182cc6599165696a4f8870e07.jpg?v=1789095546,4,"Personalized Pride Rainbow Doormat, LGBTQ Welcome Mat, Inclusive Front Porch Decor, Colorful Entryway Rug, Indoor Outdoor Floor Mat (in This House)",,,,,,,,,,,,,,,,,,,,lb,,,
personalized-rainbow-skeleton-pride-doormat-porch-decor,,,,,,,,,,,,,,,,,,,,,,,,,,,,,,,,https://cdn.shopify.com/s/files/1/1023/0068/0561/files/ea230d41069f2d7a49212bac0c33dfa2f8ae3fc350c13e25646ec4d23f74495c.jpg?v=1789095546,5,"Personalized Pride Rainbow Doormat, LGBTQ Welcome Mat, Inclusive Front Porch Decor, Colorful Entryway Rug, Indoor Outdoor Floor Mat (in This House)",,,,,,,,,,,,,,,,,,,,,,,
personalized-rainbow-skeleton-pride-doormat-porch-decor,,,,,,,,,,,,,,,,,,,,,,,,,,,,,,,,https://cdn.shopify.com/s/files/1/1023/0068/0561/files/665148784b2a2e3a60c185d14d86fad1f499bf759af674c8c017f42d8008cdea.jpg?v=1789095546,6,"Personalized Pride Rainbow Doormat, LGBTQ Welcome Mat, Inclusive Front Porch Decor, Colorful Entryway Rug, Indoor Outdoor Floor Mat (in This House)",,,,,,,,,,,,,,,,,,,,,,,
personalized-rainbow-skeleton-pride-doormat-porch-decor,,,,,,,,,,,,,,,,,,,,,,,,,,,,,,,,https://cdn.shopify.com/s/files/1/1023/0068/0561/files/736e634e9ab5e07fb2e72077df531d673410387dfe8f74ea7c0306aef21647d5.jpg?v=1789095546,7,"Personalized Pride Rainbow Doormat, LGBTQ Welcome Mat, Inclusive Front Porch Decor, Colorful Entryway Rug, Indoor Outdoor Floor Mat (in This House)",,,,,,,,,,,,,,,,,,,,,,,
personalized-rainbow-tree-love-wins-doormat-indoor-outdoor-usage,"Personalized Rainbow Tree Love Wins Doormat, Indoor Outdoor Usage","<p>This vibrant doormat celebrates inclusivity and self-expression, adding a colorful and welcoming touch to any home. Featuring cheerful rainbow-inspired artwork, it creates an inviting atmosphere for guests, friends, and family. Designed for everyday use, this decorative floor mat enhances your home decor with personality and positivity.</p><h3>Product Highlights</h3><ul><li>Features a bright and colorful Pride rainbow design</li><li>Soft and durable material for long-lasting use</li><li>Suitable for both indoor and outdoor spaces</li><li>Adds personality and warmth to home decor</li><li>Creates a cozy and welcoming atmosphere</li></ul><h3>Specifications</h3><table border=""1"" cellpadding=""6"" style=""border-collapse:collapse;width:100%""><tr><th align=""left"" width=""35%"">Attribute</th><th align=""left"">Value</th></tr><tr><td>Rug Form</td><td>Doormat</td></tr><tr><td>Item Shape</td><td>Rectangular</td></tr><tr><td>Weave Type</td><td>Flat Woven</td></tr><tr><td>Pile Height</td><td>Low Pile</td></tr><tr><td>Construction Type</td><td>Machine Made</td></tr><tr><td>Indoor/Outdoor Usage</td><td>Both</td></tr><tr><td>Room Type</td><td>Porch</td></tr><tr><td>Pattern</td><td>rainbow</td></tr><tr><td>Theme</td><td>Rainbow</td></tr><tr><td>Style</td><td>Modern</td></tr><tr><td>Special Features</td><td>Lightweight</td></tr><tr><td>Text</td><td>1 text input</td></tr></table><h3>Material &amp; Care</h3><table border=""1"" cellpadding=""6"" style=""border-collapse:collapse;width:100%""><tr><th align=""left"" width=""35%"">Item</th><th align=""left"">Detail</th></tr><tr><td>Material Type</td><td>Polyester</td></tr><tr><td>Backing Material</td><td>Rubber</td></tr></table><h3>Where It Works</h3><p>This doormat is perfect for enhancing front doors, entryways, patios, porches, apartments, dorms, classrooms, offices, and various indoor or outdoor spaces, bringing a cheerful aesthetic to your environment.</p>",CHILLGEN,Services > Building & Construction Services > Outdoor Construction,Rug,"amazon-parent-b0h1wpbzvb, doormat, home-decor, indoor-outdoor, modern, personalized, rainbow, rectangular, rug",false,Choose Produt Size,20x14 Inches-Mini size,,,,,,,,AMZ-RUG-B0H1WF6WYY-1,0.0,,0,deny,manual,21.90,27.38,true,false,,,,,,https://cdn.shopify.com/s/files/1/1023/0068/0561/files/c6dac0cb9ebe42ed2476e4abed63f44836738ead66a6c52989da780f4bde7454.jpg?v=1789095547,1,"Personalized Pride Rainbow Doormat, LGBTQ Welcome Mat, Inclusive Front Porch Decor, Colorful Entryway Rug, Indoor Outdoor Floor Mat (Tree of Life)",false,,"Modern rainbow doormat with a soft, durable polyester surface, ideal for welcoming guests in any indoor or outdoor space.",,,,,,,,,,,,B0H1WPBZVB,,,,,lb,,,draft
personalized-rainbow-tree-love-wins-doormat-indoor-outdoor-usage,,,,,,,,,24x16 Inches (40x60 cm),,,,,,,,AMZ-RUG-B0H1WF6WYY-2,0.0,,0,deny,manual,25.90,32.38,true,false,,,,,,https://cdn.shopify.com/s/files/1/1023/0068/0561/files/c4409e8cbf153d8084377fecdbc9f856f036fbdbe4bff9ca6de61e73bb6cee16.jpg?v=1789095547,2,"Personalized Pride Rainbow Doormat, LGBTQ Welcome Mat, Inclusive Front Porch Decor, Colorful Entryway Rug, Indoor Outdoor Floor Mat (Tree of Life)",,,,,,,,,,,,,,,,,,,,lb,,,
personalized-rainbow-tree-love-wins-doormat-indoor-outdoor-usage,,,,,,,,,32x20 Inches (50x80 cm),,,,,,,,AMZ-RUG-B0H1WF6WYY-3,0.0,,0,deny,manual,27.90,34.88,true,false,,,,,,https://cdn.shopify.com/s/files/1/1023/0068/0561/files/28fd2916e5a474fa15a05b936d40974fe20909279f58bf77773be43a2c35aad4.jpg?v=1789095547,3,"Personalized Pride Rainbow Doormat, LGBTQ Welcome Mat, Inclusive Front Porch Decor, Colorful Entryway Rug, Indoor Outdoor Floor Mat (Tree of Life)",,,,,,,,,,,,,,,,,,,,lb,,,
personalized-rainbow-tree-love-wins-doormat-indoor-outdoor-usage,,,,,,,,,36x24 Inches (60x90cm),,,,,,,,AMZ-RUG-B0H1WF6WYY-4,0.0,,0,deny,manual,33.90,42.38,true,false,,,,,,https://cdn.shopify.com/s/files/1/1023/0068/0561/files/9b65a6252e7cc7023328dea00103e4780ac2a2014c5faa9d1818fa2be54f54dd.jpg?v=1789095547,4,"Personalized Pride Rainbow Doormat, LGBTQ Welcome Mat, Inclusive Front Porch Decor, Colorful Entryway Rug, Indoor Outdoor Floor Mat (Tree of Life)",,,,,,,,,,,,,,,,,,,,lb,,,
personalized-rainbow-tree-love-wins-doormat-indoor-outdoor-usage,,,,,,,,,,,,,,,,,,,,,,,,,,,,,,,,https://cdn.shopify.com/s/files/1/1023/0068/0561/files/91386d48d53894003ecfc7c0a97b7c644f5337b258b1ee959a361e42cc997c76.jpg?v=1789095547,5,"Personalized Pride Rainbow Doormat, LGBTQ Welcome Mat, Inclusive Front Porch Decor, Colorful Entryway Rug, Indoor Outdoor Floor Mat (Tree of Life)",,,,,,,,,,,,,,,,,,,,,,,
personalized-rainbow-tree-love-wins-doormat-indoor-outdoor-usage,,,,,,,,,,,,,,,,,,,,,,,,,,,,,,,,https://cdn.shopify.com/s/files/1/1023/0068/0561/files/7b36a1613f5c4c6ff5b29db76744f16a9f2495c8d57c8976cd928a89d1e2a942.jpg?v=1789095547,6,"Personalized Pride Rainbow Doormat, LGBTQ Welcome Mat, Inclusive Front Porch Decor, Colorful Entryway Rug, Indoor Outdoor Floor Mat (Tree of Life)",,,,,,,,,,,,,,,,,,,,,,,
personalized-rainbow-tree-love-wins-doormat-indoor-outdoor-usage,,,,,,,,,,,,,,,,,,,,,,,,,,,,,,,,https://cdn.shopify.com/s/files/1/1023/0068/0561/files/e090f4220f7e2990ba1d1e40d290ac01329c1e4d94c5d146d00646f58fc73b81.jpg?v=1789095547,7,"Personalized Pride Rainbow Doormat, LGBTQ Welcome Mat, Inclusive Front Porch Decor, Colorful Entryway Rug, Indoor Outdoor Floor Mat (Tree of Life)",,,,,,,,,,,,,,,,,,,,,,,
personalized-rainbow-skeleton-heart-hands-inclusive-doormat,Personalized Rainbow Skeleton Heart-Hands Inclusive Doormat,"<p>This Pride Rainbow Doormat is a colorful and welcoming addition, designed to celebrate inclusivity and self-expression. Featuring vibrant rainbow-inspired artwork, this decorative floor mat helps create a warm and inviting atmosphere for guests, friends, and family. It's perfect for enhancing the aesthetic of various indoor and outdoor spaces.</p><h3>Product Highlights</h3><ul><li>Features a vibrant Pride Rainbow design inspired by inclusivity and positivity.</li><li>Provides a comfortable surface with a vivid, long-lasting print.</li><li>Designed for everyday use in various settings.</li><li>Suitable for both indoor and outdoor spaces.</li><li>Adds personality and warmth to your home decor.</li></ul><h3>Specifications</h3><table border=""1"" cellpadding=""6"" style=""border-collapse:collapse;width:100%""><tr><th align=""left"" width=""35%"">Attribute</th><th align=""left"">Value</th></tr><tr><td>Rug Form</td><td>Doormat</td></tr><tr><td>Item Shape</td><td>Rectangular</td></tr><tr><td>Weave Type</td><td>Flat Woven</td></tr><tr><td>Pile Height</td><td>Low Pile</td></tr><tr><td>Construction Type</td><td>Machine Made</td></tr><tr><td>Indoor/Outdoor Usage</td><td>Both</td></tr><tr><td>Room Type</td><td>Porch</td></tr><tr><td>Special Features</td><td>Lightweight</td></tr><tr><td>Pattern</td><td>rainbow</td></tr><tr><td>Theme</td><td>Rainbow</td></tr><tr><td>Style</td><td>Modern</td></tr><tr><td>Text</td><td>1 text input</td></tr></table><h3>Material &amp; Care</h3><table border=""1"" cellpadding=""6"" style=""border-collapse:collapse;width:100%""><tr><th align=""left"" width=""35%"">Item</th><th align=""left"">Detail</th></tr><tr><td>Material Type</td><td>Polyester</td></tr><tr><td>Backing Material</td><td>Rubber</td></tr></table><h3>Where It Works</h3><p>This doormat is ideal for front doors, entryways, patios, porches, apartments, dorm rooms, classrooms, and offices. It adds a cheerful and inclusive touch to any space, making it perfect for creating a cozy and welcoming atmosphere.</p>",CHILLGEN,Services > Building & Construction Services > Outdoor Construction,Rug,"amazon-parent-b0h1wpbzvb, doormat, home-decor, indoor-outdoor, modern, porch, rainbow, rectangular, rug",false,Choose Produt Size,20x14 Inches-Mini size,,,,,,,,AMZ-RUG-B0H1WCFFTV-1,0.0,,0,deny,manual,21.90,27.38,true,false,,,,,,https://cdn.shopify.com/s/files/1/1023/0068/0561/files/2be26f0a4dde86a3a0be0c4e409f9f1ead8cfccc7cde68214043abfa9d7c75b5.jpg?v=1789095548,1,"Personalized Pride Rainbow Doormat, LGBTQ Welcome Mat, Inclusive Front Porch Decor, Colorful Entryway Rug, Indoor Outdoor Floor Mat (Skull 1)",false,,"This modern Pride Rainbow doormat features a durable polyester material, perfect for welcoming guests on your front porch.",,,,,,,,,,,,B0H1WPBZVB,,,,,lb,,,draft
personalized-rainbow-skeleton-heart-hands-inclusive-doormat,,,,,,,,,24x16 Inches (40x60 cm),,,,,,,,AMZ-RUG-B0H1WCFFTV-2,0.0,,0,deny,manual,25.90,32.38,true,false,,,,,,https://cdn.shopify.com/s/files/1/1023/0068/0561/files/e642f32cc3e17ae001f7dac3e3106835654b1def762b064f0262ad3c819e60bc.jpg?v=1789095548,2,"Personalized Pride Rainbow Doormat, LGBTQ Welcome Mat, Inclusive Front Porch Decor, Colorful Entryway Rug, Indoor Outdoor Floor Mat (Skull 1)",,,,,,,,,,,,,,,,,,,,lb,,,
personalized-rainbow-skeleton-heart-hands-inclusive-doormat,,,,,,,,,32x20 Inches (50x80 cm),,,,,,,,AMZ-RUG-B0H1WCFFTV-3,0.0,,0,deny,manual,27.90,34.88,true,false,,,,,,https://cdn.shopify.com/s/files/1/1023/0068/0561/files/d29c6ff2c1b77adb536b9d4c682b4169b1fcea48f46de5997cea46e401038932.jpg?v=1789095548,3,"Personalized Pride Rainbow Doormat, LGBTQ Welcome Mat, Inclusive Front Porch Decor, Colorful Entryway Rug, Indoor Outdoor Floor Mat (Skull 1)",,,,,,,,,,,,,,,,,,,,lb,,,
personalized-rainbow-skeleton-heart-hands-inclusive-doormat,,,,,,,,,36x24 Inches (60x90cm),,,,,,,,AMZ-RUG-B0H1WCFFTV-4,0.0,,0,deny,manual,33.90,42.38,true,false,,,,,,https://cdn.shopify.com/s/files/1/1023/0068/0561/files/6f4767bd9eb50ffec40a7141491ffffc81ef7879c078fb4e8f0ccdf819ddfbfc.jpg?v=1789095548,4,"Personalized Pride Rainbow Doormat, LGBTQ Welcome Mat, Inclusive Front Porch Decor, Colorful Entryway Rug, Indoor Outdoor Floor Mat (Skull 1)",,,,,,,,,,,,,,,,,,,,lb,,,
personalized-rainbow-skeleton-heart-hands-inclusive-doormat,,,,,,,,,,,,,,,,,,,,,,,,,,,,,,,,https://cdn.shopify.com/s/files/1/1023/0068/0561/files/7233edeaf80859b5afb71d33b57e38cb94052dfccf3a8b389f24572e6aef0ebb.jpg?v=1789095548,5,"Personalized Pride Rainbow Doormat, LGBTQ Welcome Mat, Inclusive Front Porch Decor, Colorful Entryway Rug, Indoor Outdoor Floor Mat (Skull 1)",,,,,,,,,,,,,,,,,,,,,,,
personalized-rainbow-skeleton-heart-hands-inclusive-doormat,,,,,,,,,,,,,,,,,,,,,,,,,,,,,,,,https://cdn.shopify.com/s/files/1/1023/0068/0561/files/1e28b9853add5875feddf5a3d636b3ab8bab14c473100b54904dd6e6b12d6ea3.jpg?v=1789095548,6,"Personalized Pride Rainbow Doormat, LGBTQ Welcome Mat, Inclusive Front Porch Decor, Colorful Entryway Rug, Indoor Outdoor Floor Mat (Skull 1)",,,,,,,,,,,,,,,,,,,,,,,
personalized-rainbow-skeleton-heart-hands-inclusive-doormat,,,,,,,,,,,,,,,,,,,,,,,,,,,,,,,,https://cdn.shopify.com/s/files/1/1023/0068/0561/files/9d0bd5355a2618423fd9d6f2783115a02c9a3222aff262759acc29ce9d990eca.jpg?v=1789095548,7,"Personalized Pride Rainbow Doormat, LGBTQ Welcome Mat, Inclusive Front Porch Decor, Colorful Entryway Rug, Indoor Outdoor Floor Mat (Skull 1)",,,,,,,,,,,,,,,,,,,,,,,
personalized-pride-rainbow-doormat-front-porch-decor,"Personalized Pride Rainbow Doormat, Front Porch Decor","<p>This vibrant Pride Rainbow Doormat brings a welcoming touch to any home with its colorful artwork inspired by inclusivity, love, and positivity. Designed for both indoor and outdoor use, this doormat adds personality and warmth to your decor. It is a beautiful accent for entryways, patios, and porches, creating a cheerful aesthetic.</p><h3>Product Highlights</h3><ul><li>Features a bright and colorful Pride design with rainbow-inspired artwork.</li><li>Soft and durable material ensures a comfortable surface for everyday use.</li><li>Vivid, long-lasting print adds personality to your living spaces.</li><li>Suitable for both indoor and outdoor environments.</li><li>Perfect for creating an inclusive home aesthetic in various styles.</li></ul><h3>Specifications</h3><table border=""1"" cellpadding=""6"" style=""border-collapse:collapse;width:100%""><tr><th align=""left"" width=""35%"">Attribute</th><th align=""left"">Value</th></tr><tr><td>Rug Form</td><td>Doormat</td></tr><tr><td>Item Shape</td><td>Rectangular</td></tr><tr><td>Weave Type</td><td>Flat Woven</td></tr><tr><td>Pile Height</td><td>Low Pile</td></tr><tr><td>Construction Type</td><td>Machine Made</td></tr><tr><td>Indoor/Outdoor Usage</td><td>Both</td></tr><tr><td>Room Type</td><td>Porch</td></tr><tr><td>Pattern</td><td>rainbow</td></tr><tr><td>Theme</td><td>Rainbow</td></tr><tr><td>Style</td><td>Modern</td></tr><tr><td>Number of Pieces</td><td>1 text input</td></tr></table><h3>Material &amp; Care</h3><table border=""1"" cellpadding=""6"" style=""border-collapse:collapse;width:100%""><tr><th align=""left"" width=""35%"">Item</th><th align=""left"">Detail</th></tr><tr><td>Material Type</td><td>Polyester</td></tr><tr><td>Backing Material</td><td>Rubber</td></tr></table><h3>Where It Works</h3><p>This versatile doormat is ideal for front doors, entryways, patios, porches, apartments, dorms, classrooms, and offices. Its durable design makes it suitable for both indoor and outdoor use, enhancing any space with its cheerful and inclusive aesthetic.</p>",CHILLGEN,Services > Building & Construction Services > Outdoor Construction,Rug,"amazon-parent-b0h1wpbzvb, doormat, home-decor, indoor-outdoor, modern, pride, rainbow, rectangular, rug",false,Choose Produt Size,20x14 Inches-Mini size,,,,,,,,AMZ-RUG-B0H1WDG1V1-1,0.0,,0,deny,manual,21.90,27.38,true,false,,,,,,https://cdn.shopify.com/s/files/1/1023/0068/0561/files/4b1b28d5b42993b5d0dc7ecaaeb543c76cebba84b01e5547c40bd6a2226d3ffd.jpg?v=1789095598,1,"Personalized Pride Rainbow Doormat, LGBTQ Welcome Mat, Inclusive Front Porch Decor, Colorful Entryway Rug, Indoor Outdoor Floor Mat (Catus Theme)",false,,This modern rainbow doormat with a vivid print is perfect for welcoming guests in indoor or outdoor spaces.,,,,,,,,,,,,B0H1WPBZVB,,,,,lb,,,draft
personalized-pride-rainbow-doormat-front-porch-decor,,,,,,,,,24x16 Inches (40x60 cm),,,,,,,,AMZ-RUG-B0H1WDG1V1-2,0.0,,0,deny,manual,25.90,32.38,true,false,,,,,,https://cdn.shopify.com/s/files/1/1023/0068/0561/files/0602fdc54ded1543f2e96c525ebd7a44fe4d94d6e117e588d9bfdafe6b3e6b32.jpg?v=1789095598,2,"Personalized Pride Rainbow Doormat, LGBTQ Welcome Mat, Inclusive Front Porch Decor, Colorful Entryway Rug, Indoor Outdoor Floor Mat (Catus Theme)",,,,,,,,,,,,,,,,,,,,lb,,,
personalized-pride-rainbow-doormat-front-porch-decor,,,,,,,,,32x20 Inches (50x80 cm),,,,,,,,AMZ-RUG-B0H1WDG1V1-3,0.0,,0,deny,manual,27.90,34.88,true,false,,,,,,https://cdn.shopify.com/s/files/1/1023/0068/0561/files/e3510b059841e4ce43cc588686cb9ee38802eb9de7b4836181d6a26b89227259.jpg?v=1789095598,3,"Personalized Pride Rainbow Doormat, LGBTQ Welcome Mat, Inclusive Front Porch Decor, Colorful Entryway Rug, Indoor Outdoor Floor Mat (Catus Theme)",,,,,,,,,,,,,,,,,,,,lb,,,
personalized-pride-rainbow-doormat-front-porch-decor,,,,,,,,,36x24 Inches (60x90cm),,,,,,,,AMZ-RUG-B0H1WDG1V1-4,0.0,,0,deny,manual,33.90,42.38,true,false,,,,,,https://cdn.shopify.com/s/files/1/1023/0068/0561/files/ecaba9f2d9a4f7d807a3c0fbdb9dced6f627c04a850f2c36e6585c6530cb712a.jpg?v=1789095598,4,"Personalized Pride Rainbow Doormat, LGBTQ Welcome Mat, Inclusive Front Porch Decor, Colorful Entryway Rug, Indoor Outdoor Floor Mat (Catus Theme)",,,,,,,,,,,,,,,,,,,,lb,,,
personalized-pride-rainbow-doormat-front-porch-decor,,,,,,,,,,,,,,,,,,,,,,,,,,,,,,,,https://cdn.shopify.com/s/files/1/1023/0068/0561/files/2cc9b5391f4be00f2b14a5f7adec23366cf94ad747dd48cc4bb6209226d8564e.jpg?v=1789095598,5,"Personalized Pride Rainbow Doormat, LGBTQ Welcome Mat, Inclusive Front Porch Decor, Colorful Entryway Rug, Indoor Outdoor Floor Mat (Catus Theme)",,,,,,,,,,,,,,,,,,,,,,,
personalized-pride-rainbow-doormat-front-porch-decor,,,,,,,,,,,,,,,,,,,,,,,,,,,,,,,,https://cdn.shopify.com/s/files/1/1023/0068/0561/files/892d7f3dbd4893ef5294c91b0d4767100c965d43793e151b9f89713b04a75073.jpg?v=1789095598,6,"Personalized Pride Rainbow Doormat, LGBTQ Welcome Mat, Inclusive Front Porch Decor, Colorful Entryway Rug, Indoor Outdoor Floor Mat (Catus Theme)",,,,,,,,,,,,,,,,,,,,,,,
personalized-pride-rainbow-doormat-front-porch-decor,,,,,,,,,,,,,,,,,,,,,,,,,,,,,,,,https://cdn.shopify.com/s/files/1/1023/0068/0561/files/98e68fa8133286b3abed677f9c4e3664ad7b3cba0a1b5828a5e24c33dc0282e8.jpg?v=1789095598,7,"Personalized Pride Rainbow Doormat, LGBTQ Welcome Mat, Inclusive Front Porch Decor, Colorful Entryway Rug, Indoor Outdoor Floor Mat (Catus Theme)",,,,,,,,,,,,,,,,,,,,,,,
personalized-pride-rainbow-flag-doormat-indoor-outdoor-usage,"Personalized Pride Rainbow Flag Doormat, Indoor Outdoor Usage","<p>Celebrate love and inclusivity with this vibrant Pride Rainbow Doormat, featuring colorful artwork inspired by positivity. This unique doormat adds a welcoming touch to any home, creating a warm and inviting atmosphere. It is designed to enhance your home decor with a cheerful aesthetic and a soft, durable surface.</p><h3>Product Highlights</h3><ul><li>Features a bright and colorful Pride design with rainbow-inspired artwork.</li><li>Designed for everyday use with a comfortable surface.</li><li>Vivid and long-lasting print adds personality and warmth.</li><li>Suitable for both indoor and outdoor spaces.</li><li>Perfect for creating an inclusive home aesthetic in modern, boho, retro, or eclectic spaces.</li></ul><h3>Specifications</h3><table border=""1"" cellpadding=""6"" style=""border-collapse:collapse;width:100%""><tr><th align=""left"" width=""35%"">Attribute</th><th align=""left"">Value</th></tr><tr><td>Rug Form</td><td>Doormat</td></tr><tr><td>Item Shape</td><td>Rectangular</td></tr><tr><td>Weave Type</td><td>Flat Woven</td></tr><tr><td>Pile Height</td><td>Low Pile</td></tr><tr><td>Construction Type</td><td>Machine Made</td></tr><tr><td>Indoor/Outdoor Usage</td><td>Both</td></tr><tr><td>Room Type</td><td>Porch</td></tr><tr><td>Special Features</td><td>Lightweight</td></tr><tr><td>Pattern</td><td>rainbow</td></tr><tr><td>Theme</td><td>Rainbow</td></tr><tr><td>Style</td><td>Modern</td></tr><tr><td>Text</td><td>1 text input</td></tr></table><h3>Material &amp; Care</h3><table border=""1"" cellpadding=""6"" style=""border-collapse:collapse;width:100%""><tr><th align=""left"" width=""35%"">Item</th><th align=""left"">Detail</th></tr><tr><td>Material Type</td><td>Polyester</td></tr><tr><td>Backing Material</td><td>Rubber</td></tr></table><h3>Where It Works</h3><p>This decorative doormat is ideal for front doors, entryways, patios, porches, apartments, dorms, classrooms, and offices. It adds a cheerful and inclusive accent to various indoor and outdoor environments.</p>",CHILLGEN,Services > Building & Construction Services > Outdoor Construction,Rug,"amazon-parent-b0h1wpbzvb, doormat, home-decor, indoor-outdoor, low-pile, modern, rainbow, rectangular, rug",false,Choose Produt Size,20x14 Inches-Mini size,,,,,,,,AMZ-RUG-B0H1WJNWV2-1,0.0,,0,deny,manual,21.90,27.38,true,false,,,,,,https://cdn.shopify.com/s/files/1/1023/0068/0561/files/0d7dd2ffa601acf78e338d7d3f6a017928947209c8509368ef992436e1b1ee4b.jpg?v=1789095598,1,"Personalized Pride Rainbow Doormat, LGBTQ Welcome Mat, Inclusive Front Porch Decor, Colorful Entryway Rug, Indoor Outdoor Floor Mat (Everyone Welcome)",false,,"Modern rainbow doormat with a soft, durable surface, ideal for welcoming guests in indoor or outdoor spaces.",,,,,,,,,,,,B0H1WPBZVB,,,,,lb,,,draft
personalized-pride-rainbow-flag-doormat-indoor-outdoor-usage,,,,,,,,,24x16 Inches (40x60 cm),,,,,,,,AMZ-RUG-B0H1WJNWV2-2,0.0,,0,deny,manual,25.90,32.38,true,false,,,,,,https://cdn.shopify.com/s/files/1/1023/0068/0561/files/58bb61384f2c00d08579c426004521f73da813ca8656bcd04fda14f0e571a8ab.jpg?v=1789095598,2,"Personalized Pride Rainbow Doormat, LGBTQ Welcome Mat, Inclusive Front Porch Decor, Colorful Entryway Rug, Indoor Outdoor Floor Mat (Everyone Welcome)",,,,,,,,,,,,,,,,,,,,lb,,,
personalized-pride-rainbow-flag-doormat-indoor-outdoor-usage,,,,,,,,,32x20 Inches (50x80 cm),,,,,,,,AMZ-RUG-B0H1WJNWV2-3,0.0,,0,deny,manual,27.90,34.88,true,false,,,,,,https://cdn.shopify.com/s/files/1/1023/0068/0561/files/52806970174aed8ca4ee8b2e4e1a6f8083dd013d0ff97aabdd5587fe219a967b.jpg?v=1789095598,3,"Personalized Pride Rainbow Doormat, LGBTQ Welcome Mat, Inclusive Front Porch Decor, Colorful Entryway Rug, Indoor Outdoor Floor Mat (Everyone Welcome)",,,,,,,,,,,,,,,,,,,,lb,,,
personalized-pride-rainbow-flag-doormat-indoor-outdoor-usage,,,,,,,,,36x24 Inches (60x90cm),,,,,,,,AMZ-RUG-B0H1WJNWV2-4,0.0,,0,deny,manual,33.90,42.38,true,false,,,,,,https://cdn.shopify.com/s/files/1/1023/0068/0561/files/70c178820f9a021739466f56b77071fb38f8e88e49f1c2c636740bf2b9326367.jpg?v=1789095598,4,"Personalized Pride Rainbow Doormat, LGBTQ Welcome Mat, Inclusive Front Porch Decor, Colorful Entryway Rug, Indoor Outdoor Floor Mat (Everyone Welcome)",,,,,,,,,,,,,,,,,,,,lb,,,
personalized-pride-rainbow-flag-doormat-indoor-outdoor-usage,,,,,,,,,,,,,,,,,,,,,,,,,,,,,,,,https://cdn.shopify.com/s/files/1/1023/0068/0561/files/bd5e96f0e0e0183e4b0e28c20d8b17447fa78ced59a1d10ff7ed75c2deb46753.jpg?v=1789095598,5,"Personalized Pride Rainbow Doormat, LGBTQ Welcome Mat, Inclusive Front Porch Decor, Colorful Entryway Rug, Indoor Outdoor Floor Mat (Everyone Welcome)",,,,,,,,,,,,,,,,,,,,,,,
personalized-pride-rainbow-flag-doormat-indoor-outdoor-usage,,,,,,,,,,,,,,,,,,,,,,,,,,,,,,,,https://cdn.shopify.com/s/files/1/1023/0068/0561/files/215dc5d8d6d5249519e6debf4185891869ed552846503b88cea0b1c12f2b3187.jpg?v=1789095598,6,"Personalized Pride Rainbow Doormat, LGBTQ Welcome Mat, Inclusive Front Porch Decor, Colorful Entryway Rug, Indoor Outdoor Floor Mat (Everyone Welcome)",,,,,,,,,,,,,,,,,,,,,,,
personalized-pride-rainbow-flag-doormat-indoor-outdoor-usage,,,,,,,,,,,,,,,,,,,,,,,,,,,,,,,,https://cdn.shopify.com/s/files/1/1023/0068/0561/files/e9a95c585406c909cf5c1d47f6b90c9ccca08920866326672574d7c034606d68.jpg?v=1789095598,7,"Personalized Pride Rainbow Doormat, LGBTQ Welcome Mat, Inclusive Front Porch Decor, Colorful Entryway Rug, Indoor Outdoor Floor Mat (Everyone Welcome)",,,,,,,,,,,,,,,,,,,,,,,
personalized-rainbow-watercolor-love-wins-doormat-front-porch-decor,"Personalized Rainbow Watercolor Love Wins Doormat, Front Porch Decor","<p>This vibrant doormat features colorful artwork inspired by inclusivity, love, and positivity, adding a welcoming touch to your home. Designed for everyday use, it combines a soft surface with a vivid, long-lasting print to enhance your decor. This versatile mat is suitable for various indoor and outdoor spaces, creating an inviting atmosphere.</p><h3>Product Highlights</h3><ul><li>Features a bright and colorful Pride rainbow design.</li><li>Offers a soft and comfortable surface.</li><li>Designed for durability with a vivid, long-lasting print.</li><li>Suitable for both indoor and outdoor use.</li><li>Perfect for enhancing modern, boho, retro, or eclectic spaces.</li></ul><h3>Specifications</h3><table border=""1"" cellpadding=""6"" style=""border-collapse:collapse;width:100%""><tr><th align=""left"" width=""35%"">Attribute</th><th align=""left"">Value</th></tr><tr><td>Rug Form</td><td>Doormat</td></tr><tr><td>Item Shape</td><td>Rectangular</td></tr><tr><td>Weave Type</td><td>Flat Woven</td></tr><tr><td>Pile Height</td><td>Low Pile</td></tr><tr><td>Construction Type</td><td>Machine Made</td></tr><tr><td>Indoor/Outdoor Usage</td><td>Both</td></tr><tr><td>Room Type</td><td>Porch</td></tr><tr><td>Special Features</td><td>Lightweight</td></tr><tr><td>Pattern</td><td>rainbow</td></tr><tr><td>Theme</td><td>Rainbow</td></tr><tr><td>Style</td><td>Modern</td></tr><tr><td>Number of Pieces</td><td>1 text input</td></tr></table><h3>Material &amp; Care</h3><table border=""1"" cellpadding=""6"" style=""border-collapse:collapse;width:100%""><tr><th align=""left"" width=""35%"">Item</th><th align=""left"">Detail</th></tr><tr><td>Material Type</td><td>Polyester</td></tr><tr><td>Backing Material</td><td>Rubber</td></tr></table><h3>Where It Works</h3><p>This decorative doormat is ideal for front doors, entryways, patios, porches, apartments, dorms, classrooms, offices, and other indoor or outdoor spaces. It helps create a cozy and welcoming atmosphere.</p>",CHILLGEN,Services > Building & Construction Services > Outdoor Construction,Rug,"amazon-parent-b0h1wpbzvb, doormat, home-decor, indoor-outdoor, modern, pride, rainbow, rectangular, rug",false,Choose Produt Size,20x14 Inches-Mini size,,,,,,,,AMZ-RUG-B0H1WJHXQZ-1,0.0,,0,deny,manual,21.90,27.38,true,false,,,,,,https://cdn.shopify.com/s/files/1/1023/0068/0561/files/50acc07cdba11b30f321e51218e25bc7263bb7e04724a946eaaa20b73e844cd7.jpg?v=1789095599,1,"Personalized Pride Rainbow Doormat, LGBTQ Welcome Mat, Inclusive Front Porch Decor, Colorful Entryway Rug, Indoor Outdoor Floor Mat (Rainbow 1)",false,,"Modern rainbow doormat with a soft, durable polyester surface for welcoming entryways and outdoor spaces.",,,,,,,,,,,,B0H1WPBZVB,,,,,lb,,,draft
personalized-rainbow-watercolor-love-wins-doormat-front-porch-decor,,,,,,,,,24x16 Inches (40x60 cm),,,,,,,,AMZ-RUG-B0H1WJHXQZ-2,0.0,,0,deny,manual,25.90,32.38,true,false,,,,,,https://cdn.shopify.com/s/files/1/1023/0068/0561/files/8f872f0b116905ca909ef80c66589702295ead092efd129778d4209e62843504.jpg?v=1789095599,2,"Personalized Pride Rainbow Doormat, LGBTQ Welcome Mat, Inclusive Front Porch Decor, Colorful Entryway Rug, Indoor Outdoor Floor Mat (Rainbow 1)",,,,,,,,,,,,,,,,,,,,lb,,,
personalized-rainbow-watercolor-love-wins-doormat-front-porch-decor,,,,,,,,,32x20 Inches (50x80 cm),,,,,,,,AMZ-RUG-B0H1WJHXQZ-3,0.0,,0,deny,manual,27.90,34.88,true,false,,,,,,https://cdn.shopify.com/s/files/1/1023/0068/0561/files/b92ff2ec5520327ef98da547180e41faa5040b13d3c51f1235908514a3a32cdd.jpg?v=1789095599,3,"Personalized Pride Rainbow Doormat, LGBTQ Welcome Mat, Inclusive Front Porch Decor, Colorful Entryway Rug, Indoor Outdoor Floor Mat (Rainbow 1)",,,,,,,,,,,,,,,,,,,,lb,,,
personalized-rainbow-watercolor-love-wins-doormat-front-porch-decor,,,,,,,,,36x24 Inches (60x90cm),,,,,,,,AMZ-RUG-B0H1WJHXQZ-4,0.0,,0,deny,manual,33.90,42.38,true,false,,,,,,https://cdn.shopify.com/s/files/1/1023/0068/0561/files/cb9b276615b0cce2b77d4fb922f88b652cad92500c99c88f9b8bf91ea1d55b86.jpg?v=1789095599,4,"Personalized Pride Rainbow Doormat, LGBTQ Welcome Mat, Inclusive Front Porch Decor, Colorful Entryway Rug, Indoor Outdoor Floor Mat (Rainbow 1)",,,,,,,,,,,,,,,,,,,,lb,,,
personalized-rainbow-watercolor-love-wins-doormat-front-porch-decor,,,,,,,,,,,,,,,,,,,,,,,,,,,,,,,,https://cdn.shopify.com/s/files/1/1023/0068/0561/files/0a6762cdad3fe543d8746bcefa49ff29ddf7805d2927860128ce81727968ba7b.jpg?v=1789095599,5,"Personalized Pride Rainbow Doormat, LGBTQ Welcome Mat, Inclusive Front Porch Decor, Colorful Entryway Rug, Indoor Outdoor Floor Mat (Rainbow 1)",,,,,,,,,,,,,,,,,,,,,,,
personalized-rainbow-watercolor-love-wins-doormat-front-porch-decor,,,,,,,,,,,,,,,,,,,,,,,,,,,,,,,,https://cdn.shopify.com/s/files/1/1023/0068/0561/files/98c186ae2879453d46a0202d2d0764049dd8a202307953578e71ccf6e748730a.jpg?v=1789095599,6,"Personalized Pride Rainbow Doormat, LGBTQ Welcome Mat, Inclusive Front Porch Decor, Colorful Entryway Rug, Indoor Outdoor Floor Mat (Rainbow 1)",,,,,,,,,,,,,,,,,,,,,,,
personalized-rainbow-watercolor-love-wins-doormat-front-porch-decor,,,,,,,,,,,,,,,,,,,,,,,,,,,,,,,,https://cdn.shopify.com/s/files/1/1023/0068/0561/files/53eee30bc9af66a0148e897f0e21943decae30a12b2533c6230cd417eb4be3b8.jpg?v=1789095599,7,"Personalized Pride Rainbow Doormat, LGBTQ Welcome Mat, Inclusive Front Porch Decor, Colorful Entryway Rug, Indoor Outdoor Floor Mat (Rainbow 1)",,,,,,,,,,,,,,,,,,,,,,,
personalized-rainbow-welcome-homos-doormat-indoor-outdoor,"Personalized Rainbow Welcome HOMOS Doormat, Indoor Outdoor","<p>This Pride Rainbow Doormat offers a vibrant and welcoming addition to any home. Featuring colorful artwork inspired by inclusivity and positivity, this doormat helps create a warm and inviting atmosphere. It is designed for everyday use and adds personality and warmth to your home decor.</p><h3>Product Highlights</h3><ul><li>Features a bright and colorful Pride design with rainbow artwork.</li><li>Designed for everyday use with a comfortable surface.</li><li>Non-slip backing ensures stability.</li><li>Suitable for both indoor and outdoor spaces.</li><li>Adds a personalized and inclusive touch to home aesthetics.</li></ul><h3>Specifications</h3><table border=""1"" cellpadding=""6"" style=""border-collapse:collapse;width:100%""><tr><th align=""left"" width=""35%"">Attribute</th><th align=""left"">Value</th></tr><tr><td>Rug Form</td><td>Doormat</td></tr><tr><td>Item Shape</td><td>Rectangular</td></tr><tr><td>Weave Type</td><td>Flat Woven</td></tr><tr><td>Pile Height</td><td>Low Pile</td></tr><tr><td>Construction Type</td><td>Machine Made</td></tr><tr><td>Indoor/Outdoor Usage</td><td>Both</td></tr><tr><td>Room Type</td><td>Porch</td></tr><tr><td>Special Features</td><td>Lightweight</td></tr><tr><td>Pattern</td><td>rainbow</td></tr><tr><td>Theme</td><td>Rainbow</td></tr><tr><td>Style</td><td>Modern</td></tr><tr><td>Text</td><td>1 text input</td></tr></table><h3>Material &amp; Care</h3><table border=""1"" cellpadding=""6"" style=""border-collapse:collapse;width:100%""><tr><th align=""left"" width=""35%"">Item</th><th align=""left"">Detail</th></tr><tr><td>Material Type</td><td>Polyester</td></tr><tr><td>Backing Material</td><td>Rubber</td></tr></table><h3>Where It Works</h3><p>This doormat is suitable for use in entryways, patios, porches, apartments, dorms, classrooms, offices, and both indoor and outdoor spaces, making it a versatile decorative piece for various settings.</p>",CHILLGEN,Services > Building & Construction Services > Outdoor Construction,Rug,"amazon-parent-b0h1wpbzvb, doormat, flat-woven, home-decor, modern, porch, rainbow, rectangular, rug",false,Choose Produt Size,20x14 Inches-Mini size,,,,,,,,AMZ-RUG-B0H1WH7RPW-1,0.0,,0,deny,manual,21.90,27.38,true,false,,,,,,https://cdn.shopify.com/s/files/1/1023/0068/0561/files/6ad761e486fddc7df115d879d9aefe9a0fba30651e0b477720fcfcdac7647598.jpg?v=1789095649,1,"Personalized Pride Rainbow Doormat, LGBTQ Welcome Mat, Inclusive Front Porch Decor, Colorful Entryway Rug, Indoor Outdoor Floor Mat (Welcome 1)",false,,"Modern rainbow doormat with a soft, durable surface, perfect for adding a welcoming touch to your porch or entryway.",,,,,,,,,,,,B0H1WPBZVB,,,,,lb,,,draft
personalized-rainbow-welcome-homos-doormat-indoor-outdoor,,,,,,,,,24x16 Inches (40x60 cm),,,,,,,,AMZ-RUG-B0H1WH7RPW-2,0.0,,0,deny,manual,25.90,32.38,true,false,,,,,,https://cdn.shopify.com/s/files/1/1023/0068/0561/files/8b621101ff592a4196a4298572ac76c15b68fcb6f0256020c095dbd9ff544d30.jpg?v=1789095648,2,"Personalized Pride Rainbow Doormat, LGBTQ Welcome Mat, Inclusive Front Porch Decor, Colorful Entryway Rug, Indoor Outdoor Floor Mat (Welcome 1)",,,,,,,,,,,,,,,,,,,,lb,,,
personalized-rainbow-welcome-homos-doormat-indoor-outdoor,,,,,,,,,32x20 Inches (50x80 cm),,,,,,,,AMZ-RUG-B0H1WH7RPW-3,0.0,,0,deny,manual,27.90,34.88,true,false,,,,,,https://cdn.shopify.com/s/files/1/1023/0068/0561/files/5578ce47eae9d9a50971c0cd85dc876d3712403c2d87393406d60d1a11a0d288.jpg?v=1789095649,3,"Personalized Pride Rainbow Doormat, LGBTQ Welcome Mat, Inclusive Front Porch Decor, Colorful Entryway Rug, Indoor Outdoor Floor Mat (Welcome 1)",,,,,,,,,,,,,,,,,,,,lb,,,
personalized-rainbow-welcome-homos-doormat-indoor-outdoor,,,,,,,,,36x24 Inches (60x90cm),,,,,,,,AMZ-RUG-B0H1WH7RPW-4,0.0,,0,deny,manual,33.90,42.38,true,false,,,,,,https://cdn.shopify.com/s/files/1/1023/0068/0561/files/85a95449af579a1b37862434c6874c8842d7e385b57f25b4ff2856bdbd9e62cf.jpg?v=1789095649,4,"Personalized Pride Rainbow Doormat, LGBTQ Welcome Mat, Inclusive Front Porch Decor, Colorful Entryway Rug, Indoor Outdoor Floor Mat (Welcome 1)",,,,,,,,,,,,,,,,,,,,lb,,,
personalized-rainbow-welcome-homos-doormat-indoor-outdoor,,,,,,,,,,,,,,,,,,,,,,,,,,,,,,,,https://cdn.shopify.com/s/files/1/1023/0068/0561/files/db778bf595e21844cbec225fde84253a2205e2397d759ad9f759afe938bbd23f.jpg?v=1789095648,5,"Personalized Pride Rainbow Doormat, LGBTQ Welcome Mat, Inclusive Front Porch Decor, Colorful Entryway Rug, Indoor Outdoor Floor Mat (Welcome 1)",,,,,,,,,,,,,,,,,,,,,,,
personalized-rainbow-welcome-homos-doormat-indoor-outdoor,,,,,,,,,,,,,,,,,,,,,,,,,,,,,,,,https://cdn.shopify.com/s/files/1/1023/0068/0561/files/f186f786cf695695d13f04073ac67759a155260f39860524c8b815c887dc8301.jpg?v=1789095648,6,"Personalized Pride Rainbow Doormat, LGBTQ Welcome Mat, Inclusive Front Porch Decor, Colorful Entryway Rug, Indoor Outdoor Floor Mat (Welcome 1)",,,,,,,,,,,,,,,,,,,,,,,
personalized-rainbow-welcome-homos-doormat-indoor-outdoor,,,,,,,,,,,,,,,,,,,,,,,,,,,,,,,,https://cdn.shopify.com/s/files/1/1023/0068/0561/files/ac8b0d2a643e75151f3999b408de25314dfc16fb4ee334f62b3431048bf5d4c2.jpg?v=1789095648,7,"Personalized Pride Rainbow Doormat, LGBTQ Welcome Mat, Inclusive Front Porch Decor, Colorful Entryway Rug, Indoor Outdoor Floor Mat (Welcome 1)",,,,,,,,,,,,,,,,,,,,,,,
personalized-rainbow-astronaut-cat-cosmic-doormat-front-porch-decor,"Personalized Rainbow Astronaut Cat Cosmic Doormat, Front Porch Decor","<p>This vibrant doormat celebrates inclusivity with a bright and colorful Pride Rainbow design. It features cheerful artwork, adding a welcoming touch to any home. Designed for everyday use, this decorative mat enhances your decor with personality and positivity.</p><h3>Product Highlights</h3><ul><li>Features a bright and colorful Pride Rainbow design.</li><li>Offers a soft and durable surface for everyday use.</li><li>Suitable for both indoor and outdoor spaces.</li><li>Adds personality and warmth to your home decor.</li><li>Perfect for creating an inclusive home aesthetic.</li></ul><h3>Specifications</h3><table border=""1"" cellpadding=""6"" style=""border-collapse:collapse;width:100%""><tr><th align=""left"" width=""35%"">Attribute</th><th align=""left"">Value</th></tr><tr><td>Rug Form</td><td>Doormat</td></tr><tr><td>Item Shape</td><td>Rectangular</td></tr><tr><td>Weave Type</td><td>Flat Woven</td></tr><tr><td>Pile Height</td><td>Low Pile</td></tr><tr><td>Construction Type</td><td>Machine Made</td></tr><tr><td>Indoor/Outdoor Usage</td><td>Both</td></tr><tr><td>Room Type</td><td>Porch</td></tr><tr><td>Pattern</td><td>rainbow</td></tr><tr><td>Theme</td><td>Rainbow</td></tr><tr><td>Style</td><td>Modern</td></tr><tr><td>Special Features</td><td>Lightweight</td></tr><tr><td>Text Customization</td><td>1 text input</td></tr></table><h3>Material &amp; Care</h3><table border=""1"" cellpadding=""6"" style=""border-collapse:collapse;width:100%""><tr><th align=""left"" width=""35%"">Item</th><th align=""left"">Detail</th></tr><tr><td>Material Type</td><td>Polyester</td></tr><tr><td>Backing Material</td><td>Rubber</td></tr></table><h3>Where It Works</h3><p>This doormat is ideal for front doors, entryways, patios, porches, apartments, dorms, classrooms, and offices. It seamlessly integrates into both indoor and outdoor settings, adding a touch of color and personality.</p>",CHILLGEN,Services > Building & Construction Services > Outdoor Construction,Rug,"amazon-parent-b0h1wpbzvb, doormat, home-decor, indoor-outdoor, modern, pride, rainbow, rectangular, rug",false,Choose Produt Size,20x14 Inches-Mini size,,,,,,,,AMZ-RUG-B0H1W8ZFZ8-1,0.0,,0,deny,manual,21.90,27.38,true,false,,,,,,https://cdn.shopify.com/s/files/1/1023/0068/0561/files/d290862feb221dab35afac61a5d8d425263d73926c9516997b6e427d81cc351b.jpg?v=1789095649,1,"Personalized Pride Rainbow Doormat, LGBTQ Welcome Mat, Inclusive Front Porch Decor, Colorful Entryway Rug, Indoor Outdoor Floor Mat (Cat 1)",false,,"Modern Pride Rainbow Doormat with a soft, durable polyester surface, perfect for any indoor or outdoor entryway.",,,,,,,,,,,,B0H1WPBZVB,,,,,lb,,,draft
personalized-rainbow-astronaut-cat-cosmic-doormat-front-porch-decor,,,,,,,,,24x16 Inches (40x60 cm),,,,,,,,AMZ-RUG-B0H1W8ZFZ8-2,0.0,,0,deny,manual,25.90,32.38,true,false,,,,,,https://cdn.shopify.com/s/files/1/1023/0068/0561/files/1533cc2e71258efc77d8b8672eeb217af751c10724284e6653bcedf4eae58a8e.jpg?v=1789095649,2,"Personalized Pride Rainbow Doormat, LGBTQ Welcome Mat, Inclusive Front Porch Decor, Colorful Entryway Rug, Indoor Outdoor Floor Mat (Cat 1)",,,,,,,,,,,,,,,,,,,,lb,,,
personalized-rainbow-astronaut-cat-cosmic-doormat-front-porch-decor,,,,,,,,,32x20 Inches (50x80 cm),,,,,,,,AMZ-RUG-B0H1W8ZFZ8-3,0.0,,0,deny,manual,27.90,34.88,true,false,,,,,,https://cdn.shopify.com/s/files/1/1023/0068/0561/files/ea3ebb416b3c2f74ba2348cc19d230950127596296891dfcdeb3b3961f599147.jpg?v=1789095649,3,"Personalized Pride Rainbow Doormat, LGBTQ Welcome Mat, Inclusive Front Porch Decor, Colorful Entryway Rug, Indoor Outdoor Floor Mat (Cat 1)",,,,,,,,,,,,,,,,,,,,lb,,,
personalized-rainbow-astronaut-cat-cosmic-doormat-front-porch-decor,,,,,,,,,36x24 Inches (60x90cm),,,,,,,,AMZ-RUG-B0H1W8ZFZ8-4,0.0,,0,deny,manual,33.90,42.38,true,false,,,,,,https://cdn.shopify.com/s/files/1/1023/0068/0561/files/88a86465cf98dd261708de983e2a718514cf7371bd95e3f85073fb7f8b626edd.jpg?v=1789095649,4,"Personalized Pride Rainbow Doormat, LGBTQ Welcome Mat, Inclusive Front Porch Decor, Colorful Entryway Rug, Indoor Outdoor Floor Mat (Cat 1)",,,,,,,,,,,,,,,,,,,,lb,,,
personalized-rainbow-astronaut-cat-cosmic-doormat-front-porch-decor,,,,,,,,,,,,,,,,,,,,,,,,,,,,,,,,https://cdn.shopify.com/s/files/1/1023/0068/0561/files/3d227cc6e74407468b07a2b4c0603213ec2123b4141557c6021254e6ce1ee62b.jpg?v=1789095649,5,"Personalized Pride Rainbow Doormat, LGBTQ Welcome Mat, Inclusive Front Porch Decor, Colorful Entryway Rug, Indoor Outdoor Floor Mat (Cat 1)",,,,,,,,,,,,,,,,,,,,,,,
personalized-rainbow-astronaut-cat-cosmic-doormat-front-porch-decor,,,,,,,,,,,,,,,,,,,,,,,,,,,,,,,,https://cdn.shopify.com/s/files/1/1023/0068/0561/files/43e8ba09f8837f59046e8f6f4a83b015b89ccc2f30fb4f0770a67df9d24e791e.jpg?v=1789095649,6,"Personalized Pride Rainbow Doormat, LGBTQ Welcome Mat, Inclusive Front Porch Decor, Colorful Entryway Rug, Indoor Outdoor Floor Mat (Cat 1)",,,,,,,,,,,,,,,,,,,,,,,
personalized-rainbow-astronaut-cat-cosmic-doormat-front-porch-decor,,,,,,,,,,,,,,,,,,,,,,,,,,,,,,,,https://cdn.shopify.com/s/files/1/1023/0068/0561/files/42a338069d1e45ae028c96a373bb4baed317263da501ee29a57fbc299b08c6b5.jpg?v=1789095649,7,"Personalized Pride Rainbow Doormat, LGBTQ Welcome Mat, Inclusive Front Porch Decor, Colorful Entryway Rug, Indoor Outdoor Floor Mat (Cat 1)",,,,,,,,,,,,,,,,,,,,,,,
personalized-flowers-hate-has-no-home-here-doormat-front-porch-decor,"Personalized Flowers Hate Has No Home Here Doormat, Front Porch Decor","<p>This vibrant Pride Rainbow Doormat offers a welcoming touch to any home, featuring colorful artwork inspired by inclusivity, love, and positivity. Designed for everyday use, its vivid, long-lasting print adds personality and warmth. This mat serves as a beautiful accent for various spaces, enhancing home decor with its cheerful aesthetic.</p><h3>Product Highlights</h3><ul><li>Features a bright and colorful Pride design with rainbow-inspired artwork.</li><li>Designed with a soft and durable surface for comfortable everyday use.</li><li>Adds personality and warmth to home decor with a vivid, long-lasting print.</li><li>Suitable for both indoor and outdoor spaces.</li><li>Perfect for creating an inclusive home aesthetic in modern, boho, retro, or eclectic settings.</li></ul><h3>Specifications</h3><table border=""1"" cellpadding=""6"" style=""border-collapse:collapse;width:100%""><tr><th align=""left"" width=""35%"">Attribute</th><th align=""left"">Value</th></tr><tr><td>Rug Form</td><td>Doormat</td></tr><tr><td>Item Shape</td><td>Rectangular</td></tr><tr><td>Weave Type</td><td>Flat Woven</td></tr><tr><td>Pile Height</td><td>Low Pile</td></tr><tr><td>Construction Type</td><td>Machine Made</td></tr><tr><td>Indoor/Outdoor Usage</td><td>Both</td></tr><tr><td>Room Type</td><td>Porch</td></tr><tr><td>Pattern</td><td>rainbow</td></tr><tr><td>Theme</td><td>Rainbow</td></tr><tr><td>Style</td><td>Modern</td></tr><tr><td>Special Features</td><td>Lightweight</td></tr><tr><td>Text</td><td>1 text input</td></tr></table><h3>Material &amp; Care</h3><table border=""1"" cellpadding=""6"" style=""border-collapse:collapse;width:100%""><tr><th align=""left"" width=""35%"">Item</th><th align=""left"">Detail</th></tr><tr><td>Material Type</td><td>Polyester</td></tr><tr><td>Backing Material</td><td>Rubber</td></tr></table><h3>Where It Works</h3><p>This doormat is suitable for front doors, entryways, patios, porches, apartments, dorms, classrooms, and offices. It can be used in both indoor and outdoor settings, adding a decorative and welcoming touch to various spaces.</p>",CHILLGEN,Services > Building & Construction Services > Outdoor Construction,Rug,"amazon-parent-b0h1wpbzvb, doormat, home-decor, indoor-outdoor, modern, pride, rainbow, rectangular, rug",false,Choose Produt Size,20x14 Inches-Mini size,,,,,,,,AMZ-RUG-B0H1W9NVJD-1,0.0,,0,deny,manual,21.90,27.38,true,false,,,,,,https://cdn.shopify.com/s/files/1/1023/0068/0561/files/087a689e1786c26a5677d799523adb3a6526679fff76bff3a1c6adefcd5a71fc.jpg?v=1789095652,1,"Personalized Pride Rainbow Doormat, LGBTQ Welcome Mat, Inclusive Front Porch Decor, Colorful Entryway Rug, Indoor Outdoor Floor Mat (Hate Verse)",false,,"Modern rainbow doormat with a soft, durable polyester surface is perfect for inclusive indoor and outdoor spaces.",,,,,,,,,,,,B0H1WPBZVB,,,,,lb,,,draft
personalized-flowers-hate-has-no-home-here-doormat-front-porch-decor,,,,,,,,,24x16 Inches (40x60 cm),,,,,,,,AMZ-RUG-B0H1W9NVJD-2,0.0,,0,deny,manual,25.90,32.38,true,false,,,,,,https://cdn.shopify.com/s/files/1/1023/0068/0561/files/e591e73b81dff2d71d6a9392b680319b7b0f8087b04fa585ed5d16f09513f1fe.jpg?v=1789095651,2,"Personalized Pride Rainbow Doormat, LGBTQ Welcome Mat, Inclusive Front Porch Decor, Colorful Entryway Rug, Indoor Outdoor Floor Mat (Hate Verse)",,,,,,,,,,,,,,,,,,,,lb,,,
personalized-flowers-hate-has-no-home-here-doormat-front-porch-decor,,,,,,,,,32x20 Inches (50x80 cm),,,,,,,,AMZ-RUG-B0H1W9NVJD-3,0.0,,0,deny,manual,27.90,34.88,true,false,,,,,,https://cdn.shopify.com/s/files/1/1023/0068/0561/files/9bf8cc7572e83b36e370f571dd9bb5f974e25078e06ad14f2a600f982714f145.jpg?v=1789095651,3,"Personalized Pride Rainbow Doormat, LGBTQ Welcome Mat, Inclusive Front Porch Decor, Colorful Entryway Rug, Indoor Outdoor Floor Mat (Hate Verse)",,,,,,,,,,,,,,,,,,,,lb,,,
personalized-flowers-hate-has-no-home-here-doormat-front-porch-decor,,,,,,,,,36x24 Inches (60x90cm),,,,,,,,AMZ-RUG-B0H1W9NVJD-4,0.0,,0,deny,manual,33.90,42.38,true,false,,,,,,https://cdn.shopify.com/s/files/1/1023/0068/0561/files/e77422a00257a8d434f4fb58d890f2471cabc7c9175844cc51f8489363da8a9b.jpg?v=1789095651,4,"Personalized Pride Rainbow Doormat, LGBTQ Welcome Mat, Inclusive Front Porch Decor, Colorful Entryway Rug, Indoor Outdoor Floor Mat (Hate Verse)",,,,,,,,,,,,,,,,,,,,lb,,,
personalized-flowers-hate-has-no-home-here-doormat-front-porch-decor,,,,,,,,,,,,,,,,,,,,,,,,,,,,,,,,https://cdn.shopify.com/s/files/1/1023/0068/0561/files/070e36daca8a17c08e375c440815554be64cf0d327bcdb395b2172a7fd9285d8.jpg?v=1789095651,5,"Personalized Pride Rainbow Doormat, LGBTQ Welcome Mat, Inclusive Front Porch Decor, Colorful Entryway Rug, Indoor Outdoor Floor Mat (Hate Verse)",,,,,,,,,,,,,,,,,,,,,,,
personalized-flowers-hate-has-no-home-here-doormat-front-porch-decor,,,,,,,,,,,,,,,,,,,,,,,,,,,,,,,,https://cdn.shopify.com/s/files/1/1023/0068/0561/files/7d14e1c697d86b1e2d9d106fab955b013aabe82d7cb811a78e3311c50fd101af.jpg?v=1789095651,6,"Personalized Pride Rainbow Doormat, LGBTQ Welcome Mat, Inclusive Front Porch Decor, Colorful Entryway Rug, Indoor Outdoor Floor Mat (Hate Verse)",,,,,,,,,,,,,,,,,,,,,,,
personalized-flowers-hate-has-no-home-here-doormat-front-porch-decor,,,,,,,,,,,,,,,,,,,,,,,,,,,,,,,,https://cdn.shopify.com/s/files/1/1023/0068/0561/files/7353381e9a2443889e0ba11e9f4568e58aefe8a3403579b7c67d511bbe49f207.jpg?v=1789095651,7,"Personalized Pride Rainbow Doormat, LGBTQ Welcome Mat, Inclusive Front Porch Decor, Colorful Entryway Rug, Indoor Outdoor Floor Mat (Hate Verse)",,,,,,,,,,,,,,,,,,,,,,,
personalized-cozy-cat-rainbow-books-doormat-indoor-outdoor-usage,"Personalized Cozy Cat Rainbow Books Doormat, Indoor Outdoor Usage","<p>This vibrant doormat celebrates inclusivity with a colorful rainbow design, making it a welcoming accent for any home. Its cheerful aesthetic is perfect for creating an inviting atmosphere for guests and family alike. Designed for everyday use, this decorative floor mat adds personality and positivity to your decor, suitable for various spaces.</p><h3>Product Highlights</h3><ul><li>Features a bright and colorful Pride design with inclusive artwork.</li><li>Soft and durable material ensures a comfortable surface and long-lasting print.</li><li>Versatile for both indoor and outdoor spaces, enhancing home decor.</li><li>Adds personality and warmth with a vivid, long-lasting print.</li><li>Creates a cozy and welcoming atmosphere in modern or eclectic spaces.</li></ul><h3>Specifications</h3><table border=""1"" cellpadding=""6"" style=""border-collapse:collapse;width:100%""><tr><th align=""left"" width=""35%"">Attribute</th><th align=""left"">Value</th></tr><tr><td>Rug Form</td><td>Doormat</td></tr><tr><td>Item Shape</td><td>Rectangular</td></tr><tr><td>Weave Type</td><td>Flat Woven</td></tr><tr><td>Pile Height</td><td>Low Pile</td></tr><tr><td>Construction Type</td><td>Machine Made</td></tr><tr><td>Indoor/Outdoor Usage</td><td>Both</td></tr><tr><td>Room Type</td><td>Porch</td></tr><tr><td>Pattern</td><td>rainbow</td></tr><tr><td>Theme</td><td>Rainbow</td></tr><tr><td>Style</td><td>Modern</td></tr><tr><td>Special Features</td><td>Lightweight</td></tr><tr><td>Text Input</td><td>1 text input</td></tr></table><h3>Material &amp; Care</h3><table border=""1"" cellpadding=""6"" style=""border-collapse:collapse;width:100%""><tr><th align=""left"" width=""35%"">Item</th><th align=""left"">Detail</th></tr><tr><td>Material Type</td><td>Polyester</td></tr><tr><td>Backing Material</td><td>Rubber</td></tr></table><h3>Where It Works</h3><p>This doormat is perfect for front doors, entryways, patios, porches, apartments, dorms, classrooms, and offices. Its inclusive design makes it suitable for creating a welcoming atmosphere in various indoor and outdoor settings.</p>",CHILLGEN,Services > Building & Construction Services > Outdoor Construction,Rug,"amazon-parent-b0h1wpbzvb, doormat, flat-woven, home-decor, modern, porch, rainbow, rectangular, rug",false,Choose Produt Size,20x14 Inches-Mini size,,,,,,,,AMZ-RUG-B0H1WGS4KS-1,0.0,,0,deny,manual,21.90,27.38,true,false,,,,,,https://cdn.shopify.com/s/files/1/1023/0068/0561/files/85538fe2047757ad11b6bc87133e9a74504e13db6d6d795dbd8fc70758a77ad4.jpg?v=1789095699,1,"Personalized Pride Rainbow Doormat, LGBTQ Welcome Mat, Inclusive Front Porch Decor, Colorful Entryway Rug, Indoor Outdoor Floor Mat (You Belong Here)",false,,"Modern rainbow doormat with a soft, durable polyester surface, perfect for welcoming guests in any indoor or outdoor space.",,,,,,,,,,,,B0H1WPBZVB,,,,,lb,,,draft
personalized-cozy-cat-rainbow-books-doormat-indoor-outdoor-usage,,,,,,,,,24x16 Inches (40x60 cm),,,,,,,,AMZ-RUG-B0H1WGS4KS-2,0.0,,0,deny,manual,25.90,32.38,true,false,,,,,,https://cdn.shopify.com/s/files/1/1023/0068/0561/files/c368042da065a412701c7012d88f79674af20b4560733cd26de17aa93dd477c3.jpg?v=1789095699,2,"Personalized Pride Rainbow Doormat, LGBTQ Welcome Mat, Inclusive Front Porch Decor, Colorful Entryway Rug, Indoor Outdoor Floor Mat (You Belong Here)",,,,,,,,,,,,,,,,,,,,lb,,,
personalized-cozy-cat-rainbow-books-doormat-indoor-outdoor-usage,,,,,,,,,32x20 Inches (50x80 cm),,,,,,,,AMZ-RUG-B0H1WGS4KS-3,0.0,,0,deny,manual,27.90,34.88,true,false,,,,,,https://cdn.shopify.com/s/files/1/1023/0068/0561/files/164854f006387c9cb3996907ed7ba1797cc131c1ad195f5591c146e5af74d519.jpg?v=1789095699,3,"Personalized Pride Rainbow Doormat, LGBTQ Welcome Mat, Inclusive Front Porch Decor, Colorful Entryway Rug, Indoor Outdoor Floor Mat (You Belong Here)",,,,,,,,,,,,,,,,,,,,lb,,,
personalized-cozy-cat-rainbow-books-doormat-indoor-outdoor-usage,,,,,,,,,36x24 Inches (60x90cm),,,,,,,,AMZ-RUG-B0H1WGS4KS-4,0.0,,0,deny,manual,33.90,42.38,true,false,,,,,,https://cdn.shopify.com/s/files/1/1023/0068/0561/files/ac4f5455184f05b73095ed141208c48905b88a69d9c70c49a2f44b887df8fa16.jpg?v=1789095699,4,"Personalized Pride Rainbow Doormat, LGBTQ Welcome Mat, Inclusive Front Porch Decor, Colorful Entryway Rug, Indoor Outdoor Floor Mat (You Belong Here)",,,,,,,,,,,,,,,,,,,,lb,,,
personalized-cozy-cat-rainbow-books-doormat-indoor-outdoor-usage,,,,,,,,,,,,,,,,,,,,,,,,,,,,,,,,https://cdn.shopify.com/s/files/1/1023/0068/0561/files/8ceafd55ce9ccb4134232d86839635a02af974cd12e313948a631b84570ce982.jpg?v=1789095699,5,"Personalized Pride Rainbow Doormat, LGBTQ Welcome Mat, Inclusive Front Porch Decor, Colorful Entryway Rug, Indoor Outdoor Floor Mat (You Belong Here)",,,,,,,,,,,,,,,,,,,,,,,
personalized-cozy-cat-rainbow-books-doormat-indoor-outdoor-usage,,,,,,,,,,,,,,,,,,,,,,,,,,,,,,,,https://cdn.shopify.com/s/files/1/1023/0068/0561/files/e193295b8a4dfa27ef94a0d69fa479eccc7f26a29be0ac5edeff0670b5188cc7.jpg?v=1789095699,6,"Personalized Pride Rainbow Doormat, LGBTQ Welcome Mat, Inclusive Front Porch Decor, Colorful Entryway Rug, Indoor Outdoor Floor Mat (You Belong Here)",,,,,,,,,,,,,,,,,,,,,,,
personalized-cozy-cat-rainbow-books-doormat-indoor-outdoor-usage,,,,,,,,,,,,,,,,,,,,,,,,,,,,,,,,https://cdn.shopify.com/s/files/1/1023/0068/0561/files/f7c72b4c65c59f9460708cec49f56d964845a8bc4e61ce01bc97225cf21fd830.jpg?v=1789095699,7,"Personalized Pride Rainbow Doormat, LGBTQ Welcome Mat, Inclusive Front Porch Decor, Colorful Entryway Rug, Indoor Outdoor Floor Mat (You Belong Here)",,,,,,,,,,,,,,,,,,,,,,,
personalized-as-for-me-and-my-house-doormat-water-resistant,"Personalized As For Me And My House Doormat, Water Resistant","<p>This customizable doormat offers a warm welcome to any home with its faith-based design. Featuring uplifting Bible verses and options for personalization, it serves as a meaningful accent piece. Crafted for both indoor and covered outdoor use, this doormat combines spiritual inspiration with everyday practicality.</p><h3>Product Highlights</h3><ul><li>Personalizable with family name, initial, or custom text.</li><li>Features inspirational scripture-based designs.</li><li>Soft and comfortable underfoot due to high-quality materials.</li><li>Durable and suitable for both indoor and covered outdoor use.</li><li>Easy to clean and maintain with simple methods.</li></ul><h3>Specifications</h3><table border=""1"" cellpadding=""6"" style=""border-collapse:collapse;width:100%""><tr><th align=""left"" width=""35%"">Attribute</th><th align=""left"">Value</th></tr><tr><td>Rug Form</td><td>Doormat</td></tr><tr><td>Item Shape</td><td>Rectangular</td></tr><tr><td>Weave Type</td><td>Flat Woven</td></tr><tr><td>Pile Height</td><td>Low Pile</td></tr><tr><td>Construction Type</td><td>Machine Made</td></tr><tr><td>Indoor/Outdoor Usage</td><td>Both</td></tr><tr><td>Water Resistance</td><td>Water Resistant</td></tr><tr><td>Pattern</td><td>Letter Print</td></tr><tr><td>Theme</td><td>Letter Print</td></tr><tr><td>Style</td><td>Traditional</td></tr><tr><td>Number of Pieces</td><td>2 text inputs</td></tr></table><h3>Material &amp; Care</h3><table border=""1"" cellpadding=""6"" style=""border-collapse:collapse;width:100%""><tr><th align=""left"" width=""35%"">Item</th><th align=""left"">Detail</th></tr><tr><td>Material Type</td><td>Faux Wool, Polyester fabric and memory stretch sponge</td></tr><tr><td>Backing Material</td><td>Suede</td></tr><tr><td>Care Instructions</td><td>Spot Clean Only</td></tr><tr><td>Cleaning Method</td><td>Gently soak up liquid with dry duster cloth, clean stain with water, use hand-held vacuum cleaner, sweep with broom, shake off outdoors, wipe with damp cloth and mild soap, or flush with garden hose.</td></tr></table><h3>Where It Works</h3><p>This personalized doormat is ideal for entrances, front porches, or entryways, offering a welcoming touch to any home. It also serves as a thoughtful gift for housewarmings, weddings, baptisms, Easter, Christmas, or other special occasions.</p>",CHILLGEN,Services > Home Improvement Services > Outdoor Services,Rug,"amazon-parent-b0ff4pszpz, christian, doormat, faith-based, home-decor, personalized, rectangular, rug, traditional",false,Choose Item Size,20x15 Inches,,,,,,,,AMZ-RUG-B0FF4Q9ZLS-1,0.0,,0,deny,manual,21.90,27.38,true,false,,,,,,https://cdn.shopify.com/s/files/1/1023/0068/0561/files/d01db40090f69d23521115068a9636425de80df937206f55f9b21638734ab33e.jpg?v=1789096604,1,"Bible Verse Doormat with Custom Name, As for Me and My House We Will Serve The Lord Doormat 24x16 inches, Thoughtful Gift for Housewarmings, Weddings, Easter, Christmas",false,,"This traditional, rectangular doormat features a personalized faith-based design, perfect for welcoming guests at any entrance.",,,,,,,,,,,,B0FF4PSZPZ,,,,,lb,,,draft
personalized-as-for-me-and-my-house-doormat-water-resistant,,,,,,,,,24x16 Inches,,,,,,,,AMZ-RUG-B0FF4Q9ZLS-2,0.0,,0,deny,manual,28.90,36.13,true,false,,,,,,https://cdn.shopify.com/s/files/1/1023/0068/0561/files/bee814e10d07ea34a6325fa8fb6459a9f0ccf6f8d6a1f467477ccb4df2c18e06.jpg?v=1789096604,2,"Bible Verse Doormat with Custom Name, As for Me and My House We Will Serve The Lord Doormat 24x16 inches, Thoughtful Gift for Housewarmings, Weddings, Easter, Christmas",,,,,,,,,,,,,,,,,,,,lb,,,
personalized-as-for-me-and-my-house-doormat-water-resistant,,,,,,,,,32x20 Inches,,,,,,,,AMZ-RUG-B0FF4Q9ZLS-3,0.0,,0,deny,manual,34.90,43.63,true,false,,,,,,https://cdn.shopify.com/s/files/1/1023/0068/0561/files/77cca417e4add8339b59a4b0db83e34a64e65b6ed6de39879d36a24f8eb1d6d1.jpg?v=1789096604,3,"Bible Verse Doormat with Custom Name, As for Me and My House We Will Serve The Lord Doormat 24x16 inches, Thoughtful Gift for Housewarmings, Weddings, Easter, Christmas",,,,,,,,,,,,,,,,,,,,lb,,,
personalized-as-for-me-and-my-house-doormat-water-resistant,,,,,,,,,36x24 Inches,,,,,,,,AMZ-RUG-B0FF4Q9ZLS-4,0.0,,0,deny,manual,40.90,51.13,true,false,,,,,,https://cdn.shopify.com/s/files/1/1023/0068/0561/files/dd647f932495c9a7c72268bfb114d4382cc04910d97bba1243539934c00b9d50.jpg?v=1789096604,4,"Bible Verse Doormat with Custom Name, As for Me and My House We Will Serve The Lord Doormat 24x16 inches, Thoughtful Gift for Housewarmings, Weddings, Easter, Christmas",,,,,,,,,,,,,,,,,,,,lb,,,
personalized-as-for-me-and-my-house-doormat-water-resistant,,,,,,,,,,,,,,,,,,,,,,,,,,,,,,,,https://cdn.shopify.com/s/files/1/1023/0068/0561/files/a77afec2c1dd4466b31f2feaef91f12bdca4ed65d4341e83618b5812019c6a54.jpg?v=1789096604,5,"Bible Verse Doormat with Custom Name, As for Me and My House We Will Serve The Lord Doormat 24x16 inches, Thoughtful Gift for Housewarmings, Weddings, Easter, Christmas",,,,,,,,,,,,,,,,,,,,,,,
personalized-as-for-me-and-my-house-doormat-water-resistant,,,,,,,,,,,,,,,,,,,,,,,,,,,,,,,,https://cdn.shopify.com/s/files/1/1023/0068/0561/files/c2e22b44f6384aee42d15efbb26f3c5c7f855261b1ca5c630d224b480520ec19.jpg?v=1789096604,6,"Bible Verse Doormat with Custom Name, As for Me and My House We Will Serve The Lord Doormat 24x16 inches, Thoughtful Gift for Housewarmings, Weddings, Easter, Christmas",,,,,,,,,,,,,,,,,,,,,,,
personalized-bible-verse-quote-with-ornate-frame-doormat,Personalized Bible Verse Quote with Ornate Frame Doormat,"<p>This personalized doormat offers a warm welcome to guests with its faith-based design. Featuring an uplifting Bible verse and customizable text, it serves as a meaningful accent for any home. It combines spiritual inspiration with practical home decor, making it a special addition to your entryway.</p><h3>Product Highlights</h3><ul><li>Personalize with family name, initial, or custom text alongside a Bible verse</li><li>Features inspirational, scripture-based designs</li><li>Soft, lightweight, and comfortable underfoot</li><li>Suitable for both indoor and covered outdoor use</li><li>Easy to clean and maintain</li></ul><h3>Specifications</h3><table border=""1"" cellpadding=""6"" style=""border-collapse:collapse;width:100%""><tr><th align=""left"" width=""35%"">Attribute</th><th align=""left"">Value</th></tr><tr><td>Rug Form</td><td>Doormat</td></tr><tr><td>Item Shape</td><td>Rectangular</td></tr><tr><td>Weave Type</td><td>Flat Woven</td></tr><tr><td>Pile Height</td><td>Low Pile</td></tr><tr><td>Construction Type</td><td>Machine Made</td></tr><tr><td>Indoor/Outdoor Usage</td><td>Both</td></tr><tr><td>Water Resistance Level</td><td>Water Resistant</td></tr><tr><td>Pattern</td><td>Letter Print</td></tr><tr><td>Style</td><td>Traditional</td></tr><tr><td>Text Customization</td><td>2 text inputs</td></tr></table><h3>Material &amp; Care</h3><table border=""1"" cellpadding=""6"" style=""border-collapse:collapse;width:100%""><tr><th align=""left"" width=""35%"">Item</th><th align=""left"">Detail</th></tr><tr><td>Material Type</td><td>Faux Wool, Polyester Fabric, Memory Stretch Sponge</td></tr><tr><td>Backing Material</td><td>Suede</td></tr><tr><td>Care Instructions</td><td>Spot Clean Only</td></tr><tr><td>Cleaning Method</td><td>Gently soak with dry duster cloth for liquids, vacuum or sweep for solid waste, wipe with damp cloth and mild soap for deeper cleaning, or flush with garden hose outdoors</td></tr></table><h3>Where It Works</h3><p>This versatile doormat is ideal for welcoming guests at entrances, front porches, and entryways. It also serves as a thoughtful decorative accent in various indoor settings, enhancing the spiritual ambiance of your home.</p>",CHILLGEN,Services > Home Improvement Services > Outdoor Services,Rug,"amazon-parent-b0ff4pszpz, Christian, doormat, home, home-decor, personalized, rectangular, rug, traditional",false,Choose Item Size,20x15 Inches,,,,,,,,AMZ-RUG-B0FY5VLDQL-1,0.0,,0,deny,manual,21.90,27.38,true,false,,,,,,https://cdn.shopify.com/s/files/1/1023/0068/0561/files/2c18b057eef35ff2df7c346de501af37e191ddee5dbbbcad9ee1708e77060d94.jpg?v=1789096604,1,"Personalized Bible Verse Doormat - Custom Name Floor Mat, As for Me and My House We Will Serve The Lord Doormat 24x16 inches, Thoughtful Gift for Housewarmings, Easter, Christmas",false,,"This traditional rectangular doormat with a personalized Bible verse design offers a warm, faith-based welcome for any entryway.",,,,,,,,,,,,B0FF4PSZPZ,,,,,lb,,,draft
personalized-bible-verse-quote-with-ornate-frame-doormat,,,,,,,,,24x16 Inches,,,,,,,,AMZ-RUG-B0FY5VLDQL-2,0.0,,0,deny,manual,28.90,36.13,true,false,,,,,,https://cdn.shopify.com/s/files/1/1023/0068/0561/files/f2aefeee2b2e6048ceba0634d8d714a5238723743dba5aa0de42280ce182fa6b.jpg?v=1789096604,2,"Personalized Bible Verse Doormat - Custom Name Floor Mat, As for Me and My House We Will Serve The Lord Doormat 24x16 inches, Thoughtful Gift for Housewarmings, Easter, Christmas",,,,,,,,,,,,,,,,,,,,lb,,,
personalized-bible-verse-quote-with-ornate-frame-doormat,,,,,,,,,32x20 Inches,,,,,,,,AMZ-RUG-B0FY5VLDQL-3,0.0,,0,deny,manual,34.90,43.63,true,false,,,,,,https://cdn.shopify.com/s/files/1/1023/0068/0561/files/1b873ac5e0553670424ae860c673ad3b16cb79bb92a47bfb290f0728cfce3d76.jpg?v=1789096604,3,"Personalized Bible Verse Doormat - Custom Name Floor Mat, As for Me and My House We Will Serve The Lord Doormat 24x16 inches, Thoughtful Gift for Housewarmings, Easter, Christmas",,,,,,,,,,,,,,,,,,,,lb,,,
personalized-bible-verse-quote-with-ornate-frame-doormat,,,,,,,,,36x24 Inches,,,,,,,,AMZ-RUG-B0FY5VLDQL-4,0.0,,0,deny,manual,40.90,51.13,true,false,,,,,,https://cdn.shopify.com/s/files/1/1023/0068/0561/files/fc5c779cfb53acac0f5c9f99b2ac7a18ceca1e8e4e373ca78aaea017512178d5.jpg?v=1789096604,4,"Personalized Bible Verse Doormat - Custom Name Floor Mat, As for Me and My House We Will Serve The Lord Doormat 24x16 inches, Thoughtful Gift for Housewarmings, Easter, Christmas",,,,,,,,,,,,,,,,,,,,lb,,,
personalized-bible-verse-quote-with-ornate-frame-doormat,,,,,,,,,,,,,,,,,,,,,,,,,,,,,,,,https://cdn.shopify.com/s/files/1/1023/0068/0561/files/56b0954a1cf1fe623eae8edf511193492f606b91140f16b9487ab8e70c9e4eb7.jpg?v=1789096604,5,"Personalized Bible Verse Doormat - Custom Name Floor Mat, As for Me and My House We Will Serve The Lord Doormat 24x16 inches, Thoughtful Gift for Housewarmings, Easter, Christmas",,,,,,,,,,,,,,,,,,,,,,,
personalized-bible-verse-quote-with-ornate-frame-doormat,,,,,,,,,,,,,,,,,,,,,,,,,,,,,,,,https://cdn.shopify.com/s/files/1/1023/0068/0561/files/793dc8fa50506ac9ac5b4fb4cb829aa506b9b4409ec07f5184110e9f8a3397b9.jpg?v=1789096604,6,"Personalized Bible Verse Doormat - Custom Name Floor Mat, As for Me and My House We Will Serve The Lord Doormat 24x16 inches, Thoughtful Gift for Housewarmings, Easter, Christmas",,,,,,,,,,,,,,,,,,,,,,,
personalized-bible-verse-family-name-doormat-water-resistant-bible,"Personalized Bible Verse Family Name Doormat, Water Resistant - Bible","<p>🧭 MAKE IT A UNIQUE FAITH-BASED GIFT: Personalize this doormat with your family name, initial, or custom text alongside an uplifting Bible verse. Choose from several inspirational backgrounds featuring scripture-based designs to reflect your faith and values., 🕊️ A BEAUTIFUL CHRISTIAN DOOR MAT FOR YOUR HOME: Welcome guests with warmth and scripture. This personalized Christian doormat with Bible verse brings blessings to your doorstep — ideal for entrances, front porches, or entryways. Makes a thoughtful gift for housewarmings, weddings, baptisms, Easter, Christmas, or any special occasion for believers., 👉 HIGH MATERIAL: Made from high-quality polyester fabric and memory stretch sponge, this doormat is soft, lightweight, and comfortable underfoot. Whether used indoors or outside a covered doorway, it offers both durability and a soft landing for tired feet., 💯 AVAILABLE DOORMAT SIZE: Choose from 16x24 inches | 20x32 inches | 24x36 inches. This Bible verse door mat is perfect as a Christian welcome mat, religious outdoor rug, or indoor decorative accent. A great personalized gift for families of faith, pastors, or church friends., ✔️ EASY TO CLEAN: It is easy to clean and maintain. For spilled liquid, you can gently soak up with a dry duster cloth or easily clean the stain with water. For solid waste, simply use a hand-held vacuum cleaner, sweep it with a broom, or shake it off outdoors or on your trash can. If you want a deeper cleaning, wipe with a damp cloth and mild soap, or flush the carpet outdoors with a garden hose.</p>",CHILLGEN,Services > Home Improvement Services > Outdoor Services,Rug,"amazon-parent-b0ff4pszpz, Christian, doormat, faith-based, home-decor, personalized, rectangular, rug, traditional",false,Choose Item Size,20x15 Inches,,,,,,,,AMZ-RUG-B0FY5W5FBB-1,0.0,,0,deny,manual,21.90,27.38,true,false,,,,,,https://cdn.shopify.com/s/files/1/1023/0068/0561/files/781a09f99c3eef17c6c5dc2fdfc90436cc5d23eabbe7c605325a1239e6bb9412.jpg?v=1789096605,1,"Personalized Bible Verse Family Name Doormat, Water Resistant - Bible",false,,"This Christian doormat, made from polyester fabric and memory stretch sponge, offers personalization and is suitable for entrances, porches, or entryways.",,,,,,,,,,,,B0FF4PSZPZ,,,,,lb,,,draft
personalized-bible-verse-family-name-doormat-water-resistant-bible,,,,,,,,,24x16 Inches,,,,,,,,AMZ-RUG-B0FY5W5FBB-2,0.0,,0,deny,manual,28.90,36.13,true,false,,,,,,https://cdn.shopify.com/s/files/1/1023/0068/0561/files/f077cb03b3e28fef66092946a28fe1bd05961a7fa116599dcb956339d73b5be9.jpg?v=1789096604,2,"Personalized Bible Verse Family Name Doormat, Water Resistant - Bible",,,,,,,,,,,,,,,,,,,,lb,,,
personalized-bible-verse-family-name-doormat-water-resistant-bible,,,,,,,,,32x20 Inches,,,,,,,,AMZ-RUG-B0FY5W5FBB-3,0.0,,0,deny,manual,34.90,43.63,true,false,,,,,,https://cdn.shopify.com/s/files/1/1023/0068/0561/files/dbc4efd121e9d5678fd59d6b2eb9a34a2be19dbd0066527eba80bb7e38b1db5f.jpg?v=1789096605,3,"Personalized Bible Verse Family Name Doormat, Water Resistant - Bible",,,,,,,,,,,,,,,,,,,,lb,,,
personalized-bible-verse-family-name-doormat-water-resistant-bible,,,,,,,,,36x24 Inches,,,,,,,,AMZ-RUG-B0FY5W5FBB-4,0.0,,0,deny,manual,40.90,51.13,true,false,,,,,,https://cdn.shopify.com/s/files/1/1023/0068/0561/files/4566c94cfcdce549ced77b80074c629a63a2a65e871a53bd17d2d5e861d94cb2.jpg?v=1789096605,4,"Personalized Bible Verse Family Name Doormat, Water Resistant - Bible",,,,,,,,,,,,,,,,,,,,lb,,,
personalized-bible-verse-family-name-doormat-water-resistant-bible,,,,,,,,,,,,,,,,,,,,,,,,,,,,,,,,https://cdn.shopify.com/s/files/1/1023/0068/0561/files/7033436d2b05a39f6bd4f179fb90e49c7782f7689b49e938cd308b14db23aae7.jpg?v=1789096605,5,"Personalized Bible Verse Family Name Doormat, Water Resistant - Bible",,,,,,,,,,,,,,,,,,,,,,,
personalized-bible-verse-family-name-doormat-water-resistant-bible,,,,,,,,,,,,,,,,,,,,,,,,,,,,,,,,https://cdn.shopify.com/s/files/1/1023/0068/0561/files/7ef827f8e25efe8373998f8c6c7007330f4c27887b90bd58c1f02965227673bf.jpg?v=1789096605,6,"Personalized Bible Verse Family Name Doormat, Water Resistant - Bible",,,,,,,,,,,,,,,,,,,,,,,
personalized-rustic-deer-antler-monogram-doormat,Personalized Rustic Deer Antler Monogram Doormat,"<p>Welcome guests with a personalized Christian doormat featuring an uplifting Bible verse. This doormat combines faith-based design with practical home utility, making it a special addition to any entryway. It's designed to offer warmth and scripture, creating a welcoming atmosphere for your home.</p><h3>Product Highlights</h3><ul><li>Personalizable with family name, initial, or custom text alongside a Bible verse</li><li>Features inspirational scripture-based designs to reflect faith and values</li><li>Made from high-quality polyester fabric and memory stretch sponge for comfort</li><li>Easy to clean with simple methods for spills, solids, or deeper cleaning</li><li>Suitable for use both indoors and outside covered doorways</li></ul><h3>Specifications</h3><table border=""1"" cellpadding=""6"" style=""border-collapse:collapse;width:100%""><tr><th align=""left"" width=""35%"">Attribute</th><th align=""left"">Value</th></tr><tr><td>Rug Form</td><td>Doormat</td></tr><tr><td>Item Shape</td><td>Rectangular</td></tr><tr><td>Weave Type</td><td>Flat Woven</td></tr><tr><td>Pile Height</td><td>Low Pile</td></tr><tr><td>Construction Type</td><td>Machine Made</td></tr><tr><td>Indoor/Outdoor Usage</td><td>Both</td></tr><tr><td>Pattern</td><td>Letter Print</td></tr><tr><td>Theme</td><td>Christian, Religious</td></tr><tr><td>Style</td><td>Traditional</td></tr><tr><td>Water Resistance Level</td><td>Water Resistant</td></tr><tr><td>Number of Pieces</td><td>1</td></tr></table><h3>Material &amp; Care</h3><table border=""1"" cellpadding=""6"" style=""border-collapse:collapse;width:100%""><tr><th align=""left"" width=""35%"">Item</th><th align=""left"">Detail</th></tr><tr><td>Material Type</td><td>Faux Wool, Polyester fabric, Memory stretch sponge</td></tr><tr><td>Backing Material</td><td>Suede</td></tr><tr><td>Care Instructions</td><td>Spot Clean Only</td></tr><tr><td>Cleaning Method</td><td>Gently soak with dry duster cloth for spilled liquid, use hand-held vacuum/broom/shake off for solid waste, wipe with damp cloth and mild soap for deeper cleaning, or flush with garden hose</td></tr></table><h3>Where It Works</h3><p>This doormat is ideal for entrances, front porches, and entryways, providing a welcoming touch. It can be used both indoors as a decorative accent or outdoors under a covered area to greet visitors with warmth and scripture.</p>",CHILLGEN,Services > Building & Construction Services > Outdoor Construction,Rug,"amazon-parent-b0ff4pszpz, Christian, doormat, home-decor, personalized, rectangular, rug, spiritual, traditional",false,Choose Item Size,20x15 Inches,,,,,,,,AMZ-RUG-B0FF4N6N69-1,0.0,,0,deny,manual,21.90,27.38,true,false,,,,,,https://cdn.shopify.com/s/files/1/1023/0068/0561/files/b73a3c824d5306d59766a07c1459b0957a3129db9d86fca5bb249606f3983de6.jpg?v=1789096652,1,"Bible Verse Doormat with Custom Name, Religious Welcome Mat for Front Door Outdoor 24x16 inches, Thoughtful Gift for Housewarmings, Weddings, Easter, Christmas (Bible Doormat 05)",false,,"This traditional rectangular doormat, made from faux wool, is personalizable with a Bible verse, perfect for any entryway.",,,,,,,,,,,,B0FF4PSZPZ,,,,,lb,,,draft
personalized-rustic-deer-antler-monogram-doormat,,,,,,,,,24x16 Inches,,,,,,,,AMZ-RUG-B0FF4N6N69-2,0.0,,0,deny,manual,28.90,36.13,true,false,,,,,,https://cdn.shopify.com/s/files/1/1023/0068/0561/files/9dccd979b7d996020a049ab2da75ad330b178c5347c1741eea85697680acff54.jpg?v=1789096651,2,"Bible Verse Doormat with Custom Name, Religious Welcome Mat for Front Door Outdoor 24x16 inches, Thoughtful Gift for Housewarmings, Weddings, Easter, Christmas (Bible Doormat 05)",,,,,,,,,,,,,,,,,,,,lb,,,
personalized-rustic-deer-antler-monogram-doormat,,,,,,,,,32x20 Inches,,,,,,,,AMZ-RUG-B0FF4N6N69-3,0.0,,0,deny,manual,34.90,43.63,true,false,,,,,,https://cdn.shopify.com/s/files/1/1023/0068/0561/files/b22395e7051f7db8b0fa347fb54770bbc41241d4c66cbc7ca3ecdb577860aaf1.jpg?v=1789096652,3,"Bible Verse Doormat with Custom Name, Religious Welcome Mat for Front Door Outdoor 24x16 inches, Thoughtful Gift for Housewarmings, Weddings, Easter, Christmas (Bible Doormat 05)",,,,,,,,,,,,,,,,,,,,lb,,,
personalized-rustic-deer-antler-monogram-doormat,,,,,,,,,36x24 Inches,,,,,,,,AMZ-RUG-B0FF4N6N69-4,0.0,,0,deny,manual,40.90,51.13,true,false,,,,,,https://cdn.shopify.com/s/files/1/1023/0068/0561/files/e61c918113f6e2ae2181982399a6f84740245cc55c56b61f729a0e551156fd76.jpg?v=1789096652,4,"Bible Verse Doormat with Custom Name, Religious Welcome Mat for Front Door Outdoor 24x16 inches, Thoughtful Gift for Housewarmings, Weddings, Easter, Christmas (Bible Doormat 05)",,,,,,,,,,,,,,,,,,,,lb,,,
personalized-rustic-deer-antler-monogram-doormat,,,,,,,,,,,,,,,,,,,,,,,,,,,,,,,,https://cdn.shopify.com/s/files/1/1023/0068/0561/files/37817c90ebea6846cf492a9ab7b582bfafd7d5b2751ed3d41452a0a49afcf09c.jpg?v=1789096651,5,"Bible Verse Doormat with Custom Name, Religious Welcome Mat for Front Door Outdoor 24x16 inches, Thoughtful Gift for Housewarmings, Weddings, Easter, Christmas (Bible Doormat 05)",,,,,,,,,,,,,,,,,,,,,,,
personalized-rustic-deer-antler-monogram-doormat,,,,,,,,,,,,,,,,,,,,,,,,,,,,,,,,https://cdn.shopify.com/s/files/1/1023/0068/0561/files/29ea5d2dbcd1003f33da74c614e34e60e20ae85a7d700725bf8c44f2901e5804.jpg?v=1789096652,6,"Bible Verse Doormat with Custom Name, Religious Welcome Mat for Front Door Outdoor 24x16 inches, Thoughtful Gift for Housewarmings, Weddings, Easter, Christmas (Bible Doormat 05)",,,,,,,,,,,,,,,,,,,,,,,
personalized-monogrammed-scripture-and-family-name-doormat,Personalized Monogrammed Scripture and Family Name Doormat,"<p>Welcome guests with a personalized Christian doormat, featuring uplifting Bible verses and faith-based designs. This doormat serves as a warm invitation, blending spiritual inspiration with everyday utility. It's an ideal choice for enhancing your home's entryway or as a meaningful gift for believers on various special occasions, creating a welcoming atmosphere at your doorstep.</p><h3>Product Highlights</h3><ul><li>Personalize with family name, initial, or custom text alongside a Bible verse</li><li>Features inspirational scripture-based designs</li><li>Soft, lightweight, and comfortable underfoot</li><li>Offers durability and a soft landing</li><li>Easy to clean and maintain</li></ul><h3>Specifications</h3><table border=""1"" cellpadding=""6"" style=""border-collapse:collapse;width:100%""><tr><th align=""left"" width=""35%"">Attribute</th><th align=""left"">Value</th></tr><tr><td>Rug Form</td><td>Doormat</td></tr><tr><td>Item Shape</td><td>Rectangular</td></tr><tr><td>Weave Type</td><td>Flat Woven</td></tr><tr><td>Pile Height</td><td>Low Pile</td></tr><tr><td>Construction Type</td><td>Machine Made</td></tr><tr><td>Indoor/Outdoor Usage</td><td>Both</td></tr><tr><td>Water Resistance</td><td>Water Resistant</td></tr><tr><td>Pattern</td><td>Letter Print</td></tr><tr><td>Theme</td><td>Bible Verse</td></tr><tr><td>Style</td><td>Traditional</td></tr><tr><td>Personalization</td><td>2 text inputs</td></tr></table><h3>Material &amp; Care</h3><table border=""1"" cellpadding=""6"" style=""border-collapse:collapse;width:100%""><tr><th align=""left"" width=""35%"">Item</th><th align=""left"">Detail</th></tr><tr><td>Material Type</td><td>Faux Wool, Polyester Fabric, Memory Stretch Sponge</td></tr><tr><td>Backing Material</td><td>Suede</td></tr><tr><td>Product Care Instructions</td><td>Spot Clean Only</td></tr><tr><td>Cleaning Method</td><td>Gently soak spilled liquid with dry duster cloth or clean stain with water. For solid waste, use hand-held vacuum cleaner, broom, or shake off outdoors. For deeper cleaning, wipe with damp cloth and mild soap, or flush outdoors with garden hose.</td></tr></table><h3>Where It Works</h3><p>This doormat is perfectly suited for various entryways, including front porches and indoor entrances. Its durable construction allows for versatile placement, making it a thoughtful addition to any home.</p>",CHILLGEN,Services > Building & Construction Services > Outdoor Construction,Rug,"amazon-parent-b0ff4pszpz, Christian, doormat, faith-based, home-decor, personalized, rectangular, rug, traditional",false,Choose Item Size,20x15 Inches,,,,,,,,AMZ-RUG-B0FF4T4QP9-1,0.0,,0,deny,manual,21.90,27.38,true,false,,,,,,https://cdn.shopify.com/s/files/1/1023/0068/0561/files/85f49bd3fdc7cc5eb32939a8c9b21b30cb7962b8ec438a2fd0af5c63193b6d75.jpg?v=1789096653,1,"Bible Verse Doormat with Custom Name, Religious Welcome Mat for Front Door Outdoor 24x16 inches, Thoughtful Gift for Housewarmings, Weddings, Easter, Christmas (Bible Doormat 03)",false,,"This personalized traditional doormat features uplifting Bible verses, is easy to clean, and suitable for indoor or outdoor entryways.",,,,,,,,,,,,B0FF4PSZPZ,,,,,lb,,,draft
personalized-monogrammed-scripture-and-family-name-doormat,,,,,,,,,24x16 Inches,,,,,,,,AMZ-RUG-B0FF4T4QP9-2,0.0,,0,deny,manual,28.90,36.13,true,false,,,,,,https://cdn.shopify.com/s/files/1/1023/0068/0561/files/5569ade91f0568f576eeb04e0d0c910e415a99c93238f81da31f62c4f8f3ffa7.jpg?v=1789096653,2,"Bible Verse Doormat with Custom Name, Religious Welcome Mat for Front Door Outdoor 24x16 inches, Thoughtful Gift for Housewarmings, Weddings, Easter, Christmas (Bible Doormat 03)",,,,,,,,,,,,,,,,,,,,lb,,,
personalized-monogrammed-scripture-and-family-name-doormat,,,,,,,,,32x20 Inches,,,,,,,,AMZ-RUG-B0FF4T4QP9-3,0.0,,0,deny,manual,34.90,43.63,true,false,,,,,,https://cdn.shopify.com/s/files/1/1023/0068/0561/files/a7085cc90fcb909c06df02618fb8cfd2f491a1abceb6383048c0e85c85971b0f.jpg?v=1789096653,3,"Bible Verse Doormat with Custom Name, Religious Welcome Mat for Front Door Outdoor 24x16 inches, Thoughtful Gift for Housewarmings, Weddings, Easter, Christmas (Bible Doormat 03)",,,,,,,,,,,,,,,,,,,,lb,,,
personalized-monogrammed-scripture-and-family-name-doormat,,,,,,,,,36x24 Inches,,,,,,,,AMZ-RUG-B0FF4T4QP9-4,0.0,,0,deny,manual,40.90,51.13,true,false,,,,,,https://cdn.shopify.com/s/files/1/1023/0068/0561/files/27490d14514a7b3e57c9e1fa639ec18846b700c0a65fda89df71a6d0c041c103.jpg?v=1789096653,4,"Bible Verse Doormat with Custom Name, Religious Welcome Mat for Front Door Outdoor 24x16 inches, Thoughtful Gift for Housewarmings, Weddings, Easter, Christmas (Bible Doormat 03)",,,,,,,,,,,,,,,,,,,,lb,,,
personalized-monogrammed-scripture-and-family-name-doormat,,,,,,,,,,,,,,,,,,,,,,,,,,,,,,,,https://cdn.shopify.com/s/files/1/1023/0068/0561/files/3da4834de3e8b4011fde623e7a8910d5200f0006a945e5ca254e4f380049fd94.jpg?v=1789096653,5,"Bible Verse Doormat with Custom Name, Religious Welcome Mat for Front Door Outdoor 24x16 inches, Thoughtful Gift for Housewarmings, Weddings, Easter, Christmas (Bible Doormat 03)",,,,,,,,,,,,,,,,,,,,,,,
personalized-monogrammed-scripture-and-family-name-doormat,,,,,,,,,,,,,,,,,,,,,,,,,,,,,,,,https://cdn.shopify.com/s/files/1/1023/0068/0561/files/0b14dbdc24eb7cb5449e7c03b345c6c90bf0d5aad1773d037f6ab43d6d20fd5c.jpg?v=1789096653,6,"Bible Verse Doormat with Custom Name, Religious Welcome Mat for Front Door Outdoor 24x16 inches, Thoughtful Gift for Housewarmings, Weddings, Easter, Christmas (Bible Doormat 03)",,,,,,,,,,,,,,,,,,,,,,,
personalized-scriptural-initial-with-ornate-frame-doormat,Personalized Scriptural Initial with Ornate Frame Doormat,"<p>This personalized doormat offers a unique way to welcome guests, featuring uplifting Bible verses and scripture-based designs. It combines faith-based aesthetics with practical functionality, making it a thoughtful accent for any entryway. Crafted for comfort and durability, this doormat serves as a beautiful expression of faith at your doorstep.</p><h3>Product Highlights</h3><ul><li>Personalize with family name, initial, or custom text alongside Bible verses.</li><li>Features inspirational backgrounds with scripture-based designs.</li><li>Soft, lightweight, and comfortable underfoot with durable material.</li><li>Suitable for both indoor use and covered outdoor areas.</li><li>Easy to clean and maintain with simple methods.</li></ul><h3>Specifications</h3><table border=""1"" cellpadding=""6"" style=""border-collapse:collapse;width:100%""><tr><th align=""left"" width=""35%"">Attribute</th><th align=""left"">Value</th></tr><tr><td>Rug Form</td><td>Doormat</td></tr><tr><td>Item Shape</td><td>Rectangular</td></tr><tr><td>Weave Type</td><td>Flat Woven</td></tr><tr><td>Pile Height</td><td>Low Pile</td></tr><tr><td>Construction Type</td><td>Machine Made</td></tr><tr><td>Indoor/Outdoor Usage</td><td>Both</td></tr><tr><td>Pattern</td><td>Letter Print</td></tr><tr><td>Theme</td><td>Bible Doormat 01</td></tr><tr><td>Style</td><td>Traditional</td></tr><tr><td>Number of Pieces</td><td>1</td></tr><tr><td>Water Resistance</td><td>Water Resistant</td></tr></table><h3>Material &amp; Care</h3><table border=""1"" cellpadding=""6"" style=""border-collapse:collapse;width:100%""><tr><th align=""left"" width=""35%"">Item</th><th align=""left"">Detail</th></tr><tr><td>Material Type</td><td>Faux Wool, Polyester Fabric, Memory Stretch Sponge</td></tr><tr><td>Backing Material</td><td>Suede</td></tr><tr><td>Care Instructions</td><td>Spot Clean Only</td></tr><tr><td>Cleaning Method</td><td>For spilled liquid, gently soak up with a dry duster cloth or clean with water. For solid waste, use a hand-held vacuum cleaner, sweep with a broom, or shake off outdoors. For deeper cleaning, wipe with a damp cloth and mild soap, or flush outdoors with a garden hose.</td></tr></table><h3>Where It Works</h3><p>This doormat is ideal for entrances, front porches, or entryways, providing a warm welcome to guests. It can be used both indoors and outside covered doorways, adding a personal and faith-inspired touch to your home decor.</p>",CHILLGEN,Services > Home Improvement Services > Outdoor Services,Rug,"amazon-parent-b0ff4pszpz, Christian, doormat, faith-based, home-decor, personalized, rectangular, rug, traditional",false,Choose Item Size,20x15 Inches,,,,,,,,AMZ-RUG-B0FY5MR2T3-1,0.0,,0,deny,manual,21.90,27.38,true,false,,,,,,https://cdn.shopify.com/s/files/1/1023/0068/0561/files/8b701fc5f2f86abcc05a511ec5c1c1d9025b360a7cbb1465443b266ae3d70f91.jpg?v=1789096655,1,"Personalized Christian Entrance Doormat, As for Me and My House We Will Serve The Lord Doormat, Bible Verse Floor Mat, Thoughtful Gift for Housewarmings, Christmas",false,,"This personalized traditional doormat, made from faux wool and polyester fabric, offers a faith-based welcome for any entryway.",,,,,,,,,,,,B0FF4PSZPZ,,,,,lb,,,draft
personalized-scriptural-initial-with-ornate-frame-doormat,,,,,,,,,24x16 Inches,,,,,,,,AMZ-RUG-B0FY5MR2T3-2,0.0,,0,deny,manual,28.90,36.13,true,false,,,,,,https://cdn.shopify.com/s/files/1/1023/0068/0561/files/a7af32eca94e0a1579cccc3d1a133f16c669f1b4b8d666167a0d50d3d65b8217.jpg?v=1789096655,2,"Personalized Christian Entrance Doormat, As for Me and My House We Will Serve The Lord Doormat, Bible Verse Floor Mat, Thoughtful Gift for Housewarmings, Christmas",,,,,,,,,,,,,,,,,,,,lb,,,
personalized-scriptural-initial-with-ornate-frame-doormat,,,,,,,,,32x20 Inches,,,,,,,,AMZ-RUG-B0FY5MR2T3-3,0.0,,0,deny,manual,34.90,43.63,true,false,,,,,,https://cdn.shopify.com/s/files/1/1023/0068/0561/files/a96238b294611e18fb7e45204cf3043f8ff81e5f6f36f6b1a366c8798f866671.jpg?v=1789096655,3,"Personalized Christian Entrance Doormat, As for Me and My House We Will Serve The Lord Doormat, Bible Verse Floor Mat, Thoughtful Gift for Housewarmings, Christmas",,,,,,,,,,,,,,,,,,,,lb,,,
personalized-scriptural-initial-with-ornate-frame-doormat,,,,,,,,,36x24 Inches,,,,,,,,AMZ-RUG-B0FY5MR2T3-4,0.0,,0,deny,manual,40.90,51.13,true,false,,,,,,https://cdn.shopify.com/s/files/1/1023/0068/0561/files/61d9206865d2b3be1a1a04af1ec33f58f71c272aeff608c182804048d95808f2.jpg?v=1789096655,4,"Personalized Christian Entrance Doormat, As for Me and My House We Will Serve The Lord Doormat, Bible Verse Floor Mat, Thoughtful Gift for Housewarmings, Christmas",,,,,,,,,,,,,,,,,,,,lb,,,
personalized-scriptural-initial-with-ornate-frame-doormat,,,,,,,,,,,,,,,,,,,,,,,,,,,,,,,,https://cdn.shopify.com/s/files/1/1023/0068/0561/files/f4dc8da356a731e1d8bd2c62b0f803350983c0738bf3afa9acf650665fc418a2.jpg?v=1789096655,5,"Personalized Christian Entrance Doormat, As for Me and My House We Will Serve The Lord Doormat, Bible Verse Floor Mat, Thoughtful Gift for Housewarmings, Christmas",,,,,,,,,,,,,,,,,,,,,,,
personalized-scriptural-initial-with-ornate-frame-doormat,,,,,,,,,,,,,,,,,,,,,,,,,,,,,,,,https://cdn.shopify.com/s/files/1/1023/0068/0561/files/058ad32fa8cefe7f6fa41b0f21ea0b57e76fdc5997b725b08f18fae481fa96c8.jpg?v=1789096655,6,"Personalized Christian Entrance Doormat, As for Me and My House We Will Serve The Lord Doormat, Bible Verse Floor Mat, Thoughtful Gift for Housewarmings, Christmas",,,,,,,,,,,,,,,,,,,,,,,
personalized-gold-scriptural-monogram-doormat,Personalized Gold Scriptural Monogram Doormat,"<p>This personalized doormat offers a warm welcome, blending functional home decor with spiritual expression. Featuring uplifting Bible verses and customizable text, it serves as a daily reminder of faith and values. Designed for both indoor and covered outdoor use, this doormat adds a meaningful touch to any entryway.</p><h3>Product Highlights</h3><ul><li>Personalizable with family name, initial, or custom text</li><li>Features inspirational scripture-based designs</li><li>Soft, lightweight, and comfortable underfoot</li><li>Durable for both indoor and covered outdoor placement</li><li>Easy to clean and maintain with simple methods</li></ul><h3>Specifications</h3><table border=""1"" cellpadding=""6"" style=""border-collapse:collapse;width:100%""><tr><th align=""left"" width=""35%"">Attribute</th><th align=""left"">Value</th></tr><tr><td>Rug Form</td><td>Doormat</td></tr><tr><td>Item Shape</td><td>Rectangular</td></tr><tr><td>Weave Type</td><td>Flat Woven</td></tr><tr><td>Pile Height</td><td>Low Pile</td></tr><tr><td>Construction Type</td><td>Machine Made</td></tr><tr><td>Indoor/Outdoor Usage</td><td>Both</td></tr><tr><td>Water Resistance</td><td>Water Resistant</td></tr><tr><td>Pattern</td><td>Letter Print</td></tr><tr><td>Style</td><td>Traditional</td></tr><tr><td>Number of Pieces</td><td>2 text inputs</td></tr></table><h3>Material &amp; Care</h3><table border=""1"" cellpadding=""6"" style=""border-collapse:collapse;width:100%""><tr><th align=""left"" width=""35%"">Item</th><th align=""left"">Detail</th></tr><tr><td>Material Type</td><td>Faux Wool, Polyester fabric, Memory stretch sponge</td></tr><tr><td>Backing Material</td><td>Suede</td></tr><tr><td>Care Instructions</td><td>Spot Clean Only</td></tr><tr><td>Cleaning Method</td><td>Gently soak with dry duster cloth, clean stain with water, use hand-held vacuum cleaner, sweep with broom, shake off outdoors, wipe with damp cloth and mild soap, flush with garden hose</td></tr></table><h3>Where It Works</h3><p>This versatile doormat is suitable for entrances, front porches, and entryways, making it an ideal accent for welcoming guests. Its durable yet soft construction makes it perfect for adding a personalized and faith-inspired touch to various home settings.</p>",CHILLGEN,Services > Home Improvement Services > Outdoor Services,Rug,"amazon-parent-b0ff4pszpz, Christian, doormat, faith-based, home-decor, personalized, rectangular, rug, traditional",false,Choose Item Size,20x15 Inches,,,,,,,,AMZ-RUG-B0FF4PSZPZ-1,0.0,,0,deny,manual,21.90,27.38,true,false,,,,,,https://cdn.shopify.com/s/files/1/1023/0068/0561/files/1b2411c9ccd2c269156f9c7aa39e9c4a3d1f932676af91ddc666727fa25162d9.jpg?v=1789096699,1,"Personalized Bible Verse Doormat with Custom Name, As for Me and My House We Will Serve The Lord Doormat, Thoughtful Gift for Housewarmings, Weddings, Easter, Christmas",false,,"This personalized, traditional faux wool doormat with a Christian theme is perfect for indoor or covered outdoor entryways.",,,,,,,,,,,,B0FF4PSZPZ,,,,,lb,,,draft
personalized-gold-scriptural-monogram-doormat,,,,,,,,,24x16 Inches,,,,,,,,AMZ-RUG-B0FF4PSZPZ-2,0.0,,0,deny,manual,28.90,36.13,true,false,,,,,,https://cdn.shopify.com/s/files/1/1023/0068/0561/files/3e0a9a6ac0504363755dca073bab7df42be53bfc8d1e57467cd217a8397073a4.jpg?v=1789096699,2,"Personalized Bible Verse Doormat with Custom Name, As for Me and My House We Will Serve The Lord Doormat, Thoughtful Gift for Housewarmings, Weddings, Easter, Christmas",,,,,,,,,,,,,,,,,,,,lb,,,
personalized-gold-scriptural-monogram-doormat,,,,,,,,,32x20 Inches,,,,,,,,AMZ-RUG-B0FF4PSZPZ-3,0.0,,0,deny,manual,34.90,43.63,true,false,,,,,,https://cdn.shopify.com/s/files/1/1023/0068/0561/files/c2c9c9310c30c73d4618c50ea54f26525fe111d0a02bdfc73416dd8b893c048a.jpg?v=1789096699,3,"Personalized Bible Verse Doormat with Custom Name, As for Me and My House We Will Serve The Lord Doormat, Thoughtful Gift for Housewarmings, Weddings, Easter, Christmas",,,,,,,,,,,,,,,,,,,,lb,,,
personalized-gold-scriptural-monogram-doormat,,,,,,,,,36x24 Inches,,,,,,,,AMZ-RUG-B0FF4PSZPZ-4,0.0,,0,deny,manual,40.90,51.13,true,false,,,,,,https://cdn.shopify.com/s/files/1/1023/0068/0561/files/7ccb68d13d4e22c43bd6be3598fb21b792ac58836695e9a0555b8e77d34ef80e.jpg?v=1789096699,4,"Personalized Bible Verse Doormat with Custom Name, As for Me and My House We Will Serve The Lord Doormat, Thoughtful Gift for Housewarmings, Weddings, Easter, Christmas",,,,,,,,,,,,,,,,,,,,lb,,,
personalized-gold-scriptural-monogram-doormat,,,,,,,,,,,,,,,,,,,,,,,,,,,,,,,,https://cdn.shopify.com/s/files/1/1023/0068/0561/files/02b501400771ac1455033f63973691836eec31b8db711cca88b2192efff78ec8.jpg?v=1789096699,5,"Personalized Bible Verse Doormat with Custom Name, As for Me and My House We Will Serve The Lord Doormat, Thoughtful Gift for Housewarmings, Weddings, Easter, Christmas",,,,,,,,,,,,,,,,,,,,,,,
personalized-gold-scriptural-monogram-doormat,,,,,,,,,,,,,,,,,,,,,,,,,,,,,,,,https://cdn.shopify.com/s/files/1/1023/0068/0561/files/a922e471e88f2924ec3e5dc80241f27adab3773de4793a13712d5f1f5da9cf15.jpg?v=1789096699,6,"Personalized Bible Verse Doormat with Custom Name, As for Me and My House We Will Serve The Lord Doormat, Thoughtful Gift for Housewarmings, Weddings, Easter, Christmas",,,,,,,,,,,,,,,,,,,,,,,
personalized-bible-verse-crossword-family-names-doormat,Personalized Bible Verse Crossword Family Names Doormat,"<p>This personalized Christian welcome mat features uplifting messages and faith-filled designs, creating a warm and spiritually enriching entryway to your home. It can be customized with your desired text, making it a unique gift for friends or family. This versatile doormat is suitable for both indoor and outdoor use, adding a personal and blessed touch to any space.</p><h3>Product Highlights</h3><ul><li>Features uplifting Christian messages and faith-filled designs.</li><li>Offers customization to add your desired text.</li><li>Soft to the touch on bare feet.</li><li>Equipped with a non-slip backing and is washable for easy care.</li><li>Highly versatile for various indoor and outdoor placements.</li></ul><h3>Specifications</h3><table border=""1"" cellpadding=""6"" style=""border-collapse:collapse;width:100%""><tr><th align=""left"" width=""35%"">Attribute</th><th align=""left"">Value</th></tr><tr><td>Rug Form</td><td>Doormat</td></tr><tr><td>Item Shape</td><td>Rectangular</td></tr><tr><td>Weave Type</td><td>Sponge - Memory Foam</td></tr><tr><td>Pile Height</td><td>Low Pile</td></tr><tr><td>Construction Type</td><td>Machine Made</td></tr><tr><td>Indoor/Outdoor Usage</td><td>Both</td></tr><tr><td>Room Type</td><td>Multiple</td></tr><tr><td>Water Resistance</td><td>Water Resistant</td></tr><tr><td>Special Features</td><td>Washable</td></tr><tr><td>Pattern</td><td>Bible</td></tr><tr><td>Theme</td><td>customized prayer mat with name</td></tr><tr><td>Style</td><td>Christian, Jesus, Bible</td></tr><tr><td>Number of Pieces</td><td>1</td></tr></table><h3>Material &amp; Care</h3><table border=""1"" cellpadding=""6"" style=""border-collapse:collapse;width:100%""><tr><th align=""left"" width=""35%"">Item</th><th align=""left"">Detail</th></tr><tr><td>Material Type</td><td>Memory Foam</td></tr><tr><td>Backing Material</td><td>Rubber</td></tr><tr><td>Surface/Feel</td><td>Soft touching on bare feet</td></tr><tr><td>Care Instructions</td><td>Do not bleach and let air dry. Hose or sponge clean with water and mild liquid soap for the best use.</td></tr><tr><td>Cleaning Method</td><td>Machine Wash</td></tr></table><h3>Where It Works</h3><p>This versatile doormat is suitable for various locations, including entryways, bedrooms, bathrooms, and living rooms. Its durable design allows for both indoor and outdoor placement, making it a welcoming addition to any home.</p>",CHILLGEN,Home & Garden > Decor > Door Mats,Rug,"amazon-parent-b0fjrv8vwd, bible, christian, doormat, home-decor, indoor-outdoor, personalized, rectangular, rug",false,Custom Product Size,20x14 Inches-Mini size,,,,,,,,AMZ-RUG-B0FJRV483Z-1,0.0,,0,deny,manual,21.90,29.20,true,false,,,,,,https://cdn.shopify.com/s/files/1/1023/0068/0561/files/8b75febfc56c60afeea7eb13223efa48a59c75051ff744c6c334f4b4cc0d3a77.jpg?v=1789097812,1,"Personalized Christian Welcome Mat, As for me and My House We Will Serve The Lord Doormat, Religious Prayers Thought Door Mat Outdoor Indoor Print with Family Name, Entryway Decor (Puzzle)",false,,"This Christian-style personalized doormat, made from memory foam, features a non-slip backing and is suitable for indoor/outdoor use.",2675,,,,,,,,,,,B0FJRV8VWD,,,,,lb,,,draft
personalized-bible-verse-crossword-family-names-doormat,,,,,,,,,24x16 Inches (40x60 cm),,,,,,,,AMZ-RUG-B0FJRV483Z-2,0.0,,0,deny,manual,25.90,34.53,true,false,,,,,,https://cdn.shopify.com/s/files/1/1023/0068/0561/files/8f920aa27f4dc4de925778d6ff5a351201909cc42b5a3130d13c13485cfceed2.jpg?v=1789097812,2,"Personalized Christian Welcome Mat, As for me and My House We Will Serve The Lord Doormat, Religious Prayers Thought Door Mat Outdoor Indoor Print with Family Name, Entryway Decor (Puzzle)",,,,,,,,,,,,,,,,,,,,lb,,,
personalized-bible-verse-crossword-family-names-doormat,,,,,,,,,32x20 Inches (50x80 cm),,,,,,,,AMZ-RUG-B0FJRV483Z-3,0.0,,0,deny,manual,27.90,37.20,true,false,,,,,,https://cdn.shopify.com/s/files/1/1023/0068/0561/files/dc167301b42991f34326788da7514edec298df655fb207c567e312385abcbc52.jpg?v=1789097812,3,"Personalized Christian Welcome Mat, As for me and My House We Will Serve The Lord Doormat, Religious Prayers Thought Door Mat Outdoor Indoor Print with Family Name, Entryway Decor (Puzzle)",,,,,,,,,,,,,,,,,,,,lb,,,
personalized-bible-verse-crossword-family-names-doormat,,,,,,,,,36x24 Inches (60x90cm),,,,,,,,AMZ-RUG-B0FJRV483Z-4,0.0,,0,deny,manual,33.90,45.20,true,false,,,,,,https://cdn.shopify.com/s/files/1/1023/0068/0561/files/71877a9be07ebba7a566607b828eace1a47d273cef01b47214e36ba615bc1d7b.jpg?v=1789097812,4,"Personalized Christian Welcome Mat, As for me and My House We Will Serve The Lord Doormat, Religious Prayers Thought Door Mat Outdoor Indoor Print with Family Name, Entryway Decor (Puzzle)",,,,,,,,,,,,,,,,,,,,lb,,,
personalized-bible-verse-crossword-family-names-doormat,,,,,,,,,,,,,,,,,,,,,,,,,,,,,,,,https://cdn.shopify.com/s/files/1/1023/0068/0561/files/2e88cbcb6b31e66ced07583cc24b33ffa34aaefda43c48548dd13423f114357e.jpg?v=1789097812,5,"Personalized Christian Welcome Mat, As for me and My House We Will Serve The Lord Doormat, Religious Prayers Thought Door Mat Outdoor Indoor Print with Family Name, Entryway Decor (Puzzle)",,,,,,,,,,,,,,,,,,,,,,,
personalized-bible-verse-crossword-family-names-doormat,,,,,,,,,,,,,,,,,,,,,,,,,,,,,,,,https://cdn.shopify.com/s/files/1/1023/0068/0561/files/2a86f333bcfacc9b3dd18f0cc0e130095d49af902330c9bd47b4ffede301b8f0.jpg?v=1789097812,6,"Personalized Christian Welcome Mat, As for me and My House We Will Serve The Lord Doormat, Religious Prayers Thought Door Mat Outdoor Indoor Print with Family Name, Entryway Decor (Puzzle)",,,,,,,,,,,,,,,,,,,,,,,
personalized-religious-typography-scrollwork-doormat-machine-washable,"Personalized Religious Typography Scrollwork Doormat, Machine Washable","<p>This personalized Christian welcome mat offers a unique way to greet guests with uplifting messages and faith-filled designs. It serves as a warm and spiritually enriching entryway to any home, blending thoughtful design with everyday functionality. The doormat is designed to reflect Christian values and adds a personal touch to your decor.</p><h3>Product Highlights</h3><ul><li>Features uplifting Christian messages and faith-filled designs.</li><li>Customizable with personalized text.</li><li>Offers a soft feel for bare feet.</li><li>Equipped with a non-slip backing for stability.</li><li>Suitable for both indoor and outdoor use.</li><li>Helps dry wet feet and trap dirt, dust, and grime.</li></ul><h3>Specifications</h3><table border=""1"" cellpadding=""6"" style=""border-collapse:collapse;width:100%""><tr><th align=""left"" width=""35%"">Attribute</th><th align=""left"">Value</th></tr><tr><td>Rug Form</td><td>Doormat</td></tr><tr><td>Item Shape</td><td>Rectangular</td></tr><tr><td>Weave Type</td><td>Sponge - Memory Foam</td></tr><tr><td>Pile Height</td><td>Low Pile</td></tr><tr><td>Construction Type</td><td>Machine Made</td></tr><tr><td>Indoor/Outdoor Usage</td><td>Both</td></tr><tr><td>Room Type</td><td>Multiple</td></tr><tr><td>Water Resistance</td><td>Water Resistant</td></tr><tr><td>Special Features</td><td>Washable</td></tr><tr><td>Pattern</td><td>Bible</td></tr><tr><td>Theme</td><td>customized prayer mat with name</td></tr><tr><td>Style</td><td>Christian, Jesus, Bible</td></tr><tr><td>Number of Pieces</td><td>1</td></tr></table><h3>Material &amp; Care</h3><table border=""1"" cellpadding=""6"" style=""border-collapse:collapse;width:100%""><tr><th align=""left"" width=""35%"">Item</th><th align=""left"">Detail</th></tr><tr><td>Material Type</td><td>Memory Foam</td></tr><tr><td>Backing Material</td><td>Rubber</td></tr><tr><td>Surface/Feel</td><td>Soft touching on bare feet</td></tr><tr><td>Care Instructions</td><td>Do not bleach, air dry</td></tr><tr><td>Cleaning Method</td><td>Machine Wash; Hose or sponge clean with water and mild liquid soap</td></tr></table><h3>Where It Works</h3><p>This versatile doormat is ideal for placement at your front door to welcome guests or in various rooms such as the bedroom, bathroom, or living room. Its design and features make it suitable for both indoor and outdoor settings, adding a blessed vibe and personal touch to your home.</p>",CHILLGEN,Home & Garden > Decor > Door Mats,Rug,"amazon-parent-b0fjrv8vwd, Christian, doormat, home-decor, indoor-outdoor, personalized, rectangular, religious, rug",false,Custom Product Size,20x14 Inches (Mini size),,,,,,,,AMZ-RUG-B0FJRST6RH-1,0.0,,0,deny,manual,21.90,29.20,true,false,,,,,,https://cdn.shopify.com/s/files/1/1023/0068/0561/files/2fa19b9f6dbe8dabe026a096d75bf83825c851d689b90b5d2297adc04707aebc.jpg?v=1789097812,1,"Personalized Christian Welcome Mat, As for me and My House We Will Serve The Lord Doormat, Religious Prayers Thought Door Mat Outdoor Indoor Print with Family Name, Entryway Decor (Covered)",false,,"This personalized Christian style doormat, made with Memory Foam, features a non-slip backing and is suitable for both indoor and outdoor use.",2675,,,,,,,,,,,B0FJRV8VWD,,,,,lb,,,draft
personalized-religious-typography-scrollwork-doormat-machine-washable,,,,,,,,,24x16 Inches (40x60 cm),,,,,,,,AMZ-RUG-B0FJRST6RH-2,0.0,,0,deny,manual,25.90,34.53,true,false,,,,,,https://cdn.shopify.com/s/files/1/1023/0068/0561/files/c3989dffe925ca6eacacd160a593c3200ab1b7a74c226c7035f1d4ce201da081.jpg?v=1789097812,2,"Personalized Christian Welcome Mat, As for me and My House We Will Serve The Lord Doormat, Religious Prayers Thought Door Mat Outdoor Indoor Print with Family Name, Entryway Decor (Covered)",,,,,,,,,,,,,,,,,,,,lb,,,
personalized-religious-typography-scrollwork-doormat-machine-washable,,,,,,,,,32x20 Inches (50x80 cm),,,,,,,,AMZ-RUG-B0FJRST6RH-3,0.0,,0,deny,manual,27.90,37.20,true,false,,,,,,https://cdn.shopify.com/s/files/1/1023/0068/0561/files/9ea8b283c5d5077e2324bb7a49babd7f1bde83a8891aec1e332084b2c11e6f7a.jpg?v=1789097812,3,"Personalized Christian Welcome Mat, As for me and My House We Will Serve The Lord Doormat, Religious Prayers Thought Door Mat Outdoor Indoor Print with Family Name, Entryway Decor (Covered)",,,,,,,,,,,,,,,,,,,,lb,,,
personalized-religious-typography-scrollwork-doormat-machine-washable,,,,,,,,,36x24 Inches (60x90cm),,,,,,,,AMZ-RUG-B0FJRST6RH-4,0.0,,0,deny,manual,33.90,45.20,true,false,,,,,,https://cdn.shopify.com/s/files/1/1023/0068/0561/files/2b4608012ec91a74774979f83559befa09f40f40a7e7f5fb19a80cdc48633e3b.jpg?v=1789097812,4,"Personalized Christian Welcome Mat, As for me and My House We Will Serve The Lord Doormat, Religious Prayers Thought Door Mat Outdoor Indoor Print with Family Name, Entryway Decor (Covered)",,,,,,,,,,,,,,,,,,,,lb,,,
personalized-religious-typography-scrollwork-doormat-machine-washable,,,,,,,,,,,,,,,,,,,,,,,,,,,,,,,,https://cdn.shopify.com/s/files/1/1023/0068/0561/files/57e088468f4f1201b0301ed136ee70d012b936cf688572b1e37931450ecfb22b.jpg?v=1789097812,5,"Personalized Christian Welcome Mat, As for me and My House We Will Serve The Lord Doormat, Religious Prayers Thought Door Mat Outdoor Indoor Print with Family Name, Entryway Decor (Covered)",,,,,,,,,,,,,,,,,,,,,,,
personalized-religious-typography-scrollwork-doormat-machine-washable,,,,,,,,,,,,,,,,,,,,,,,,,,,,,,,,https://cdn.shopify.com/s/files/1/1023/0068/0561/files/88e2dd846473fd5900dda941e1d3937bb73d4a564483834d5d727c3a812b10df.jpg?v=1789097812,6,"Personalized Christian Welcome Mat, As for me and My House We Will Serve The Lord Doormat, Religious Prayers Thought Door Mat Outdoor Indoor Print with Family Name, Entryway Decor (Covered)",,,,,,,,,,,,,,,,,,,,,,,
personalized-christian-family-name-doormat-machine-washable,"Personalized Christian Family Name Doormat, Machine Washable","<p>This welcome mat features uplifting Christian messages and designs, creating a warm and spiritually enriching entryway for your home. It serves as a thoughtful gift for various occasions and is designed to reflect Christian values. This versatile doormat is suitable for both indoor and outdoor use, adding a personal and blessed touch to any space.</p><h3>Product Highlights</h3><ul><li>Features faith-filled Christian designs and uplifting messages.</li><li>Offers customization for a unique and personalized touch.</li><li>Provides soft comfort underfoot with a durable non-woven fabric top.</li><li>Equipped with a non-slip backing to keep floors clean and dry.</li><li>Highly versatile for use in various indoor and outdoor settings.</li><li>Easy to clean with simple washing instructions.</li></ul><h3>Specifications</h3><table border=""1"" cellpadding=""6"" style=""border-collapse:collapse;width:100%""><tr><th align=""left"" width=""35%"">Attribute</th><th align=""left"">Value</th></tr><tr><td>Rug Form</td><td>Doormat</td></tr><tr><td>Item Shape</td><td>Rectangular</td></tr><tr><td>Weave Type</td><td>Sponge - Memory Foam</td></tr><tr><td>Pile Height</td><td>Low Pile</td></tr><tr><td>Construction Type</td><td>Machine Made</td></tr><tr><td>Indoor/Outdoor Usage</td><td>Both</td></tr><tr><td>Room Type</td><td>Multiple</td></tr><tr><td>Water Resistance</td><td>Water Resistant</td></tr><tr><td>Special Features</td><td>Washable</td></tr><tr><td>Pattern</td><td>Bible</td></tr><tr><td>Theme</td><td>customized prayer mat with name</td></tr><tr><td>Style</td><td>Christian, Jesus, Bible</td></tr><tr><td>Number of Pieces</td><td>1</td></tr></table><h3>Material &amp; Care</h3><table border=""1"" cellpadding=""6"" style=""border-collapse:collapse;width:100%""><tr><th align=""left"" width=""35%"">Item</th><th align=""left"">Detail</th></tr><tr><td>Material Type</td><td>Memory Foam</td></tr><tr><td>Backing Material</td><td>Rubber</td></tr><tr><td>Care Instructions</td><td>Machine Wash</td></tr><tr><td>Cleaning Method</td><td>Hose or sponge clean with water and mild liquid soap; do not bleach; air dry</td></tr></table><h3>Where It Works</h3><p>This doormat is suitable for placement in various rooms such as the bedroom, bathroom, and living room. It is also ideal for use in front of the house, serving as a welcoming accent for both indoor and outdoor entryways.</p>",CHILLGEN,Home & Garden > Decor > Door Mats,Rug,"amazon-parent-b0fjrv8vwd, Christian, doormat, home-decor, indoor, outdoor, personalized, rectangular, rug",false,Custom Product Size,20x14 Inches (Mini size),,,,,,,,AMZ-RUG-B0FJRZP9GB-1,0.0,,0,deny,manual,21.90,29.20,true,false,,,,,,https://cdn.shopify.com/s/files/1/1023/0068/0561/files/f9f207b37b25c0b8ed476c84125ec1bd94b33f2797dfe0cf2530c65472c336b5.jpg?v=1789097857,1,"Personalized Christian Welcome Mat, As for me and My House We Will Serve The Lord Doormat, Religious Prayers Thought Door Mat Outdoor Indoor Print with Family Name, Entryway Decor (Sweet Home)",false,,This Christian-themed doormat offers a non-slip backing and is perfect for both indoor and outdoor entryways.,2675,,,,,,,,,,,B0FJRV8VWD,,,,,lb,,,draft
personalized-christian-family-name-doormat-machine-washable,,,,,,,,,24x16 Inches (40x60 cm),,,,,,,,AMZ-RUG-B0FJRZP9GB-2,0.0,,0,deny,manual,25.90,34.53,true,false,,,,,,https://cdn.shopify.com/s/files/1/1023/0068/0561/files/3c968dabf233e829c2d94e1ddb5961ee321341e714cf3406a48cf0f41db9bd1d.jpg?v=1789097857,2,"Personalized Christian Welcome Mat, As for me and My House We Will Serve The Lord Doormat, Religious Prayers Thought Door Mat Outdoor Indoor Print with Family Name, Entryway Decor (Sweet Home)",,,,,,,,,,,,,,,,,,,,lb,,,
personalized-christian-family-name-doormat-machine-washable,,,,,,,,,32x20 Inches (50x80 cm),,,,,,,,AMZ-RUG-B0FJRZP9GB-3,0.0,,0,deny,manual,27.90,37.20,true,false,,,,,,https://cdn.shopify.com/s/files/1/1023/0068/0561/files/2135ae49cf14056b838e865ff64d1709ebe595560c6701d153c2ac025ee59ab1.jpg?v=1789097856,3,"Personalized Christian Welcome Mat, As for me and My House We Will Serve The Lord Doormat, Religious Prayers Thought Door Mat Outdoor Indoor Print with Family Name, Entryway Decor (Sweet Home)",,,,,,,,,,,,,,,,,,,,lb,,,
personalized-christian-family-name-doormat-machine-washable,,,,,,,,,36x24 Inches (60x90cm),,,,,,,,AMZ-RUG-B0FJRZP9GB-4,0.0,,0,deny,manual,33.90,45.20,true,false,,,,,,https://cdn.shopify.com/s/files/1/1023/0068/0561/files/aa25a289e5f17cc9bd993d1a7dfec72bfda98cefad79321463a02625c6ca2fc2.jpg?v=1789097857,4,"Personalized Christian Welcome Mat, As for me and My House We Will Serve The Lord Doormat, Religious Prayers Thought Door Mat Outdoor Indoor Print with Family Name, Entryway Decor (Sweet Home)",,,,,,,,,,,,,,,,,,,,lb,,,
personalized-christian-family-name-doormat-machine-washable,,,,,,,,,,,,,,,,,,,,,,,,,,,,,,,,https://cdn.shopify.com/s/files/1/1023/0068/0561/files/2d8facef8f5afad0a1a9842c05b9cb620664aba0800fc63e2df0bb7acd90fd23.jpg?v=1789097857,5,"Personalized Christian Welcome Mat, As for me and My House We Will Serve The Lord Doormat, Religious Prayers Thought Door Mat Outdoor Indoor Print with Family Name, Entryway Decor (Sweet Home)",,,,,,,,,,,,,,,,,,,,,,,
personalized-christian-family-name-doormat-machine-washable,,,,,,,,,,,,,,,,,,,,,,,,,,,,,,,,https://cdn.shopify.com/s/files/1/1023/0068/0561/files/6bd78454aa493ecbb7ee9070c20b2ad0f00a07e81038cd0b749a4ac191f3b586.jpg?v=1789097856,6,"Personalized Christian Welcome Mat, As for me and My House We Will Serve The Lord Doormat, Religious Prayers Thought Door Mat Outdoor Indoor Print with Family Name, Entryway Decor (Sweet Home)",,,,,,,,,,,,,,,,,,,,,,,
personalized-scripture-quote-with-family-name-doormat,Personalized Scripture Quote with Family Name Doormat,"<p>This Christian welcome mat offers an uplifting message and a faith-filled design, creating a warm and spiritually enriching entryway for your home. It features customization options for a unique personal touch. The doormat is designed for both indoor and outdoor use, providing a versatile home decor solution.</p><h3>Product Highlights</h3><ul><li>Features uplifting Christian messages and faith-filled designs</li><li>Customizable with personalized text</li><li>Soft to the touch on bare feet</li><li>Equipped with non-slip backing for stability</li><li>Suitable for both indoor and outdoor placement</li><li>Helps dry wet feet and capture dirt, dust, and grime</li></ul><h3>Specifications</h3><table border=""1"" cellpadding=""6"" style=""border-collapse:collapse;width:100%""><tr><th align=""left"" width=""35%"">Attribute</th><th align=""left"">Value</th></tr><tr><td>Rug Form</td><td>Doormat</td></tr><tr><td>Item Shape</td><td>Rectangular</td></tr><tr><td>Weave Type</td><td>Sponge - Memory Foam</td></tr><tr><td>Pile Height</td><td>Low Pile</td></tr><tr><td>Construction Type</td><td>Machine Made</td></tr><tr><td>Indoor/Outdoor Usage</td><td>Both</td></tr><tr><td>Room Type</td><td>Multiple</td></tr><tr><td>Water Resistance</td><td>Water Resistant</td></tr><tr><td>Special Features</td><td>Washable</td></tr><tr><td>Pattern</td><td>Bible</td></tr><tr><td>Theme</td><td>customized prayer mat with name</td></tr><tr><td>Style</td><td>Christian, Jesus, Bible</td></tr><tr><td>Number of Pieces</td><td>1</td></tr></table><h3>Material &amp; Care</h3><table border=""1"" cellpadding=""6"" style=""border-collapse:collapse;width=100%""><tr><th align=""left"" width=""35%"">Item</th><th align=""left"">Detail</th></tr><tr><td>Material Type</td><td>Memory Foam</td></tr><tr><td>Backing Material</td><td>Rubber</td></tr><tr><td>Care Instructions</td><td>Machine Wash</td></tr><tr><td>Cleaning Method</td><td>Hose or sponge clean with water and mild liquid soap</td></tr></table><h3>Where It Works</h3><p>This versatile doormat is suitable for placement in various locations, including bedrooms, bathrooms, living rooms, and especially at the front entry of your home to add a personal and blessed ambiance for guests.</p>",CHILLGEN,Home & Garden > Decor,Rug,"amazon-parent-b0fjrv8vwd, bible, christian, customizable, doormat, home-decor, rectangular, religious, rug",false,Custom Product Size,20x14 Inches (Mini size),,,,,,,,AMZ-RUG-B0FJRV8VWD-1,0.0,,0,deny,manual,21.90,29.20,true,false,,,,,,https://cdn.shopify.com/s/files/1/1023/0068/0561/files/c59fe13f2127afb262604ddfdd27d0c366dfd1145be790f6035eb33a0464ef5d.jpg?v=1789097857,1,"Personalized Christian Welcome Mat, As for me and My House We Will Serve The Lord Doormat, Religious Prayers Thought Door Mat Outdoor Indoor Print with Family Name, Entryway Decor (AS for ME)",false,,"Christian doormat with a Bible theme and customizable text, featuring a non-slip rubber backing, ideal for indoor or outdoor entryways.",696,,,,,,,,,,,B0FJRV8VWD,,,,,lb,,,draft
personalized-scripture-quote-with-family-name-doormat,,,,,,,,,24x16 Inches (40x60 cm),,,,,,,,AMZ-RUG-B0FJRV8VWD-2,0.0,,0,deny,manual,25.90,34.53,true,false,,,,,,https://cdn.shopify.com/s/files/1/1023/0068/0561/files/69b08bd1c7b2e3ab5ea50f6fdec57653d15c8f5a39905f0dfb9041f0c86134b2.jpg?v=1789097857,2,"Personalized Christian Welcome Mat, As for me and My House We Will Serve The Lord Doormat, Religious Prayers Thought Door Mat Outdoor Indoor Print with Family Name, Entryway Decor (AS for ME)",,,,,,,,,,,,,,,,,,,,lb,,,
personalized-scripture-quote-with-family-name-doormat,,,,,,,,,32x20 Inches (50x80 cm),,,,,,,,AMZ-RUG-B0FJRV8VWD-3,0.0,,0,deny,manual,27.90,37.20,true,false,,,,,,https://cdn.shopify.com/s/files/1/1023/0068/0561/files/c4f14a9ba33ad1e89af00cc228bb6ac5d534a7cbe6c1956b47c8fbdfb84dc694.jpg?v=1789097857,3,"Personalized Christian Welcome Mat, As for me and My House We Will Serve The Lord Doormat, Religious Prayers Thought Door Mat Outdoor Indoor Print with Family Name, Entryway Decor (AS for ME)",,,,,,,,,,,,,,,,,,,,lb,,,
personalized-scripture-quote-with-family-name-doormat,,,,,,,,,36x24 Inches (60x90cm),,,,,,,,AMZ-RUG-B0FJRV8VWD-4,0.0,,0,deny,manual,33.90,45.20,true,false,,,,,,https://cdn.shopify.com/s/files/1/1023/0068/0561/files/9eadb3f085feb214e7adfee72a5bab059d8ea768bf89aa893ed90f8e423a605f.jpg?v=1789097857,4,"Personalized Christian Welcome Mat, As for me and My House We Will Serve The Lord Doormat, Religious Prayers Thought Door Mat Outdoor Indoor Print with Family Name, Entryway Decor (AS for ME)",,,,,,,,,,,,,,,,,,,,lb,,,
personalized-scripture-quote-with-family-name-doormat,,,,,,,,,,,,,,,,,,,,,,,,,,,,,,,,https://cdn.shopify.com/s/files/1/1023/0068/0561/files/f19842ff409426f06576f92e788c13b5882168321f86168f378c47c9bf0512e4.jpg?v=1789097857,5,"Personalized Christian Welcome Mat, As for me and My House We Will Serve The Lord Doormat, Religious Prayers Thought Door Mat Outdoor Indoor Print with Family Name, Entryway Decor (AS for ME)",,,,,,,,,,,,,,,,,,,,,,,
personalized-scripture-quote-with-family-name-doormat,,,,,,,,,,,,,,,,,,,,,,,,,,,,,,,,https://cdn.shopify.com/s/files/1/1023/0068/0561/files/f747024a73ca233ba72f0f43bfe8d402478a7f2779a142e1188e5ce434f10df5.jpg?v=1789097857,6,"Personalized Christian Welcome Mat, As for me and My House We Will Serve The Lord Doormat, Religious Prayers Thought Door Mat Outdoor Indoor Print with Family Name, Entryway Decor (AS for ME)",,,,,,,,,,,,,,,,,,,,,,,
personalized-distressed-american-flag-cross-doormat-machine-washable,"Personalized Distressed American Flag Cross Doormat, Machine Washable","<p>This Christian welcome doormat offers a warm, spiritually enriching entryway to any home. Featuring uplifting messages and faith-filled designs, it creates a welcoming atmosphere for guests. This versatile doormat also provides a personal touch and a blessed vibe to your space.</p><h3>Product Highlights</h3><ul><li>Features Christian-themed designs and uplifting messages</li><li>Allows for text customization to create a unique doormat</li><li>Soft to the touch for comfort on bare feet</li><li>Equipped with a non-slip backing for stability</li><li>Suitable for both indoor and outdoor placement</li><li>Designed to dry wet feet and capture dirt and grime</li></ul><h3>Specifications</h3><table border=""1"" cellpadding=""6"" style=""border-collapse:collapse;width:100%""><tr><th align=""left"" width=""35%"">Attribute</th><th align=""left"">Value</th></tr><tr><td>Rug Form</td><td>Doormat</td></tr><tr><td>Item Shape</td><td>Rectangular</td></tr><tr><td>Weave Type</td><td>Sponge - Memory Foam</td></tr><tr><td>Pile Height</td><td>Low Pile</td></tr><tr><td>Construction Type</td><td>Machine Made</td></tr><tr><td>Indoor/Outdoor Usage</td><td>Both</td></tr><tr><td>Room Type</td><td>Multiple</td></tr><tr><td>Water Resistance</td><td>Water Resistant</td></tr><tr><td>Special Features</td><td>Washable</td></tr><tr><td>Pattern</td><td>Bible</td></tr><tr><td>Theme</td><td>customized prayer mat with name</td></tr><tr><td>Style</td><td>Christian, Jesus, Bible</td></tr><tr><td>Number of Pieces</td><td>1</td></tr></table><h3>Material &amp; Care</h3><table border=""1"" cellpadding=""6"" style=""border-collapse:collapse;width:100%""><tr><th align=""left"" width=""35%"">Item</th><th align=""left"">Detail</th></tr><tr><td>Material Type</td><td>Memory Foam</td></tr><tr><td>Backing Material</td><td>Rubber</td></tr><tr><td>Surface/Feel</td><td>Soft touching on bare feet</td></tr><tr><td>Care Instructions</td><td>Do not bleach and let air dry</td></tr><tr><td>Cleaning Method</td><td>Machine Wash, Hose or sponge clean with water and mild liquid soap</td></tr></table><h3>Where It Works</h3><p>This doormat is highly versatile, making it suitable for various spaces. It can be placed in bedrooms, bathrooms, and living rooms, or used as an entryway accent for both indoor and outdoor settings.</p>",CHILLGEN,Home & Garden > Decor > Door Mats,Rug,"amazon-parent-b0fjrv8vwd, Christian, doormat, home-decor, indoor-outdoor, personalized, rectangular, religious, rug",false,Custom Product Size,20x14 Inches (Mini size),,,,,,,,AMZ-RUG-B0FJRS7D7X-1,0.0,,0,deny,manual,21.90,29.20,true,false,,,,,,https://cdn.shopify.com/s/files/1/1023/0068/0561/files/d468f0ad599a1a6914274ac29c4fdfee66e5a87baca30447d4ed5dab34642cea.jpg?v=1789097860,1,"Personalized Christian Welcome Mat, As for me and My House We Will Serve The Lord Doormat, Religious Prayers Thought Door Mat Outdoor Indoor Print with Family Name, Entryway Decor (Blessed)",false,,"This Christian-style memory foam doormat is washable and versatile for both indoor and outdoor use, adding a blessed vibe.",2675,,,,,,,,,,,B0FJRV8VWD,,,,,lb,,,draft
personalized-distressed-american-flag-cross-doormat-machine-washable,,,,,,,,,24x16 Inches (40x60 cm),,,,,,,,AMZ-RUG-B0FJRS7D7X-2,0.0,,0,deny,manual,25.90,34.53,true,false,,,,,,https://cdn.shopify.com/s/files/1/1023/0068/0561/files/c70b3093bb70940f8291e202f28a0517773642f0102bdaaa4b95deebf3d6cc2c.jpg?v=1789097860,2,"Personalized Christian Welcome Mat, As for me and My House We Will Serve The Lord Doormat, Religious Prayers Thought Door Mat Outdoor Indoor Print with Family Name, Entryway Decor (Blessed)",,,,,,,,,,,,,,,,,,,,lb,,,
personalized-distressed-american-flag-cross-doormat-machine-washable,,,,,,,,,32x20 Inches (50x80 cm),,,,,,,,AMZ-RUG-B0FJRS7D7X-3,0.0,,0,deny,manual,27.90,37.20,true,false,,,,,,https://cdn.shopify.com/s/files/1/1023/0068/0561/files/bed68dc7f44f0ddaf00ef6c7c5c9225eefeb894adc93e9620a085cb28353abff.jpg?v=1789097860,3,"Personalized Christian Welcome Mat, As for me and My House We Will Serve The Lord Doormat, Religious Prayers Thought Door Mat Outdoor Indoor Print with Family Name, Entryway Decor (Blessed)",,,,,,,,,,,,,,,,,,,,lb,,,
personalized-distressed-american-flag-cross-doormat-machine-washable,,,,,,,,,36x24 Inches (60x90cm),,,,,,,,AMZ-RUG-B0FJRS7D7X-4,0.0,,0,deny,manual,33.90,45.20,true,false,,,,,,https://cdn.shopify.com/s/files/1/1023/0068/0561/files/d08a7c7ba03dcfd163b6f3643148c90906d88db33ef7036308ae3e3c357f45fc.jpg?v=1789097860,4,"Personalized Christian Welcome Mat, As for me and My House We Will Serve The Lord Doormat, Religious Prayers Thought Door Mat Outdoor Indoor Print with Family Name, Entryway Decor (Blessed)",,,,,,,,,,,,,,,,,,,,lb,,,
personalized-distressed-american-flag-cross-doormat-machine-washable,,,,,,,,,,,,,,,,,,,,,,,,,,,,,,,,https://cdn.shopify.com/s/files/1/1023/0068/0561/files/ecec7a6b39492a01c12cfbb58b6fa02a5f3e38dbcf7aaf89f76274e31d959d61.jpg?v=1789097860,5,"Personalized Christian Welcome Mat, As for me and My House We Will Serve The Lord Doormat, Religious Prayers Thought Door Mat Outdoor Indoor Print with Family Name, Entryway Decor (Blessed)",,,,,,,,,,,,,,,,,,,,,,,
personalized-distressed-american-flag-cross-doormat-machine-washable,,,,,,,,,,,,,,,,,,,,,,,,,,,,,,,,https://cdn.shopify.com/s/files/1/1023/0068/0561/files/2b2c745eec4aa4b8141015a8208b8b85956fb3fed794e1907357228b43fe0ef6.jpg?v=1789097861,6,"Personalized Christian Welcome Mat, As for me and My House We Will Serve The Lord Doormat, Religious Prayers Thought Door Mat Outdoor Indoor Print with Family Name, Entryway Decor (Blessed)",,,,,,,,,,,,,,,,,,,,,,,
personalized-as-for-me-and-my-house-doormat-machine-washable,"Personalized As For Me And My House Doormat, Machine Washable","<p>This personalized Christian welcome mat offers a spiritually enriching touch to any home entryway. Designed to greet guests with uplifting messages and faith-filled designs, it creates a warm and welcoming atmosphere. The doormat can be customized with text, making it a unique decorative accent for both indoor and outdoor settings.</p><h3>Product Highlights</h3><ul><li>Features faith-filled Christian designs and uplifting messages.</li><li>Allows for text customization to personalize the doormat.</li><li>Made with a soft-touch top for comfort under bare feet.</li><li>Equipped with a non-slip backing for stability and safety.</li><li>Suitable for both indoor and outdoor use in various rooms.</li><li>Designed to dry wet feet, and grab dirt, dust, and grime.</li></ul><h3>Specifications</h3><table border=""1"" cellpadding=""6"" style=""border-collapse:collapse;width:100%""><tr><th align=""left"" width=""35%"">Attribute</th><th align=""left"">Value</th></tr><tr><td>Rug Form</td><td>Doormat</td></tr><tr><td>Item Shape</td><td>Rectangular</td></tr><tr><td>Weave Type</td><td>Sponge - Memory Foam</td></tr><tr><td>Pile Height</td><td>Low Pile</td></tr><tr><td>Construction Type</td><td>Machine Made</td></tr><tr><td>Indoor/Outdoor Usage</td><td>Both</td></tr><tr><td>Room Type</td><td>Multiple</td></tr><tr><td>Water Resistance</td><td>Water Resistant</td></tr><tr><td>Special Features</td><td>Washable</td></tr><tr><td>Pattern</td><td>Bible</td></tr><tr><td>Theme</td><td>customized prayer mat with name</td></tr><tr><td>Style</td><td>Christian, Jesus, Bible</td></tr><tr><td>Number of Pieces</td><td>1</td></tr></table><h3>Material &amp; Care</h3><table border=""1"" cellpadding=""6"" style=""border-collapse:collapse;width:100%""><tr><th align=""left"" width=""35%"">Item</th><th align=""left"">Detail</th></tr><tr><td>Material Type</td><td>Memory Foam</td></tr><tr><td>Backing Material</td><td>Rubber</td></tr><tr><td>Surface/Feel</td><td>Soft touching on bare feet</td></tr><tr><td>Care Instructions</td><td>Machine Wash</td></tr><tr><td>Cleaning Method</td><td>Hose or sponge clean with water and mild liquid soap</td></tr><tr><td>Drying</td><td>Air dry; do not bleach</td></tr></table><h3>Where It Works</h3><p>This versatile doormat is suitable for placement in various locations, including entryways, bedrooms, bathrooms, and living rooms. Its design allows it to enhance both indoor and outdoor spaces, adding a personal and blessed vibe to your home.</p>",CHILLGEN,Home & Garden > Decor > Door Mats,Rug,"amazon-parent-b0fjrv8vwd, Christian, doormat, home-decor, indoor, outdoor, rectangular, rug, welcome",false,Custom Product Size,20x14 Inches (Mini size),,,,,,,,AMZ-RUG-B0G5XKKJ7W-1,0.0,,0,deny,manual,21.90,29.20,true,false,,,,,,https://cdn.shopify.com/s/files/1/1023/0068/0561/files/fe9cc26ac3b7d6beca593ba4004e742a0e878cb23e59944bac29917eccc5213d.jpg?v=1789097909,1,"Personalized Christian Welcome Mat, As for me and My House We Will Serve The Lord Doormat, Religious Prayers Thought Door Mat Outdoor Indoor Print with Family Name, Entryway Decor (The Lord)",false,,"Customizable Christian welcome doormat with a non-slip rubber backing, suitable for indoor and outdoor entryways.",2675,,,,,,,,,,,B0FJRV8VWD,,,,,lb,,,draft
personalized-as-for-me-and-my-house-doormat-machine-washable,,,,,,,,,24x16 Inches (40x60 cm),,,,,,,,AMZ-RUG-B0G5XKKJ7W-2,0.0,,0,deny,manual,25.90,34.53,true,false,,,,,,https://cdn.shopify.com/s/files/1/1023/0068/0561/files/69b08bd1c7b2e3ab5ea50f6fdec57653d15c8f5a39905f0dfb9041f0c86134b2_f2fbaf28-fb34-4bc2-be46-7b6fce9838e9.jpg?v=1789097909,2,"Personalized Christian Welcome Mat, As for me and My House We Will Serve The Lord Doormat, Religious Prayers Thought Door Mat Outdoor Indoor Print with Family Name, Entryway Decor (The Lord)",,,,,,,,,,,,,,,,,,,,lb,,,
personalized-as-for-me-and-my-house-doormat-machine-washable,,,,,,,,,32x20 Inches (50x80 cm),,,,,,,,AMZ-RUG-B0G5XKKJ7W-3,0.0,,0,deny,manual,28.90,38.53,true,false,,,,,,https://cdn.shopify.com/s/files/1/1023/0068/0561/files/f747024a73ca233ba72f0f43bfe8d402478a7f2779a142e1188e5ce434f10df5_f5e029ba-f2ed-4253-8108-f2c6f2086957.jpg?v=1789097909,3,"Personalized Christian Welcome Mat, As for me and My House We Will Serve The Lord Doormat, Religious Prayers Thought Door Mat Outdoor Indoor Print with Family Name, Entryway Decor (The Lord)",,,,,,,,,,,,,,,,,,,,lb,,,
personalized-as-for-me-and-my-house-doormat-machine-washable,,,,,,,,,36x24 Inches (60x90cm),,,,,,,,AMZ-RUG-B0G5XKKJ7W-4,0.0,,0,deny,manual,34.90,46.53,true,false,,,,,,https://cdn.shopify.com/s/files/1/1023/0068/0561/files/f19842ff409426f06576f92e788c13b5882168321f86168f378c47c9bf0512e4_2c9cf18d-b617-4e8e-8daf-fd2ac5194c30.jpg?v=1789097909,4,"Personalized Christian Welcome Mat, As for me and My House We Will Serve The Lord Doormat, Religious Prayers Thought Door Mat Outdoor Indoor Print with Family Name, Entryway Decor (The Lord)",,,,,,,,,,,,,,,,,,,,lb,,,
personalized-as-for-me-and-my-house-doormat-machine-washable,,,,,,,,,,,,,,,,,,,,,,,,,,,,,,,,https://cdn.shopify.com/s/files/1/1023/0068/0561/files/c18004c907f0a29a7d228a2a3922c07c3af2993c23b505c8ae9b0973bda5f7f1.jpg?v=1789097909,5,"Personalized Christian Welcome Mat, As for me and My House We Will Serve The Lord Doormat, Religious Prayers Thought Door Mat Outdoor Indoor Print with Family Name, Entryway Decor (The Lord)",,,,,,,,,,,,,,,,,,,,,,,
personalized-as-for-me-and-my-house-doormat-machine-washable,,,,,,,,,,,,,,,,,,,,,,,,,,,,,,,,https://cdn.shopify.com/s/files/1/1023/0068/0561/files/9eadb3f085feb214e7adfee72a5bab059d8ea768bf89aa893ed90f8e423a605f_25887ff4-8d49-457c-b84c-68bb4f4bf75e.jpg?v=1789097909,6,"Personalized Christian Welcome Mat, As for me and My House We Will Serve The Lord Doormat, Religious Prayers Thought Door Mat Outdoor Indoor Print with Family Name, Entryway Decor (The Lord)",,,,,,,,,,,,,,,,,,,,,,,
personalized-as-for-me-and-my-house-doormat-machine-washable,,,,,,,,,,,,,,,,,,,,,,,,,,,,,,,,https://cdn.shopify.com/s/files/1/1023/0068/0561/files/6ec5bca8f0e6b5c98665a6a7de0fabcc3affe1e7edbfd3db2ba985a7ec206fa3.jpg?v=1789097909,7,"Personalized Christian Welcome Mat, As for me and My House We Will Serve The Lord Doormat, Religious Prayers Thought Door Mat Outdoor Indoor Print with Family Name, Entryway Decor (The Lord)",,,,,,,,,,,,,,,,,,,,,,,
custom-ornate-red-cross-floral-area-rug-non-skid-church-decor,"Custom Ornate Red Cross Floral Area Rug, Non-Skid, Church Decor","<p>This area rug offers a blend of inspirational design and practical functionality for various home settings. Featuring a Christian faith floral theme, this rug is crafted to enhance the spiritual and aesthetic atmosphere of any room. It is designed for comfort and durability, making it suitable for daily use in busy areas.</p><h3>Product Highlights</h3><ul><li>Features an inspirational Christian faith floral design.</li><li>Can be personalized with a name or special message.</li><li>Offers a soft and comfortable feel for bare feet.</li><li>Equipped with an anti-slip backing for enhanced safety.</li><li>Suitable for a variety of indoor spaces.</li><li>Resistant to wrinkles and fading for lasting appeal.</li></ul><h3>Specifications</h3><table border=""1"" cellpadding=""6"" style=""border-collapse:collapse;width:100%""><tr><th align=""left"" width=""35%"">Attribute</th><th align=""left"">Value</th></tr><tr><td>Rug Form</td><td>Area Rug</td></tr><tr><td>Item Shape</td><td>Rectangular</td></tr><tr><td>Weave Type</td><td>Flat Woven</td></tr><tr><td>Pile Height</td><td>Low Pile</td></tr><tr><td>Construction Type</td><td>Machine Made</td></tr><tr><td>Indoor/Outdoor Usage</td><td>Indoor</td></tr><tr><td>Room Type</td><td>Bedroom, Living Room, Office, Gamer Room, Reading Nook, Entryway</td></tr><tr><td>Water Resistance</td><td>Not Water Resistant</td></tr><tr><td>Special Features</td><td>Non-Skid</td></tr><tr><td>Pattern</td><td>Floral</td></tr><tr><td>Theme</td><td>Faith</td></tr><tr><td>Style</td><td>Traditional</td></tr><tr><td>Number of Pieces</td><td>1</td></tr></table><h3>Material &amp; Care</h3><table border=""1"" cellpadding=""6"" style=""border-collapse:collapse;width:100%""><tr><th align=""left"" width=""35%"">Item</th><th align=""left"">Detail</th></tr><tr><td>Material Type</td><td>Memory Foam, Polyester Fabric</td></tr><tr><td>Backing Material</td><td>Cotton Blend</td></tr><tr><td>Care Instructions</td><td>Vacuum for quick cleaning, machine wash for deeper care</td></tr></table><h3>Where It Works</h3><p>This versatile area rug is ideal for enhancing the ambiance of entryways, bedrooms, living rooms, and offices. It also serves as a thoughtful addition to gamer rooms, cozy reading nooks, meditation areas, and churches, providing both comfort and a decorative touch.</p>",CHILLGEN,,Rug,"amazon-parent-b0fss8xw1z, area rug, faith, floral, home-decor, indoor, rectangular, rug, traditional",false,Choose Item Size,X-Small: 2x3ft,,,,,,,,AMZ-RUG-B0FT7BW2CG-1,0.0,,0,deny,manual,34.90,43.63,true,false,,,,,,https://cdn.shopify.com/s/files/1/1023/0068/0561/files/60033e1bdd120bbaeeac0adbe1b9b74ffe2faa9d8527ff0b57a393ee55f3ffca.jpg?v=1789055851,1,"Custom Ornate Red Cross Floral Area Rug, Non-Skid, Church Decor",false,,"Traditional rectangular area rug with an inspirational faith floral design, featuring an anti-slip backing for indoor use.",,,,,,,,,,,,B0FSS8XW1Z,,,,,lb,,,draft
custom-ornate-red-cross-floral-area-rug-non-skid-church-decor,,,,,,,,,Small: 3x5ft,,,,,,,,AMZ-RUG-B0FT7BW2CG-2,0.0,,0,deny,manual,69.90,87.38,true,false,,,,,,https://cdn.shopify.com/s/files/1/1023/0068/0561/files/e3e24c69366e45d9f6df7cc01af8a7b70449c0518c772a326e9a9d404b772215.jpg?v=1789055850,2,"Custom Ornate Red Cross Floral Area Rug, Non-Skid, Church Decor",,,,,,,,,,,,,,,,,,,,lb,,,
custom-ornate-red-cross-floral-area-rug-non-skid-church-decor,,,,,,,,,Medium: 4x6ft,,,,,,,,AMZ-RUG-B0FT7BW2CG-3,0.0,,0,deny,manual,104.90,131.13,true,false,,,,,,https://cdn.shopify.com/s/files/1/1023/0068/0561/files/22477c1c61e09d9db1063bc3b59aafdb23e6615ed77e13becf9e103f9bc6f10e.jpg?v=1789055850,3,"Custom Ornate Red Cross Floral Area Rug, Non-Skid, Church Decor",,,,,,,,,,,,,,,,,,,,lb,,,
custom-ornate-red-cross-floral-area-rug-non-skid-church-decor,,,,,,,,,Large: 5x8ft,,,,,,,,AMZ-RUG-B0FT7BW2CG-4,0.0,,0,deny,manual,139.90,174.88,true,false,,,,,,https://cdn.shopify.com/s/files/1/1023/0068/0561/files/0a12c0f2c5445d7445d388d70a60e3ea2e262f7f69702c7d684fa2f9185fde4d.jpg?v=1789055851,4,"Custom Ornate Red Cross Floral Area Rug, Non-Skid, Church Decor",,,,,,,,,,,,,,,,,,,,lb,,,
custom-ornate-red-cross-floral-area-rug-non-skid-church-decor,,,,,,,,,,,,,,,,,,,,,,,,,,,,,,,,https://cdn.shopify.com/s/files/1/1023/0068/0561/files/823a535833d138580f78dddae565f45904e8cc9a6c3a0a643e0f4b46a8a17927.jpg?v=1789055851,5,"Custom Ornate Red Cross Floral Area Rug, Non-Skid, Church Decor",,,,,,,,,,,,,,,,,,,,,,,
custom-ornate-red-cross-floral-area-rug-non-skid-church-decor,,,,,,,,,,,,,,,,,,,,,,,,,,,,,,,,https://cdn.shopify.com/s/files/1/1023/0068/0561/files/843249ef4730d41ea6a1f1283f37d57d0fe0f0b19431a35dc9329babfd02774a.jpg?v=1789055851,6,"Custom Ornate Red Cross Floral Area Rug, Non-Skid, Church Decor",,,,,,,,,,,,,,,,,,,,,,,
custom-gothic-cross-faith-area-rug-non-skid-church-decor,"Custom Gothic Cross Faith Area Rug, Non-Skid, Church Decor","<p>This inspirational area rug features a faith floral design, adding a meaningful touch to any space. Crafted for comfort and durability, it serves as both a decorative accent and a functional floor covering. Its versatile nature makes it suitable for enhancing various rooms with spiritual elegance and coziness.</p><h3>Product Highlights</h3><ul><li>Features an inspirational faith floral design.</li><li>Offers a soft and comfortable feel underfoot.</li><li>Equipped with an anti-slip backing for enhanced safety.</li><li>Wrinkle-resistant and fade-resistant for lasting beauty.</li><li>Versatile for home and church use, including prayer or meditation areas.</li><li>Can be personalized with a name or special message.</li></ul><h3>Specifications</h3><table border=""1"" cellpadding=""6"" style=""border-collapse:collapse;width:100%""><tr><th align=""left"" width=""35%"">Attribute</th><th align=""left"">Value</th></tr><tr><td>Rug Form</td><td>Area Rug</td></tr><tr><td>Item Shape</td><td>Rectangular</td></tr><tr><td>Weave Type</td><td>Flat Woven</td></tr><tr><td>Pile Height</td><td>Low Pile</td></tr><tr><td>Construction Type</td><td>Machine Made</td></tr><tr><td>Indoor/Outdoor Usage</td><td>Indoor</td></tr><tr><td>Room Type</td><td>Bedroom, Living Room, Office, Gamer Room, Reading Nook, Entryway</td></tr><tr><td>Water Resistance</td><td>Not Water Resistant</td></tr><tr><td>Pattern</td><td>Floral</td></tr><tr><td>Theme</td><td>Christian, Faith, Inspirational</td></tr><tr><td>Style</td><td>Traditional</td></tr><tr><td>Number of Pieces</td><td>1</td></tr></table><h3>Material &amp; Care</h3><table border=""1"" cellpadding=""6"" style=""border-collapse:collapse;width:100%""><tr><th align=""left"" width=""35%"">Item</th><th align=""left"">Detail</th></tr><tr><td>Material Type</td><td>Memory Foam, Polyester Fabric</td></tr><tr><td>Backing Material</td><td>Cotton Blend</td></tr><tr><td>Care Instructions</td><td>Vacuum for quick cleaning, machine wash for deeper care</td></tr></table><h3>Where It Works</h3><p>This personalized rug is ideal for creating a serene and inviting atmosphere in bedrooms, living rooms, and entryways. It also serves beautifully in offices, gamer rooms, cozy reading nooks, or as a decorative piece in church settings and meditation corners, fostering an environment of peace and reflection.</p>",CHILLGEN,,Rug,"amazon-parent-b0fss8xw1z, christian, floral, home-decor, indoor, personalized, rectangular, rug, traditional",false,Choose Item Size,X-Small: 2x3ft,,,,,,,,AMZ-RUG-B0H4LLZFZY-1,0.0,,0,deny,manual,34.90,43.63,true,false,,,,,,https://cdn.shopify.com/s/files/1/1023/0068/0561/files/5c65942892d8d128dd766b1953834515584fb03d43fd7087d37bb4e54acbe984.jpg?v=1789055851,1,"Custom Christian Rug with Name – Inspirational Faith Floral Area Carpet, Non-Skid Floor Mat for Bedroom, Living Room, Church Decor, Housewarming (Purple Roses)",false,,"Traditional Christian area rug with anti-slip backing, made of memory foam, ideal for bedrooms, living rooms, and church decor.",,,,,,,,,,,,B0FSS8XW1Z,,,,,lb,,,draft
custom-gothic-cross-faith-area-rug-non-skid-church-decor,,,,,,,,,Small: 3x5ft,,,,,,,,AMZ-RUG-B0H4LLZFZY-2,0.0,,0,deny,manual,69.90,87.38,true,false,,,,,,https://cdn.shopify.com/s/files/1/1023/0068/0561/files/ee274857bd5d6bcbf22a6c77782b44127a31b68baa2ae80858cfff1140dc112e.jpg?v=1789055851,2,"Custom Christian Rug with Name – Inspirational Faith Floral Area Carpet, Non-Skid Floor Mat for Bedroom, Living Room, Church Decor, Housewarming (Purple Roses)",,,,,,,,,,,,,,,,,,,,lb,,,
custom-gothic-cross-faith-area-rug-non-skid-church-decor,,,,,,,,,Medium: 4x6ft,,,,,,,,AMZ-RUG-B0H4LLZFZY-3,0.0,,0,deny,manual,104.90,131.13,true,false,,,,,,https://cdn.shopify.com/s/files/1/1023/0068/0561/files/3bee8338fc836912d838d0f69871d51266101dd223110c3db9fbec08f1e2760a.jpg?v=1789055851,3,"Custom Christian Rug with Name – Inspirational Faith Floral Area Carpet, Non-Skid Floor Mat for Bedroom, Living Room, Church Decor, Housewarming (Purple Roses)",,,,,,,,,,,,,,,,,,,,lb,,,
custom-gothic-cross-faith-area-rug-non-skid-church-decor,,,,,,,,,Large: 5x8ft,,,,,,,,AMZ-RUG-B0H4LLZFZY-4,0.0,,0,deny,manual,139.90,174.88,true,false,,,,,,https://cdn.shopify.com/s/files/1/1023/0068/0561/files/ce7d1ee2ce3a6f1a2ac6a31f65c3bd32526578f0a63a6c16921db4b1c16decd8.jpg?v=1789055850,4,"Custom Christian Rug with Name – Inspirational Faith Floral Area Carpet, Non-Skid Floor Mat for Bedroom, Living Room, Church Decor, Housewarming (Purple Roses)",,,,,,,,,,,,,,,,,,,,lb,,,
custom-gothic-cross-faith-area-rug-non-skid-church-decor,,,,,,,,,,,,,,,,,,,,,,,,,,,,,,,,https://cdn.shopify.com/s/files/1/1023/0068/0561/files/87c29ca4efe893b0a83891d8b7910a1f9dfb9de22912db1855d972e19c4213e8.jpg?v=1789055851,5,"Custom Christian Rug with Name – Inspirational Faith Floral Area Carpet, Non-Skid Floor Mat for Bedroom, Living Room, Church Decor, Housewarming (Purple Roses)",,,,,,,,,,,,,,,,,,,,,,,
custom-gothic-cross-faith-area-rug-non-skid-church-decor,,,,,,,,,,,,,,,,,,,,,,,,,,,,,,,,https://cdn.shopify.com/s/files/1/1023/0068/0561/files/abe6f48846a498c7c9333b3eed490ff03150969d3cb9296a586015e6dcd9ac94.jpg?v=1789055851,6,"Custom Christian Rug with Name – Inspirational Faith Floral Area Carpet, Non-Skid Floor Mat for Bedroom, Living Room, Church Decor, Housewarming (Purple Roses)",,,,,,,,,,,,,,,,,,,,,,,
custom-inspirational-faith-floral-cross-area-rug-non-skid,"Custom Inspirational Faith Floral Cross Area Rug, Non-Skid","<p>This inspirational faith floral area rug offers a blend of comfort and spiritual decor, designed to enhance various spaces with a touch of traditional elegance. It features a meaningful Christian design and provides a soft surface, making it suitable for both daily use and special occasions. The rug serves as a versatile accent piece, perfect for adding warmth and character to your home or church.</p><h3>Product Highlights</h3><ul><li>Features an inspirational faith floral design for spiritual ambiance.</li><li>Can be personalized with a name or special message.</li><li>Made with soft polyester fabric for a comfortable feel.</li><li>Equipped with anti-slip backing for enhanced safety.</li><li>Suitable for a variety of indoor settings and uses.</li></ul><h3>Specifications</h3><table border=""1"" cellpadding=""6"" style=""border-collapse:collapse;width:100%""><tr><th align=""left"" width=""35%"">Attribute</th><th align=""left"">Value</th></tr><tr><td>Rug Form</td><td>Area Rug</td></tr><tr><td>Item Shape</td><td>Rectangular</td></tr><tr><td>Weave Type</td><td>Flat Woven</td></tr><tr><td>Pile Height</td><td>Low Pile</td></tr><tr><td>Construction Type</td><td>Machine Made</td></tr><tr><td>Indoor/Outdoor Usage</td><td>Indoor</td></tr><tr><td>Room Type</td><td>Entryways, Bedrooms, Living Rooms, Offices, Gamer Rooms, Reading Nooks</td></tr><tr><td>Water Resistance</td><td>Not Water Resistant</td></tr><tr><td>Pattern</td><td>Floral</td></tr><tr><td>Theme</td><td>Faith, Christian</td></tr><tr><td>Style</td><td>Traditional</td></tr><tr><td>Number of Pieces</td><td>1</td></tr></table><h3>Material &amp; Care</h3><table border=""1"" cellpadding=""6"" style=""border-collapse:collapse;width:100%""><tr><th align=""left"" width=""35%"">Item</th><th align=""left"">Detail</th></tr><tr><td>Material Type</td><td>Memory Foam</td></tr><tr><td>Backing Material</td><td>Cotton Blend</td></tr><tr><td>Surface/Feel</td><td>Soft polyester fabric</td></tr><tr><td>Care Instructions</td><td>Vacuum for quick cleaning, machine wash for deeper care</td></tr><tr><td>Cleaning Method</td><td>Vacuum, Machine Wash</td></tr></table><h3>Where It Works</h3><p>This versatile rug is ideal for enhancing the spiritual and interior atmosphere of entryways, bedrooms, living rooms, offices, and even gamer rooms or cozy reading nooks. It is also well-suited for use as a prayer rug, meditation corner rug, or a decorative piece in a church setting.</p>",CHILLGEN,Home & Garden > Decor,Rug,"amazon-parent-b0fss8xw1z, Christian rug, home-decor, indoor rug, low pile rug, personalized rug, rectangular rug, rug, traditional",false,Choose Item Size,X-Small: 2x3ft,,,,,,,,AMZ-RUG-B0FT7GH7LH-1,0.0,,0,deny,manual,34.90,43.63,true,false,,,,,,https://cdn.shopify.com/s/files/1/1023/0068/0561/files/e9430bf3d094e36c3c04183bbb8b55d6c3944a1d6d24aa99edc89cbdf39dbc55.jpg?v=1789055852,1,"Custom Christian Rug with Name – Inspirational Faith Floral Area Carpet, Non-Skid Floor Mat for Bedroom, Living Room, Church Decor, Housewarming",false,,"Traditional Christian area rug with a non-skid backing, ideal for bedrooms, living rooms, and church decor, made from memory foam.",696,,,,,,,,,,,B0FSS8XW1Z,,,,,lb,,,draft
custom-inspirational-faith-floral-cross-area-rug-non-skid,,,,,,,,,Small: 3x5ft,,,,,,,,AMZ-RUG-B0FT7GH7LH-2,0.0,,0,deny,manual,69.90,87.38,true,false,,,,,,https://cdn.shopify.com/s/files/1/1023/0068/0561/files/b28c1d3dd95579302aa7af99f278736ad85d51a2afa9a193865235d93d0ddc24.jpg?v=1789055852,2,"Custom Christian Rug with Name – Inspirational Faith Floral Area Carpet, Non-Skid Floor Mat for Bedroom, Living Room, Church Decor, Housewarming",,,,,,,,,,,,,,,,,,,,lb,,,
custom-inspirational-faith-floral-cross-area-rug-non-skid,,,,,,,,,Medium: 4x6ft,,,,,,,,AMZ-RUG-B0FT7GH7LH-3,0.0,,0,deny,manual,104.90,131.13,true,false,,,,,,https://cdn.shopify.com/s/files/1/1023/0068/0561/files/6d9152ae5c5544439d5fb3e7ccd076e8376039889369563a18b9ee9563833953.jpg?v=1789055852,3,"Custom Christian Rug with Name – Inspirational Faith Floral Area Carpet, Non-Skid Floor Mat for Bedroom, Living Room, Church Decor, Housewarming",,,,,,,,,,,,,,,,,,,,lb,,,
custom-inspirational-faith-floral-cross-area-rug-non-skid,,,,,,,,,Large: 5x8ft,,,,,,,,AMZ-RUG-B0FT7GH7LH-4,0.0,,0,deny,manual,139.90,174.88,true,false,,,,,,https://cdn.shopify.com/s/files/1/1023/0068/0561/files/b679b1373162fa0205e70cccd22cb0896d6bb0ba042c9f70d0e92cdc9ebd861e.jpg?v=1789055852,4,"Custom Christian Rug with Name – Inspirational Faith Floral Area Carpet, Non-Skid Floor Mat for Bedroom, Living Room, Church Decor, Housewarming",,,,,,,,,,,,,,,,,,,,lb,,,
custom-inspirational-faith-floral-cross-area-rug-non-skid,,,,,,,,,,,,,,,,,,,,,,,,,,,,,,,,https://cdn.shopify.com/s/files/1/1023/0068/0561/files/0a3086e700c4532832a15da7fb67004952f95d952eb877bcfbbf85b0eca7826a.jpg?v=1789055852,5,"Custom Christian Rug with Name – Inspirational Faith Floral Area Carpet, Non-Skid Floor Mat for Bedroom, Living Room, Church Decor, Housewarming",,,,,,,,,,,,,,,,,,,,,,,
custom-inspirational-faith-floral-cross-area-rug-non-skid,,,,,,,,,,,,,,,,,,,,,,,,,,,,,,,,https://cdn.shopify.com/s/files/1/1023/0068/0561/files/48caa228fde470783a8a435496c45b5225d9f75287b4fe5953429c42221924e7.jpg?v=1789055852,6,"Custom Christian Rug with Name – Inspirational Faith Floral Area Carpet, Non-Skid Floor Mat for Bedroom, Living Room, Church Decor, Housewarming",,,,,,,,,,,,,,,,,,,,,,,
